{"1": 0.0, "5": 0.0, "10": 0.0, "20": 0.0, "50": 0.21428571428571427, "100": 0.2857142857142857}