{"1": 0.022222222222222223, "5": 0.022222222222222223, "10": 0.022222222222222223, "20": 0.044444444444444446, "50": 0.06666666666666667, "100": 0.15555555555555556}