{"1": 0.0, "5": 0.0, "10": 0.0, "20": 0.029411764705882353, "50": 0.058823529411764705, "100": 0.11764705882352941}