{"1": 0.0, "5": 0.0, "10": 0.0, "20": 0.03333333333333333, "50": 0.03333333333333333, "100": 0.16666666666666666}