{"1": 0.02127659574468085, "5": 0.031914893617021274, "10": 0.05319148936170213, "20": 0.0851063829787234, "50": 0.10638297872340426, "100": 0.24468085106382978}