{"1": 0.0, "5": 0.06666666666666667, "10": 0.13333333333333333, "20": 0.2, "50": 0.3333333333333333, "100": 0.3333333333333333}