{"1": 0.0, "5": 0.09090909090909091, "10": 0.18181818181818182, "20": 0.21212121212121213, "50": 0.2727272727272727, "100": 0.42424242424242425}