{"1": 0.0, "5": 0.08333333333333333, "10": 0.08333333333333333, "20": 0.08333333333333333, "50": 0.25, "100": 0.3333333333333333}