{"1": 0.14285714285714285, "5": 0.14285714285714285, "10": 0.14285714285714285, "20": 0.14285714285714285, "50": 0.2857142857142857, "100": 0.2857142857142857}