{"1": 0.0, "5": 0.020833333333333332, "10": 0.020833333333333332, "20": 0.020833333333333332, "50": 0.020833333333333332, "100": 0.14583333333333334}