{"1": 0.0, "5": 0.16666666666666666, "10": 0.16666666666666666, "20": 0.16666666666666666, "50": 0.16666666666666666, "100": 0.16666666666666666}