{"1": 0.03225806451612903, "5": 0.06451612903225806, "10": 0.0967741935483871, "20": 0.12903225806451613, "50": 0.16129032258064516, "100": 0.16129032258064516}