{"1": 0.0196078431372549, "5": 0.0392156862745098, "10": 0.0392156862745098, "20": 0.0392156862745098, "50": 0.0392156862745098, "100": 0.0784313725490196}