{"1": 0.041666666666666664, "5": 0.041666666666666664, "10": 0.041666666666666664, "20": 0.08333333333333333, "50": 0.25, "100": 0.3333333333333333}