{"1": 0.03571428571428571, "5": 0.07142857142857142, "10": 0.07142857142857142, "20": 0.07142857142857142, "50": 0.14285714285714285, "100": 0.21428571428571427}