{"1": 0.0, "5": 0.007692307692307693, "10": 0.015384615384615385, "20": 0.03076923076923077, "50": 0.06923076923076923, "100": 0.11538461538461539}