{"1": 0.16666666666666666, "5": 0.3333333333333333, "10": 0.3333333333333333, "20": 0.3333333333333333, "50": 0.3333333333333333, "100": 0.3333333333333333}