{"1": 0.0, "5": 0.06666666666666667, "10": 0.08, "20": 0.10666666666666667, "50": 0.12, "100": 0.24}