{"1": 0.0, "5": 0.03333333333333333, "10": 0.06666666666666667, "20": 0.1, "50": 0.1, "100": 0.2}