{"1": 0.0, "5": 0.1111111111111111, "10": 0.1111111111111111, "20": 0.2222222222222222, "50": 0.3333333333333333, "100": 0.4444444444444444}