{"1": 0.0, "5": 0.0, "10": 0.02631578947368421, "20": 0.02631578947368421, "50": 0.10526315789473684, "100": 0.23684210526315788}