{"1": 0.18181818181818182, "5": 0.18181818181818182, "10": 0.18181818181818182, "20": 0.18181818181818182, "50": 0.18181818181818182, "100": 0.36363636363636365}