{"1": 0.0, "5": 0.03773584905660377, "10": 0.03773584905660377, "20": 0.03773584905660377, "50": 0.07547169811320754, "100": 0.20754716981132076}