{"1": 0.0, "5": 0.3333333333333333, "10": 0.3333333333333333, "20": 0.3333333333333333, "50": 0.6666666666666666, "100": 0.6666666666666666}