{"1": 0.0, "5": 0.0, "10": 0.08333333333333333, "20": 0.08333333333333333, "50": 0.08333333333333333, "100": 0.08333333333333333}