{"1": 0.038461538461538464, "5": 0.07692307692307693, "10": 0.07692307692307693, "20": 0.07692307692307693, "50": 0.11538461538461539, "100": 0.15384615384615385}