{"1": 0.0, "5": 0.16666666666666666, "10": 0.25, "20": 0.3333333333333333, "50": 0.3333333333333333, "100": 0.3333333333333333}