{"1": 0.0, "5": 0.0, "10": 0.0, "20": 0.0, "50": 0.07894736842105263, "100": 0.13157894736842105}