{"1": 0.05555555555555555, "5": 0.05555555555555555, "10": 0.05555555555555555, "20": 0.05555555555555555, "50": 0.16666666666666666, "100": 0.3333333333333333}