{"1": 0.07692307692307693, "5": 0.07692307692307693, "10": 0.07692307692307693, "20": 0.07692307692307693, "50": 0.07692307692307693, "100": 0.23076923076923078}