{"1": 0.0, "5": 0.058823529411764705, "10": 0.058823529411764705, "20": 0.058823529411764705, "50": 0.11764705882352941, "100": 0.29411764705882354}