{"1": 0.0, "5": 0.0, "10": 0.0, "20": 0.0, "50": 0.02040816326530612, "100": 0.16326530612244897}