{"1": 0.0, "5": 0.0, "10": 0.0, "20": 0.0, "50": 0.047619047619047616, "100": 0.14285714285714285}