{"1": 0.2857142857142857, "5": 0.2857142857142857, "10": 0.2857142857142857, "20": 0.42857142857142855, "50": 0.42857142857142855, "100": 0.42857142857142855}