{"1": 0.0, "5": 0.04081632653061224, "10": 0.08163265306122448, "20": 0.12244897959183673, "50": 0.22448979591836735, "100": 0.2653061224489796}