{"1": 0.0, "5": 0.125, "10": 0.125, "20": 0.16666666666666666, "50": 0.16666666666666666, "100": 0.2916666666666667}