{"1": 0.0, "5": 0.020618556701030927, "10": 0.020618556701030927, "20": 0.05154639175257732, "50": 0.10309278350515463, "100": 0.18556701030927836}