{"1": 0.0, "5": 0.0, "10": 0.0, "20": 0.034482758620689655, "50": 0.06896551724137931, "100": 0.10344827586206896}