{"1": 0.0, "5": 0.15384615384615385, "10": 0.15384615384615385, "20": 0.15384615384615385, "50": 0.23076923076923078, "100": 0.38461538461538464}