{"1": 0.0, "5": 0.03225806451612903, "10": 0.03225806451612903, "20": 0.06451612903225806, "50": 0.06451612903225806, "100": 0.0967741935483871}