{"1": 0.03571428571428571, "5": 0.10714285714285714, "10": 0.10714285714285714, "20": 0.10714285714285714, "50": 0.10714285714285714, "100": 0.2857142857142857}