{"1": 0.0, "5": 0.0, "10": 0.0, "20": 0.0, "50": 0.06818181818181818, "100": 0.13636363636363635}