{"1": 0.03225806451612903, "5": 0.03225806451612903, "10": 0.03225806451612903, "20": 0.03225806451612903, "50": 0.03225806451612903, "100": 0.0967741935483871}