{"1": 0.012987012987012988, "5": 0.025974025974025976, "10": 0.06493506493506493, "20": 0.1038961038961039, "50": 0.15584415584415584, "100": 0.23376623376623376}