{"1": 0.0, "5": 0.0, "10": 0.0, "20": 0.0, "50": 0.023255813953488372, "100": 0.046511627906976744}