{"1": 0.046511627906976744, "5": 0.046511627906976744, "10": 0.046511627906976744, "20": 0.046511627906976744, "50": 0.13953488372093023, "100": 0.23255813953488372}