{"1": 0.037037037037037035, "5": 0.037037037037037035, "10": 0.07407407407407407, "20": 0.07407407407407407, "50": 0.1111111111111111, "100": 0.2962962962962963}