{"1": 0.0, "5": 0.07692307692307693, "10": 0.07692307692307693, "20": 0.07692307692307693, "50": 0.15384615384615385, "100": 0.15384615384615385}