{"1": 0.0, "5": 0.038461538461538464, "10": 0.07692307692307693, "20": 0.07692307692307693, "50": 0.15384615384615385, "100": 0.23076923076923078}