{"1": 0.0, "5": 0.0, "10": 0.0, "20": 0.0, "50": 0.06060606060606061, "100": 0.3333333333333333}