{"1": 0.0, "5": 0.09090909090909091, "10": 0.18181818181818182, "20": 0.2727272727272727, "50": 0.2727272727272727, "100": 0.36363636363636365}