{"1": 0.14285714285714285, "5": 0.14285714285714285, "10": 0.14285714285714285, "20": 0.14285714285714285, "50": 0.14285714285714285, "100": 0.21428571428571427}