{"1": 0.012903225806451613, "5": 0.01935483870967742, "10": 0.01935483870967742, "20": 0.04516129032258064, "50": 0.16129032258064516, "100": 0.25161290322580643}