{"1": 0.23529411764705882, "5": 0.29411764705882354, "10": 0.29411764705882354, "20": 0.29411764705882354, "50": 0.35294117647058826, "100": 0.35294117647058826}