{"1": 0.0, "5": 0.18181818181818182, "10": 0.36363636363636365, "20": 0.36363636363636365, "50": 0.36363636363636365, "100": 0.45454545454545453}