{"1": 0.0, "5": 0.0, "10": 0.011111111111111112, "20": 0.03333333333333333, "50": 0.1, "100": 0.18888888888888888}