{"1": 0.0, "5": 0.008620689655172414, "10": 0.008620689655172414, "20": 0.017241379310344827, "50": 0.0603448275862069, "100": 0.12931034482758622}