{"1": 0.058823529411764705, "5": 0.23529411764705882, "10": 0.29411764705882354, "20": 0.35294117647058826, "50": 0.4117647058823529, "100": 0.47058823529411764}