{"1": 0.0, "5": 0.0, "10": 0.0, "20": 0.07407407407407407, "50": 0.14814814814814814, "100": 0.2962962962962963}