{"1": 0.0, "5": 0.07142857142857142, "10": 0.07142857142857142, "20": 0.07142857142857142, "50": 0.35714285714285715, "100": 0.5}