{"1": 0.021739130434782608, "5": 0.10869565217391304, "10": 0.15217391304347827, "20": 0.15217391304347827, "50": 0.1956521739130435, "100": 0.21739130434782608}