{"1": 0.0, "5": 0.02040816326530612, "10": 0.02040816326530612, "20": 0.02040816326530612, "50": 0.04081632653061224, "100": 0.10204081632653061}