{"1": 0.039473684210526314, "5": 0.13157894736842105, "10": 0.15789473684210525, "20": 0.19736842105263158, "50": 0.25, "100": 0.34210526315789475}