{"1": 0.02564102564102564, "5": 0.05128205128205128, "10": 0.15384615384615385, "20": 0.2564102564102564, "50": 0.3333333333333333, "100": 0.358974358974359}