{"1": 0.07692307692307693, "5": 0.23076923076923078, "10": 0.38461538461538464, "20": 0.46153846153846156, "50": 0.6153846153846154, "100": 0.6153846153846154}