{"1": 0.0, "5": 0.0, "10": 0.058823529411764705, "20": 0.17647058823529413, "50": 0.17647058823529413, "100": 0.23529411764705882}