{"1": 0.0, "5": 0.043478260869565216, "10": 0.13043478260869565, "20": 0.17391304347826086, "50": 0.21739130434782608, "100": 0.30434782608695654}