{"1": 0.043478260869565216, "5": 0.13043478260869565, "10": 0.13043478260869565, "20": 0.17391304347826086, "50": 0.2608695652173913, "100": 0.2826086956521739}