{"1": 0.0, "5": 0.037037037037037035, "10": 0.09259259259259259, "20": 0.1111111111111111, "50": 0.2037037037037037, "100": 0.2222222222222222}