{"1": 0.0, "5": 0.0, "10": 0.1111111111111111, "20": 0.1111111111111111, "50": 0.2222222222222222, "100": 0.2222222222222222}