{"1": 0.0, "5": 0.0, "10": 0.07407407407407407, "20": 0.18518518518518517, "50": 0.2962962962962963, "100": 0.2962962962962963}