{"1": 0.038461538461538464, "5": 0.14102564102564102, "10": 0.14102564102564102, "20": 0.15384615384615385, "50": 0.23076923076923078, "100": 0.3717948717948718}