{"1": 0.0, "5": 0.044444444444444446, "10": 0.06666666666666667, "20": 0.06666666666666667, "50": 0.1111111111111111, "100": 0.2}