{"1": 0.029411764705882353, "5": 0.20588235294117646, "10": 0.20588235294117646, "20": 0.2647058823529412, "50": 0.38235294117647056, "100": 0.4411764705882353}