{"1": 0.0, "5": 0.0, "10": 0.0, "20": 0.09090909090909091, "50": 0.18181818181818182, "100": 0.2727272727272727}