{"1": 0.0, "5": 0.0, "10": 0.0, "20": 0.0, "50": 0.038461538461538464, "100": 0.15384615384615385}