{"1": 0.0, "5": 0.0, "10": 0.0, "20": 0.022727272727272728, "50": 0.09090909090909091, "100": 0.20454545454545456}