{"1": 0.07142857142857142, "5": 0.07142857142857142, "10": 0.14285714285714285, "20": 0.21428571428571427, "50": 0.35714285714285715, "100": 0.35714285714285715}