{"1": 0.10526315789473684, "5": 0.3684210526315789, "10": 0.631578947368421, "20": 0.8421052631578947, "50": 0.8947368421052632, "100": 0.8947368421052632}