{"1": 0.0, "5": 0.13636363636363635, "10": 0.36363636363636365, "20": 0.5909090909090909, "50": 0.6818181818181818, "100": 0.6818181818181818}