{"1": 0.0, "5": 0.0, "10": 0.0, "20": 0.0, "50": 0.16129032258064516, "100": 0.22580645161290322}