{"0": {"p_type": -2.220446049250313e-16, "p_lat": 0.46004098360655843, "p_lng": 0.02254098360655732}, "1": {"p_type": 0.36766725313491655, "p_lat": 0.8357717844761728, "p_lng": 0.5220310493314199}, "2": {"p_type": 0.6429669167582259, "p_lat": 0.952849524611633, "p_lng": 0.6921080871218799}, "3": {"p_type": 0.8843690056993116, "p_lat": 0.9861601830259473, "p_lng": 0.766835616329013}, "4": {"p_type": 0.8007492454069483, "p_lat": 0.9956950302373504, "p_lng": 0.8520137198720998}, "5": {"p_type": 0.7203552648995255, "p_lat": 0.9986607534780404, "p_lng": 0.9092416463858332}, "6": {"p_type": 0.5883296469582229, "p_lat": 0.9995847499891558, "p_lng": 0.943335552998023}, "7": {"p_type": 0.4746640950314316, "p_lat": 0.9998718806406038, "p_lng": 0.9647921898115097}, "8": {"p_type": 0.5830205609664001, "p_lat": 0.999960491030585, "p_lng": 0.9781512107151311}, "9": {"p_type": 0.425848220636874, "p_lat": 0.9999878483404987, "p_lng": 0.9864532881127218}, "10": {"p_type": 0.33125638239174804, "p_lat": 0.9999962237856035, "p_lng": 0.9915592806563391}, "11": {"p_type": 0.22791582332858162, "p_lat": 0.999998826317445, "p_lng": 0.9947423350551587}, "12": {"p_type": 0.18952510429845992, "p_lat": 0.9999996373802532, "p_lng": 0.9967378476576887}, "13": {"p_type": 0.1553057201001129, "p_lat": 0.9999998865791467, "p_lng": 0.9979614618550142}, "14": {"p_type": 0.12545099047689756, "p_lat": 0.9999999648785394, "p_lng": 0.9987336715615788}, "15": {"p_type": 0.11712165230369975, "p_lat": 0.9999999888567475, "p_lng": 0.9992024199349939}, "16": {"p_type": 1, "p_lat": 1, "p_lng": 1}, "17": {"p_type": 1, "p_lat": 1, "p_lng": 1}, "18": {"p_type": 1, "p_lat": 1, "p_lng": 1}, "19": {"p_type": 1, "p_lat": 1, "p_lng": 1}, "20": {"p_type": 1, "p_lat": 1, "p_lng": 1}, "21": {"p_type": 1, "p_lat": 1, "p_lng": 1}, "22": {"p_type": 1, "p_lat": 1, "p_lng": 1}, "23": {"p_type": 1, "p_lat": 1, "p_lng": 1}, "24": {"p_type": 1, "p_lat": 1, "p_lng": 1}, "25": {"p_type": 1, "p_lat": 1, "p_lng": 1}, "26": {"p_type": 1, "p_lat": 1, "p_lng": 1}, "27": {"p_type": 1, "p_lat": 1, "p_lng": 1}, "28": {"p_type": 1, "p_lat": 1, "p_lng": 1}, "29": {"p_type": 1, "p_lat": 1, "p_lng": 1}, "30": {"p_type": 1, "p_lat": 1, "p_lng": 1}, "31": {"p_type": 1, "p_lat": 1, "p_lng": 1}, "32": {"p_type": 1, "p_lat": 1, "p_lng": 1}, "33": {"p_type": 1, "p_lat": 1, "p_lng": 1}, "34": {"p_type": 1, "p_lat": 1, "p_lng": 1}, "35": {"p_type": 1, "p_lat": 1, "p_lng": 1}, "36": {"p_type": 1, "p_lat": 1, "p_lng": 1}, "37": {"p_type": 1, "p_lat": 1, "p_lng": 1}, "38": {"p_type": 1, "p_lat": 1, "p_lng": 1}, "39": {"p_type": 1, "p_lat": 1, "p_lng": 1}, "40": {"p_type": 1, "p_lat": 1, "p_lng": 1}, "41": {"p_type": 1, "p_lat": 1, "p_lng": 1}, "42": {"p_type": 1, "p_lat": 1, "p_lng": 1}, "43": {"p_type": 1, "p_lat": 1, "p_lng": 1}}