{"0": {"p_type": 0.6063557150179395, "p_lat": 0.34938524590163733, "p_lng": 0.13422131147540972}, "1": {"p_type": 0.7375100521463714, "p_lat": 0.7881254564226546, "p_lng": 0.6249622270907322}, "2": {"p_type": 0.5593215824215442, "p_lat": 0.9309293325185412, "p_lng": 0.8037014976707206}, "3": {"p_type": 0.4071373810363158, "p_lat": 0.9751140489099175, "p_lng": 0.9015831135833886}, "4": {"p_type": 0.538208816816268, "p_lat": 0.9761733551663462, "p_lng": 0.9522604604622085}, "5": {"p_type": 0.7525165604696136, "p_lat": 0.9898294064965215, "p_lng": 0.974995232635715}, "6": {"p_type": 0.5749906801574002, "p_lat": 0.9955728185467654, "p_lng": 0.9866564143961318}, "7": {"p_type": 0.41337809484292554, "p_lat": 0.9980740928995647, "p_lng": 0.9914323443051588}, "8": {"p_type": 0.41124617031209776, "p_lat": 0.9991662257443409, "p_lng": 0.9943294773131973}, "9": {"p_type": 0.5263578703083152, "p_lat": 0.9996401517347953, "p_lng": 0.9969745702881807}, "10": {"p_type": 0.7069075088228155, "p_lat": 0.9998429840571773, "p_lng": 0.9983715760307308}, "11": {"p_type": 0.5836702795415214, "p_lat": 0.999931717117432, "p_lng": 0.9989312804490074}, "12": {"p_type": 0.4676740886229508, "p_lat": 0.9999704170716358, "p_lng": 0.9992684548307414}, "13": {"p_type": 0.37851546145644654, "p_lat": 0.9999870394643643, "p_lng": 0.9992061803170915}, "14": {"p_type": 0.2873434255905405, "p_lat": 0.9999943806746517, "p_lng": 0.9995387068894235}, "15": {"p_type": 0.20498940419832345, "p_lat": 0.9999894474722322, "p_lng": 0.9997277443190246}, "16": {"p_type": 1, "p_lat": 1, "p_lng": 1}, "17": {"p_type": 1, "p_lat": 1, "p_lng": 1}, "18": {"p_type": 1, "p_lat": 1, "p_lng": 1}, "19": {"p_type": 1, "p_lat": 1, "p_lng": 1}, "20": {"p_type": 1, "p_lat": 1, "p_lng": 1}, "21": {"p_type": 1, "p_lat": 1, "p_lng": 1}}