{"0": {"p_type": -2.220446049250313e-16, "p_lat": 0.5829918032786884, "p_lng": 0.2858606557377039}, "1": {"p_type": 0.0, "p_lat": 0.8758310040039268, "p_lng": 0.744767402818698}, "2": {"p_type": 0.40893794941197836, "p_lat": 0.9040499092638267, "p_lng": 0.9060245650979796}, "3": {"p_type": 0.2855560806089683, "p_lat": 0.9595377349767652, "p_lng": 0.9595377349767652}, "4": {"p_type": 0.21648951207261746, "p_lat": 0.9639436951152306, "p_lng": 0.9836738385816197}, "5": {"p_type": 0.17617123508903498, "p_lat": 0.9772175826402187, "p_lng": 0.9935275621130495}, "6": {"p_type": 0.24179585375954682, "p_lat": 0.9838862978827203, "p_lng": 0.9974047899851947}, "7": {"p_type": 0.2407731092607749, "p_lat": 0.985900544789823, "p_lng": 0.9989535103575723}, "8": {"p_type": 0.2560549797344799, "p_lat": 0.9921825625639262, "p_lng": 0.9995791077520666}, "9": {"p_type": 0.2852298948510609, "p_lat": 0.9956767552992626, "p_lng": 0.9998316758778046}, "10": {"p_type": 0.3525274680463891, "p_lat": 0.997589656150386, "p_lng": 0.9999319357908407}, "11": {"p_type": 0.4228760475682385, "p_lat": 0.9986589775110051, "p_lng": 0.9999725487687129}, "12": {"p_type": 0.4632958702176224, "p_lat": 0.9992564777868937, "p_lng": 0.9999889720845582}, "13": {"p_type": 0.5169311293457872, "p_lat": 0.9995843803802199, "p_lng": 0.9999955175502916}, "14": {"p_type": 0.5841913245867305, "p_lat": 0.9997693201891489, "p_lng": 0.9999981983421228}, "15": {"p_type": 0.6225635321804128, "p_lat": 0.9998698007445367, "p_lng": 0.9999992582215782}, "16": {"p_type": 1, "p_lat": 1, "p_lng": 1}, "17": {"p_type": 1, "p_lat": 1, "p_lng": 1}, "18": {"p_type": 1, "p_lat": 1, "p_lng": 1}, "19": {"p_type": 1, "p_lat": 1, "p_lng": 1}, "20": {"p_type": 1, "p_lat": 1, "p_lng": 1}, "21": {"p_type": 1, "p_lat": 1, "p_lng": 1}, "22": {"p_type": 1, "p_lat": 1, "p_lng": 1}, "23": {"p_type": 1, "p_lat": 1, "p_lng": 1}, "24": {"p_type": 1, "p_lat": 1, "p_lng": 1}, "25": {"p_type": 1, "p_lat": 1, "p_lng": 1}, "26": {"p_type": 1, "p_lat": 1, "p_lng": 1}, "27": {"p_type": 1, "p_lat": 1, "p_lng": 1}, "28": {"p_type": 1, "p_lat": 1, "p_lng": 1}, "29": {"p_type": 1, "p_lat": 1, "p_lng": 1}, "30": {"p_type": 1, "p_lat": 1, "p_lng": 1}, "31": {"p_type": 1, "p_lat": 1, "p_lng": 1}, "32": {"p_type": 1, "p_lat": 1, "p_lng": 1}, "33": {"p_type": 1, "p_lat": 1, "p_lng": 1}, "34": {"p_type": 1, "p_lat": 1, "p_lng": 1}, "35": {"p_type": 1, "p_lat": 1, "p_lng": 1}, "36": {"p_type": 1, "p_lat": 1, "p_lng": 1}, "37": {"p_type": 1, "p_lat": 1, "p_lng": 1}, "38": {"p_type": 1, "p_lat": 1, "p_lng": 1}, "39": {"p_type": 1, "p_lat": 1, "p_lng": 1}, "40": {"p_type": 1, "p_lat": 1, "p_lng": 1}, "41": {"p_type": 1, "p_lat": 1, "p_lng": 1}, "42": {"p_type": 1, "p_lat": 1, "p_lng": 1}, "43": {"p_type": 1, "p_lat": 1, "p_lng": 1}, "44": {"p_type": 1, "p_lat": 1, "p_lng": 1}, "45": {"p_type": 1, "p_lat": 1, "p_lng": 1}, "46": {"p_type": 1, "p_lat": 1, "p_lng": 1}, "47": {"p_type": 1, "p_lat": 1, "p_lng": 1}, "48": {"p_type": 1, "p_lat": 1, "p_lng": 1}, "49": {"p_type": 1, "p_lat": 1, "p_lng": 1}, "50": {"p_type": 1, "p_lat": 1, "p_lng": 1}, "51": {"p_type": 1, "p_lat": 1, "p_lng": 1}, "52": {"p_type": 1, "p_lat": 1, "p_lng": 1}, "53": {"p_type": 1, "p_lat": 1, "p_lng": 1}, "54": {"p_type": 1, "p_lat": 1, "p_lng": 1}, "55": {"p_type": 1, "p_lat": 1, "p_lng": 1}, "56": {"p_type": 1, "p_lat": 1, "p_lng": 1}, "57": {"p_type": 1, "p_lat": 1, "p_lng": 1}, "58": {"p_type": 1, "p_lat": 1, "p_lng": 1}, "59": {"p_type": 1, "p_lat": 1, "p_lng": 1}, "60": {"p_type": 1, "p_lat": 1, "p_lng": 1}, "61": {"p_type": 1, "p_lat": 1, "p_lng": 1}, "62": {"p_type": 1, "p_lat": 1, "p_lng": 1}, "63": {"p_type": 1, "p_lat": 1, "p_lng": 1}, "64": {"p_type": 1, "p_lat": 1, "p_lng": 1}, "65": {"p_type": 1, "p_lat": 1, "p_lng": 1}, "66": {"p_type": 1, "p_lat": 1, "p_lng": 1}, "67": {"p_type": 1, "p_lat": 1, "p_lng": 1}, "68": {"p_type": 1, "p_lat": 1, "p_lng": 1}, "69": {"p_type": 1, "p_lat": 1, "p_lng": 1}, "70": {"p_type": 1, "p_lat": 1, "p_lng": 1}, "71": {"p_type": 1, "p_lat": 1, "p_lng": 1}, "72": {"p_type": 1, "p_lat": 1, "p_lng": 1}, "73": {"p_type": 1, "p_lat": 1, "p_lng": 1}, "74": {"p_type": 1, "p_lat": 1, "p_lng": 1}, "75": {"p_type": 1, "p_lat": 1, "p_lng": 1}, "76": {"p_type": 1, "p_lat": 1, "p_lng": 1}, "77": {"p_type": 1, "p_lat": 1, "p_lng": 1}, "78": {"p_type": 1, "p_lat": 1, "p_lng": 1}, "79": {"p_type": 1, "p_lat": 1, "p_lng": 1}, "80": {"p_type": 1, "p_lat": 1, "p_lng": 1}, "81": {"p_type": 1, "p_lat": 1, "p_lng": 1}, "82": {"p_type": 1, "p_lat": 1, "p_lng": 1}, "83": {"p_type": 1, "p_lat": 1, "p_lng": 1}, "84": {"p_type": 1, "p_lat": 1, "p_lng": 1}, "85": {"p_type": 1, "p_lat": 1, "p_lng": 1}, "86": {"p_type": 1, "p_lat": 1, "p_lng": 1}, "87": {"p_type": 1, "p_lat": 1, "p_lng": 1}, "88": {"p_type": 1, "p_lat": 1, "p_lng": 1}, "89": {"p_type": 1, "p_lat": 1, "p_lng": 1}, "90": {"p_type": 1, "p_lat": 1, "p_lng": 1}, "91": {"p_type": 1, "p_lat": 1, "p_lng": 1}, "92": {"p_type": 1, "p_lat": 1, "p_lng": 1}, "93": {"p_type": 1, "p_lat": 1, "p_lng": 1}}