{"0": {"p_type": 0.6063557150179395, "p_lat": 0.723360655737706, "p_lng": 0.7889344262295096}, "1": {"p_type": 0.8792166143293888, "p_lat": 0.9560312843628537, "p_lng": 0.9774118002568566}, "2": {"p_type": 0.9321026111338508, "p_lat": 0.993451946647691, "p_lng": 0.9970226544924211}, "3": {"p_type": 0.9785893842041475, "p_lat": 0.9954983795123237, "p_lng": 0.9995776031346508}, "4": {"p_type": 0.9915614020839881, "p_lat": 0.9990142244970946, "p_lng": 0.9999475058586037}, "5": {"p_type": 0.9972183748407204, "p_lat": 0.9986106462147512, "p_lng": 0.9999890456987048}, "6": {"p_type": 0.9991747266023033, "p_lat": 0.9995666970467959, "p_lng": 0.999998528610197}, "7": {"p_type": 0.9997634788869241, "p_lat": 0.9998655271584939, "p_lng": 0.9999992900980691}, "8": {"p_type": 0.9999341934332847, "p_lat": 0.9999582784397861, "p_lng": 0.9999997888166325}, "9": {"p_type": 0.9999825212402944, "p_lat": 0.9999870888573054, "p_lng": 0.999999766460597}, "10": {"p_type": 0.9999954885191186, "p_lat": 0.9999959629589695, "p_lng": 0.9999997832993712}, "11": {"p_type": 0.9999988446716621, "p_lat": 0.9999987376524773, "p_lng": 0.9999999480983031}, "12": {"p_type": 0.9999997200143417, "p_lat": 0.9999996076186441, "p_lng": 0.9999999876264202}, "13": {"p_type": 0.9999999325707941, "p_lat": 0.9999998765205784, "p_lng": 0.9999999970223443}, "14": {"p_type": 0.9999999840889064, "p_lat": 0.9999999615336993, "p_lng": 0.999999999286973}, "15": {"p_type": 0.9999999963064112, "p_lat": 0.9999999877210677, "p_lng": 0.9999999998261025}, "16": {"p_type": 1, "p_lat": 1, "p_lng": 1}, "17": {"p_type": 1, "p_lat": 1, "p_lng": 1}, "18": {"p_type": 1, "p_lat": 1, "p_lng": 1}, "19": {"p_type": 1, "p_lat": 1, "p_lng": 1}, "20": {"p_type": 1, "p_lat": 1, "p_lng": 1}, "21": {"p_type": 1, "p_lat": 1, "p_lng": 1}, "22": {"p_type": 1, "p_lat": 1, "p_lng": 1}, "23": {"p_type": 1, "p_lat": 1, "p_lng": 1}, "24": {"p_type": 1, "p_lat": 1, "p_lng": 1}, "25": {"p_type": 1, "p_lat": 1, "p_lng": 1}, "26": {"p_type": 1, "p_lat": 1, "p_lng": 1}, "27": {"p_type": 1, "p_lat": 1, "p_lng": 1}, "28": {"p_type": 1, "p_lat": 1, "p_lng": 1}, "29": {"p_type": 1, "p_lat": 1, "p_lng": 1}, "30": {"p_type": 1, "p_lat": 1, "p_lng": 1}, "31": {"p_type": 1, "p_lat": 1, "p_lng": 1}, "32": {"p_type": 1, "p_lat": 1, "p_lng": 1}, "33": {"p_type": 1, "p_lat": 1, "p_lng": 1}, "34": {"p_type": 1, "p_lat": 1, "p_lng": 1}}