{"0": {"p_type": -2.220446049250313e-16, "p_lat": 0.5194672131147555, "p_lng": 0.06659836065573754}, "1": {"p_type": 0.7834925957617183, "p_lat": 0.8843571890240299, "p_lng": 0.5641258089698056}, "2": {"p_type": 0.9770242764708935, "p_lat": 0.9721249928507234, "p_lng": 0.739439633413849}, "3": {"p_type": 0.9768551755614711, "p_lat": 0.9932700750002756, "p_lng": 0.8611951246817677}, "4": {"p_type": 0.9466367234929485, "p_lat": 0.9952343195403233, "p_lng": 0.8955048842374503}, "5": {"p_type": 0.913585488620285, "p_lat": 0.9984872456581064, "p_lng": 0.9393850539531645}, "6": {"p_type": 0.8832527534086165, "p_lat": 0.999521842188219, "p_lng": 0.9649065916553423}, "7": {"p_type": 0.8829851609890662, "p_lat": 0.9998495782915762, "p_lng": 0.979521898225105}, "8": {"p_type": 0.8213704131160614, "p_lat": 0.9999225147316215, "p_lng": 0.9881311205522993}, "9": {"p_type": 0.7621698903325569, "p_lat": 0.9999737899241965, "p_lng": 0.9931188955388655}, "10": {"p_type": 0.6999377660634534, "p_lat": 0.9999911967038025, "p_lng": 0.9959865425583045}, "11": {"p_type": 0.6531384882458172, "p_lat": 0.9999951403062413, "p_lng": 0.9976621109314852}, "12": {"p_type": 0.6031298495972908, "p_lat": 0.9999983100887478, "p_lng": 0.9986428038599605}, "13": {"p_type": 0.61496619549953, "p_lat": 0.9999992092784683, "p_lng": 0.9992061803170915}, "14": {"p_type": 0.6561416954555116, "p_lat": 0.9999997190621766, "p_lng": 0.9995387068894235}, "15": {"p_type": 0.6026316153162141, "p_lat": 0.9999998708206206, "p_lng": 0.9997277443190246}, "16": {"p_type": 1, "p_lat": 1, "p_lng": 1}, "17": {"p_type": 1, "p_lat": 1, "p_lng": 1}, "18": {"p_type": 1, "p_lat": 1, "p_lng": 1}, "19": {"p_type": 1, "p_lat": 1, "p_lng": 1}, "20": {"p_type": 1, "p_lat": 1, "p_lng": 1}, "21": {"p_type": 1, "p_lat": 1, "p_lng": 1}, "22": {"p_type": 1, "p_lat": 1, "p_lng": 1}, "23": {"p_type": 1, "p_lat": 1, "p_lng": 1}, "24": {"p_type": 1, "p_lat": 1, "p_lng": 1}, "25": {"p_type": 1, "p_lat": 1, "p_lng": 1}, "26": {"p_type": 1, "p_lat": 1, "p_lng": 1}, "27": {"p_type": 1, "p_lat": 1, "p_lng": 1}, "28": {"p_type": 1, "p_lat": 1, "p_lng": 1}, "29": {"p_type": 1, "p_lat": 1, "p_lng": 1}, "30": {"p_type": 1, "p_lat": 1, "p_lng": 1}, "31": {"p_type": 1, "p_lat": 1, "p_lng": 1}, "32": {"p_type": 1, "p_lat": 1, "p_lng": 1}, "33": {"p_type": 1, "p_lat": 1, "p_lng": 1}}