{"0": {"p_type": 0.6063557150179395, "p_lat": 0.723360655737706, "p_lng": 0.7889344262295096}, "1": {"p_type": 0.8792166143293888, "p_lat": 0.9560312843628537, "p_lng": 0.9774118002568566}, "2": {"p_type": 0.9321026111338508, "p_lat": 0.993451946647691, "p_lng": 0.9970226544924211}, "3": {"p_type": 0.9785893842041475, "p_lat": 0.9990219787320307, "p_lng": 0.9994592578344422}, "4": {"p_type": 0.9915614020839881, "p_lat": 0.9998534968141568, "p_lng": 0.9999047349469949}, "5": {"p_type": 0.9972183748407204, "p_lat": 0.9999779908346228, "p_lng": 0.9999868566355059}, "6": {"p_type": 0.9991747266023033, "p_lat": 0.9999754181937969, "p_lng": 0.9999981808724345}, "7": {"p_type": 0.9997634788869241, "p_lat": 0.9999887814846441, "p_lng": 0.9999997474202157}, "8": {"p_type": 0.9999341934332847, "p_lat": 0.9999582784397861, "p_lng": 0.9999999648157659}, "9": {"p_type": 0.9999825212402944, "p_lat": 0.9999845372104552, "p_lng": 0.9999999950819907}, "10": {"p_type": 0.9999954885191186, "p_lat": 0.9999950757559533, "p_lng": 0.9999999993100741}, "11": {"p_type": 0.9999988446716621, "p_lat": 0.9999984323876051, "p_lng": 0.9999999999028567}, "12": {"p_type": 0.9999997200143417, "p_lat": 0.9999995038821917, "p_lng": 0.9999999999862798}, "13": {"p_type": 0.9999999325707941, "p_lat": 0.9999998410231239, "p_lng": 0.9999999999980576}, "14": {"p_type": 0.9999999840889064, "p_lat": 0.9999999495833196, "p_lng": 0.9999999999997238}, "15": {"p_type": 0.9999999963064112, "p_lat": 0.9999999836129485, "p_lng": 0.9999999999996844}, "16": {"p_type": 1, "p_lat": 1, "p_lng": 1}, "17": {"p_type": 1, "p_lat": 1, "p_lng": 1}, "18": {"p_type": 1, "p_lat": 1, "p_lng": 1}, "19": {"p_type": 1, "p_lat": 1, "p_lng": 1}, "20": {"p_type": 1, "p_lat": 1, "p_lng": 1}, "21": {"p_type": 1, "p_lat": 1, "p_lng": 1}, "22": {"p_type": 1, "p_lat": 1, "p_lng": 1}, "23": {"p_type": 1, "p_lat": 1, "p_lng": 1}, "24": {"p_type": 1, "p_lat": 1, "p_lng": 1}, "25": {"p_type": 1, "p_lat": 1, "p_lng": 1}, "26": {"p_type": 1, "p_lat": 1, "p_lng": 1}, "27": {"p_type": 1, "p_lat": 1, "p_lng": 1}, "28": {"p_type": 1, "p_lat": 1, "p_lng": 1}, "29": {"p_type": 1, "p_lat": 1, "p_lng": 1}, "30": {"p_type": 1, "p_lat": 1, "p_lng": 1}, "31": {"p_type": 1, "p_lat": 1, "p_lng": 1}, "32": {"p_type": 1, "p_lat": 1, "p_lng": 1}, "33": {"p_type": 1, "p_lat": 1, "p_lng": 1}, "34": {"p_type": 1, "p_lat": 1, "p_lng": 1}, "35": {"p_type": 1, "p_lat": 1, "p_lng": 1}, "36": {"p_type": 1, "p_lat": 1, "p_lng": 1}, "37": {"p_type": 1, "p_lat": 1, "p_lng": 1}, "38": {"p_type": 1, "p_lat": 1, "p_lng": 1}, "39": {"p_type": 1, "p_lat": 1, "p_lng": 1}, "40": {"p_type": 1, "p_lat": 1, "p_lng": 1}, "41": {"p_type": 1, "p_lat": 1, "p_lng": 1}, "42": {"p_type": 1, "p_lat": 1, "p_lng": 1}, "43": {"p_type": 1, "p_lat": 1, "p_lng": 1}, "44": {"p_type": 1, "p_lat": 1, "p_lng": 1}, "45": {"p_type": 1, "p_lat": 1, "p_lng": 1}, "46": {"p_type": 1, "p_lat": 1, "p_lng": 1}}