{"0": {"p_type": 0.9661711942593542, "p_lat": 0.5153688524590166, "p_lng": 0.8575819672131151}, "1": {"p_type": 0.9977874112580362, "p_lat": 0.8823783082773032, "p_lng": 0.9897908220224454}, "2": {"p_type": 0.9998707060708367, "p_lat": 0.47247986617590376, "p_lng": 0.9992633090609815}, "3": {"p_type": 0.9999938501397451, "p_lat": 0.5020181712674328, "p_lng": 0.9999464909906167}, "4": {"p_type": 0.9999998014471033, "p_lat": 0.6378782840163804, "p_lng": 0.9999669911815295}, "5": {"p_type": 0.9999999964811785, "p_lat": 0.7278747237583767, "p_lng": 0.9989525299325107}, "6": {"p_type": 0.9999999999561696, "p_lat": 0.7994416656371103, "p_lng": 0.9943642913185543}, "7": {"p_type": 0.9999999999996689, "p_lat": 0.8508194041210839, "p_lng": 0.9829503284001297}}