{"0": {"p_type": 0.9902614044079959, "p_lat": 0.024590163934426146, "p_lng": 0.927254098360657}, "1": {"p_type": 0.9999051597558954, "p_lat": 0.447911158117398, "p_lng": 0.9902252104790443}, "2": {"p_type": 0.9999994722801197, "p_lat": 0.6345690081411368, "p_lng": 0.9993096617431422}, "3": {"p_type": 0.9999999894786199, "p_lat": 0.7883937816273454, "p_lng": 0.9992647570701334}, "4": {"p_type": 0.9999999999536233, "p_lat": 0.8486516338961339, "p_lng": 0.9997822597828411}, "5": {"p_type": 0.9999999999994461, "p_lat": 0.706262843533134, "p_lng": 0.9998466118722641}, "6": {"p_type": 0.9999999999999959, "p_lat": 0.7295616002743466, "p_lng": 0.9999676638798285}, "7": {"p_type": 1.0, "p_lat": 0.7915637170603981, "p_lng": 0.9999931303478335}, "8": {"p_type": 1.0, "p_lat": 0.8388218811125548, "p_lng": 0.9999985345600099}, "9": {"p_type": 1.0, "p_lat": 0.8758829131883717, "p_lng": 0.9999996871892828}, "10": {"p_type": 1.0, "p_lat": 0.9039561082126522, "p_lng": 0.9999998909371844}, "11": {"p_type": 1.0, "p_lat": 0.9257636770110224, "p_lng": 0.999998079024048}}