{"0": {"p_type": 0.9902614044079959, "p_lat": 0.5010245901639344, "p_lng": 0.9918032786885244}, "1": {"p_type": 0.9999051597558954, "p_lat": 0.5240319642752218, "p_lng": 0.9973181234418672}, "2": {"p_type": 0.9999994722801197, "p_lat": 0.630821409736522, "p_lng": 0.9993096617431422}, "3": {"p_type": 0.9999999894786199, "p_lat": 0.785450178703809, "p_lng": 0.999950917126493}, "4": {"p_type": 0.9999999999536233, "p_lat": 0.2838997335682578, "p_lng": 0.9999964869108954}, "5": {"p_type": 0.999999999646075, "p_lat": 0.5203225483807684, "p_lng": 0.9999690751200362}, "6": {"p_type": 0.9999999999969909, "p_lat": 0.6885967573496095, "p_lng": 0.9999942351216681}, "7": {"p_type": 0.9999999999999712, "p_lat": 0.6986409133756305, "p_lng": 0.9999990571687382}, "8": {"p_type": 0.9999999999999998, "p_lat": 0.7963546598338699, "p_lng": 0.9999996822333891}, "9": {"p_type": 1.0, "p_lat": 0.5415864506044441, "p_lng": 0.9999999431081482}, "10": {"p_type": 1.0, "p_lat": 0.6384248181274707, "p_lng": 0.999999932860116}}