{"0": {"p_type": -2.220446049250313e-16, "p_lat": 0.6444672131147561, "p_lng": 0.43852459016393475}, "1": {"p_type": 0.0, "p_lat": 0.9154296038880917, "p_lng": 0.834595578051421}, "2": {"p_type": 6.661338147750939e-16, "p_lat": 0.9825578968100799, "p_lng": 0.9255842016656297}, "3": {"p_type": 0.15037687158119328, "p_lat": 0.9963955960671468, "p_lng": 0.9708977983695731}, "4": {"p_type": 0.3086414075144115, "p_lat": 0.9992536800262906, "p_lng": 0.9890448535300432}, "5": {"p_type": 0.3527442638870083, "p_lat": 0.9998295230969446, "p_lng": 0.993840203198015}, "6": {"p_type": 0.3657187724372085, "p_lat": 0.9998616039044168, "p_lng": 0.9975523729977203}, "7": {"p_type": 0.39510467628955126, "p_lat": 0.9998182030164887, "p_lng": 0.9990214604867114}, "8": {"p_type": 0.45871362799688964, "p_lat": 0.9997580560377307, "p_lng": 0.9996096325106677}, "9": {"p_type": 0.540041248775051, "p_lat": 0.9998669784673163, "p_lng": 0.9998451705597806}, "10": {"p_type": 0.5970446794736408, "p_lat": 0.9999474660241255, "p_lng": 0.9999379154814746}, "11": {"p_type": 0.6482000147625042, "p_lat": 0.9999793034073335, "p_lng": 0.999975167988883}, "12": {"p_type": 0.6954288515960692, "p_lat": 0.9999918782606199, "p_lng": 0.9999901069335743}, "13": {"p_type": 0.7354609086404604, "p_lat": 0.9999873204683091, "p_lng": 0.9999960118897743}, "14": {"p_type": 0.790234683972318, "p_lat": 0.9999945111010714, "p_lng": 0.9999984103350715}, "15": {"p_type": 0.8223768479673605, "p_lat": 0.9999970334545885, "p_lng": 0.9999993508558742}, "16": {"p_type": 1, "p_lat": 1, "p_lng": 1}, "17": {"p_type": 1, "p_lat": 1, "p_lng": 1}, "18": {"p_type": 1, "p_lat": 1, "p_lng": 1}, "19": {"p_type": 1, "p_lat": 1, "p_lng": 1}, "20": {"p_type": 1, "p_lat": 1, "p_lng": 1}, "21": {"p_type": 1, "p_lat": 1, "p_lng": 1}, "22": {"p_type": 1, "p_lat": 1, "p_lng": 1}, "23": {"p_type": 1, "p_lat": 1, "p_lng": 1}, "24": {"p_type": 1, "p_lat": 1, "p_lng": 1}, "25": {"p_type": 1, "p_lat": 1, "p_lng": 1}, "26": {"p_type": 1, "p_lat": 1, "p_lng": 1}, "27": {"p_type": 1, "p_lat": 1, "p_lng": 1}, "28": {"p_type": 1, "p_lat": 1, "p_lng": 1}, "29": {"p_type": 1, "p_lat": 1, "p_lng": 1}, "30": {"p_type": 1, "p_lat": 1, "p_lng": 1}, "31": {"p_type": 1, "p_lat": 1, "p_lng": 1}, "32": {"p_type": 1, "p_lat": 1, "p_lng": 1}, "33": {"p_type": 1, "p_lat": 1, "p_lng": 1}, "34": {"p_type": 1, "p_lat": 1, "p_lng": 1}, "35": {"p_type": 1, "p_lat": 1, "p_lng": 1}, "36": {"p_type": 1, "p_lat": 1, "p_lng": 1}, "37": {"p_type": 1, "p_lat": 1, "p_lng": 1}, "38": {"p_type": 1, "p_lat": 1, "p_lng": 1}, "39": {"p_type": 1, "p_lat": 1, "p_lng": 1}, "40": {"p_type": 1, "p_lat": 1, "p_lng": 1}, "41": {"p_type": 1, "p_lat": 1, "p_lng": 1}, "42": {"p_type": 1, "p_lat": 1, "p_lng": 1}, "43": {"p_type": 1, "p_lat": 1, "p_lng": 1}, "44": {"p_type": 1, "p_lat": 1, "p_lng": 1}, "45": {"p_type": 1, "p_lat": 1, "p_lng": 1}, "46": {"p_type": 1, "p_lat": 1, "p_lng": 1}, "47": {"p_type": 1, "p_lat": 1, "p_lng": 1}, "48": {"p_type": 1, "p_lat": 1, "p_lng": 1}, "49": {"p_type": 1, "p_lat": 1, "p_lng": 1}, "50": {"p_type": 1, "p_lat": 1, "p_lng": 1}, "51": {"p_type": 1, "p_lat": 1, "p_lng": 1}, "52": {"p_type": 1, "p_lat": 1, "p_lng": 1}, "53": {"p_type": 1, "p_lat": 1, "p_lng": 1}, "54": {"p_type": 1, "p_lat": 1, "p_lng": 1}, "55": {"p_type": 1, "p_lat": 1, "p_lng": 1}, "56": {"p_type": 1, "p_lat": 1, "p_lng": 1}, "57": {"p_type": 1, "p_lat": 1, "p_lng": 1}, "58": {"p_type": 1, "p_lat": 1, "p_lng": 1}, "59": {"p_type": 1, "p_lat": 1, "p_lng": 1}, "60": {"p_type": 1, "p_lat": 1, "p_lng": 1}, "61": {"p_type": 1, "p_lat": 1, "p_lng": 1}, "62": {"p_type": 1, "p_lat": 1, "p_lng": 1}, "63": {"p_type": 1, "p_lat": 1, "p_lng": 1}, "64": {"p_type": 1, "p_lat": 1, "p_lng": 1}, "65": {"p_type": 1, "p_lat": 1, "p_lng": 1}, "66": {"p_type": 1, "p_lat": 1, "p_lng": 1}, "67": {"p_type": 1, "p_lat": 1, "p_lng": 1}, "68": {"p_type": 1, "p_lat": 1, "p_lng": 1}, "69": {"p_type": 1, "p_lat": 1, "p_lng": 1}, "70": {"p_type": 1, "p_lat": 1, "p_lng": 1}, "71": {"p_type": 1, "p_lat": 1, "p_lng": 1}, "72": {"p_type": 1, "p_lat": 1, "p_lng": 1}, "73": {"p_type": 1, "p_lat": 1, "p_lng": 1}, "74": {"p_type": 1, "p_lat": 1, "p_lng": 1}, "75": {"p_type": 1, "p_lat": 1, "p_lng": 1}, "76": {"p_type": 1, "p_lat": 1, "p_lng": 1}, "77": {"p_type": 1, "p_lat": 1, "p_lng": 1}, "78": {"p_type": 1, "p_lat": 1, "p_lng": 1}, "79": {"p_type": 1, "p_lat": 1, "p_lng": 1}, "80": {"p_type": 1, "p_lat": 1, "p_lng": 1}, "81": {"p_type": 1, "p_lat": 1, "p_lng": 1}, "82": {"p_type": 1, "p_lat": 1, "p_lng": 1}, "83": {"p_type": 1, "p_lat": 1, "p_lng": 1}, "84": {"p_type": 1, "p_lat": 1, "p_lng": 1}, "85": {"p_type": 1, "p_lat": 1, "p_lng": 1}, "86": {"p_type": 1, "p_lat": 1, "p_lng": 1}, "87": {"p_type": 1, "p_lat": 1, "p_lng": 1}, "88": {"p_type": 1, "p_lat": 1, "p_lng": 1}, "89": {"p_type": 1, "p_lat": 1, "p_lng": 1}, "90": {"p_type": 1, "p_lat": 1, "p_lng": 1}, "91": {"p_type": 1, "p_lat": 1, "p_lng": 1}, "92": {"p_type": 1, "p_lat": 1, "p_lng": 1}, "93": {"p_type": 1, "p_lat": 1, "p_lng": 1}, "94": {"p_type": 1, "p_lat": 1, "p_lng": 1}, "95": {"p_type": 1, "p_lat": 1, "p_lng": 1}, "96": {"p_type": 1, "p_lat": 1, "p_lng": 1}, "97": {"p_type": 1, "p_lat": 1, "p_lng": 1}, "98": {"p_type": 1, "p_lat": 1, "p_lng": 1}, "99": {"p_type": 1, "p_lat": 1, "p_lng": 1}, "100": {"p_type": 1, "p_lat": 1, "p_lng": 1}}