{"0": {"p_type": 0.9974372116863147, "p_lat": 0.3043032786885238, "p_lng": 0.900614754098361}, "1": {"p_type": 0.9999934321160593, "p_lat": 0.7381382572419055, "p_lng": 0.9882746594142673}, "2": {"p_type": 0.9999999831679038, "p_lat": 0.9020275701255785, "p_lng": 0.9946565058442831}, "3": {"p_type": 0.999999999956863, "p_lat": 0.5246997707706371, "p_lng": 0.9414784756474015}, "4": {"p_type": 0.9999999999998894, "p_lat": 0.47952613328732885, "p_lng": 0.8276920267453112}, "5": {"p_type": 0.9999999999999997, "p_lat": 0.5635093677271154, "p_lng": 0.9559637211251977}, "6": {"p_type": 1.0, "p_lat": 0.7212182967264125, "p_lng": 0.9899266849833713}, "7": {"p_type": 1.0, "p_lat": 0.7170710943578397, "p_lng": 0.9710463538106889}}