{"0": {"p_type": 0.9902614044079959, "p_lat": 0.5686475409836074, "p_lng": 0.6526639344262308}, "1": {"p_type": 0.9999051597558954, "p_lat": 0.8501202437611739, "p_lng": 0.9395318677444534}, "2": {"p_type": 0.9999994722801197, "p_lat": 0.8923424918011131, "p_lng": 0.9803912576837442}, "3": {"p_type": 0.9999999894786199, "p_lat": 0.9529727505931721, "p_lng": 0.9957873801673501}, "4": {"p_type": 0.9999999999536233, "p_lat": 0.9804422524185902, "p_lng": 0.9990929888677145}, "5": {"p_type": 0.9999999999994461, "p_lat": 0.9919799322256038, "p_lng": 0.9998021844042786}, "6": {"p_type": 0.9999999999999959, "p_lat": 0.9966554839874684, "p_lng": 0.9999562470577251}, "7": {"p_type": 1.0, "p_lat": 0.9787760623431236, "p_lng": 0.9999902573285429}, "8": {"p_type": 1.0, "p_lat": 0.9257233345898794, "p_lng": 0.9999978238530061}, "9": {"p_type": 1.0, "p_lat": 0.8758829131883717, "p_lng": 0.99999951418965}, "10": {"p_type": 1.0, "p_lat": 0.9039561082126522, "p_lng": 0.9999998909371844}, "11": {"p_type": 1.0, "p_lat": 0.9257636770110224, "p_lng": 0.9999999754668629}, "12": {"p_type": 1.0, "p_lat": 0.9427558821770965, "p_lng": 0.9999995476197592}}