{"0": {"p_type": -2.220446049250313e-16, "p_lat": 0.8237704918032799, "p_lng": 0.1516393442622952}, "1": {"p_type": 0.0, "p_lat": 0.9843892959969094, "p_lng": 0.6398919694794898}, "2": {"p_type": 0.22293714016330468, "p_lat": 0.8232512592838408, "p_lng": 0.7179399726225654}, "3": {"p_type": 0.0, "p_lat": 0.6000675597896317, "p_lng": 0.8296920905724291}, "4": {"p_type": -2.220446049250313e-16, "p_lat": 0.38977864366059467, "p_lng": 0.8328518722676945}, "5": {"p_type": 0.09323825812511666, "p_lat": 0.724290432619587, "p_lng": 0.8951404930356935}, "6": {"p_type": 0.48309880447905673, "p_lat": 0.8878524752681801, "p_lng": 0.8991448857053476}, "7": {"p_type": 0.46071126733590284, "p_lat": 0.956823503449873, "p_lng": 0.9299511503598159}, "8": {"p_type": 0.33632001937631806, "p_lat": 0.9839742659965296, "p_lng": 0.9526698056596837}, "9": {"p_type": 0.3152230175139642, "p_lat": 0.9942150472383731, "p_lng": 0.9654675295885059}, "10": {"p_type": 0.27367549068679775, "p_lat": 0.9979639923088538, "p_lng": 0.9764098507471847}, "11": {"p_type": 0.29150706481031086, "p_lat": 0.9992942642057333, "p_lng": 0.9838994351663325}, "12": {"p_type": 0.2925305127523907, "p_lat": 0.9997585775816615, "p_lng": 0.9890457974269681}, "13": {"p_type": 0.3327839451124204, "p_lat": 0.999918468057843, "p_lng": 0.9925040534513501}, "14": {"p_type": 0.3512310203638014, "p_lat": 0.9999726282947358, "p_lng": 0.9938418750790706}, "15": {"p_type": 0.37211572181682184, "p_lat": 0.9999909027249922, "p_lng": 0.9957072725662798}, "16": {"p_type": 1, "p_lat": 1, "p_lng": 1}, "17": {"p_type": 1, "p_lat": 1, "p_lng": 1}, "18": {"p_type": 1, "p_lat": 1, "p_lng": 1}, "19": {"p_type": 1, "p_lat": 1, "p_lng": 1}, "20": {"p_type": 1, "p_lat": 1, "p_lng": 1}, "21": {"p_type": 1, "p_lat": 1, "p_lng": 1}, "22": {"p_type": 1, "p_lat": 1, "p_lng": 1}, "23": {"p_type": 1, "p_lat": 1, "p_lng": 1}, "24": {"p_type": 1, "p_lat": 1, "p_lng": 1}, "25": {"p_type": 1, "p_lat": 1, "p_lng": 1}, "26": {"p_type": 1, "p_lat": 1, "p_lng": 1}, "27": {"p_type": 1, "p_lat": 1, "p_lng": 1}, "28": {"p_type": 1, "p_lat": 1, "p_lng": 1}, "29": {"p_type": 1, "p_lat": 1, "p_lng": 1}, "30": {"p_type": 1, "p_lat": 1, "p_lng": 1}, "31": {"p_type": 1, "p_lat": 1, "p_lng": 1}, "32": {"p_type": 1, "p_lat": 1, "p_lng": 1}, "33": {"p_type": 1, "p_lat": 1, "p_lng": 1}, "34": {"p_type": 1, "p_lat": 1, "p_lng": 1}, "35": {"p_type": 1, "p_lat": 1, "p_lng": 1}, "36": {"p_type": 1, "p_lat": 1, "p_lng": 1}, "37": {"p_type": 1, "p_lat": 1, "p_lng": 1}, "38": {"p_type": 1, "p_lat": 1, "p_lng": 1}, "39": {"p_type": 1, "p_lat": 1, "p_lng": 1}, "40": {"p_type": 1, "p_lat": 1, "p_lng": 1}, "41": {"p_type": 1, "p_lat": 1, "p_lng": 1}, "42": {"p_type": 1, "p_lat": 1, "p_lng": 1}, "43": {"p_type": 1, "p_lat": 1, "p_lng": 1}, "44": {"p_type": 1, "p_lat": 1, "p_lng": 1}, "45": {"p_type": 1, "p_lat": 1, "p_lng": 1}, "46": {"p_type": 1, "p_lat": 1, "p_lng": 1}, "47": {"p_type": 1, "p_lat": 1, "p_lng": 1}}