{"0": {"p_type": 0.9902614044079959, "p_lat": 0.41188524590163933, "p_lng": 0.8493852459016396}, "1": {"p_type": 0.9999051597558954, "p_lat": 0.8268479346612607, "p_lng": 0.9885862859157397}, "2": {"p_type": 0.9999994722801197, "p_lat": 0.9489582448131447, "p_lng": 0.9991296604920388}, "3": {"p_type": 0.9999999894786199, "p_lat": 0.9844370930582188, "p_lng": 0.9999332220326346}, "4": {"p_type": 0.9999999999536233, "p_lat": 0.9949879191670946, "p_lng": 0.9999948448501703}, "5": {"p_type": 0.9999999999994461, "p_lat": 0.9983932965641651, "p_lng": 0.9995671426654548}, "6": {"p_type": 0.9999999999999959, "p_lat": 0.9994873348954384, "p_lng": 0.9973414339590936}, "7": {"p_type": 1.0, "p_lat": 0.9997843414418092, "p_lng": 0.9914278759746662}, "8": {"p_type": 1.0, "p_lat": 0.9994173040279571, "p_lng": 0.9800272887438777}, "9": {"p_type": 1.0, "p_lat": 0.9997584166871759, "p_lng": 0.961995076237353}, "10": {"p_type": 1.0, "p_lat": 0.9982888404317315, "p_lng": 0.9369190322180369}, "11": {"p_type": 1.0, "p_lat": 0.9944579213680163, "p_lng": 0.9433842695430014}, "12": {"p_type": 1.0, "p_lat": 0.9965464329042119, "p_lng": 0.9786537286313914}, "13": {"p_type": 1.0, "p_lat": 0.9849185012904207, "p_lng": 0.9924089291326541}, "14": {"p_type": 1.0, "p_lat": 0.9657879015968286, "p_lng": 0.9974073175345535}, "15": {"p_type": 1.0, "p_lat": 0.9733913517285491, "p_lng": 0.9991568044717405}, "16": {"p_type": 1, "p_lat": 1, "p_lng": 1}, "17": {"p_type": 1, "p_lat": 1, "p_lng": 1}, "18": {"p_type": 1, "p_lat": 1, "p_lng": 1}}