{"0": {"p_type": 0.911327524346489, "p_lat": 0.5594262295081961, "p_lng": 0.0}, "1": {"p_type": 0.9983677494830419, "p_lat": 0.8268479346612607, "p_lng": 0.4956561154340109}, "2": {"p_type": 0.9999661471534477, "p_lat": 0.6978226411514065, "p_lng": 0.04419726794256351}, "3": {"p_type": 0.9999996025530558, "p_lat": 0.7883937816273454, "p_lng": 0.6544267997803401}, "4": {"p_type": 0.9999999962827567, "p_lat": 0.2838997335682578, "p_lng": 0.9226683283454552}, "5": {"p_type": 0.9999999999777778, "p_lat": 0.5263405068767709, "p_lng": 0.985630004014822}, "6": {"p_type": 0.9999999999995836, "p_lat": 0.6935819750547226, "p_lng": 0.9805877459294549}, "7": {"p_type": 0.9999999999999962, "p_lat": 0.807148885413177, "p_lng": 0.9937981575861042}, "8": {"p_type": 1.0, "p_lat": 0.8792722579597877, "p_lng": 0.9968076697535163}, "9": {"p_type": 1.0, "p_lat": 0.9072040144466612, "p_lng": 0.9991262063190229}, "10": {"p_type": 1.0, "p_lat": 0.7466131570637964, "p_lng": 0.9997688811432015}, "11": {"p_type": 1.0, "p_lat": 0.7160218954381453, "p_lng": 0.9999398548983159}, "12": {"p_type": 1.0, "p_lat": 0.7782005186613659, "p_lng": 0.9997211964009974}, "13": {"p_type": 1.0, "p_lat": 0.8266186220111914, "p_lng": 0.9990545924366598}}