{"0": {"p_type": -2.220446049250313e-16, "p_lat": 0.5194672131147555, "p_lng": 0.06659836065573754}, "1": {"p_type": 0.7834925957617183, "p_lat": 0.8843571890240299, "p_lng": 0.5641258089698056}, "2": {"p_type": 0.8639994785734384, "p_lat": 0.9721249928507234, "p_lng": 0.739439633413849}, "3": {"p_type": 0.7924480991222902, "p_lat": 0.9850334203537362, "p_lng": 0.8217561327940861}, "4": {"p_type": 0.6522263467975012, "p_lat": 0.9952343195403233, "p_lng": 0.8955048842374503}, "5": {"p_type": 0.5237780859779372, "p_lat": 0.9984872456581064, "p_lng": 0.9393850539531645}, "6": {"p_type": 0.6354149593731678, "p_lat": 0.999521842188219, "p_lng": 0.9649065916553423}, "7": {"p_type": 0.4746640950314316, "p_lat": 0.9996706801702346, "p_lng": 0.979521898225105}, "8": {"p_type": 0.6193119046847135, "p_lat": 0.9998624314026648, "p_lng": 0.9881311205522993}, "9": {"p_type": 0.4882918645457809, "p_lat": 0.9999513283965549, "p_lng": 0.9931188955388655}, "10": {"p_type": 0.6248604743843242, "p_lat": 0.9999826109205211, "p_lng": 0.9959865425583045}, "11": {"p_type": 0.5109348471651016, "p_lat": 0.9999938004960724, "p_lng": 0.9976621109314852}, "12": {"p_type": 0.4245731997420302, "p_lat": 0.9999977999026587, "p_lng": 0.9986428038599605}, "13": {"p_type": 0.37311978382665256, "p_lat": 0.9999992092784683, "p_lng": 0.9992061803170915}, "14": {"p_type": 0.47463368551856755, "p_lat": 0.9999996865520517, "p_lng": 0.9995387068894235}, "15": {"p_type": 0.4196518880409481, "p_lat": 0.9999998708206206, "p_lng": 0.9997277443190246}, "16": {"p_type": 1, "p_lat": 1, "p_lng": 1}, "17": {"p_type": 1, "p_lat": 1, "p_lng": 1}, "18": {"p_type": 1, "p_lat": 1, "p_lng": 1}, "19": {"p_type": 1, "p_lat": 1, "p_lng": 1}, "20": {"p_type": 1, "p_lat": 1, "p_lng": 1}, "21": {"p_type": 1, "p_lat": 1, "p_lng": 1}, "22": {"p_type": 1, "p_lat": 1, "p_lng": 1}, "23": {"p_type": 1, "p_lat": 1, "p_lng": 1}, "24": {"p_type": 1, "p_lat": 1, "p_lng": 1}, "25": {"p_type": 1, "p_lat": 1, "p_lng": 1}, "26": {"p_type": 1, "p_lat": 1, "p_lng": 1}, "27": {"p_type": 1, "p_lat": 1, "p_lng": 1}, "28": {"p_type": 1, "p_lat": 1, "p_lng": 1}, "29": {"p_type": 1, "p_lat": 1, "p_lng": 1}, "30": {"p_type": 1, "p_lat": 1, "p_lng": 1}}