{"0": {"p_type": -2.220446049250313e-16, "p_lat": 0.5194672131147555, "p_lng": 0.06659836065573754}, "1": {"p_type": 0.7834925957617183, "p_lat": 0.8843571890240299, "p_lng": 0.5641258089698056}, "2": {"p_type": 0.8639994785734384, "p_lat": 0.9721249928507234, "p_lng": 0.739439633413849}, "3": {"p_type": 0.7924480991222902, "p_lat": 0.9836912112340266, "p_lng": 0.8611951246817677}, "4": {"p_type": 0.6522263467975012, "p_lat": 0.9936421888330886, "p_lng": 0.9254324627353374}, "5": {"p_type": 0.5237780859779372, "p_lat": 0.9978676716884818, "p_lng": 0.9590972855603586}, "6": {"p_type": 0.6354149593731678, "p_lat": 0.9992891748607149, "p_lng": 0.9778338377225345}, "7": {"p_type": 0.4746640950314316, "p_lat": 0.9997635442579241, "p_lng": 0.9860419072187151}, "8": {"p_type": 0.38308787316547677, "p_lat": 0.9999211660403711, "p_lng": 0.9881311205522993}, "9": {"p_type": 0.3300536114162439, "p_lat": 0.9999602788402772, "p_lng": 0.9931188955388655}, "10": {"p_type": 0.4093802423170567, "p_lat": 0.9999826109205211, "p_lng": 0.9959865425583045}, "11": {"p_type": 0.5109348471651016, "p_lat": 0.9999938004960724, "p_lng": 0.9976621109314852}, "12": {"p_type": 0.6513499711928726, "p_lat": 0.9999977999026587, "p_lng": 0.9986428038599605}, "13": {"p_type": 0.7644498642241868, "p_lat": 0.9999992092784683, "p_lng": 0.9992061803170915}, "14": {"p_type": 0.8627042026254149, "p_lat": 0.9999996865520517, "p_lng": 0.9995387068894235}, "15": {"p_type": 0.8060565597817794, "p_lat": 0.9999998849797441, "p_lng": 0.9997277443190246}, "16": {"p_type": 1, "p_lat": 1, "p_lng": 1}, "17": {"p_type": 1, "p_lat": 1, "p_lng": 1}, "18": {"p_type": 1, "p_lat": 1, "p_lng": 1}, "19": {"p_type": 1, "p_lat": 1, "p_lng": 1}, "20": {"p_type": 1, "p_lat": 1, "p_lng": 1}, "21": {"p_type": 1, "p_lat": 1, "p_lng": 1}, "22": {"p_type": 1, "p_lat": 1, "p_lng": 1}, "23": {"p_type": 1, "p_lat": 1, "p_lng": 1}, "24": {"p_type": 1, "p_lat": 1, "p_lng": 1}, "25": {"p_type": 1, "p_lat": 1, "p_lng": 1}, "26": {"p_type": 1, "p_lat": 1, "p_lng": 1}, "27": {"p_type": 1, "p_lat": 1, "p_lng": 1}, "28": {"p_type": 1, "p_lat": 1, "p_lng": 1}, "29": {"p_type": 1, "p_lat": 1, "p_lng": 1}, "30": {"p_type": 1, "p_lat": 1, "p_lng": 1}}