{"0": {"p_type": 0.6063557150179395, "p_lat": 0.42725409836065564, "p_lng": 0.04610655737704916}, "1": {"p_type": 0.36766725313491655, "p_lat": 0.8357717844761728, "p_lng": 0.5220310493314199}, "2": {"p_type": 0.22293714016330468, "p_lat": 0.952849524611633, "p_lng": 0.659116534180537}, "3": {"p_type": 0.0, "p_lat": 0.9861601830259473, "p_lng": 0.766835616329013}, "4": {"p_type": 0.11397734436221907, "p_lat": 0.9956950302373504, "p_lng": 0.8520137198720998}, "5": {"p_type": 3.3306690738754696e-16, "p_lat": 0.9986607534780404, "p_lng": 0.9092416463858332}, "6": {"p_type": -8.881784197001252e-16, "p_lat": 0.9995847499891558, "p_lng": 0.943335552998023}, "7": {"p_type": 0.0639905546036369, "p_lat": 0.9998718806406038, "p_lng": 0.9647921898115097}, "8": {"p_type": 0.049887049488531066, "p_lat": 0.999960491030585, "p_lng": 0.9781512107151311}, "9": {"p_type": 5.218048215738236e-15, "p_lat": 0.9999878483404987, "p_lng": 0.9864532881127218}, "10": {"p_type": 1.1546319456101628e-14, "p_lat": 0.9999962237856035, "p_lng": 0.9915592806563391}, "11": {"p_type": 0.02868813016811167, "p_lat": 0.999998826317445, "p_lng": 0.9947423350551587}, "12": {"p_type": 0.02512641687200745, "p_lat": 0.9999996373802532, "p_lng": 0.9967378476576887}, "13": {"p_type": 0.1760995306972276, "p_lat": 0.9999998865791467, "p_lng": 0.9979614618550142}, "14": {"p_type": 0.12545099047689756, "p_lat": 0.9999999648785394, "p_lng": 0.9987336715615788}, "15": {"p_type": 0.11712165230369975, "p_lat": 0.9999999888567475, "p_lng": 0.9992024199349939}, "16": {"p_type": 1, "p_lat": 1, "p_lng": 1}, "17": {"p_type": 1, "p_lat": 1, "p_lng": 1}, "18": {"p_type": 1, "p_lat": 1, "p_lng": 1}, "19": {"p_type": 1, "p_lat": 1, "p_lng": 1}, "20": {"p_type": 1, "p_lat": 1, "p_lng": 1}, "21": {"p_type": 1, "p_lat": 1, "p_lng": 1}, "22": {"p_type": 1, "p_lat": 1, "p_lng": 1}, "23": {"p_type": 1, "p_lat": 1, "p_lng": 1}, "24": {"p_type": 1, "p_lat": 1, "p_lng": 1}, "25": {"p_type": 1, "p_lat": 1, "p_lng": 1}, "26": {"p_type": 1, "p_lat": 1, "p_lng": 1}, "27": {"p_type": 1, "p_lat": 1, "p_lng": 1}, "28": {"p_type": 1, "p_lat": 1, "p_lng": 1}, "29": {"p_type": 1, "p_lat": 1, "p_lng": 1}, "30": {"p_type": 1, "p_lat": 1, "p_lng": 1}, "31": {"p_type": 1, "p_lat": 1, "p_lng": 1}, "32": {"p_type": 1, "p_lat": 1, "p_lng": 1}, "33": {"p_type": 1, "p_lat": 1, "p_lng": 1}, "34": {"p_type": 1, "p_lat": 1, "p_lng": 1}, "35": {"p_type": 1, "p_lat": 1, "p_lng": 1}, "36": {"p_type": 1, "p_lat": 1, "p_lng": 1}, "37": {"p_type": 1, "p_lat": 1, "p_lng": 1}, "38": {"p_type": 1, "p_lat": 1, "p_lng": 1}, "39": {"p_type": 1, "p_lat": 1, "p_lng": 1}, "40": {"p_type": 1, "p_lat": 1, "p_lng": 1}, "41": {"p_type": 1, "p_lat": 1, "p_lng": 1}, "42": {"p_type": 1, "p_lat": 1, "p_lng": 1}, "43": {"p_type": 1, "p_lat": 1, "p_lng": 1}, "44": {"p_type": 1, "p_lat": 1, "p_lng": 1}, "45": {"p_type": 1, "p_lat": 1, "p_lng": 1}, "46": {"p_type": 1, "p_lat": 1, "p_lng": 1}, "47": {"p_type": 1, "p_lat": 1, "p_lng": 1}, "48": {"p_type": 1, "p_lat": 1, "p_lng": 1}, "49": {"p_type": 1, "p_lat": 1, "p_lng": 1}, "50": {"p_type": 1, "p_lat": 1, "p_lng": 1}, "51": {"p_type": 1, "p_lat": 1, "p_lng": 1}, "52": {"p_type": 1, "p_lat": 1, "p_lng": 1}, "53": {"p_type": 1, "p_lat": 1, "p_lng": 1}}