{"0": {"p_type": 0.6063557150179395, "p_lat": 0.754098360655739, "p_lng": 0.6362704918032791}, "1": {"p_type": 0.8792166143293888, "p_lat": 0.9632973231598287, "p_lng": 0.9336980517572778}, "2": {"p_type": 0.9321026111338508, "p_lat": 0.9946565058442831, "p_lng": 0.9878864915441901}, "3": {"p_type": 0.9785893842041475, "p_lat": 0.9990219787320307, "p_lng": 0.9977817718531025}, "4": {"p_type": 0.9915614020839881, "p_lat": 0.9998534968141568, "p_lng": 0.9995928712143497}, "5": {"p_type": 0.9972183748407204, "p_lat": 0.9998782586754573, "p_lng": 0.9999250968199163}, "6": {"p_type": 0.9991747266023033, "p_lat": 0.9999505620591732, "p_lng": 0.9999861439064981}, "7": {"p_type": 0.9997634788869241, "p_lat": 0.9998655271584939, "p_lng": 0.9999974185330142}, "8": {"p_type": 0.9999341934332847, "p_lat": 0.9999509374829993, "p_lng": 0.9999995164219974}, "9": {"p_type": 0.9999825212402944, "p_lat": 0.9999845372104552, "p_lng": 0.9999999091293459}, "10": {"p_type": 0.9999954885191186, "p_lat": 0.9999950757559533, "p_lng": 0.9999999828372742}, "11": {"p_type": 0.9999988446716621, "p_lat": 0.9999984323876051, "p_lng": 0.9999999967477144}, "12": {"p_type": 0.9999997200143417, "p_lat": 0.9999995038821917, "p_lng": 0.9999999993837873}, "13": {"p_type": 0.9999999325707941, "p_lat": 0.9999998410231239, "p_lng": 0.9999999998825616}, "14": {"p_type": 0.9999999840889064, "p_lat": 0.9999999495833196, "p_lng": 0.9999999999776337}, "15": {"p_type": 0.9999999963064112, "p_lat": 0.9999999836129485, "p_lng": 0.9999999999956921}, "16": {"p_type": 1, "p_lat": 1, "p_lng": 1}, "17": {"p_type": 1, "p_lat": 1, "p_lng": 1}, "18": {"p_type": 1, "p_lat": 1, "p_lng": 1}, "19": {"p_type": 1, "p_lat": 1, "p_lng": 1}, "20": {"p_type": 1, "p_lat": 1, "p_lng": 1}, "21": {"p_type": 1, "p_lat": 1, "p_lng": 1}, "22": {"p_type": 1, "p_lat": 1, "p_lng": 1}, "23": {"p_type": 1, "p_lat": 1, "p_lng": 1}, "24": {"p_type": 1, "p_lat": 1, "p_lng": 1}, "25": {"p_type": 1, "p_lat": 1, "p_lng": 1}, "26": {"p_type": 1, "p_lat": 1, "p_lng": 1}, "27": {"p_type": 1, "p_lat": 1, "p_lng": 1}, "28": {"p_type": 1, "p_lat": 1, "p_lng": 1}, "29": {"p_type": 1, "p_lat": 1, "p_lng": 1}, "30": {"p_type": 1, "p_lat": 1, "p_lng": 1}, "31": {"p_type": 1, "p_lat": 1, "p_lng": 1}, "32": {"p_type": 1, "p_lat": 1, "p_lng": 1}, "33": {"p_type": 1, "p_lat": 1, "p_lng": 1}, "34": {"p_type": 1, "p_lat": 1, "p_lng": 1}, "35": {"p_type": 1, "p_lat": 1, "p_lng": 1}, "36": {"p_type": 1, "p_lat": 1, "p_lng": 1}, "37": {"p_type": 1, "p_lat": 1, "p_lng": 1}}