{"0": {"p_type": 0.9974372116863147, "p_lat": 0.3381147540983609, "p_lng": 0.723360655737706}, "1": {"p_type": 0.9999934321160593, "p_lat": 0.7381382572419055, "p_lng": 0.9616132809548991}, "2": {"p_type": 0.9999999831679038, "p_lat": 0.2085183010583087, "p_lng": 0.7294285656034738}, "3": {"p_type": 0.999999999956863, "p_lat": 0.6715756620320147, "p_lng": 0.5894453693409061}, "4": {"p_type": 0.9999999999998894, "p_lat": 0.47952613328732885, "p_lng": 0.8276920267453112}}