{"0": {"p_type": -2.220446049250313e-16, "p_lat": 0.8237704918032799, "p_lng": 0.1516393442622952}, "1": {"p_type": 0.0, "p_lat": 0.9843892959969094, "p_lng": 0.6398919694794898}, "2": {"p_type": 6.661338147750939e-16, "p_lat": 0.998609896368198, "p_lng": 0.8185134268580753}, "3": {"p_type": 0.6405233965569938, "p_lat": 0.9952390459839122, "p_lng": 0.8119240124426972}, "4": {"p_type": 0.9285180789278512, "p_lat": 0.9989421975776268, "p_lng": 0.887562839148389}, "5": {"p_type": 0.913585488620285, "p_lat": 0.9995114697647219, "p_lng": 0.934032272354319}, "6": {"p_type": 0.8870486005636754, "p_lat": 0.9998722053900087, "p_lng": 0.9612051673476584}, "7": {"p_type": 0.8563834240202207, "p_lat": 0.9999665552845828, "p_lng": 0.9770517809040572}}