{"0": {"p_type": -2.220446049250313e-16, "p_lat": 0.5194672131147555, "p_lng": 0.06659836065573754}, "1": {"p_type": 0.7834925957617183, "p_lat": 0.8843571890240299, "p_lng": 0.5641258089698056}, "2": {"p_type": 0.8639994785734384, "p_lat": 0.9721249928507234, "p_lng": 0.739439633413849}, "3": {"p_type": 0.7924480991222902, "p_lat": 0.9836912112340266, "p_lng": 0.8611951246817677}, "4": {"p_type": 0.6522263467975012, "p_lat": 0.994677409170103, "p_lng": 0.9254324627353374}, "5": {"p_type": 0.5932044407230356, "p_lat": 0.9978676716884818, "p_lng": 0.9590972855603586}, "6": {"p_type": 0.5610372250978088, "p_lat": 0.9992891748607149, "p_lng": 0.9649065916553423}, "7": {"p_type": 0.5341203745292954, "p_lat": 0.9997635442579241, "p_lng": 0.979521898225105}, "8": {"p_type": 0.33632001937631806, "p_lat": 0.9999211660403711, "p_lng": 0.9881311205522993}, "9": {"p_type": 0.3300536114162439, "p_lat": 0.9999737899241965, "p_lng": 0.9931188955388655}, "10": {"p_type": 0.23480026159438883, "p_lat": 0.9999860927082559, "p_lng": 0.9959865425583045}, "11": {"p_type": 0.3110098509409185, "p_lat": 0.9999938004960724, "p_lng": 0.9976621109314852}, "12": {"p_type": 0.4245731997420302, "p_lat": 0.9999977999026587, "p_lng": 0.9986428038599605}, "13": {"p_type": 0.37311978382665256, "p_lat": 0.9999992092784683, "p_lng": 0.9992061803170915}, "14": {"p_type": 0.3104635581217067, "p_lat": 0.9999996504889075, "p_lng": 0.9995387068894235}, "15": {"p_type": 0.4196518880409481, "p_lat": 0.9999998708206206, "p_lng": 0.9997277443190246}, "16": {"p_type": 1, "p_lat": 1, "p_lng": 1}, "17": {"p_type": 1, "p_lat": 1, "p_lng": 1}, "18": {"p_type": 1, "p_lat": 1, "p_lng": 1}, "19": {"p_type": 1, "p_lat": 1, "p_lng": 1}, "20": {"p_type": 1, "p_lat": 1, "p_lng": 1}, "21": {"p_type": 1, "p_lat": 1, "p_lng": 1}, "22": {"p_type": 1, "p_lat": 1, "p_lng": 1}, "23": {"p_type": 1, "p_lat": 1, "p_lng": 1}, "24": {"p_type": 1, "p_lat": 1, "p_lng": 1}, "25": {"p_type": 1, "p_lat": 1, "p_lng": 1}, "26": {"p_type": 1, "p_lat": 1, "p_lng": 1}, "27": {"p_type": 1, "p_lat": 1, "p_lng": 1}, "28": {"p_type": 1, "p_lat": 1, "p_lng": 1}, "29": {"p_type": 1, "p_lat": 1, "p_lng": 1}, "30": {"p_type": 1, "p_lat": 1, "p_lng": 1}, "31": {"p_type": 1, "p_lat": 1, "p_lng": 1}, "32": {"p_type": 1, "p_lat": 1, "p_lng": 1}, "33": {"p_type": 1, "p_lat": 1, "p_lng": 1}, "34": {"p_type": 1, "p_lat": 1, "p_lng": 1}}