{"0": {"p_type": 0.6063557150179395, "p_lat": 0.4241803278688523, "p_lng": 0.7366803278688532}, "1": {"p_type": 0.8792166143293888, "p_lat": 0.8340059009678263, "p_lng": 0.9652142983052541}, "2": {"p_type": 0.9321026111338508, "p_lat": 0.9520876807297087, "p_lng": 0.9953892033065811}, "3": {"p_type": 0.9785893842041475, "p_lat": 0.9858311414740332, "p_lng": 0.999386799416729}, "4": {"p_type": 0.9915614020839881, "p_lat": 0.995561182526936, "p_lng": 0.9999181772227863}, "5": {"p_type": 0.9972183748407204, "p_lat": 0.9986106462147512, "p_lng": 0.9999890456987048}, "6": {"p_type": 0.9991747266023033, "p_lat": 0.9995666970467959, "p_lng": 0.999998528610197}, "7": {"p_type": 0.9997634788869241, "p_lat": 0.9998655271584939, "p_lng": 0.9999997474202157}, "8": {"p_type": 0.9999341934332847, "p_lat": 0.9999582784397861, "p_lng": 0.9999999648157659}, "9": {"p_type": 0.9999825212402944, "p_lat": 0.9999870888573054, "p_lng": 0.9999999888217765}, "10": {"p_type": 0.9999954885191186, "p_lat": 0.9999959629589695, "p_lng": 0.9999999971423089}, "11": {"p_type": 0.9999988446716621, "p_lat": 0.9999987376524773, "p_lng": 0.9999999992690611}, "12": {"p_type": 0.9999997200143417, "p_lat": 0.9999996076186441, "p_lng": 0.9999999997838189}, "13": {"p_type": 0.9999999325707941, "p_lat": 0.9999998765205784, "p_lng": 0.9999999999620447}, "14": {"p_type": 0.9999999840889064, "p_lat": 0.9999999615336993, "p_lng": 0.9999999999070638}, "15": {"p_type": 0.9999999963064112, "p_lat": 0.9999999877210677, "p_lng": 0.9999999998261025}, "16": {"p_type": 1, "p_lat": 1, "p_lng": 1}, "17": {"p_type": 1, "p_lat": 1, "p_lng": 1}, "18": {"p_type": 1, "p_lat": 1, "p_lng": 1}, "19": {"p_type": 1, "p_lat": 1, "p_lng": 1}, "20": {"p_type": 1, "p_lat": 1, "p_lng": 1}, "21": {"p_type": 1, "p_lat": 1, "p_lng": 1}, "22": {"p_type": 1, "p_lat": 1, "p_lng": 1}, "23": {"p_type": 1, "p_lat": 1, "p_lng": 1}, "24": {"p_type": 1, "p_lat": 1, "p_lng": 1}, "25": {"p_type": 1, "p_lat": 1, "p_lng": 1}, "26": {"p_type": 1, "p_lat": 1, "p_lng": 1}, "27": {"p_type": 1, "p_lat": 1, "p_lng": 1}, "28": {"p_type": 1, "p_lat": 1, "p_lng": 1}, "29": {"p_type": 1, "p_lat": 1, "p_lng": 1}, "30": {"p_type": 1, "p_lat": 1, "p_lng": 1}, "31": {"p_type": 1, "p_lat": 1, "p_lng": 1}, "32": {"p_type": 1, "p_lat": 1, "p_lng": 1}, "33": {"p_type": 1, "p_lat": 1, "p_lng": 1}}