{"0": {"p_type": 0.6063557150179395, "p_lat": 0.34938524590163733, "p_lng": 0.13422131147540972}, "1": {"p_type": 0.7375100521463714, "p_lat": 0.7881254564226546, "p_lng": 0.6249622270907322}, "2": {"p_type": 0.9413002982921744, "p_lat": 0.9309293325185412, "p_lng": 0.7699509392927867}, "3": {"p_type": 0.8515601867344009, "p_lat": 0.9751140489099175, "p_lng": 0.8611951246817677}, "4": {"p_type": 0.736454749248139, "p_lat": 0.9909568509858561, "p_lng": 0.9254324627353374}, "5": {"p_type": 0.5237780859779372, "p_lat": 0.9967670500662554, "p_lng": 0.9590972855603586}, "6": {"p_type": 0.4636960711121694, "p_lat": 0.9988501136642399, "p_lng": 0.9778338377225345}, "7": {"p_type": 0.4746640950314316, "p_lat": 0.9995894445363166, "p_lng": 0.9878948514505931}, "8": {"p_type": 0.6193119046847135, "p_lat": 0.9998530667900649, "p_lng": 0.9934081869102042}, "9": {"p_type": 0.4882918645457809, "p_lat": 0.999947635279503, "p_lng": 0.9957306066137868}, "10": {"p_type": 0.4093802423170567, "p_lat": 0.9999811549692068, "p_lng": 0.9959865425583045}, "11": {"p_type": 0.3110098509409185, "p_lat": 0.999993232669541, "p_lng": 0.9976621109314852}, "12": {"p_type": 0.4245731997420302, "p_lat": 0.9999975807443513, "p_lng": 0.9986428038599605}, "13": {"p_type": 0.5564428491345546, "p_lat": 0.9999991241513254, "p_lng": 0.9992061803170915}, "14": {"p_type": 0.47463368551856755, "p_lat": 0.9999996504889075, "p_lng": 0.9995387068894235}, "15": {"p_type": 0.4107348663663276, "p_lat": 0.9999997294250382, "p_lng": 0.9997277443190246}, "16": {"p_type": 1, "p_lat": 1, "p_lng": 1}, "17": {"p_type": 1, "p_lat": 1, "p_lng": 1}, "18": {"p_type": 1, "p_lat": 1, "p_lng": 1}, "19": {"p_type": 1, "p_lat": 1, "p_lng": 1}, "20": {"p_type": 1, "p_lat": 1, "p_lng": 1}, "21": {"p_type": 1, "p_lat": 1, "p_lng": 1}, "22": {"p_type": 1, "p_lat": 1, "p_lng": 1}, "23": {"p_type": 1, "p_lat": 1, "p_lng": 1}, "24": {"p_type": 1, "p_lat": 1, "p_lng": 1}, "25": {"p_type": 1, "p_lat": 1, "p_lng": 1}, "26": {"p_type": 1, "p_lat": 1, "p_lng": 1}, "27": {"p_type": 1, "p_lat": 1, "p_lng": 1}}