{"0": {"p_type": 0.9902614044079959, "p_lat": 0.41188524590163933, "p_lng": 0.8493852459016396}, "1": {"p_type": 0.9999051597558954, "p_lat": 0.30782612710164303, "p_lng": 0.982526881720429}, "2": {"p_type": 0.9999994722801197, "p_lat": 0.28211670607240746, "p_lng": 0.8147662408496055}, "3": {"p_type": 0.9999999894786199, "p_lat": 0.4132374995058925, "p_lng": 0.5842676422811615}, "4": {"p_type": 0.9999999999536233, "p_lat": 0.5497116015047339, "p_lng": 0.6775915950507296}, "5": {"p_type": 0.9999999999994461, "p_lat": 0.6502726705565937, "p_lng": 0.8787290271692132}, "6": {"p_type": 0.9999999999999959, "p_lat": 0.7295616002743466, "p_lng": 0.9617345625081875}, "7": {"p_type": 1.0, "p_lat": 0.7915637170603981, "p_lng": 0.9886972159390361}, "8": {"p_type": 1.0, "p_lat": 0.8388218811125548, "p_lng": 0.9968076697535163}, "9": {"p_type": 1.0, "p_lat": 0.8758829131883717, "p_lng": 0.9991262063190229}}