{"0": {"p_type": 0.9902614044079959, "p_lat": 0.4528688524590152, "p_lng": 0.7243852459016396}, "1": {"p_type": 0.9999051597558954, "p_lat": 0.8501202437611739, "p_lng": 0.9395318677444534}, "2": {"p_type": 0.9999994722801197, "p_lat": 0.9440131253320578, "p_lng": 0.9872636267735498}, "3": {"p_type": 0.9999999894786199, "p_lat": 0.9529727505931721, "p_lng": 0.9957873801673501}, "4": {"p_type": 0.9999999999536233, "p_lat": 0.8486516338961339, "p_lng": 0.9990929888677145}, "5": {"p_type": 0.9999999999994461, "p_lat": 0.906807236471802, "p_lng": 0.9998021844042786}, "6": {"p_type": 0.9999999999999959, "p_lat": 0.9415405702865708, "p_lng": 0.9999562470577251}, "7": {"p_type": 1.0, "p_lat": 0.963530885842817, "p_lng": 0.9999902573285429}, "8": {"p_type": 1.0, "p_lat": 0.8545615176377862, "p_lng": 0.9999978238530061}, "9": {"p_type": 1.0, "p_lat": 0.6266859558303386, "p_lng": 0.99999951418965}, "10": {"p_type": 1.0, "p_lat": 0.6384248181274707, "p_lng": 0.9999998909371844}}