{"0": {"p_type": 0.9902614044079959, "p_lat": 0.25000000000000044, "p_lng": 0.5901639344262304}, "1": {"p_type": 0.9999051597558954, "p_lat": 0.7185099846390158, "p_lng": 0.9158503521274526}, "2": {"p_type": 0.9999994722801197, "p_lat": 0.7223124865020808, "p_lng": 0.9826877387693113}, "3": {"p_type": 0.9999999894786199, "p_lat": 0.4623350309780756, "p_lng": 0.9957873801673501}, "4": {"p_type": 0.9999999999536233, "p_lat": 0.5497116015047339, "p_lng": 0.9990929888677145}, "5": {"p_type": 0.9999999999994461, "p_lat": 0.6502726705565937, "p_lng": 0.9998021844042786}, "6": {"p_type": 0.9999999999999959, "p_lat": 0.7295616002743466, "p_lng": 0.9999562470577251}, "7": {"p_type": 1.0, "p_lat": 0.7915637170603981, "p_lng": 0.9999902573285429}, "8": {"p_type": 1.0, "p_lat": 0.8388218811125548, "p_lng": 0.9999978238530061}, "9": {"p_type": 1.0, "p_lat": 0.8758829131883717, "p_lng": 0.99999951418965}, "10": {"p_type": 1.0, "p_lat": 0.6384248181274707, "p_lng": 0.9999998909371844}, "11": {"p_type": 1.0, "p_lat": 0.7160218954381453, "p_lng": 0.9999999754668629}, "12": {"p_type": 1.0, "p_lat": 0.7782005186613659, "p_lng": 0.9999999945018909}, "13": {"p_type": 1.0, "p_lat": 0.8266186220111914, "p_lng": 0.9999999987576222}, "14": {"p_type": 1.0, "p_lat": 0.8649922926388509, "p_lng": 0.9999999997203399}, "15": {"p_type": 1.0, "p_lat": 0.8944520000648544, "p_lng": 0.9999999999360136}, "16": {"p_type": 1, "p_lat": 1, "p_lng": 1}, "17": {"p_type": 1, "p_lat": 1, "p_lng": 1}, "18": {"p_type": 1, "p_lat": 1, "p_lng": 1}, "19": {"p_type": 1, "p_lat": 1, "p_lng": 1}, "20": {"p_type": 1, "p_lat": 1, "p_lng": 1}}