{"0": {"p_type": 0.6063557150179395, "p_lat": 0.7038934426229525, "p_lng": 0.7879098360655745}, "1": {"p_type": 0.8792166143293888, "p_lat": 0.9560312843628537, "p_lng": 0.9774118002568566}, "2": {"p_type": 0.9321026111338508, "p_lat": 0.9520876807297087, "p_lng": 0.9953892033065811}, "3": {"p_type": 0.9785893842041475, "p_lat": 0.9858311414740332, "p_lng": 0.999386799416729}, "4": {"p_type": 0.9915614020839881, "p_lat": 0.9951370795926361, "p_lng": 0.9999165853399602}, "5": {"p_type": 0.9972183748407204, "p_lat": 0.9984502617775135, "p_lng": 0.9999887899562636}, "6": {"p_type": 0.9991747266023033, "p_lat": 0.9995082939179756, "p_lng": 0.99999848853343}, "7": {"p_type": 0.9997634788869241, "p_lat": 0.9998447168501947, "p_lng": 0.9999997955391876}, "8": {"p_type": 0.9999341934332847, "p_lat": 0.9999509374829993, "p_lng": 0.9999999722506466}, "9": {"p_type": 0.9999825212402944, "p_lat": 0.9999845372104552, "p_lng": 0.9999999888217765}, "10": {"p_type": 0.9999954885191186, "p_lat": 0.9999950757559533, "p_lng": 0.9999999971423089}, "11": {"p_type": 0.9999988446716621, "p_lat": 0.9999984323876051, "p_lng": 0.9999999989333246}, "12": {"p_type": 0.9999997200143417, "p_lat": 0.9999995038821917, "p_lng": 0.9999999998159661}, "13": {"p_type": 0.9999999325707941, "p_lat": 0.9999998410231239, "p_lng": 0.9999999999620447}, "14": {"p_type": 0.9999999840889064, "p_lat": 0.9999999495833196, "p_lng": 0.9999999999933303}, "15": {"p_type": 0.9999999963064112, "p_lat": 0.9999999836129485, "p_lng": 0.999999999998816}, "16": {"p_type": 1, "p_lat": 1, "p_lng": 1}, "17": {"p_type": 1, "p_lat": 1, "p_lng": 1}, "18": {"p_type": 1, "p_lat": 1, "p_lng": 1}, "19": {"p_type": 1, "p_lat": 1, "p_lng": 1}, "20": {"p_type": 1, "p_lat": 1, "p_lng": 1}, "21": {"p_type": 1, "p_lat": 1, "p_lng": 1}, "22": {"p_type": 1, "p_lat": 1, "p_lng": 1}, "23": {"p_type": 1, "p_lat": 1, "p_lng": 1}, "24": {"p_type": 1, "p_lat": 1, "p_lng": 1}, "25": {"p_type": 1, "p_lat": 1, "p_lng": 1}, "26": {"p_type": 1, "p_lat": 1, "p_lng": 1}, "27": {"p_type": 1, "p_lat": 1, "p_lng": 1}, "28": {"p_type": 1, "p_lat": 1, "p_lng": 1}, "29": {"p_type": 1, "p_lat": 1, "p_lng": 1}, "30": {"p_type": 1, "p_lat": 1, "p_lng": 1}, "31": {"p_type": 1, "p_lat": 1, "p_lng": 1}, "32": {"p_type": 1, "p_lat": 1, "p_lng": 1}, "33": {"p_type": 1, "p_lat": 1, "p_lng": 1}, "34": {"p_type": 1, "p_lat": 1, "p_lng": 1}, "35": {"p_type": 1, "p_lat": 1, "p_lng": 1}, "36": {"p_type": 1, "p_lat": 1, "p_lng": 1}, "37": {"p_type": 1, "p_lat": 1, "p_lng": 1}}