{"0": {"p_type": 0.6063557150179395, "p_lat": 0.846311475409838, "p_lng": 0.33606557377049184}, "1": {"p_type": 0.8792166143293888, "p_lat": 0.988117272292311, "p_lng": 0.7793684369570131}, "2": {"p_type": 0.9321026111338508, "p_lat": 0.9990756527064625, "p_lng": 0.9266066960194753}, "3": {"p_type": 0.9785893842041475, "p_lat": 0.9998373999330398, "p_lng": 0.9725712545431553}, "4": {"p_type": 0.9915614020839881, "p_lat": 0.9999843717727056, "p_lng": 0.9898095290205987}, "5": {"p_type": 0.9972183748407204, "p_lat": 0.9999984906821845, "p_lng": 0.9962795449724571}, "6": {"p_type": 0.9991747266023033, "p_lat": 0.9999998535391312, "p_lng": 0.9986462551257855}, "7": {"p_type": 0.9997634788869241, "p_lat": 0.9999999857202564, "p_lng": 0.9995046621323584}, "8": {"p_type": 0.9999341934332847, "p_lat": 0.9999999986011677, "p_lng": 0.9998184331536415}, "9": {"p_type": 0.9999825212402944, "p_lat": 0.9999999981433167, "p_lng": 0.9999337673030919}, "10": {"p_type": 0.9999954885191186, "p_lat": 0.9999999993377288, "p_lng": 0.999975601030747}, "11": {"p_type": 0.9999988446716621, "p_lat": 0.9999999999070955, "p_lng": 0.9999910319747977}, "12": {"p_type": 0.9999997200143417, "p_lat": 0.9999999999869273, "p_lng": 0.9999967177113823}, "13": {"p_type": 0.9999999325707941, "p_lat": 0.9999999992453014, "p_lng": 0.9999987835935849}, "14": {"p_type": 0.9999999840889064, "p_lat": 0.9999999979918284, "p_lng": 0.9999995544081323}, "15": {"p_type": 0.9999999963064112, "p_lat": 0.9999999994745025, "p_lng": 0.9999998326484211}, "16": {"p_type": 1, "p_lat": 1, "p_lng": 1}}