{"0": {"p_type": 0.7749871860584315, "p_lat": 0.5256147540983596, "p_lng": 0.14549180327868827}, "1": {"p_type": 0.9076531873546692, "p_lat": 0.8872940327197326, "p_lng": 0.6346572738032283}, "2": {"p_type": 0.9753664437261763, "p_lat": 0.9731789791272644, "p_lng": 0.7699509392927867}, "3": {"p_type": 0.9165036662461628, "p_lat": 0.9932700750002756, "p_lng": 0.8611951246817677}, "4": {"p_type": 0.8427540595567113, "p_lat": 0.994677409170103, "p_lng": 0.9254324627353374}, "5": {"p_type": 0.7787356256148151, "p_lat": 0.9982738330057154, "p_lng": 0.9590972855603586}, "6": {"p_type": 0.7201173531171046, "p_lat": 0.9992891748607149, "p_lng": 0.9778338377225345}, "7": {"p_type": 0.660877193040508, "p_lat": 0.9997635442579241, "p_lng": 0.9878948514505931}, "8": {"p_type": 0.44716455159136603, "p_lat": 0.9999211660403711, "p_lng": 0.9934081869102042}, "9": {"p_type": 0.39293006426230226, "p_lat": 0.9999737899241965, "p_lng": 0.9964236800010876}, "10": {"p_type": 0.33125638239174804, "p_lat": 0.9999911967038025, "p_lng": 0.99804292965521}, "11": {"p_type": 0.40185187278409296, "p_lat": 0.9999970473851827, "p_lng": 0.9989312804490074}, "12": {"p_type": 0.2843081581057869, "p_lat": 0.9999990150342065, "p_lng": 0.9992684548307414}, "13": {"p_type": 0.19423604667985328, "p_lat": 0.9999996672317568, "p_lng": 0.9992061803170915}, "14": {"p_type": 0.1444686619258435, "p_lat": 0.9999998888050395, "p_lng": 0.9995387068894235}, "15": {"p_type": 0.1085673338955282, "p_lat": 0.9999999619035825, "p_lng": 0.9997277443190246}, "16": {"p_type": 1, "p_lat": 1, "p_lng": 1}, "17": {"p_type": 1, "p_lat": 1, "p_lng": 1}, "18": {"p_type": 1, "p_lat": 1, "p_lng": 1}, "19": {"p_type": 1, "p_lat": 1, "p_lng": 1}, "20": {"p_type": 1, "p_lat": 1, "p_lng": 1}, "21": {"p_type": 1, "p_lat": 1, "p_lng": 1}, "22": {"p_type": 1, "p_lat": 1, "p_lng": 1}, "23": {"p_type": 1, "p_lat": 1, "p_lng": 1}, "24": {"p_type": 1, "p_lat": 1, "p_lng": 1}, "25": {"p_type": 1, "p_lat": 1, "p_lng": 1}, "26": {"p_type": 1, "p_lat": 1, "p_lng": 1}, "27": {"p_type": 1, "p_lat": 1, "p_lng": 1}, "28": {"p_type": 1, "p_lat": 1, "p_lng": 1}, "29": {"p_type": 1, "p_lat": 1, "p_lng": 1}, "30": {"p_type": 1, "p_lat": 1, "p_lng": 1}, "31": {"p_type": 1, "p_lat": 1, "p_lng": 1}, "32": {"p_type": 1, "p_lat": 1, "p_lng": 1}, "33": {"p_type": 1, "p_lat": 1, "p_lng": 1}, "34": {"p_type": 1, "p_lat": 1, "p_lng": 1}, "35": {"p_type": 1, "p_lat": 1, "p_lng": 1}, "36": {"p_type": 1, "p_lat": 1, "p_lng": 1}, "37": {"p_type": 1, "p_lat": 1, "p_lng": 1}, "38": {"p_type": 1, "p_lat": 1, "p_lng": 1}, "39": {"p_type": 1, "p_lat": 1, "p_lng": 1}, "40": {"p_type": 1, "p_lat": 1, "p_lng": 1}}