{"0": {"p_type": 0.9974372116863147, "p_lat": 0.3381147540983609, "p_lng": 0.723360655737706}, "1": {"p_type": 0.9999934321160593, "p_lat": 0.7381382572419055, "p_lng": 0.9616132809548991}, "2": {"p_type": 0.9999999831679038, "p_lat": 0.9020275701255785, "p_lng": 0.9946565058442831}, "3": {"p_type": 0.999999999956863, "p_lat": 0.9584011957901567, "p_lng": 0.9992538240897638}, "4": {"p_type": 0.9999999999998894, "p_lat": 0.9831206464383818, "p_lng": 0.9998954743356857}, "5": {"p_type": 0.9999999999999997, "p_lat": 0.9932675356215608, "p_lng": 0.9999853119275988}, "6": {"p_type": 1.0, "p_lat": 0.9583131739159363, "p_lng": 0.9996437570361677}, "7": {"p_type": 1.0, "p_lat": 0.8640488979470284, "p_lng": 0.9978668033618233}}