{"0": {"p_type": -2.220446049250313e-16, "p_lat": 0.9211065573770506, "p_lng": 0.23155737704918056}, "1": {"p_type": 0.0, "p_lat": 0.9968491098184369, "p_lng": 0.6973760419027454}, "2": {"p_type": 0.9557484159693653, "p_lat": 0.8904842106146285, "p_lng": 0.4294767895331375}, "3": {"p_type": 0.9995418745557509, "p_lat": 0.73335554612773, "p_lng": 0.5894453693409061}, "4": {"p_type": 0.9999975155280578, "p_lat": 0.7816398686487851, "p_lng": 0.7191796327695996}, "5": {"p_type": 0.9999999910634313, "p_lat": 0.904089363675847, "p_lng": 0.8652587016554429}}