{"0": {"p_type": 0.6063557150179395, "p_lat": 0.6198770491803296, "p_lng": 0.3381147540983609}, "1": {"p_type": 0.36766725313491655, "p_lat": 0.927595628415299, "p_lng": 0.7738913651129411}, "2": {"p_type": 0.22293714016330468, "p_lat": 0.9817651892652148, "p_lng": 0.9065107543764176}, "3": {"p_type": 0.0, "p_lat": 0.9922434154733955, "p_lng": 0.960923587833339}, "4": {"p_type": -2.220446049250313e-16, "p_lat": 0.9980122709208348, "p_lng": 0.9843446936235852}, "5": {"p_type": 0.09323825812511666, "p_lat": 0.9982531846164048, "p_lng": 0.993840203198015}, "6": {"p_type": 0.07914977094147413, "p_lat": 0.9977990672449736, "p_lng": 0.9975523729977203}, "7": {"p_type": 0.16054435001148382, "p_lat": 0.9991337859741304, "p_lng": 0.9990214604867114}, "8": {"p_type": 0.2013127397743939, "p_lat": 0.9996595485746351, "p_lng": 0.9996096325106677}, "9": {"p_type": 0.19766347017557562, "p_lat": 0.9998669784673163, "p_lng": 0.9998451705597806}, "10": {"p_type": 0.26121296501168356, "p_lat": 0.9999474660241255, "p_lng": 0.9999379154814746}, "11": {"p_type": 0.34639691438205356, "p_lat": 0.999975167988883, "p_lng": 0.999975167988883}, "12": {"p_type": 0.41377097493140647, "p_lat": 0.9999882336426946, "p_lng": 0.9999901069335743}, "13": {"p_type": 0.4643354806392245, "p_lat": 0.9999906991721303, "p_lng": 0.9999960118897743}, "14": {"p_type": 0.5301916530782679, "p_lat": 0.9999800340356896, "p_lng": 0.9999984103350715}, "15": {"p_type": 0.5761937081517166, "p_lat": 0.999979154379426, "p_lng": 0.9999993508558742}, "16": {"p_type": 1, "p_lat": 1, "p_lng": 1}, "17": {"p_type": 1, "p_lat": 1, "p_lng": 1}, "18": {"p_type": 1, "p_lat": 1, "p_lng": 1}, "19": {"p_type": 1, "p_lat": 1, "p_lng": 1}, "20": {"p_type": 1, "p_lat": 1, "p_lng": 1}, "21": {"p_type": 1, "p_lat": 1, "p_lng": 1}, "22": {"p_type": 1, "p_lat": 1, "p_lng": 1}, "23": {"p_type": 1, "p_lat": 1, "p_lng": 1}, "24": {"p_type": 1, "p_lat": 1, "p_lng": 1}, "25": {"p_type": 1, "p_lat": 1, "p_lng": 1}, "26": {"p_type": 1, "p_lat": 1, "p_lng": 1}, "27": {"p_type": 1, "p_lat": 1, "p_lng": 1}, "28": {"p_type": 1, "p_lat": 1, "p_lng": 1}, "29": {"p_type": 1, "p_lat": 1, "p_lng": 1}, "30": {"p_type": 1, "p_lat": 1, "p_lng": 1}, "31": {"p_type": 1, "p_lat": 1, "p_lng": 1}, "32": {"p_type": 1, "p_lat": 1, "p_lng": 1}, "33": {"p_type": 1, "p_lat": 1, "p_lng": 1}, "34": {"p_type": 1, "p_lat": 1, "p_lng": 1}, "35": {"p_type": 1, "p_lat": 1, "p_lng": 1}, "36": {"p_type": 1, "p_lat": 1, "p_lng": 1}, "37": {"p_type": 1, "p_lat": 1, "p_lng": 1}, "38": {"p_type": 1, "p_lat": 1, "p_lng": 1}, "39": {"p_type": 1, "p_lat": 1, "p_lng": 1}, "40": {"p_type": 1, "p_lat": 1, "p_lng": 1}, "41": {"p_type": 1, "p_lat": 1, "p_lng": 1}, "42": {"p_type": 1, "p_lat": 1, "p_lng": 1}, "43": {"p_type": 1, "p_lat": 1, "p_lng": 1}, "44": {"p_type": 1, "p_lat": 1, "p_lng": 1}, "45": {"p_type": 1, "p_lat": 1, "p_lng": 1}, "46": {"p_type": 1, "p_lat": 1, "p_lng": 1}, "47": {"p_type": 1, "p_lat": 1, "p_lng": 1}, "48": {"p_type": 1, "p_lat": 1, "p_lng": 1}, "49": {"p_type": 1, "p_lat": 1, "p_lng": 1}, "50": {"p_type": 1, "p_lat": 1, "p_lng": 1}, "51": {"p_type": 1, "p_lat": 1, "p_lng": 1}, "52": {"p_type": 1, "p_lat": 1, "p_lng": 1}, "53": {"p_type": 1, "p_lat": 1, "p_lng": 1}, "54": {"p_type": 1, "p_lat": 1, "p_lng": 1}, "55": {"p_type": 1, "p_lat": 1, "p_lng": 1}, "56": {"p_type": 1, "p_lat": 1, "p_lng": 1}, "57": {"p_type": 1, "p_lat": 1, "p_lng": 1}, "58": {"p_type": 1, "p_lat": 1, "p_lng": 1}, "59": {"p_type": 1, "p_lat": 1, "p_lng": 1}, "60": {"p_type": 1, "p_lat": 1, "p_lng": 1}, "61": {"p_type": 1, "p_lat": 1, "p_lng": 1}, "62": {"p_type": 1, "p_lat": 1, "p_lng": 1}, "63": {"p_type": 1, "p_lat": 1, "p_lng": 1}, "64": {"p_type": 1, "p_lat": 1, "p_lng": 1}, "65": {"p_type": 1, "p_lat": 1, "p_lng": 1}, "66": {"p_type": 1, "p_lat": 1, "p_lng": 1}, "67": {"p_type": 1, "p_lat": 1, "p_lng": 1}, "68": {"p_type": 1, "p_lat": 1, "p_lng": 1}, "69": {"p_type": 1, "p_lat": 1, "p_lng": 1}, "70": {"p_type": 1, "p_lat": 1, "p_lng": 1}, "71": {"p_type": 1, "p_lat": 1, "p_lng": 1}, "72": {"p_type": 1, "p_lat": 1, "p_lng": 1}, "73": {"p_type": 1, "p_lat": 1, "p_lng": 1}, "74": {"p_type": 1, "p_lat": 1, "p_lng": 1}}