{"0": {"p_type": 0.9410558687852384, "p_lat": 0.8924180327868874, "p_lng": 0.2079918032786885}, "1": {"p_type": 0.9934996339061491, "p_lat": 0.9085549344010472, "p_lng": 0.6828618015159521}, "2": {"p_type": 0.9999451992730736, "p_lat": 0.9147466694307519, "p_lng": 0.3911696081723701}, "3": {"p_type": 0.999999507790856, "p_lat": 0.9584011957901567, "p_lng": 0.6352802511447968}, "4": {"p_type": 0.9999999989518468, "p_lat": 0.9831206464383818, "p_lng": 0.8276920267453112}, "5": {"p_type": 0.9999999999956186, "p_lat": 0.904089363675847, "p_lng": 0.7628576670720952}}