{"0": {"p_type": 0.9902614044079959, "p_lat": 0.25000000000000044, "p_lng": 0.5901639344262304}, "1": {"p_type": 0.9999051597558954, "p_lat": 0.7185099846390158, "p_lng": 0.9158503521274526}, "2": {"p_type": 0.9999994722801197, "p_lat": 0.8877343257440302, "p_lng": 0.9826877387693113}, "3": {"p_type": 0.9999999894786199, "p_lat": 0.8499647582940131, "p_lng": 0.9964312832347975}, "4": {"p_type": 0.9999999999536233, "p_lat": 0.5997635763071217, "p_lng": 0.9990929888677145}, "5": {"p_type": 0.9999999999994461, "p_lat": 0.6502726705565937, "p_lng": 0.9998021844042786}, "6": {"p_type": 0.9999999999999959, "p_lat": 0.7295616002743466, "p_lng": 0.9999562470577251}, "7": {"p_type": 1.0, "p_lat": 0.7915637170603981, "p_lng": 0.9999902573285429}, "8": {"p_type": 1.0, "p_lat": 0.8388218811125548, "p_lng": 0.9999978238530061}, "9": {"p_type": 1.0, "p_lat": 0.8758829131883717, "p_lng": 0.99999951418965}, "10": {"p_type": 1.0, "p_lat": 0.9039561082126522, "p_lng": 0.9999998909371844}}