{"0": {"p_type": 0.6063557150179395, "p_lat": 0.42725409836065564, "p_lng": 0.04610655737704916}, "1": {"p_type": 0.36766725313491655, "p_lat": 0.8357717844761728, "p_lng": 0.5220310493314199}, "2": {"p_type": 0.22293714016330468, "p_lat": 0.952849524611633, "p_lng": 0.6080021263918397}, "3": {"p_type": 0.712238626622093, "p_lat": 0.9861601830259473, "p_lng": 0.766835616329013}, "4": {"p_type": 0.5727839266357515, "p_lat": 0.9956950302373504, "p_lng": 0.8520137198720998}, "5": {"p_type": 0.5034479394694533, "p_lat": 0.9986607534780404, "p_lng": 0.9092416463858332}, "6": {"p_type": 0.4636960711121694, "p_lat": 0.9995847499891558, "p_lng": 0.943335552998023}, "7": {"p_type": 0.37628074306718073, "p_lat": 0.9998718806406038, "p_lng": 0.9647921898115097}, "8": {"p_type": 0.33632001937631806, "p_lat": 0.999960491030585, "p_lng": 0.9781512107151311}, "9": {"p_type": 0.3152230175139642, "p_lat": 0.9999878483404987, "p_lng": 0.9864532881127218}, "10": {"p_type": 0.27367549068679775, "p_lat": 0.9999962237856035, "p_lng": 0.9915592806563391}, "11": {"p_type": 0.29150706481031086, "p_lat": 0.999998826317445, "p_lng": 0.9947423350551587}, "12": {"p_type": 0.2925305127523907, "p_lat": 0.9999996373802532, "p_lng": 0.9967378476576887}, "13": {"p_type": 0.3327839451124204, "p_lat": 0.9999998865791467, "p_lng": 0.9979614618550142}, "14": {"p_type": 0.6354896895318517, "p_lat": 0.9999999648785394, "p_lng": 0.9987336715615788}, "15": {"p_type": 0.6407843434401901, "p_lat": 0.9999999888567475, "p_lng": 0.9992024199349939}, "16": {"p_type": 1, "p_lat": 1, "p_lng": 1}, "17": {"p_type": 1, "p_lat": 1, "p_lng": 1}, "18": {"p_type": 1, "p_lat": 1, "p_lng": 1}, "19": {"p_type": 1, "p_lat": 1, "p_lng": 1}, "20": {"p_type": 1, "p_lat": 1, "p_lng": 1}, "21": {"p_type": 1, "p_lat": 1, "p_lng": 1}, "22": {"p_type": 1, "p_lat": 1, "p_lng": 1}, "23": {"p_type": 1, "p_lat": 1, "p_lng": 1}, "24": {"p_type": 1, "p_lat": 1, "p_lng": 1}, "25": {"p_type": 1, "p_lat": 1, "p_lng": 1}, "26": {"p_type": 1, "p_lat": 1, "p_lng": 1}, "27": {"p_type": 1, "p_lat": 1, "p_lng": 1}, "28": {"p_type": 1, "p_lat": 1, "p_lng": 1}, "29": {"p_type": 1, "p_lat": 1, "p_lng": 1}, "30": {"p_type": 1, "p_lat": 1, "p_lng": 1}, "31": {"p_type": 1, "p_lat": 1, "p_lng": 1}, "32": {"p_type": 1, "p_lat": 1, "p_lng": 1}, "33": {"p_type": 1, "p_lat": 1, "p_lng": 1}, "34": {"p_type": 1, "p_lat": 1, "p_lng": 1}, "35": {"p_type": 1, "p_lat": 1, "p_lng": 1}, "36": {"p_type": 1, "p_lat": 1, "p_lng": 1}, "37": {"p_type": 1, "p_lat": 1, "p_lng": 1}, "38": {"p_type": 1, "p_lat": 1, "p_lng": 1}, "39": {"p_type": 1, "p_lat": 1, "p_lng": 1}, "40": {"p_type": 1, "p_lat": 1, "p_lng": 1}, "41": {"p_type": 1, "p_lat": 1, "p_lng": 1}, "42": {"p_type": 1, "p_lat": 1, "p_lng": 1}, "43": {"p_type": 1, "p_lat": 1, "p_lng": 1}, "44": {"p_type": 1, "p_lat": 1, "p_lng": 1}, "45": {"p_type": 1, "p_lat": 1, "p_lng": 1}}