{"0": {"p_type": 0.911327524346489, "p_lat": 0.5368852459016402, "p_lng": 0.09733606557377039}, "1": {"p_type": 0.7834925957617183, "p_lat": 0.8843571890240299, "p_lng": 0.5641258089698056}, "2": {"p_type": 0.8639994785734384, "p_lat": 0.9721249928507234, "p_lng": 0.739439633413849}, "3": {"p_type": 0.7924480991222902, "p_lat": 0.9836912112340266, "p_lng": 0.8611951246817677}, "4": {"p_type": 0.6522263467975012, "p_lat": 0.9936421888330886, "p_lng": 0.9254324627353374}, "5": {"p_type": 0.5237780859779372, "p_lat": 0.9967670500662554, "p_lng": 0.9590972855603586}, "6": {"p_type": 0.703010716131411, "p_lat": 0.9983309016118351, "p_lng": 0.9778338377225345}, "7": {"p_type": 0.5781921546721986, "p_lat": 0.9993697097946287, "p_lng": 0.9878948514505931}, "8": {"p_type": 0.44716455159136603, "p_lat": 0.9997618411704683, "p_lng": 0.9934081869102042}, "9": {"p_type": 0.425848220636874, "p_lat": 0.9999105067040199, "p_lng": 0.9964236800010876}, "10": {"p_type": 0.49917665948864076, "p_lat": 0.9999660294525229, "p_lng": 0.99804292965521}, "11": {"p_type": 0.40185187278409296, "p_lat": 0.9999871348811916, "p_lng": 0.9986789371994235}, "12": {"p_type": 0.2843081581057869, "p_lat": 0.9999951473912374, "p_lng": 0.9986428038599605}, "13": {"p_type": 0.39381239312570215, "p_lat": 0.9999981470916012, "p_lng": 0.9992061803170915}, "14": {"p_type": 0.5064113838660083, "p_lat": 0.9999993006501434, "p_lng": 0.9995387068894235}, "15": {"p_type": 0.4107348663663276, "p_lat": 0.9999997294250382, "p_lng": 0.9997277443190246}, "16": {"p_type": 1, "p_lat": 1, "p_lng": 1}, "17": {"p_type": 1, "p_lat": 1, "p_lng": 1}, "18": {"p_type": 1, "p_lat": 1, "p_lng": 1}, "19": {"p_type": 1, "p_lat": 1, "p_lng": 1}, "20": {"p_type": 1, "p_lat": 1, "p_lng": 1}, "21": {"p_type": 1, "p_lat": 1, "p_lng": 1}, "22": {"p_type": 1, "p_lat": 1, "p_lng": 1}, "23": {"p_type": 1, "p_lat": 1, "p_lng": 1}, "24": {"p_type": 1, "p_lat": 1, "p_lng": 1}, "25": {"p_type": 1, "p_lat": 1, "p_lng": 1}, "26": {"p_type": 1, "p_lat": 1, "p_lng": 1}, "27": {"p_type": 1, "p_lat": 1, "p_lng": 1}, "28": {"p_type": 1, "p_lat": 1, "p_lng": 1}}