{"0": {"p_type": 0.7749871860584315, "p_lat": 0.5256147540983596, "p_lng": 0.14549180327868827}, "1": {"p_type": 0.9615655313247343, "p_lat": 0.8872940327197326, "p_lng": 0.5923453199365412}, "2": {"p_type": 0.8639994785734384, "p_lat": 0.9721249928507234, "p_lng": 0.739439633413849}, "3": {"p_type": 0.7924480991222902, "p_lat": 0.9862681934652171, "p_lng": 0.8514001435035853}, "4": {"p_type": 0.6522263467975012, "p_lat": 0.995738836500744, "p_lng": 0.9183119727537051}, "5": {"p_type": 0.5932044407230356, "p_lat": 0.9984872456581064, "p_lng": 0.9393850539531645}, "6": {"p_type": 0.4636960711121694, "p_lat": 0.999521842188219, "p_lng": 0.9649065916553423}, "7": {"p_type": 0.37628074306718073, "p_lat": 0.9997671324770656, "p_lng": 0.979521898225105}, "8": {"p_type": 0.38308787316547677, "p_lat": 0.9998669048052523, "p_lng": 0.9881311205522993}, "9": {"p_type": 0.4882918645457809, "p_lat": 0.9999513283965549, "p_lng": 0.9931188955388655}, "10": {"p_type": 0.4093802423170567, "p_lat": 0.9999826109205211, "p_lng": 0.9959865425583045}, "11": {"p_type": 0.3110098509409185, "p_lat": 0.9999938004960724, "p_lng": 0.9976621109314852}, "12": {"p_type": 0.23940748004765444, "p_lat": 0.9999977999026587, "p_lng": 0.9986428038599605}, "13": {"p_type": 0.20296097220888076, "p_lat": 0.9999992092784683, "p_lng": 0.9992061803170915}, "14": {"p_type": 0.3104635581217067, "p_lat": 0.9999996865520517, "p_lng": 0.9995387068894235}, "15": {"p_type": 0.25788138609404887, "p_lat": 0.9999998708206206, "p_lng": 0.9997277443190246}, "16": {"p_type": 1, "p_lat": 1, "p_lng": 1}, "17": {"p_type": 1, "p_lat": 1, "p_lng": 1}, "18": {"p_type": 1, "p_lat": 1, "p_lng": 1}, "19": {"p_type": 1, "p_lat": 1, "p_lng": 1}, "20": {"p_type": 1, "p_lat": 1, "p_lng": 1}, "21": {"p_type": 1, "p_lat": 1, "p_lng": 1}, "22": {"p_type": 1, "p_lat": 1, "p_lng": 1}, "23": {"p_type": 1, "p_lat": 1, "p_lng": 1}, "24": {"p_type": 1, "p_lat": 1, "p_lng": 1}, "25": {"p_type": 1, "p_lat": 1, "p_lng": 1}, "26": {"p_type": 1, "p_lat": 1, "p_lng": 1}, "27": {"p_type": 1, "p_lat": 1, "p_lng": 1}, "28": {"p_type": 1, "p_lat": 1, "p_lng": 1}, "29": {"p_type": 1, "p_lat": 1, "p_lng": 1}, "30": {"p_type": 1, "p_lat": 1, "p_lng": 1}, "31": {"p_type": 1, "p_lat": 1, "p_lng": 1}, "32": {"p_type": 1, "p_lat": 1, "p_lng": 1}}