{"0": {"p_type": 0.9974372116863147, "p_lat": 0.3381147540983609, "p_lng": 0.723360655737706}, "1": {"p_type": 0.9999934321160593, "p_lat": 0.7577707268347122, "p_lng": 0.9616132809548991}, "2": {"p_type": 0.9999999831679038, "p_lat": 0.2085183010583087, "p_lng": 0.7294285656034738}, "3": {"p_type": 0.999999999956863, "p_lat": 0.5692640858014725, "p_lng": 0.9414784756474015}, "4": {"p_type": 0.9999999999998894, "p_lat": 0.8096983648695059, "p_lng": 0.9886088983871363}, "5": {"p_type": 0.9999999999999997, "p_lat": 0.904089363675847, "p_lng": 0.9979326992876802}, "6": {"p_type": 1.0, "p_lat": 0.9583131739159363, "p_lng": 0.9996437570361677}, "7": {"p_type": 1.0, "p_lat": 0.9821583958654554, "p_lng": 0.9999404633437239}, "8": {"p_type": 1.0, "p_lat": 0.9924626345881792, "p_lng": 0.9999902583915644}, "9": {"p_type": 1.0, "p_lat": 0.9968411888456332, "p_lng": 0.9999984185104397}, "10": {"p_type": 1.0, "p_lat": 0.9986786135606245, "p_lng": 0.999999750519634}}