{"0": {"p_type": 0.9974372116863147, "p_lat": 0.8729508196721328, "p_lng": 0.18032786885245855}, "1": {"p_type": 0.9999934321160593, "p_lat": 0.27880656493163225, "p_lng": 0.20166536559979265}, "2": {"p_type": 0.9999999831679038, "p_lat": 0.22872095825811234, "p_lng": 0.7294285656034738}, "3": {"p_type": 0.999999999956863, "p_lat": 0.5246997707706371, "p_lng": 0.9414784756474015}, "4": {"p_type": 0.9999999999998894, "p_lat": 0.7816398686487851, "p_lng": 0.9886088983871363}, "5": {"p_type": 0.9999999999999997, "p_lat": 0.904089363675847, "p_lng": 0.9979326992876802}}