{"0": {"p_type": 0.9902614044079959, "p_lat": 0.5010245901639344, "p_lng": 0.9918032786885244}, "1": {"p_type": 0.9999051597558954, "p_lat": 0.5240319642752218, "p_lng": 0.9973181234418672}, "2": {"p_type": 0.9999994722801197, "p_lat": 0.630821409736522, "p_lng": 0.9993096617431422}, "3": {"p_type": 0.9999999894786199, "p_lat": 0.14502299268916596, "p_lng": 0.999950917126493}, "4": {"p_type": 0.9999999999536233, "p_lat": 0.2838997335682578, "p_lng": 0.9998973817383182}, "5": {"p_type": 0.9999999999994461, "p_lat": 0.5263405068767709, "p_lng": 0.9999430976015284}, "6": {"p_type": 0.9999999999999959, "p_lat": 0.6935819750547226, "p_lng": 0.9999844137949729}, "7": {"p_type": 1.0, "p_lat": 0.807148885413177, "p_lng": 0.9999902573285429}, "8": {"p_type": 1.0, "p_lat": 0.8545615176377862, "p_lng": 0.9999978238530061}, "9": {"p_type": 1.0, "p_lat": 0.6266859558303386, "p_lng": 0.99999951418965}, "10": {"p_type": 1.0, "p_lat": 0.6384248181274707, "p_lng": 0.9999998909371844}, "11": {"p_type": 1.0, "p_lat": 0.7160218954381453, "p_lng": 0.999998079024048}, "12": {"p_type": 1.0, "p_lat": 0.7782005186613659, "p_lng": 0.9999845701941085}}