{"0": {"p_type": -2.220446049250313e-16, "p_lat": 0.5829918032786884, "p_lng": 0.2858606557377039}, "1": {"p_type": 0.0, "p_lat": 0.8758310040039268, "p_lng": 0.744767402818698}, "2": {"p_type": 6.661338147750939e-16, "p_lat": 0.9689895240296394, "p_lng": 0.9065107543764176}, "3": {"p_type": 0.15037687158119328, "p_lat": 0.9922434154733955, "p_lng": 0.960923587833339}, "4": {"p_type": 0.3086414075144115, "p_lat": 0.9980122709208348, "p_lng": 0.9843446936235852}, "5": {"p_type": 0.3527442638870083, "p_lat": 0.9994772803021975, "p_lng": 0.993840203198015}, "6": {"p_type": 0.3657187724372085, "p_lat": 0.9974942736599786, "p_lng": 0.9974047899851947}, "7": {"p_type": 0.39510467628955126, "p_lat": 0.9989107211315706, "p_lng": 0.9989535103575723}, "8": {"p_type": 0.45871362799688964, "p_lat": 0.9995597665849048, "p_lng": 0.9995791077520666}, "9": {"p_type": 0.540041248775051, "p_lat": 0.99971624377381, "p_lng": 0.9998316758778046}, "10": {"p_type": 0.5970446794736408, "p_lat": 0.9998790871852263, "p_lng": 0.9999319357908407}, "11": {"p_type": 0.6482000147625042, "p_lat": 0.9999486387996994, "p_lng": 0.9999725487687129}, "12": {"p_type": 0.6954288515960692, "p_lat": 0.9999782674559548, "p_lng": 0.9999889720845582}, "13": {"p_type": 0.7354609086404604, "p_lat": 0.9999906991721303, "p_lng": 0.9999955175502916}, "14": {"p_type": 0.790234683972318, "p_lat": 0.9999960617817553, "p_lng": 0.9999981983421228}, "15": {"p_type": 0.8223768479673605, "p_lat": 0.9999982934035186, "p_lng": 0.9999992582215782}, "16": {"p_type": 1, "p_lat": 1, "p_lng": 1}, "17": {"p_type": 1, "p_lat": 1, "p_lng": 1}, "18": {"p_type": 1, "p_lat": 1, "p_lng": 1}, "19": {"p_type": 1, "p_lat": 1, "p_lng": 1}, "20": {"p_type": 1, "p_lat": 1, "p_lng": 1}, "21": {"p_type": 1, "p_lat": 1, "p_lng": 1}, "22": {"p_type": 1, "p_lat": 1, "p_lng": 1}, "23": {"p_type": 1, "p_lat": 1, "p_lng": 1}, "24": {"p_type": 1, "p_lat": 1, "p_lng": 1}, "25": {"p_type": 1, "p_lat": 1, "p_lng": 1}, "26": {"p_type": 1, "p_lat": 1, "p_lng": 1}, "27": {"p_type": 1, "p_lat": 1, "p_lng": 1}, "28": {"p_type": 1, "p_lat": 1, "p_lng": 1}, "29": {"p_type": 1, "p_lat": 1, "p_lng": 1}, "30": {"p_type": 1, "p_lat": 1, "p_lng": 1}, "31": {"p_type": 1, "p_lat": 1, "p_lng": 1}, "32": {"p_type": 1, "p_lat": 1, "p_lng": 1}, "33": {"p_type": 1, "p_lat": 1, "p_lng": 1}, "34": {"p_type": 1, "p_lat": 1, "p_lng": 1}, "35": {"p_type": 1, "p_lat": 1, "p_lng": 1}, "36": {"p_type": 1, "p_lat": 1, "p_lng": 1}, "37": {"p_type": 1, "p_lat": 1, "p_lng": 1}, "38": {"p_type": 1, "p_lat": 1, "p_lng": 1}, "39": {"p_type": 1, "p_lat": 1, "p_lng": 1}, "40": {"p_type": 1, "p_lat": 1, "p_lng": 1}, "41": {"p_type": 1, "p_lat": 1, "p_lng": 1}, "42": {"p_type": 1, "p_lat": 1, "p_lng": 1}, "43": {"p_type": 1, "p_lat": 1, "p_lng": 1}, "44": {"p_type": 1, "p_lat": 1, "p_lng": 1}, "45": {"p_type": 1, "p_lat": 1, "p_lng": 1}, "46": {"p_type": 1, "p_lat": 1, "p_lng": 1}, "47": {"p_type": 1, "p_lat": 1, "p_lng": 1}, "48": {"p_type": 1, "p_lat": 1, "p_lng": 1}, "49": {"p_type": 1, "p_lat": 1, "p_lng": 1}, "50": {"p_type": 1, "p_lat": 1, "p_lng": 1}, "51": {"p_type": 1, "p_lat": 1, "p_lng": 1}, "52": {"p_type": 1, "p_lat": 1, "p_lng": 1}, "53": {"p_type": 1, "p_lat": 1, "p_lng": 1}, "54": {"p_type": 1, "p_lat": 1, "p_lng": 1}, "55": {"p_type": 1, "p_lat": 1, "p_lng": 1}, "56": {"p_type": 1, "p_lat": 1, "p_lng": 1}, "57": {"p_type": 1, "p_lat": 1, "p_lng": 1}, "58": {"p_type": 1, "p_lat": 1, "p_lng": 1}, "59": {"p_type": 1, "p_lat": 1, "p_lng": 1}, "60": {"p_type": 1, "p_lat": 1, "p_lng": 1}, "61": {"p_type": 1, "p_lat": 1, "p_lng": 1}, "62": {"p_type": 1, "p_lat": 1, "p_lng": 1}, "63": {"p_type": 1, "p_lat": 1, "p_lng": 1}, "64": {"p_type": 1, "p_lat": 1, "p_lng": 1}, "65": {"p_type": 1, "p_lat": 1, "p_lng": 1}, "66": {"p_type": 1, "p_lat": 1, "p_lng": 1}, "67": {"p_type": 1, "p_lat": 1, "p_lng": 1}, "68": {"p_type": 1, "p_lat": 1, "p_lng": 1}, "69": {"p_type": 1, "p_lat": 1, "p_lng": 1}, "70": {"p_type": 1, "p_lat": 1, "p_lng": 1}, "71": {"p_type": 1, "p_lat": 1, "p_lng": 1}, "72": {"p_type": 1, "p_lat": 1, "p_lng": 1}, "73": {"p_type": 1, "p_lat": 1, "p_lng": 1}, "74": {"p_type": 1, "p_lat": 1, "p_lng": 1}, "75": {"p_type": 1, "p_lat": 1, "p_lng": 1}, "76": {"p_type": 1, "p_lat": 1, "p_lng": 1}, "77": {"p_type": 1, "p_lat": 1, "p_lng": 1}, "78": {"p_type": 1, "p_lat": 1, "p_lng": 1}, "79": {"p_type": 1, "p_lat": 1, "p_lng": 1}, "80": {"p_type": 1, "p_lat": 1, "p_lng": 1}, "81": {"p_type": 1, "p_lat": 1, "p_lng": 1}, "82": {"p_type": 1, "p_lat": 1, "p_lng": 1}, "83": {"p_type": 1, "p_lat": 1, "p_lng": 1}, "84": {"p_type": 1, "p_lat": 1, "p_lng": 1}, "85": {"p_type": 1, "p_lat": 1, "p_lng": 1}, "86": {"p_type": 1, "p_lat": 1, "p_lng": 1}, "87": {"p_type": 1, "p_lat": 1, "p_lng": 1}, "88": {"p_type": 1, "p_lat": 1, "p_lng": 1}, "89": {"p_type": 1, "p_lat": 1, "p_lng": 1}, "90": {"p_type": 1, "p_lat": 1, "p_lng": 1}, "91": {"p_type": 1, "p_lat": 1, "p_lng": 1}, "92": {"p_type": 1, "p_lat": 1, "p_lng": 1}, "93": {"p_type": 1, "p_lat": 1, "p_lng": 1}, "94": {"p_type": 1, "p_lat": 1, "p_lng": 1}, "95": {"p_type": 1, "p_lat": 1, "p_lng": 1}, "96": {"p_type": 1, "p_lat": 1, "p_lng": 1}, "97": {"p_type": 1, "p_lat": 1, "p_lng": 1}, "98": {"p_type": 1, "p_lat": 1, "p_lng": 1}}