{"0": {"p_type": 0.6063557150179395, "p_lat": 0.6946721311475417, "p_lng": 0.7049180327868867}, "1": {"p_type": 0.8792166143293888, "p_lat": 0.9532549755315481, "p_lng": 0.9563345168844898}, "2": {"p_type": 0.9321026111338508, "p_lat": 0.9928231794572476, "p_lng": 0.9935194523523541}, "3": {"p_type": 0.9785893842041475, "p_lat": 0.9969354455460078, "p_lng": 0.999035376283648}, "4": {"p_type": 0.9915614020839881, "p_lat": 0.9990142244970946, "p_lng": 0.9998559968685233}, "5": {"p_type": 0.9972183748407204, "p_lat": 0.9986106462147512, "p_lng": 0.9999784400012638}, "6": {"p_type": 0.9991747266023033, "p_lat": 0.9995666970467959, "p_lng": 0.9999967626963587}, "7": {"p_type": 0.9997634788869241, "p_lat": 0.9998655271584939, "p_lng": 0.9999995124414365}, "8": {"p_type": 0.9999341934332847, "p_lat": 0.9999582784397861, "p_lng": 0.9999999263106091}, "9": {"p_type": 0.9999825212402944, "p_lat": 0.9999870888573054, "p_lng": 0.9999999888217765}, "10": {"p_type": 0.9999954885191186, "p_lat": 0.9999959629589695, "p_lng": 0.9999999971423089}, "11": {"p_type": 0.9999988446716621, "p_lat": 0.9999987376524773, "p_lng": 0.9999999989333246}, "12": {"p_type": 0.9999997200143417, "p_lat": 0.9999996076186441, "p_lng": 0.9999999998159661}, "13": {"p_type": 0.9999999325707941, "p_lat": 0.9999998765205784, "p_lng": 0.9999999999620447}, "14": {"p_type": 0.9999999840889064, "p_lat": 0.9999999615336993, "p_lng": 0.9999999999894658}, "15": {"p_type": 0.9999999963064112, "p_lat": 0.9999999877210677, "p_lng": 0.9999999999956921}, "16": {"p_type": 1, "p_lat": 1, "p_lng": 1}, "17": {"p_type": 1, "p_lat": 1, "p_lng": 1}, "18": {"p_type": 1, "p_lat": 1, "p_lng": 1}, "19": {"p_type": 1, "p_lat": 1, "p_lng": 1}, "20": {"p_type": 1, "p_lat": 1, "p_lng": 1}, "21": {"p_type": 1, "p_lat": 1, "p_lng": 1}, "22": {"p_type": 1, "p_lat": 1, "p_lng": 1}, "23": {"p_type": 1, "p_lat": 1, "p_lng": 1}, "24": {"p_type": 1, "p_lat": 1, "p_lng": 1}, "25": {"p_type": 1, "p_lat": 1, "p_lng": 1}, "26": {"p_type": 1, "p_lat": 1, "p_lng": 1}, "27": {"p_type": 1, "p_lat": 1, "p_lng": 1}, "28": {"p_type": 1, "p_lat": 1, "p_lng": 1}, "29": {"p_type": 1, "p_lat": 1, "p_lng": 1}, "30": {"p_type": 1, "p_lat": 1, "p_lng": 1}, "31": {"p_type": 1, "p_lat": 1, "p_lng": 1}, "32": {"p_type": 1, "p_lat": 1, "p_lng": 1}, "33": {"p_type": 1, "p_lat": 1, "p_lng": 1}, "34": {"p_type": 1, "p_lat": 1, "p_lng": 1}, "35": {"p_type": 1, "p_lat": 1, "p_lng": 1}, "36": {"p_type": 1, "p_lat": 1, "p_lng": 1}, "37": {"p_type": 1, "p_lat": 1, "p_lng": 1}, "38": {"p_type": 1, "p_lat": 1, "p_lng": 1}, "39": {"p_type": 1, "p_lat": 1, "p_lng": 1}, "40": {"p_type": 1, "p_lat": 1, "p_lng": 1}, "41": {"p_type": 1, "p_lat": 1, "p_lng": 1}, "42": {"p_type": 1, "p_lat": 1, "p_lng": 1}, "43": {"p_type": 1, "p_lat": 1, "p_lng": 1}, "44": {"p_type": 1, "p_lat": 1, "p_lng": 1}, "45": {"p_type": 1, "p_lat": 1, "p_lng": 1}, "46": {"p_type": 1, "p_lat": 1, "p_lng": 1}, "47": {"p_type": 1, "p_lat": 1, "p_lng": 1}, "48": {"p_type": 1, "p_lat": 1, "p_lng": 1}, "49": {"p_type": 1, "p_lat": 1, "p_lng": 1}, "50": {"p_type": 1, "p_lat": 1, "p_lng": 1}, "51": {"p_type": 1, "p_lat": 1, "p_lng": 1}, "52": {"p_type": 1, "p_lat": 1, "p_lng": 1}, "53": {"p_type": 1, "p_lat": 1, "p_lng": 1}, "54": {"p_type": 1, "p_lat": 1, "p_lng": 1}, "55": {"p_type": 1, "p_lat": 1, "p_lng": 1}, "56": {"p_type": 1, "p_lat": 1, "p_lng": 1}}