{"0": {"p_type": -2.220446049250313e-16, "p_lat": 0.5194672131147555, "p_lng": 0.06659836065573754}, "1": {"p_type": 0.7834925957617183, "p_lat": 0.8843571890240299, "p_lng": 0.5641258089698056}, "2": {"p_type": 0.8639994785734384, "p_lat": 0.9721249928507234, "p_lng": 0.739439633413849}, "3": {"p_type": 0.7924480991222902, "p_lat": 0.9836912112340266, "p_lng": 0.8611951246817677}, "4": {"p_type": 0.8427540595567113, "p_lat": 0.9761733551663462, "p_lng": 0.9254324627353374}, "5": {"p_type": 0.7787356256148151, "p_lat": 0.9898294064965215, "p_lng": 0.9590972855603586}, "6": {"p_type": 0.7201173531171046, "p_lat": 0.9955728185467654, "p_lng": 0.9649065916553423}, "7": {"p_type": 0.660877193040508, "p_lat": 0.9980740928995647, "p_lng": 0.979521898225105}, "8": {"p_type": 0.44716455159136603, "p_lat": 0.9991662257443409, "p_lng": 0.9881311205522993}, "9": {"p_type": 0.425848220636874, "p_lat": 0.9996401517347953, "p_lng": 0.9931188955388655}, "10": {"p_type": 0.33125638239174804, "p_lat": 0.9998429840571773, "p_lng": 0.9959865425583045}, "11": {"p_type": 0.40185187278409296, "p_lat": 0.999931717117432, "p_lng": 0.9976621109314852}, "12": {"p_type": 0.48860601463808595, "p_lat": 0.9999704170716358, "p_lng": 0.9986428038599605}, "13": {"p_type": 0.39381239312570215, "p_lat": 0.9999870394643643, "p_lng": 0.9992061803170915}, "14": {"p_type": 0.5064113838660083, "p_lat": 0.9999943806746517, "p_lng": 0.9995387068894235}, "15": {"p_type": 0.4107348663663276, "p_lat": 0.9999975077323021, "p_lng": 0.9997277443190246}, "16": {"p_type": 1, "p_lat": 1, "p_lng": 1}, "17": {"p_type": 1, "p_lat": 1, "p_lng": 1}, "18": {"p_type": 1, "p_lat": 1, "p_lng": 1}, "19": {"p_type": 1, "p_lat": 1, "p_lng": 1}, "20": {"p_type": 1, "p_lat": 1, "p_lng": 1}, "21": {"p_type": 1, "p_lat": 1, "p_lng": 1}, "22": {"p_type": 1, "p_lat": 1, "p_lng": 1}, "23": {"p_type": 1, "p_lat": 1, "p_lng": 1}, "24": {"p_type": 1, "p_lat": 1, "p_lng": 1}, "25": {"p_type": 1, "p_lat": 1, "p_lng": 1}, "26": {"p_type": 1, "p_lat": 1, "p_lng": 1}, "27": {"p_type": 1, "p_lat": 1, "p_lng": 1}}