{"0": {"p_type": 0.9974372116863147, "p_lat": 0.3043032786885238, "p_lng": 0.900614754098361}, "1": {"p_type": 0.9999934321160593, "p_lat": 0.7577707268347122, "p_lng": 0.9950129267289494}, "2": {"p_type": 0.9999999831679038, "p_lat": 0.9147466694307519, "p_lng": 0.9946565058442831}, "3": {"p_type": 0.999999999956863, "p_lat": 0.5692640858014725, "p_lng": 0.9414784756474015}, "4": {"p_type": 0.9999999999998894, "p_lat": 0.47952613328732885, "p_lng": 0.8276920267453112}, "5": {"p_type": 0.9999999999999997, "p_lat": 0.5635093677271154, "p_lng": 0.9559637211251977}, "6": {"p_type": 1.0, "p_lat": 0.7212182967264125, "p_lng": 0.9899266849833713}, "7": {"p_type": 1.0, "p_lat": 0.7170710943578397, "p_lng": 0.9710463538106889}, "8": {"p_type": 1.0, "p_lat": 0.8889823026298814, "p_lng": 0.9374329115421037}, "9": {"p_type": 1.0, "p_lat": 0.8351876553958693, "p_lng": 0.8873542134480631}, "10": {"p_type": 1.0, "p_lat": 0.7741889424118967, "p_lng": 0.9627684426611534}, "11": {"p_type": 1.0, "p_lat": 0.8251393971663286, "p_lng": 0.9887590538270602}}