{"0": {"p_type": -2.220446049250313e-16, "p_lat": 0.9661885245901645, "p_lng": 0.17008196721311453}, "1": {"p_type": 0.36766725313491655, "p_lat": 0.9976801138223661, "p_lng": 0.655369419052656}, "2": {"p_type": 0.22293714016330468, "p_lat": 0.9999039245859428, "p_lng": 0.8333854176775203}, "3": {"p_type": 0.0, "p_lat": 0.9999964125292956, "p_lng": 0.9130086992447642}, "4": {"p_type": -2.220446049250313e-16, "p_lat": 0.9999998101130867, "p_lng": 0.9590496552406534}, "5": {"p_type": 0.09323825812511666, "p_lat": 0.9999999803100625, "p_lng": 0.9801469787418813}, "6": {"p_type": 0.07914977094147413, "p_lat": 0.9999999990547248, "p_lng": 0.9903405559218114}, "7": {"p_type": 0.16054435001148382, "p_lat": 0.999999999954163, "p_lng": 0.9953314646947354}, "8": {"p_type": 0.2013127397743939, "p_lat": 0.9999999999970023, "p_lng": 0.9977411101629776}, "9": {"p_type": 0.042062632705609615, "p_lat": 0.9999999999994005, "p_lng": 0.9989099203593295}, "10": {"p_type": 0.09496471783237326, "p_lat": 0.9999999999998581, "p_lng": 0.9994696426406556}, "11": {"p_type": 0.08069585152544767, "p_lat": 0.999999999999988, "p_lng": 0.9996843987038858}, "12": {"p_type": 0.08915743724968272, "p_lat": 0.9999999999999968, "p_lng": 0.9998447482492875}, "13": {"p_type": 0.2435419813092139, "p_lat": 0.9999999999209302, "p_lng": 0.9999229006962161}, "14": {"p_type": 0.2689162362609866, "p_lat": 0.9999999999999992, "p_lng": 0.999962037535733}, "15": {"p_type": 0.8538432232112357, "p_lat": 0.9999999999999991, "p_lng": 0.9999809344247744}, "16": {"p_type": 1, "p_lat": 1, "p_lng": 1}, "17": {"p_type": 1, "p_lat": 1, "p_lng": 1}, "18": {"p_type": 1, "p_lat": 1, "p_lng": 1}, "19": {"p_type": 1, "p_lat": 1, "p_lng": 1}, "20": {"p_type": 1, "p_lat": 1, "p_lng": 1}, "21": {"p_type": 1, "p_lat": 1, "p_lng": 1}, "22": {"p_type": 1, "p_lat": 1, "p_lng": 1}, "23": {"p_type": 1, "p_lat": 1, "p_lng": 1}, "24": {"p_type": 1, "p_lat": 1, "p_lng": 1}, "25": {"p_type": 1, "p_lat": 1, "p_lng": 1}, "26": {"p_type": 1, "p_lat": 1, "p_lng": 1}, "27": {"p_type": 1, "p_lat": 1, "p_lng": 1}, "28": {"p_type": 1, "p_lat": 1, "p_lng": 1}, "29": {"p_type": 1, "p_lat": 1, "p_lng": 1}, "30": {"p_type": 1, "p_lat": 1, "p_lng": 1}, "31": {"p_type": 1, "p_lat": 1, "p_lng": 1}, "32": {"p_type": 1, "p_lat": 1, "p_lng": 1}, "33": {"p_type": 1, "p_lat": 1, "p_lng": 1}, "34": {"p_type": 1, "p_lat": 1, "p_lng": 1}, "35": {"p_type": 1, "p_lat": 1, "p_lng": 1}, "36": {"p_type": 1, "p_lat": 1, "p_lng": 1}, "37": {"p_type": 1, "p_lat": 1, "p_lng": 1}, "38": {"p_type": 1, "p_lat": 1, "p_lng": 1}, "39": {"p_type": 1, "p_lat": 1, "p_lng": 1}, "40": {"p_type": 1, "p_lat": 1, "p_lng": 1}, "41": {"p_type": 1, "p_lat": 1, "p_lng": 1}, "42": {"p_type": 1, "p_lat": 1, "p_lng": 1}, "43": {"p_type": 1, "p_lat": 1, "p_lng": 1}, "44": {"p_type": 1, "p_lat": 1, "p_lng": 1}, "45": {"p_type": 1, "p_lat": 1, "p_lng": 1}, "46": {"p_type": 1, "p_lat": 1, "p_lng": 1}, "47": {"p_type": 1, "p_lat": 1, "p_lng": 1}, "48": {"p_type": 1, "p_lat": 1, "p_lng": 1}}