{"0": {"type-based": 0.25, "geo-based": 0.25, "mixed": 0.25, "none": 0.25}, "1": {"type-based": 0.25, "geo-based": 0.25, "mixed": 0.25, "none": 0.25}, "2": {"type-based": 0.25, "geo-based": 0.25, "mixed": 0.25, "none": 0.25}, "3": {"type-based": 0.15351811177116312, "geo-based": 0.3213839396942886, "mixed": 0.40608887005072464, "none": 0.11900907848382368}, "4": {"type-based": 0.05514994261656005, "geo-based": 0.32704623944101874, "mixed": 0.588269004284724, "none": 0.029534813657697164}, "5": {"type-based": 0.013060191998502719, "geo-based": 0.26796903335798794, "mixed": 0.7143358603489126, "none": 0.004634914294596808}, "6": {"type-based": 2.8771987795361457e-06, "geo-based": 0.9963467953093325, "mixed": 0.0010005557239168553, "none": 0.002649771767971311}, "7": {"type-based": 1.5358187265719753e-10, "geo-based": 0.9996283732032394, "mixed": 3.719855969598698e-07, "none": 0.0003712546575818628}, "8": {"type-based": 3.166272944589686e-11, "geo-based": 0.9999466568878229, "mixed": 5.231888092485748e-07, "none": 5.281989170506235e-05}, "9": {"type-based": 7.646812057614625e-12, "geo-based": 0.9999906575155582, "mixed": 7.527850380605405e-07, "none": 8.589691757071144e-06}, "10": {"type-based": 1.776328166590594e-12, "geo-based": 0.9999975738913319, "mixed": 1.1047914561611462e-06, "none": 1.32131543540907e-06}, "11": {"type-based": 3.353130932406528e-13, "geo-based": 0.999998189752802, "mixed": 1.647070499472163e-06, "none": 1.6317636326228952e-07}, "12": {"type-based": 5.774682592160768e-14, "geo-based": 0.9999974985519653, "mixed": 2.483231314502218e-06, "none": 1.8216662357335e-08}, "13": {"type-based": 1.3364681927823715e-14, "geo-based": 0.9999962197651665, "mixed": 3.7775214770289936e-06, "none": 2.7133430599359572e-09}, "14": {"type-based": 2.3820539571759495e-15, "geo-based": 0.9999941891332047, "mixed": 5.810557347486094e-06, "none": 3.0944524953503587e-10}, "15": {"type-based": 3.94021047299862e-17, "geo-based": 0.9999991808746205, "mixed": 8.190895565609866e-07, "none": 3.582314513725473e-11}, "16": {"type-based": 6.6050842302197296e-18, "geo-based": 0.9999987566110972, "mixed": 1.2433849865252748e-06, "none": 3.9162162036436105e-12}, "17": {"type-based": 8.335840003815659e-20, "geo-based": 0.9999998412893797, "mixed": 1.5871023620566045e-07, "none": 3.841640248999442e-13}, "18": {"type-based": 1.8983507350549197e-20, "geo-based": 0.9999997586779102, "mixed": 2.413220330612173e-07, "none": 5.69371395444796e-14}, "19": {"type-based": 2.7074800650890846e-22, "geo-based": 0.9999999714556441, "mixed": 2.85443488962657e-08, "none": 6.827967040582423e-15}, "20": {"type-based": 6.959056892798469e-24, "geo-based": 0.9999999933437482, "mixed": 6.656251089487006e-09, "none": 7.501518213841546e-16}, "21": {"type-based": 2.5032759089659565e-25, "geo-based": 0.9999999977095484, "mixed": 2.290451511076742e-09, "none": 7.842246017414611e-17}, "22": {"type-based": 5.7922985294564846e-27, "geo-based": 0.9999999994828743, "mixed": 5.171256169269862e-10, "none": 8.062159736983753e-18}, "23": {"type-based": 2.4636825161402978e-28, "geo-based": 0.9999999997697491, "mixed": 2.3025093749406342e-10, "none": 7.736458339193882e-19}, "24": {"type-based": 2.9530685166285327e-29, "geo-based": 0.9999999996721183, "mixed": 3.2788182376614444e-10, "none": 6.558706518895836e-20}, "25": {"type-based": 2.5567279057559285e-34, "geo-based": 0.9999999999999662, "mixed": 3.375484097899257e-14, "none": 5.5657901643915835e-21}, "26": {"type-based": 2.310941696312085e-39, "geo-based": 1.0, "mixed": 3.472874425252369e-18, "none": 4.943566116907615e-22}, "27": {"type-based": 2.0121749137702808e-41, "geo-based": 1.0, "mixed": 3.5788438339394424e-19, "none": 4.2359948282245605e-23}, "28": {"type-based": 5.124199408260559e-43, "geo-based": 1.0, "mixed": 1.1062176509908894e-19, "none": 3.5496284739806245e-24}, "29": {"type-based": 2.4603870658394303e-44, "geo-based": 1.0, "mixed": 4.498865999326377e-20, "none": 4.264617828048137e-25}, "30": {"type-based": 3.256109943073118e-45, "geo-based": 1.0, "mixed": 6.327902876121039e-20, "none": 4.0905307651334963e-26}, "31": {"type-based": 5.577667600260594e-47, "geo-based": 1.0, "mixed": 1.2028755179463465e-20, "none": 3.765772185620756e-27}, "32": {"type-based": 2.1127637963626335e-48, "geo-based": 1.0, "mixed": 5.676978933535922e-21, "none": 3.075829931867637e-28}, "33": {"type-based": 4.522339290909621e-49, "geo-based": 1.0, "mixed": 7.925099276499972e-21, "none": 4.806842735189874e-29}, "34": {"type-based": 1.3296592974574432e-49, "geo-based": 1.0, "mixed": 1.1213308703882524e-20, "none": 1.020933871331678e-29}, "35": {"type-based": 2.0365007085174768e-50, "geo-based": 1.0, "mixed": 1.606176672454288e-20, "none": 1.1188712332755908e-30}, "36": {"type-based": 2.787156575918194e-51, "geo-based": 1.0, "mixed": 2.3234973406767408e-20, "none": 1.0864203864093505e-31}, "37": {"type-based": 3.7047254696459745e-52, "geo-based": 1.0, "mixed": 3.39128213139735e-20, "none": 1.0167133711078179e-32}, "38": {"type-based": 4.904213755100535e-53, "geo-based": 1.0, "mixed": 4.9901700031770904e-20, "none": 9.410100439157114e-34}, "39": {"type-based": 6.915477766693999e-54, "geo-based": 1.0, "mixed": 7.399439412215825e-20, "none": 9.218823714970844e-35}, "40": {"type-based": 2.7217114148970263e-55, "geo-based": 1.0, "mixed": 3.01404724289148e-20, "none": 9.188060196694055e-36}, "41": {"type-based": 3.275486324614792e-56, "geo-based": 1.0, "mixed": 4.458371781297018e-20, "none": 7.722533530789963e-37}, "42": {"type-based": 7.899766433067124e-58, "geo-based": 1.0, "mixed": 1.443885786000957e-20, "none": 5.948327101404668e-38}, "43": {"type-based": 7.913074671209793e-59, "geo-based": 1.0, "mixed": 2.1340039706412828e-20, "none": 4.1727668212917844e-39}, "44": {"type-based": 7.824134591732141e-60, "geo-based": 1.0, "mixed": 3.1748776763710705e-20, "none": 2.8732849967725115e-40}, "45": {"type-based": 2.993496625373143e-65, "geo-based": 1.0, "mixed": 1.9009392180466647e-24, "none": 1.9041011467774636e-41}, "46": {"type-based": 2.874623929160511e-66, "geo-based": 1.0, "mixed": 2.8456799471096553e-24, "none": 1.2669748692375984e-42}, "47": {"type-based": 2.711371664385723e-67, "geo-based": 1.0, "mixed": 4.283317539476282e-24, "none": 8.240627983608425e-44}, "48": {"type-based": 2.5728421425418303e-68, "geo-based": 1.0, "mixed": 6.480315596445587e-24, "none": 5.368131553725754e-45}, "49": {"type-based": 2.3965440427038867e-69, "geo-based": 1.0, "mixed": 9.851235292324531e-24, "none": 3.4183754836997256e-46}, "50": {"type-based": 2.2938886181819656e-70, "geo-based": 1.0, "mixed": 1.5043141710657637e-23, "none": 2.228101089138338e-47}}