{"0": {"type-based": 0.25, "geo-based": 0.25, "mixed": 0.25, "none": 0.25}, "1": {"type-based": 0.25, "geo-based": 0.25, "mixed": 0.25, "none": 0.25}, "2": {"type-based": 0.25, "geo-based": 0.25, "mixed": 0.25, "none": 0.25}, "3": {"type-based": 0.0006460723079238906, "geo-based": 0.8191420548461261, "mixed": 0.0033943664962515574, "none": 0.17681750634969848}, "4": {"type-based": 3.8391322154074984e-07, "geo-based": 0.9681051038630625, "mixed": 1.5438580943737117e-05, "none": 0.03187907364277215}, "5": {"type-based": 6.155444252389561e-08, "geo-based": 0.9953368123181259, "mixed": 1.7684066967000388e-05, "none": 0.004645442060464627}, "6": {"type-based": 9.256442397848641e-09, "geo-based": 0.9994477294581184, "mixed": 2.2965585639276014e-05, "none": 0.0005292956997999905}, "7": {"type-based": 1.1649089841859742e-09, "geo-based": 0.9999214939609742, "mixed": 3.139379153689666e-05, "none": 4.7111082579979906e-05}, "8": {"type-based": 1.225395721463208e-10, "geo-based": 0.9999524517175237, "mixed": 4.4168167892839295e-05, "none": 3.37999204388798e-06}, "9": {"type-based": 2.2474856615522244e-15, "geo-based": 0.9999997805805083, "mixed": 1.2664254387207708e-08, "none": 2.0675523519246254e-07}, "10": {"type-based": 1.7947036799071938e-16, "geo-based": 0.9999999709844656, "mixed": 1.7448096867977752e-08, "none": 1.1567437341819467e-08}, "11": {"type-based": 2.1470019168853916e-18, "geo-based": 0.9999999953353942, "mixed": 4.0964034827948884e-09, "none": 5.682023786008316e-10}, "12": {"type-based": 4.4694038332904167e-20, "geo-based": 0.9999999981108789, "mixed": 1.863828520259807e-09, "none": 2.5292732191280296e-11}, "13": {"type-based": 2.4558016828288444e-21, "geo-based": 0.9999999975306189, "mixed": 2.4683510675386352e-09, "none": 1.02997264354785e-12}, "14": {"type-based": 1.2782949987195806e-22, "geo-based": 0.9999999966463822, "mixed": 3.3535791652432964e-09, "none": 3.8700885014023145e-14}, "15": {"type-based": 6.377467310536661e-24, "geo-based": 0.9999999953509298, "mixed": 4.649068824661078e-09, "none": 1.3659086437419483e-15}, "16": {"type-based": 3.0172302249968433e-25, "geo-based": 0.9999999934448072, "mixed": 6.555192693280256e-09, "none": 4.4990050589106405e-17}, "17": {"type-based": 1.479921590400188e-26, "geo-based": 0.9999999906257898, "mixed": 9.374210197650505e-09, "none": 1.5164945193163058e-18}, "18": {"type-based": 1.9504822287262077e-28, "geo-based": 0.9999999962984398, "mixed": 3.7015602236730686e-09, "none": 4.981202925636041e-20}, "19": {"type-based": 3.181370160160425e-30, "geo-based": 0.9999999980849508, "mixed": 1.915049119786695e-09, "none": 1.553020267401709e-21}, "20": {"type-based": 1.5174720149303426e-31, "geo-based": 0.9999999973230589, "mixed": 2.676941132036421e-09, "none": 5.263354538004287e-23}, "21": {"type-based": 6.953728656785987e-33, "geo-based": 0.9999999962080248, "mixed": 3.791975262777082e-09, "none": 1.692780039705091e-24}, "22": {"type-based": 1.2058034281906798e-34, "geo-based": 0.9999999979091587, "mixed": 2.0908413079749097e-09, "none": 5.299699843824867e-26}, "23": {"type-based": 8.712102986587707e-37, "geo-based": 0.9999999995457483, "mixed": 4.542517085969419e-10, "none": 1.7600932544945883e-27}, "24": {"type-based": 1.0027172771725467e-38, "geo-based": 0.9999999998536473, "mixed": 1.463526889173126e-10, "none": 6.300870256013364e-29}, "25": {"type-based": 4.7200961487040005e-40, "geo-based": 0.9999999997982274, "mixed": 2.017725304473762e-10, "none": 2.1605740899588888e-30}, "26": {"type-based": 2.1422140057502403e-41, "geo-based": 0.9999999997184934, "mixed": 2.815065183177741e-10, "none": 7.057441367653191e-32}, "27": {"type-based": 9.389897462671276e-43, "geo-based": 0.9999999996030402, "mixed": 3.9695983048024344e-10, "none": 2.2030634292886747e-33}, "28": {"type-based": 4.1680844646852057e-44, "geo-based": 0.9999999994348128, "mixed": 5.65187270418144e-10, "none": 6.899743353520896e-35}, "29": {"type-based": 7.272868454605692e-46, "geo-based": 0.9999999998089675, "mixed": 1.910324383723681e-10, "none": 3.579578154024386e-36}, "30": {"type-based": 3.699012462523331e-47, "geo-based": 0.999999999728669, "mixed": 2.713309790874049e-10, "none": 1.2885013224732682e-37}, "31": {"type-based": 1.3375214702205203e-48, "geo-based": 0.9999999998705378, "mixed": 1.2946219308696964e-10, "none": 9.812415398254766e-39}, "32": {"type-based": 3.6029453877933034e-50, "geo-based": 0.9999999999291116, "mixed": 7.088833668859663e-11, "none": 4.8353594103481085e-40}, "33": {"type-based": 1.902569163453939e-51, "geo-based": 0.9999999999017104, "mixed": 9.828960043323373e-11, "none": 1.8405680539536804e-41}, "34": {"type-based": 9.56429543687852e-53, "geo-based": 0.9999999998626934, "mixed": 1.3730663921366196e-10, "none": 6.613926494057258e-43}, "35": {"type-based": 5.0187850209669265e-54, "geo-based": 0.999999999806884, "mixed": 1.9311595893245667e-10, "none": 2.462026315355128e-44}, "36": {"type-based": 2.3434918521218854e-55, "geo-based": 0.9999999997267486, "mixed": 2.7325138333056163e-10, "none": 8.098994902314323e-46}, "37": {"type-based": 1.0445848700090212e-56, "geo-based": 0.9999999996111537, "mixed": 3.8884628328722297e-10, "none": 2.527124166090267e-47}, "38": {"type-based": 4.518455179067607e-58, "geo-based": 0.999999999443808, "mixed": 5.561920405815966e-10, "none": 7.607711762173571e-49}, "39": {"type-based": 2.4321974893623127e-59, "geo-based": 0.9999999992006676, "mixed": 7.993324862991027e-10, "none": 2.8347076256003133e-50}, "40": {"type-based": 9.905127824244062e-61, "geo-based": 0.9999999988472634, "mixed": 1.1527366753525231e-09, "none": 7.951603881599568e-52}, "41": {"type-based": 3.930820577094279e-62, "geo-based": 0.9999999983308459, "mixed": 1.6691540944776008e-09, "none": 2.163513047233903e-53}}