{"0": {"type-based": 0.25, "geo-based": 0.25, "mixed": 0.25, "none": 0.25}, "1": {"type-based": 0.25, "geo-based": 0.25, "mixed": 0.25, "none": 0.25}, "2": {"type-based": 0.25, "geo-based": 0.25, "mixed": 0.25, "none": 0.25}, "3": {"type-based": 0.16960170891053886, "geo-based": 0.3049311135549935, "mixed": 0.3939899019618513, "none": 0.13147727557261638}, "4": {"type-based": 0.08060624556222402, "geo-based": 0.30206565440801536, "mixed": 0.57416050402918, "none": 0.04316759600058057}, "5": {"type-based": 0.02787992198772483, "geo-based": 0.24393308124990304, "mixed": 0.7182927280588215, "none": 0.009894268703550771}, "6": {"type-based": 0.007266869431740359, "geo-based": 0.17417357705973344, "mixed": 0.8168868560123118, "none": 0.001672697496214385}, "7": {"type-based": 0.001563347741690469, "geo-based": 0.11599979298842156, "mixed": 0.8822064976682928, "none": 0.00023036160159493115}, "8": {"type-based": 0.0002842229645676768, "geo-based": 0.07410149051283042, "mixed": 0.9255877123187992, "none": 2.657420380290939e-05}, "9": {"type-based": 4.5275607463063835e-05, "geo-based": 0.04602664480470452, "mixed": 0.9539254105816155, "none": 2.669006216931866e-06}, "10": {"type-based": 2.8669452303459028e-08, "geo-based": 0.9956763856433927, "mixed": 0.0043151007292101225, "none": 8.484957945148499e-06}, "11": {"type-based": 6.00539739834571e-09, "geo-based": 0.9929665408140292, "mixed": 0.007032307642459864, "none": 1.1455381135898e-06}, "12": {"type-based": 1.3438463199698474e-10, "geo-based": 0.9987031675157664, "mixed": 0.001296684763905709, "none": 1.4758594337231793e-07}, "13": {"type-based": 2.4449274080564507e-11, "geo-based": 0.9979075379097609, "mixed": 0.0020924444668379166, "none": 1.759895180788826e-08}, "14": {"type-based": 4.305875072968231e-16, "geo-based": 0.9999996563037117, "mixed": 3.4167983741634964e-07, "none": 2.0164506258341465e-09}, "15": {"type-based": 7.239066767813899e-17, "geo-based": 0.9999994522126977, "mixed": 5.475657630966775e-07, "none": 2.2153922365503144e-10}, "16": {"type-based": 1.083211291336865e-21, "geo-based": 0.9999999998958693, "mixed": 8.045519286443321e-11, "none": 2.367544960789193e-11}, "17": {"type-based": 1.8102864778206726e-22, "geo-based": 0.9999999998673921, "mixed": 1.3003828847266723e-10, "none": 2.5696443634972365e-12}, "18": {"type-based": 2.9067058383465806e-23, "geo-based": 0.9999999997881173, "mixed": 2.116162447692229e-10, "none": 2.6647711533374583e-13}, "19": {"type-based": 4.557714377898637e-24, "geo-based": 0.9999999996535749, "mixed": 3.4639835260537016e-10, "none": 2.6859097217187307e-14}, "20": {"type-based": 7.011998251782237e-25, "geo-based": 0.9999999994300712, "mixed": 5.699260634289868e-10, "none": 2.645505736823544e-15}, "21": {"type-based": 6.467370230752863e-27, "geo-based": 0.9999999999371454, "mixed": 6.285444223913547e-11, "none": 2.332758196556484e-16}, "22": {"type-based": 5.605934279607806e-32, "geo-based": 0.9999999999999931, "mixed": 6.8111540704104115e-15, "none": 1.9691790850214113e-17}, "23": {"type-based": 4.698600772979256e-34, "geo-based": 0.9999999999999993, "mixed": 7.384354277572387e-16, "none": 1.6096812147957652e-18}, "24": {"type-based": 7.613475145455337e-36, "geo-based": 0.9999999999999998, "mixed": 1.599501792420538e-16, "none": 1.2756916415430248e-19}, "25": {"type-based": 1.1857459006903885e-37, "geo-based": 1.0, "mixed": 3.462720633446238e-17, "none": 9.741224694596505e-21}, "26": {"type-based": 1.332429682855041e-38, "geo-based": 1.0, "mixed": 5.544865234663934e-17, "none": 7.258486226085899e-22}, "27": {"type-based": 2.7095840426379023e-40, "geo-based": 1.0, "mixed": 1.6758390033577692e-17, "none": 5.190825533832127e-23}, "28": {"type-based": 3.558918526171043e-42, "geo-based": 1.0, "mixed": 3.3353922652670916e-18, "none": 3.642314912537258e-24}, "29": {"type-based": 2.4649474026002644e-47, "geo-based": 1.0, "mixed": 3.2684886914388026e-22, "none": 2.7392854908362305e-25}, "30": {"type-based": 2.4982526340579142e-48, "geo-based": 1.0, "mixed": 5.115119718230495e-22, "none": 1.8883931253261263e-26}, "31": {"type-based": 2.911876137362202e-49, "geo-based": 1.0, "mixed": 8.058863380248216e-22, "none": 1.4875574931121795e-27}, "32": {"type-based": 2.0031376810214162e-51, "geo-based": 1.0, "mixed": 7.100637592757523e-23, "none": 1.2366061937898883e-28}, "33": {"type-based": 3.4699355049959005e-53, "geo-based": 1.0, "mixed": 1.8568653304910014e-23, "none": 8.65557418024968e-30}, "34": {"type-based": 3.7375202029465155e-54, "geo-based": 1.0, "mixed": 2.8738351730592377e-23, "none": 6.367649872808457e-31}, "35": {"type-based": 3.4014236466862495e-55, "geo-based": 1.0, "mixed": 4.47544166948052e-23, "none": 3.9346399391139595e-32}, "36": {"type-based": 4.015874354503822e-56, "geo-based": 1.0, "mixed": 7.011716508185507e-23, "none": 3.137217732918059e-33}, "37": {"type-based": 4.619603980084989e-57, "geo-based": 1.0, "mixed": 1.1037883935149338e-22, "none": 2.4253371960974945e-34}, "38": {"type-based": 5.0849362898058655e-58, "geo-based": 1.0, "mixed": 1.745145949653082e-22, "none": 1.786165837247017e-35}, "39": {"type-based": 5.465467153915804e-59, "geo-based": 1.0, "mixed": 2.770139912990541e-22, "none": 1.2792607921881835e-36}, "40": {"type-based": 5.138211120001819e-60, "geo-based": 1.0, "mixed": 4.41315913508878e-22, "none": 7.983757300812225e-38}, "41": {"type-based": 5.070640144162579e-61, "geo-based": 1.0, "mixed": 7.055687905010799e-22, "none": 5.2121260640043364e-39}, "42": {"type-based": 8.890286506306679e-62, "geo-based": 1.0, "mixed": 1.1315901631038433e-21, "none": 6.025998601086471e-40}, "43": {"type-based": 2.3112338891502347e-63, "geo-based": 1.0, "mixed": 2.6951854633768574e-22, "none": 6.950777451985956e-41}, "44": {"type-based": 4.624470433708891e-64, "geo-based": 1.0, "mixed": 4.29151448208086e-22, "none": 9.213808738852797e-42}, "45": {"type-based": 1.2863172033011628e-64, "geo-based": 1.0, "mixed": 6.843163007049266e-22, "none": 1.692764338965645e-42}, "46": {"type-based": 3.1949710267315964e-66, "geo-based": 1.0, "mixed": 7.536768910035398e-23, "none": 4.01349935973752e-43}, "47": {"type-based": 1.2497083503175294e-66, "geo-based": 1.0, "mixed": 1.1946942191349728e-22, "none": 1.0355768026026851e-43}, "48": {"type-based": 5.382128951315796e-67, "geo-based": 1.0, "mixed": 1.896375772695427e-22, "none": 2.9340929821268306e-44}, "49": {"type-based": 2.9932673028139203e-68, "geo-based": 1.0, "mixed": 3.885255449498669e-23, "none": 8.296979506011084e-45}}