{"0": {"type-based": 0.25, "geo-based": 0.25, "mixed": 0.25, "none": 0.25}, "1": {"type-based": 0.25, "geo-based": 0.25, "mixed": 0.25, "none": 0.25}, "2": {"type-based": 0.25, "geo-based": 0.25, "mixed": 0.25, "none": 0.25}, "3": {"type-based": 0.11643490228431605, "geo-based": 0.350466654050296, "mixed": 0.44283671321324625, "none": 0.09026173045214185}, "4": {"type-based": 9.079328762357923e-05, "geo-based": 0.9322136375871874, "mixed": 0.001209488253609454, "none": 0.06648608087157956}, "5": {"type-based": 1.8964457031935355e-05, "geo-based": 0.9851840657747791, "mixed": 0.001279451042776689, "none": 0.013517518725412238}, "6": {"type-based": 3.5802175562434337e-06, "geo-based": 0.9963854790707961, "mixed": 0.0015950401968713225, "none": 0.0020159005147763276}, "7": {"type-based": 6.357516691691564e-07, "geo-based": 0.9976115001220811, "mixed": 0.0021269836505116916, "none": 0.0002608804757381042}, "8": {"type-based": 2.7849243570105617e-11, "geo-based": 0.9999673380175635, "mixed": 7.390205575906183e-07, "none": 3.192293402944559e-05}, "9": {"type-based": 9.965976761594749e-13, "geo-based": 0.999996412412161, "mixed": 2.4404765753715896e-07, "none": 3.343539184836601e-06}, "10": {"type-based": 1.4679056560183316e-13, "geo-based": 0.9999993155049178, "mixed": 3.0709508680326766e-07, "none": 3.7739984852533614e-07}, "11": {"type-based": 2.778546871262902e-14, "geo-based": 0.9999995448132157, "mixed": 4.027277084833502e-07, "none": 5.245904808373239e-08}, "12": {"type-based": 5.300547261561816e-15, "geo-based": 0.9999994473050698, "mixed": 5.455594580764171e-07, "none": 7.135466715109509e-09}, "13": {"type-based": 8.2951288521681e-16, "geo-based": 0.9999992413183584, "mixed": 7.57902450233732e-07, "none": 7.791905910740484e-10}, "14": {"type-based": 1.2066279755729796e-16, "geo-based": 0.9999989274252494, "mixed": 1.0724969571052944e-06, "none": 7.779327754740483e-11}, "15": {"type-based": 1.6452675166422096e-17, "geo-based": 0.9999984596635286, "mixed": 1.5403292853143015e-06, "none": 7.186093179205878e-12}, "16": {"type-based": 2.116181952306097e-18, "geo-based": 0.9999977606835361, "mixed": 2.23931584433537e-06, "none": 6.196047629077583e-13}, "17": {"type-based": 3.9314617813984203e-19, "geo-based": 0.9999967112337562, "mixed": 3.2887661671602416e-06, "none": 7.649547673507575e-14}, "18": {"type-based": 6.80255226113566e-20, "geo-based": 0.9999951104303275, "mixed": 4.889569663858109e-06, "none": 8.731593965073462e-15}, "19": {"type-based": 1.2341347636246437e-20, "geo-based": 0.9999926531920991, "mixed": 7.346807899772124e-06, "none": 1.0385204595399234e-15}, "20": {"type-based": 1.63879212787313e-21, "geo-based": 0.9999888487747552, "mixed": 1.1151225244766746e-05, "none": 8.992314896822115e-17}, "21": {"type-based": 1.4949545816147312e-23, "geo-based": 0.9999988635092474, "mixed": 1.1364907526652162e-06, "none": 7.978522367593569e-18}, "22": {"type-based": 2.008366474576991e-24, "geo-based": 0.999998273187312, "mixed": 1.726812687932567e-06, "none": 6.977859194828818e-19}, "23": {"type-based": 3.1630506561327164e-26, "geo-based": 0.9999996699081256, "mixed": 3.3009187428043237e-07, "none": 5.696454682823441e-20}, "24": {"type-based": 4.380317699773487e-27, "geo-based": 0.9999995024005055, "mixed": 4.97599494421569e-07, "none": 5.196696989611663e-21}, "25": {"type-based": 8.047084183168349e-29, "geo-based": 0.9999999110770726, "mixed": 8.892292725179267e-08, "none": 5.31831818117799e-22}, "26": {"type-based": 1.380730040825256e-29, "geo-based": 0.9999998663409878, "mixed": 1.3365901225756682e-07, "none": 6.056347757356462e-23}, "27": {"type-based": 9.879576557692854e-35, "geo-based": 0.9999999999887452, "mixed": 1.1254732216967539e-11, "none": 5.152452505658807e-24}, "28": {"type-based": 7.56032207831264e-40, "geo-based": 0.9999999999999991, "mixed": 9.47766862608035e-16, "none": 4.697924275416351e-25}, "29": {"type-based": 1.8643136642511112e-41, "geo-based": 0.9999999999999998, "mixed": 2.397922092001698e-16, "none": 4.608779663226726e-26}, "30": {"type-based": 1.6856121714766621e-46, "geo-based": 1.0, "mixed": 1.9981592161458838e-20, "none": 5.045254943704975e-27}, "31": {"type-based": 2.459985738227728e-47, "geo-based": 1.0, "mixed": 3.0021861905628224e-20, "none": 4.953496114400659e-28}, "32": {"type-based": 3.512344721469012e-48, "geo-based": 1.0, "mixed": 4.541537326033502e-20, "none": 4.733349249570082e-29}, "33": {"type-based": 5.075726127630778e-49, "geo-based": 1.0, "mixed": 6.912617695868516e-20, "none": 4.556340859067674e-30}, "34": {"type-based": 8.541659677663572e-50, "geo-based": 1.0, "mixed": 1.058103936366595e-19, "none": 5.08566554680128e-31}, "35": {"type-based": 1.508729626812529e-50, "geo-based": 1.0, "mixed": 1.6287289069522387e-19, "none": 5.934818233700614e-32}, "36": {"type-based": 2.8178159502909466e-51, "geo-based": 1.0, "mixed": 2.5202040179932867e-19, "none": 7.296991038587317e-33}, "37": {"type-based": 9.027484508750737e-53, "geo-based": 1.0, "mixed": 6.535018812332172e-20, "none": 9.201599354516446e-34}, "38": {"type-based": 1.3639382702424014e-53, "geo-based": 1.0, "mixed": 1.0080145077286015e-19, "none": 9.219800849621901e-35}, "39": {"type-based": 2.0045736373770733e-54, "geo-based": 1.0, "mixed": 1.5625138646721866e-19, "none": 8.955465170392736e-36}, "40": {"type-based": 3.051915345154513e-56, "geo-based": 1.0, "mixed": 2.8087125332816387e-20, "none": 7.782536415349366e-37}, "41": {"type-based": 6.431553339910498e-58, "geo-based": 1.0, "mixed": 6.684495812511737e-21, "none": 7.077624965765164e-38}, "42": {"type-based": 1.6417480864976715e-59, "geo-based": 1.0, "mixed": 1.9752742817416943e-21, "none": 6.286787785087443e-39}, "43": {"type-based": 4.3500143832668276e-60, "geo-based": 1.0, "mixed": 3.014634101567053e-21, "none": 1.12362050027631e-39}, "44": {"type-based": 7.684013928557574e-61, "geo-based": 1.0, "mixed": 4.6276118975200714e-21, "none": 1.3338129061902248e-40}}