{"0": {"type-based": 0.25, "geo-based": 0.25, "mixed": 0.25, "none": 0.25}, "1": {"type-based": 0.25, "geo-based": 0.25, "mixed": 0.25, "none": 0.25}, "2": {"type-based": 0.25, "geo-based": 0.25, "mixed": 0.25, "none": 0.25}, "3": {"type-based": 0.15351811177116312, "geo-based": 0.3213839396942886, "mixed": 0.40608887005072464, "none": 0.11900907848382368}, "4": {"type-based": 0.05514994261656005, "geo-based": 0.32704623944101874, "mixed": 0.588269004284724, "none": 0.029534813657697164}, "5": {"type-based": 0.012571825621013617, "geo-based": 0.26814953770805106, "mixed": 0.7148170380752413, "none": 0.00446159859569405}, "6": {"type-based": 0.0021874994053014537, "geo-based": 0.19850555018121366, "mixed": 0.798803428943533, "none": 0.0005035214699518674}, "7": {"type-based": 4.3440962929486256e-07, "geo-based": 0.9984573348695442, "mixed": 0.0012221122035476022, "none": 0.00032011851727877633}, "8": {"type-based": 1.591151945516307e-11, "geo-based": 0.9999617470901198, "mixed": 3.6691038311823707e-07, "none": 3.788598358552557e-05}, "9": {"type-based": 2.9223299658579535e-12, "geo-based": 0.9999947880755049, "mixed": 5.265485724130179e-07, "none": 4.685373000229278e-06}, "10": {"type-based": 6.535762676879891e-13, "geo-based": 0.9999985388170362, "mixed": 7.672815935981424e-07, "none": 6.939007168131333e-07}, "11": {"type-based": 1.426074339341518e-13, "geo-based": 0.9999987653332371, "mixed": 1.1356138425430025e-06, "none": 9.905277776907278e-08}, "12": {"type-based": 2.518755893815304e-14, "geo-based": 0.9999982858173567, "mixed": 1.7028417964753219e-06, "none": 1.1340821806647748e-08}, "13": {"type-based": 4.079706126238602e-15, "geo-based": 0.9999974214520104, "mixed": 2.5773657806414475e-06, "none": 1.1822047950282659e-09}, "14": {"type-based": 6.122829653416621e-16, "geo-based": 0.9999960690623872, "mixed": 3.930824084155815e-06, "none": 1.1352778334952055e-10}, "15": {"type-based": 1.0460085857099799e-16, "geo-based": 0.9999939664615352, "mixed": 6.033526113776221e-06, "none": 1.2350917186454057e-11}, "16": {"type-based": 2.0368673526896994e-17, "geo-based": 0.9999906767484548, "mixed": 9.323250019880438e-06, "none": 1.525479120615913e-12}, "17": {"type-based": 2.6084969020413983e-19, "geo-based": 0.9999988815971406, "mixed": 1.118402699146435e-06, "none": 1.6039212856901638e-13}, "18": {"type-based": 4.047318276188389e-20, "geo-based": 0.9999982866028073, "mixed": 1.7133971766423503e-06, "none": 1.6054163661030287e-14}, "19": {"type-based": 4.059200780591586e-22, "geo-based": 0.9999998111175511, "mixed": 1.8888244739915895e-07, "none": 1.4465932242978348e-15}, "20": {"type-based": 5.603447898875454e-23, "geo-based": 0.9999997102891687, "mixed": 2.897108311799878e-07, "none": 1.2869303925286944e-16}, "21": {"type-based": 8.562499673972389e-24, "geo-based": 0.9999995530429057, "mixed": 4.469570942264298e-07, "none": 1.2623480380300163e-17}, "22": {"type-based": 7.966075867879745e-29, "geo-based": 0.9999999999566287, "mixed": 4.3371303882204574e-11, "none": 1.202105846969577e-18}, "23": {"type-based": 8.027433388163551e-34, "geo-based": 0.9999999999999958, "mixed": 4.211375643662216e-15, "none": 1.2429653696858944e-19}, "24": {"type-based": 7.819575907706141e-36, "geo-based": 0.9999999999999996, "mixed": 4.101122844541e-16, "none": 1.2440387804249776e-20}, "25": {"type-based": 1.3740782930119145e-37, "geo-based": 1.0, "mixed": 7.891266254009316e-17, "none": 1.1385101170798085e-21}, "26": {"type-based": 2.3690032879384572e-39, "geo-based": 1.0, "mixed": 1.4984521863269107e-17, "none": 1.0388121690519226e-22}, "27": {"type-based": 3.6307757192580304e-40, "geo-based": 1.0, "mixed": 2.2495022636941842e-17, "none": 1.0672652037254661e-23}, "28": {"type-based": 1.3004718132195016e-41, "geo-based": 1.0, "mixed": 6.012266414461053e-18, "none": 1.4435717904587953e-24}, "29": {"type-based": 2.7395509252721507e-42, "geo-based": 1.0, "mixed": 9.017520632570973e-18, "none": 2.0514766896683729e-25}, "30": {"type-based": 4.11326325487232e-43, "geo-based": 1.0, "mixed": 1.364871633393064e-17, "none": 2.0662161993340277e-26}, "31": {"type-based": 6.261274647568427e-45, "geo-based": 1.0, "mixed": 2.1915225125287213e-18, "none": 1.993340978729994e-27}, "32": {"type-based": 1.2551454126329781e-46, "geo-based": 1.0, "mixed": 5.250784664869765e-19, "none": 1.69254584796446e-28}, "33": {"type-based": 8.986041341072908e-52, "geo-based": 1.0, "mixed": 4.1439201963097997e-23, "none": 1.560744815558747e-29}, "34": {"type-based": 1.2269714185180823e-52, "geo-based": 1.0, "mixed": 6.218645315156796e-23, "none": 1.4448573503992896e-30}, "35": {"type-based": 1.6756039916130762e-53, "geo-based": 1.0, "mixed": 9.398718477312817e-23, "none": 1.3307255771442512e-31}, "36": {"type-based": 4.583890117445653e-55, "geo-based": 1.0, "mixed": 2.7240641618863375e-23, "none": 1.2825001236729153e-32}, "37": {"type-based": 6.86615655015339e-56, "geo-based": 1.0, "mixed": 4.1085615019720836e-23, "none": 1.3018238599230747e-33}, "38": {"type-based": 8.076844593183294e-57, "geo-based": 1.0, "mixed": 6.237320208570849e-23, "none": 1.0327932557029372e-34}, "39": {"type-based": 9.464439663981621e-58, "geo-based": 1.0, "mixed": 9.520891253249592e-23, "none": 8.126243630830464e-36}, "40": {"type-based": 1.134602162564392e-58, "geo-based": 1.0, "mixed": 1.46065707523804e-22, "none": 6.514838719791072e-37}, "41": {"type-based": 1.4995584137311304e-59, "geo-based": 1.0, "mixed": 2.2514192777748224e-22, "none": 5.736734881691101e-38}, "42": {"type-based": 2.0847907018136373e-60, "geo-based": 1.0, "mixed": 3.486091522678588e-22, "none": 5.2954256917534115e-39}, "43": {"type-based": 2.7016503632017553e-61, "geo-based": 1.0, "mixed": 5.420938246847675e-22, "none": 4.541580794755856e-40}, "44": {"type-based": 3.7565184123627607e-62, "geo-based": 1.0, "mixed": 8.464976991534533e-22, "none": 4.1667855374277296e-41}, "45": {"type-based": 7.4576493553813e-64, "geo-based": 1.0, "mixed": 1.8308598188552098e-22, "none": 3.945338131021819e-42}, "46": {"type-based": 1.2608735773580275e-64, "geo-based": 1.0, "mixed": 2.8488973244248555e-22, "none": 4.427892059594363e-43}, "47": {"type-based": 2.905461782089229e-65, "geo-based": 1.0, "mixed": 4.452442033091787e-22, "none": 6.753503602770119e-44}}