{"0": {"type-based": 0.25, "geo-based": 0.25, "mixed": 0.25, "none": 0.25}, "1": {"type-based": 0.25, "geo-based": 0.25, "mixed": 0.25, "none": 0.25}, "2": {"type-based": 0.25, "geo-based": 0.25, "mixed": 0.25, "none": 0.25}, "3": {"type-based": 0.15351811177116312, "geo-based": 0.3213839396942886, "mixed": 0.40608887005072464, "none": 0.11900907848382368}, "4": {"type-based": 8.784224730870167e-05, "geo-based": 0.9049661455450185, "mixed": 0.0008134896850034084, "none": 0.09413252252266921}, "5": {"type-based": 2.319918436184853e-05, "geo-based": 0.9799663498495174, "mixed": 0.0011423111221955562, "none": 0.018868139843925394}, "6": {"type-based": 1.7499380306173205e-09, "geo-based": 0.9969750148462383, "mixed": 5.367034950332867e-07, "none": 0.0030244467003285535}, "7": {"type-based": 3.103969322741851e-10, "geo-based": 0.9996140787116411, "mixed": 7.309221497123339e-07, "none": 0.0003851900558122563}, "8": {"type-based": 6.399277468514847e-11, "geo-based": 0.999944168715305, "mixed": 1.0280365938647696e-06, "none": 5.480318410821905e-05}, "9": {"type-based": 1.5396429559422936e-11, "geo-based": 0.9999896422351424, "mixed": 1.4791824532851642e-06, "none": 8.878567007783983e-06}, "10": {"type-based": 3.2164818448815654e-12, "geo-based": 0.9999966033601266, "mixed": 2.16837723360118e-06, "none": 1.2282594232763985e-06}, "11": {"type-based": 6.004673984774119e-13, "geo-based": 0.9999966259933422, "mixed": 3.2239954863174865e-06, "none": 1.5001057127300723e-07}, "12": {"type-based": 1.0201451044718742e-13, "geo-based": 0.999995136192464, "mixed": 4.847286738207225e-06, "none": 1.6520695813261467e-08}, "13": {"type-based": 1.5987318885162523e-14, "geo-based": 0.9999926442490273, "mixed": 7.354084678868052e-06, "none": 1.666277812892026e-09}, "14": {"type-based": 2.555077759267421e-15, "geo-based": 0.9999887572059875, "mixed": 1.124262361288683e-05, "none": 1.7039703801037477e-10}, "15": {"type-based": 3.560111677935828e-16, "geo-based": 0.9999826802474739, "mixed": 1.731973740621751e-05, "none": 1.511943353970886e-11}, "16": {"type-based": 5.0413966557689745e-17, "geo-based": 0.9999731527934423, "mixed": 2.6847205199621352e-05, "none": 1.3580079976678574e-12}, "17": {"type-based": 8.989466988089583e-18, "geo-based": 0.9999581441670895, "mixed": 4.185583275760536e-05, "none": 1.5307064948666637e-13}, "18": {"type-based": 1.2714717007233834e-18, "geo-based": 0.9999342784555714, "mixed": 6.572154441512236e-05, "none": 1.364597590093778e-14}, "19": {"type-based": 1.2473920903289546e-20, "geo-based": 0.9999930841677325, "mixed": 6.915832266267842e-06, "none": 1.2613226859570905e-15}, "20": {"type-based": 1.7391042005143527e-21, "geo-based": 0.9999892571701994, "mixed": 1.0742829800480778e-05, "none": 1.125342700140928e-16}, "21": {"type-based": 1.3906144606008563e-23, "geo-based": 0.9999989508337118, "mixed": 1.0491662881673108e-06, "none": 9.1746267137188e-18}, "22": {"type-based": 2.8130147002324757e-24, "geo-based": 0.9999983704638848, "mixed": 1.6295361152949604e-06, "none": 1.1872065073169093e-18}, "23": {"type-based": 3.942061734304758e-25, "geo-based": 0.9999974497477818, "mixed": 2.5502522181429356e-06, "none": 1.0610037394091762e-19}, "24": {"type-based": 3.4329858865220406e-27, "geo-based": 0.9999997769235935, "mixed": 2.2307640645270695e-07, "none": 1.0567654661827161e-20}, "25": {"type-based": 5.470130951669249e-29, "geo-based": 0.9999999613801082, "mixed": 3.861989172170744e-08, "none": 9.748681659818997e-22}, "26": {"type-based": 3.842155807119006e-34, "geo-based": 0.9999999999966975, "mixed": 3.3024476670677824e-12, "none": 8.047999393247956e-23}, "27": {"type-based": 2.8843155810264637e-39, "geo-based": 0.9999999999999998, "mixed": 2.823893429761646e-16, "none": 7.11619053121816e-24}, "28": {"type-based": 4.227379404159185e-41, "geo-based": 1.0, "mixed": 4.836970697852623e-17, "none": 6.151883428410929e-25}, "29": {"type-based": 1.4027023857388998e-42, "geo-based": 1.0, "mixed": 1.2295118325482714e-17, "none": 8.120890491971668e-26}, "30": {"type-based": 4.164345342793766e-43, "geo-based": 1.0, "mixed": 1.857941886193396e-17, "none": 1.6172862857558843e-26}, "31": {"type-based": 1.7025835893525167e-43, "geo-based": 1.0, "mixed": 2.832724253149288e-17, "none": 4.4131513741254174e-27}, "32": {"type-based": 2.3858179746718705e-44, "geo-based": 1.0, "mixed": 4.355044922235611e-17, "none": 4.108531797015613e-28}, "33": {"type-based": 3.0898407491479787e-46, "geo-based": 1.0, "mixed": 6.417720568961996e-18, "none": 3.6946880552690203e-29}, "34": {"type-based": 4.2925452479440603e-47, "geo-based": 1.0, "mixed": 9.874288746348166e-18, "none": 3.40317459555886e-30}, "35": {"type-based": 5.81610839244479e-48, "geo-based": 1.0, "mixed": 1.5277178633476738e-17, "none": 3.0453635359907026e-31}, "36": {"type-based": 7.868394387453458e-49, "geo-based": 1.0, "mixed": 2.3757816152742148e-17, "none": 2.711320909849244e-32}, "37": {"type-based": 1.8565546422724464e-50, "geo-based": 1.0, "mixed": 6.188508687111713e-18, "none": 2.5172511355362736e-33}, "38": {"type-based": 2.7378794482831895e-51, "geo-based": 1.0, "mixed": 9.595837502827564e-18, "none": 2.4560729939308564e-34}, "39": {"type-based": 1.3111136375287984e-56, "geo-based": 1.0, "mixed": 5.980342997406042e-22, "none": 1.9390071260829647e-35}, "40": {"type-based": 1.7029728845560986e-58, "geo-based": 1.0, "mixed": 1.118876483514669e-22, "none": 1.3837589339070483e-36}, "41": {"type-based": 1.9392188749587569e-59, "geo-based": 1.0, "mixed": 1.7281214176174088e-22, "none": 1.0498345576743973e-37}, "42": {"type-based": 2.2085318157437778e-60, "geo-based": 1.0, "mixed": 2.68074507071332e-22, "none": 7.938431830197543e-39}, "43": {"type-based": 2.5809458191008883e-61, "geo-based": 1.0, "mixed": 4.1754102054797195e-22, "none": 6.139732241389328e-40}, "44": {"type-based": 3.2643774342332715e-62, "geo-based": 1.0, "mixed": 6.5282409791851125e-22, "none": 5.123994279536498e-41}, "45": {"type-based": 4.340244431241866e-63, "geo-based": 1.0, "mixed": 1.0244698277563864e-21, "none": 4.48275165579935e-42}, "46": {"type-based": 1.0906219217815458e-64, "geo-based": 1.0, "mixed": 2.1515470404569226e-22, "none": 5.543149164390305e-43}, "47": {"type-based": 2.5442698734563836e-65, "geo-based": 1.0, "mixed": 3.3626887893086226e-22, "none": 8.559216372653834e-44}, "48": {"type-based": 5.417808049946064e-67, "geo-based": 1.0, "mixed": 8.513738591384918e-23, "none": 7.458040059420748e-45}, "49": {"type-based": 6.576970423676431e-68, "geo-based": 1.0, "mixed": 1.326759303536141e-22, "none": 6.025630929593923e-46}, "50": {"type-based": 7.210094919282012e-69, "geo-based": 1.0, "mixed": 2.0751016368262155e-22, "none": 4.384141810106413e-47}}