{"0": {"type-based": 0.25, "geo-based": 0.25, "mixed": 0.25, "none": 0.25}, "1": {"type-based": 0.25, "geo-based": 0.25, "mixed": 0.25, "none": 0.25}, "2": {"type-based": 0.25, "geo-based": 0.25, "mixed": 0.25, "none": 0.25}, "3": {"type-based": 0.0006241383028810165, "geo-based": 0.8056332782055369, "mixed": 0.002773857687829005, "none": 0.190968725803753}, "4": {"type-based": 3.6561326788600715e-07, "geo-based": 0.9624349806937641, "mixed": 1.0766059247942552e-05, "none": 0.037553887633720154}, "5": {"type-based": 5.5983429696367816e-08, "geo-based": 0.99457644306066, "mixed": 1.1784450935807027e-05, "none": 0.005411716504974458}, "6": {"type-based": 8.124958036195465e-09, "geo-based": 0.9993773245134246, "mixed": 1.4901941562944325e-05, "none": 0.0006077654200543113}, "7": {"type-based": 9.90936610096287e-10, "geo-based": 0.9999267672907787, "mixed": 2.0009237469593422e-05, "none": 5.3222480815080485e-05}, "8": {"type-based": 2.525479780650304e-11, "geo-based": 0.999989307691944, "mixed": 6.950790856267935e-06, "none": 3.74149194491206e-06}, "9": {"type-based": 1.0553147190797742e-12, "geo-based": 0.9999951785961014, "mixed": 4.592491637407001e-06, "none": 2.2891120597582042e-07}, "10": {"type-based": 7.383290669995807e-14, "geo-based": 0.9999941930232797, "mixed": 5.794574353217543e-06, "none": 1.2402293030108661e-08}, "11": {"type-based": 4.825290517698663e-15, "geo-based": 0.999992385774581, "mixed": 7.613624964485519e-06, "none": 6.004496055289744e-10}, "12": {"type-based": 3.1068490621721125e-16, "geo-based": 0.9999897052539665, "mixed": 1.029471825947552e-05, "none": 2.7773937838858286e-11}, "13": {"type-based": 8.227027288604077e-18, "geo-based": 0.9999939018423962, "mixed": 6.098156398772956e-06, "none": 1.2051315976196628e-12}, "14": {"type-based": 2.6036451686508004e-19, "geo-based": 0.999995309815598, "mixed": 4.690184353552442e-06, "none": 4.848287427993891e-14}, "15": {"type-based": 1.437355092935606e-20, "geo-based": 0.9999938506196588, "mixed": 6.149380339156851e-06, "none": 2.0089068910743527e-15}, "16": {"type-based": 1.0412698515258863e-22, "geo-based": 0.9999989673634405, "mixed": 1.0326365595239132e-06, "none": 8.521224191505779e-17}, "17": {"type-based": 1.4956330301309913e-24, "geo-based": 0.999999659570465, "mixed": 3.404295350005882e-07, "none": 3.668432630268347e-18}, "18": {"type-based": 7.94033651397441e-26, "geo-based": 0.9999995597140634, "mixed": 4.402859364933638e-07, "none": 1.4930569773694208e-19}, "19": {"type-based": 4.0634921040825144e-27, "geo-based": 0.9999994180765179, "mixed": 5.819234821219497e-07, "none": 5.721540766535962e-21}, "20": {"type-based": 2.4977841777388657e-28, "geo-based": 0.9999992168110429, "mixed": 7.831889570454487e-07, "none": 2.583469901470448e-22}, "21": {"type-based": 5.001520414151899e-30, "geo-based": 0.9999997082549575, "mixed": 2.917450425083672e-07, "none": 1.3708996839626234e-23}, "22": {"type-based": 2.241185583021072e-31, "geo-based": 0.9999998217490125, "mixed": 1.7825098742433683e-07, "none": 9.936376004089644e-25}, "23": {"type-based": 8.287486856203912e-33, "geo-based": 0.9999998721076647, "mixed": 1.278923352396388e-07, "none": 5.0560729396103257e-26}, "24": {"type-based": 4.414996499799968e-34, "geo-based": 0.9999998351705633, "mixed": 1.648294366307516e-07, "none": 2.0631553299723043e-27}, "25": {"type-based": 2.2697906539821312e-35, "geo-based": 0.9999997842543037, "mixed": 2.1574569628748678e-07, "none": 7.98346259018539e-29}, "26": {"type-based": 1.1121811558220903e-36, "geo-based": 0.9999997138079721, "mixed": 2.861920278300301e-07, "none": 2.9002958154592854e-30}, "27": {"type-based": 5.275923421486281e-38, "geo-based": 0.9999996159255159, "mixed": 3.8407448418207205e-07, "none": 1.0067900742533974e-31}, "28": {"type-based": 2.9341442717070594e-39, "geo-based": 0.9999994792638349, "mixed": 5.207361649506252e-07, "none": 4.050468937976252e-33}}