{"0": {"type-based": 0.25, "geo-based": 0.25, "mixed": 0.25, "none": 0.25}, "1": {"type-based": 0.25, "geo-based": 0.25, "mixed": 0.25, "none": 0.25}, "2": {"type-based": 0.25, "geo-based": 0.25, "mixed": 0.25, "none": 0.25}, "3": {"type-based": 0.15351811177116312, "geo-based": 0.3213839396942886, "mixed": 0.40608887005072464, "none": 0.11900907848382368}, "4": {"type-based": 0.05514994261656005, "geo-based": 0.32704623944101874, "mixed": 0.588269004284724, "none": 0.029534813657697164}, "5": {"type-based": 0.013060191998502719, "geo-based": 0.26796903335798794, "mixed": 0.7143358603489126, "none": 0.004634914294596808}, "6": {"type-based": 3.170514107894476e-06, "geo-based": 0.9960766429504918, "mixed": 0.0010002844303369017, "none": 0.002919902105063432}, "7": {"type-based": 1.4977778463431245e-10, "geo-based": 0.9996228761722917, "mixed": 3.587563620357733e-07, "none": 0.00037676492156847374}, "8": {"type-based": 3.087861762317751e-11, "geo-based": 0.9999458912716935, "mixed": 5.045845964266298e-07, "none": 5.360411283151695e-05}, "9": {"type-based": 7.457447500287241e-12, "geo-based": 0.9999905567461204, "mixed": 7.260170333622119e-07, "none": 8.717229388648421e-06}, "10": {"type-based": 1.7323396392155086e-12, "geo-based": 0.9999975935573903, "mixed": 1.0655067137815993e-06, "none": 1.3409341636680656e-06}, "11": {"type-based": 3.2725546698887954e-13, "geo-based": 0.9999982457727437, "mixed": 1.5885031779275855e-06, "none": 1.657237510563997e-07}, "12": {"type-based": 5.6309354125680914e-14, "geo-based": 0.9999975869356676, "mixed": 2.3945795787105587e-06, "none": 1.8484697311467054e-08}, "13": {"type-based": 8.934335198290863e-15, "geo-based": 0.9999963559664039, "mixed": 3.642146033184266e-06, "none": 1.887554189880591e-09}, "14": {"type-based": 1.3185116694494054e-15, "geo-based": 0.9999944190717994, "mixed": 5.580749958515424e-06, "none": 1.7824087675050625e-10}, "15": {"type-based": 2.645991859723015e-16, "geo-based": 0.9999913945352462, "mixed": 8.605441975066156e-06, "none": 2.2778536349983315e-11}, "16": {"type-based": 4.1490065485365103e-17, "geo-based": 0.9999866134924597, "mixed": 1.338650527490005e-05, "none": 2.265483958185461e-12}, "17": {"type-based": 5.170252621789939e-19, "geo-based": 0.999998387949559, "mixed": 1.61205020921053e-06, "none": 2.317810039710927e-13}, "18": {"type-based": 7.835159613474757e-20, "geo-based": 0.9999975217206666, "mixed": 2.4782793107018987e-06, "none": 2.2659041063700408e-14}, "19": {"type-based": 7.724071066528953e-22, "geo-based": 0.9999997258995498, "mixed": 2.741004483314631e-07, "none": 2.006898944720622e-15}, "20": {"type-based": 1.205803287211718e-22, "geo-based": 0.9999995783540075, "mixed": 4.216459922562575e-07, "none": 2.0190614330081288e-16}, "21": {"type-based": 2.700710415740499e-24, "geo-based": 0.9999999128810289, "mixed": 8.711897104910312e-08, "none": 2.17622118484637e-17}, "22": {"type-based": 2.923659378715501e-26, "geo-based": 0.9999999911180911, "mixed": 8.88190889656957e-09, "none": 2.3059843194564786e-18}, "23": {"type-based": 5.15968682843489e-27, "geo-based": 0.9999999865895293, "mixed": 1.3410470856290025e-08, "none": 2.6950878705866884e-19}, "24": {"type-based": 4.76187551318214e-32, "geo-based": 0.9999999999987232, "mixed": 1.2768418347920323e-12, "none": 2.6217907948003307e-20}, "25": {"type-based": 3.797986464622205e-37, "geo-based": 0.9999999999999998, "mixed": 1.2172119444910497e-16, "none": 2.209201051209033e-21}, "26": {"type-based": 6.57605163568166e-38, "geo-based": 0.9999999999999998, "mixed": 1.856214480079532e-16, "none": 2.5315875798444696e-22}, "27": {"type-based": 1.567398107003993e-39, "geo-based": 1.0, "mixed": 3.357851515780558e-17, "none": 3.376244542768742e-23}, "28": {"type-based": 3.280521771629488e-40, "geo-based": 1.0, "mixed": 5.1104894645172775e-17, "none": 4.710353976724237e-24}, "29": {"type-based": 5.5173452245491396e-42, "geo-based": 1.0, "mixed": 8.718113895444694e-18, "none": 4.726731516955838e-25}, "30": {"type-based": 1.224909373381388e-43, "geo-based": 1.0, "mixed": 2.2183730813090126e-18, "none": 4.185198311151623e-26}, "31": {"type-based": 9.659403416379274e-49, "geo-based": 1.0, "mixed": 1.857909004971088e-22, "none": 4.005769151735583e-27}, "32": {"type-based": 1.3118675829125058e-49, "geo-based": 1.0, "mixed": 2.803077051168143e-22, "none": 3.6689703589007994e-28}, "33": {"type-based": 1.7245018398547941e-50, "geo-based": 1.0, "mixed": 4.257569427788343e-22, "none": 3.235371386726898e-29}, "34": {"type-based": 2.1971689609512118e-51, "geo-based": 1.0, "mixed": 6.506542470143658e-22, "none": 2.75193730948995e-30}, "35": {"type-based": 2.8455260518394968e-52, "geo-based": 1.0, "mixed": 9.9995431263548e-22, "none": 2.3689235999795603e-31}, "36": {"type-based": 3.352761075603973e-53, "geo-based": 1.0, "mixed": 1.54474967942328e-21, "none": 1.8478592245439867e-32}, "37": {"type-based": 5.0238662465577493e-54, "geo-based": 1.0, "mixed": 2.397864133372392e-21, "none": 1.826380870017374e-33}, "38": {"type-based": 6.892745556916369e-55, "geo-based": 1.0, "mixed": 3.740451495966874e-21, "none": 1.6472866274111734e-34}, "39": {"type-based": 9.924269031273566e-56, "geo-based": 1.0, "mixed": 5.8599406730287016e-21, "none": 1.5543486294605507e-35}, "40": {"type-based": 2.4628063448593285e-57, "geo-based": 1.0, "mixed": 1.4183837941062448e-21, "none": 1.6380386260020314e-36}, "41": {"type-based": 3.545535332277113e-58, "geo-based": 1.0, "mixed": 2.2125709741437566e-21, "none": 1.5562782251191882e-37}, "42": {"type-based": 4.538265352394869e-59, "geo-based": 1.0, "mixed": 3.4662231305416205e-21, "none": 1.310686013466598e-38}, "43": {"type-based": 5.672479086180196e-61, "geo-based": 1.0, "mixed": 5.843470672014736e-22, "none": 1.0029384770378392e-39}, "44": {"type-based": 5.904762476163836e-62, "geo-based": 1.0, "mixed": 9.130338782395308e-22, "none": 6.900807459494467e-41}, "45": {"type-based": 1.0074507578395338e-62, "geo-based": 1.0, "mixed": 1.4321732467168646e-21, "none": 7.76028754309309e-42}, "46": {"type-based": 2.3424822782533835e-63, "geo-based": 1.0, "mixed": 2.2558319292336223e-21, "none": 1.1861146287465676e-42}, "47": {"type-based": 6.449985581015007e-65, "geo-based": 1.0, "mixed": 5.754531859875088e-22, "none": 1.3275050772854947e-43}}