{"0": {"type-based": 0.25, "geo-based": 0.25, "mixed": 0.25, "none": 0.25}, "1": {"type-based": 0.25, "geo-based": 0.25, "mixed": 0.25, "none": 0.25}, "2": {"type-based": 0.25, "geo-based": 0.25, "mixed": 0.25, "none": 0.25}, "3": {"type-based": 0.00029464611659157567, "geo-based": 0.8107552902512485, "mixed": 0.0012357195708540723, "none": 0.18771434406130585}, "4": {"type-based": 8.102154290238632e-05, "geo-based": 0.9581647009130708, "mixed": 0.0018719001953355853, "none": 0.03988237734869135}, "5": {"type-based": 1.578791854157505e-05, "geo-based": 0.9919096512791694, "mixed": 0.002715752785793909, "none": 0.005358808016495178}, "6": {"type-based": 7.672289444665314e-10, "geo-based": 0.9994814602810085, "mixed": 1.3166463140974993e-06, "none": 0.0005172223054482871}, "7": {"type-based": 2.8763162768302998e-11, "geo-based": 0.9999576701984356, "mixed": 5.895075566038786e-07, "none": 4.17402652445888e-05}, "8": {"type-based": 2.5140302234108314e-12, "geo-based": 0.9999964344647431, "mixed": 7.409986596415113e-07, "none": 2.8245340833428327e-06}, "9": {"type-based": 2.0116408709367828e-13, "geo-based": 0.9999988561306191, "mixed": 9.78372436232193e-07, "none": 1.654967434227539e-07}, "10": {"type-based": 1.594217844467454e-14, "geo-based": 0.999998657757077, "mixed": 1.3329691525589466e-06, "none": 9.273754696859632e-09}, "11": {"type-based": 3.975408894412983e-16, "geo-based": 0.9999993802908226, "mixed": 6.192304348884569e-07, "none": 4.787420753389562e-10}, "12": {"type-based": 1.303203331840866e-17, "geo-based": 0.9999995819446788, "mixed": 4.180327759685538e-07, "none": 2.2545185488902508e-11}, "13": {"type-based": 5.04489256960174e-19, "geo-based": 0.9999996350510729, "mixed": 3.6494795000358154e-07, "none": 9.771848621749094e-13}, "14": {"type-based": 2.1908196371589292e-20, "geo-based": 0.9999996134547393, "mixed": 3.8654522125666645e-07, "none": 3.9443401888894274e-14}, "15": {"type-based": 1.1662786852411543e-21, "geo-based": 0.9999995228783876, "mixed": 4.771216105137541e-07, "none": 1.6854751675768248e-15}, "16": {"type-based": 4.874924751664083e-23, "geo-based": 0.9999994278844431, "mixed": 5.721155568572891e-07, "none": 5.853070674047685e-17}, "17": {"type-based": 2.2512741921390573e-24, "geo-based": 0.999999288355188, "mixed": 7.116448120988298e-07, "none": 2.1589853603433987e-18}, "18": {"type-based": 1.393418664266358e-26, "geo-based": 0.9999998860311846, "mixed": 1.1396881542825465e-07, "none": 8.274540279640057e-20}, "19": {"type-based": 6.989608114601631e-28, "geo-based": 0.9999998567102665, "mixed": 1.432897335130657e-07, "none": 3.286208755741341e-21}, "20": {"type-based": 3.5296089270094924e-29, "geo-based": 0.9999998154414736, "mixed": 1.8455852632315758e-07, "none": 1.279682166275875e-22}, "21": {"type-based": 3.280876465537506e-31, "geo-based": 0.9999999514748176, "mixed": 4.852518240027309e-08, "none": 4.4865747408030255e-24}, "22": {"type-based": 2.7864751787548713e-32, "geo-based": 0.9999999372298783, "mixed": 6.277012165693694e-08, "none": 2.927579486919308e-25}, "23": {"type-based": 5.113866677510279e-34, "geo-based": 0.9999999775055878, "mixed": 2.249441216818737e-08, "none": 1.484211445478794e-26}, "24": {"type-based": 2.966066154755748e-35, "geo-based": 0.9999999814823813, "mixed": 1.8517618685995468e-08, "none": 1.0361207705463625e-27}, "25": {"type-based": 1.3435132630037138e-36, "geo-based": 0.9999999829442704, "mixed": 1.7055729672660015e-08, "none": 5.0416867730575193e-29}, "26": {"type-based": 5.627818538129107e-38, "geo-based": 0.9999999788320721, "mixed": 2.116792776913699e-08, "none": 1.682397530728166e-30}, "27": {"type-based": 2.709843496082402e-39, "geo-based": 0.9999999732374367, "mixed": 2.6762563310322414e-08, "none": 6.324946049187764e-32}, "28": {"type-based": 1.2542990879270225e-40, "geo-based": 0.9999999656346209, "mixed": 3.4365379211058444e-08, "none": 2.2465221107362826e-33}, "29": {"type-based": 6.011983619378506e-42, "geo-based": 0.9999999552702981, "mixed": 4.472970192430023e-08, "none": 8.138923784135397e-35}, "30": {"type-based": 2.582796386198553e-43, "geo-based": 0.99999994108822, "mixed": 5.891177989607512e-08, "none": 2.608042375307547e-36}, "31": {"type-based": 1.0801483188582246e-44, "geo-based": 0.9999999215872918, "mixed": 7.841270808909369e-08, "none": 8.040365392646689e-38}}