{"0": {"type-based": 0.25, "geo-based": 0.25, "mixed": 0.25, "none": 0.25}, "1": {"type-based": 0.25, "geo-based": 0.25, "mixed": 0.25, "none": 0.25}, "2": {"type-based": 0.25, "geo-based": 0.25, "mixed": 0.25, "none": 0.25}, "3": {"type-based": 0.0006371429916081822, "geo-based": 0.7816696176888404, "mixed": 0.0021713764518886966, "none": 0.2155218628676627}, "4": {"type-based": 0.00016072807409537763, "geo-based": 0.9458326855328588, "mixed": 0.0027005335291965154, "none": 0.05130605286384949}, "5": {"type-based": 4.585929305324148e-05, "geo-based": 0.9850800374065867, "mixed": 0.00352760762168827, "none": 0.011346495678672087}, "6": {"type-based": 9.842095288361045e-06, "geo-based": 0.9934269364631036, "mixed": 0.0048126793132466286, "none": 0.0017505421283615197}, "7": {"type-based": 5.353655573183905e-10, "geo-based": 0.9997351365847976, "mixed": 1.7003235318177912e-06, "none": 0.00026316255630500195}, "8": {"type-based": 8.135471472332581e-11, "geo-based": 0.9999687389598721, "mixed": 2.2748607414836683e-06, "none": 2.89860980314558e-05}, "9": {"type-based": 2.2139823567022614e-15, "geo-based": 0.9999972334490488, "mixed": 6.259722315863493e-10, "none": 2.7659249767605048e-06}, "10": {"type-based": 3.685320545190811e-16, "geo-based": 0.9999996736045353, "mixed": 8.509022559053642e-10, "none": 3.255445620090475e-07}, "11": {"type-based": 7.944859532604508e-17, "geo-based": 0.9999999503708725, "mixed": 1.1832620428230093e-09, "none": 4.844586525244568e-08}, "12": {"type-based": 1.6873337336407514e-17, "geo-based": 0.9999999913406868, "mixed": 1.6802479508563774e-09, "none": 6.9790653122921935e-09}, "13": {"type-based": 2.8589559346185074e-18, "geo-based": 0.9999999967808724, "mixed": 2.42765961256444e-09, "none": 7.914679305268785e-10}, "14": {"type-based": 4.454687993711135e-19, "geo-based": 0.9999999963655997, "mixed": 3.5527215145102643e-09, "none": 8.167898781927156e-11}, "15": {"type-based": 1.0078177536456938e-19, "geo-based": 0.9999999947340628, "mixed": 5.2538018065038e-09, "none": 1.2135492959994803e-11}, "16": {"type-based": 1.6954301694677398e-20, "geo-based": 0.999999992129701, "mixed": 7.86896760789981e-09, "none": 1.331371736717784e-12}, "17": {"type-based": 4.942025662198876e-22, "geo-based": 0.9999999980179737, "mixed": 1.981875435034681e-09, "none": 1.509004149789276e-13}, "18": {"type-based": 7.997195048781528e-23, "geo-based": 0.9999999970576052, "mixed": 2.9423785509700544e-09, "none": 1.6174499283287868e-14}, "19": {"type-based": 8.943451269216368e-25, "geo-based": 0.9999999996606561, "mixed": 3.3934231532178356e-10, "none": 1.5460162549752693e-15}, "20": {"type-based": 1.4926776562616979e-25, "geo-based": 0.9999999994942634, "mixed": 5.057363066228336e-10, "none": 1.7039406196284662e-16}, "21": {"type-based": 1.9893109617746596e-27, "geo-based": 0.9999999999456186, "mixed": 5.4381385131637247e-11, "none": 2.0852182380633867e-17}, "22": {"type-based": 7.09918672511334e-29, "geo-based": 0.9999999999826763, "mixed": 1.7323672667637155e-11, "none": 2.3130260776907062e-18}, "23": {"type-based": 7.2328756286534545e-34, "geo-based": 0.9999999999999982, "mixed": 1.813233671926202e-15, "none": 2.2379637688804166e-19}, "24": {"type-based": 7.876173465038717e-39, "geo-based": 1.0, "mixed": 1.8983332212760278e-19, "none": 2.320462170151058e-20}, "25": {"type-based": 8.161038440690958e-41, "geo-based": 1.0, "mixed": 1.9924016899674066e-20, "none": 2.2929000148187478e-21}, "26": {"type-based": 1.3133530654162426e-41, "geo-based": 1.0, "mixed": 2.928515663681659e-20, "none": 2.5221522535767153e-22}, "27": {"type-based": 2.2625564139068775e-42, "geo-based": 1.0, "mixed": 4.349412787253181e-20, "none": 2.94753309197942e-23}, "28": {"type-based": 5.686629278415937e-44, "geo-based": 1.0, "mixed": 8.15390806863815e-21, "none": 3.9920192525940535e-24}, "29": {"type-based": 1.1794606183088482e-44, "geo-based": 1.0, "mixed": 1.2099174727572753e-20, "none": 5.650105130830036e-25}, "30": {"type-based": 3.825942246945135e-46, "geo-based": 1.0, "mixed": 4.266274490984032e-21, "none": 5.279550318074164e-26}, "31": {"type-based": 6.466017327017492e-48, "geo-based": 1.0, "mixed": 7.428761255096306e-22, "none": 5.214474761413197e-27}, "32": {"type-based": 9.461773284203271e-49, "geo-based": 1.0, "mixed": 1.0928086889970496e-21, "none": 5.261828708906116e-28}, "33": {"type-based": 1.3802732367712298e-49, "geo-based": 1.0, "mixed": 1.6213808396516075e-21, "none": 5.257724974347236e-29}, "34": {"type-based": 3.3281479176252375e-51, "geo-based": 1.0, "mixed": 3.8291696781888955e-22, "none": 5.4649155282655646e-30}, "35": {"type-based": 4.354674465503458e-52, "geo-based": 1.0, "mixed": 5.672316202039248e-22, "none": 4.9195716975429245e-31}, "36": {"type-based": 5.419726935796918e-53, "geo-based": 1.0, "mixed": 8.46191738010499e-22, "none": 4.1875042203201667e-32}, "37": {"type-based": 7.036740251792737e-54, "geo-based": 1.0, "mixed": 1.2705235825580074e-21, "none": 3.698315140560123e-33}, "38": {"type-based": 8.865525278750038e-55, "geo-based": 1.0, "mixed": 1.9189672451435983e-21, "none": 3.153859753430853e-34}, "39": {"type-based": 1.2311298531491617e-55, "geo-based": 1.0, "mixed": 2.914248919780287e-21, "none": 2.951044618347856e-35}, "40": {"type-based": 1.7913778555354228e-56, "geo-based": 1.0, "mixed": 4.4491204833709244e-21, "none": 2.881230555206356e-36}, "41": {"type-based": 2.674813988949629e-57, "geo-based": 1.0, "mixed": 6.825898399077421e-21, "none": 2.875587970135392e-37}, "42": {"type-based": 3.537117499373648e-58, "geo-based": 1.0, "mixed": 1.05233720460225e-20, "none": 2.5326278968410597e-38}, "43": {"type-based": 4.569507102180835e-59, "geo-based": 1.0, "mixed": 1.629620806491296e-20, "none": 2.1718845824199037e-39}, "44": {"type-based": 1.1941881020747032e-60, "geo-based": 1.0, "mixed": 4.526515503353042e-21, "none": 2.103089433519938e-40}, "45": {"type-based": 2.0357398084586222e-61, "geo-based": 1.0, "mixed": 6.985979386108607e-21, "none": 2.3941017875759337e-41}, "46": {"type-based": 4.632263389675002e-62, "geo-based": 1.0, "mixed": 1.0831968967526817e-20, "none": 3.626345844910954e-42}}