{"0": {"type-based": 0.25, "geo-based": 0.25, "mixed": 0.25, "none": 0.25}, "1": {"type-based": 0.25, "geo-based": 0.25, "mixed": 0.25, "none": 0.25}, "2": {"type-based": 0.25, "geo-based": 0.25, "mixed": 0.25, "none": 0.25}, "3": {"type-based": 0.00029464611659157567, "geo-based": 0.8107552902512485, "mixed": 0.0012357195708540723, "none": 0.18771434406130585}, "4": {"type-based": 8.102154290238632e-05, "geo-based": 0.9581647009130708, "mixed": 0.0018719001953355853, "none": 0.03988237734869135}, "5": {"type-based": 1.0867733917299083e-05, "geo-based": 0.9912576028477246, "mixed": 0.0013576619229037678, "none": 0.007373867495454301}, "6": {"type-based": 1.5609790199423756e-06, "geo-based": 0.997436465945609, "mixed": 0.0017594823607966087, "none": 0.0008024907145743411}, "7": {"type-based": 1.8394740909278582e-07, "geo-based": 0.997538181726954, "mixed": 0.0023947516787844905, "none": 6.688264685255503e-05}, "8": {"type-based": 1.9558937193190642e-08, "geo-based": 0.9966434636416331, "mixed": 0.0033516664474261618, "none": 4.850352003240174e-06}, "9": {"type-based": 3.7665067904262e-13, "geo-based": 0.9999987289383214, "mixed": 9.595405178840604e-07, "none": 3.115207840610006e-07}, "10": {"type-based": 6.160852090451555e-15, "geo-based": 0.9999997189529731, "mixed": 2.6321105401081126e-07, "none": 1.7835966544977373e-08}, "11": {"type-based": 4.3527570513086273e-16, "geo-based": 0.9999996516519659, "mixed": 3.474226550335334e-07, "none": 9.253784789944793e-10}, "12": {"type-based": 9.775026368821074e-18, "geo-based": 0.9999998428737187, "mixed": 1.5708184398584144e-07, "none": 4.4437379274903385e-11}, "13": {"type-based": 2.9272777897977946e-19, "geo-based": 0.9999998967006554, "mixed": 1.0329737235425292e-07, "none": 1.97214261816258e-12}, "14": {"type-based": 1.5519775972223237e-20, "geo-based": 0.999999868145962, "mixed": 1.3185395759669568e-07, "none": 8.042823018248204e-14}, "15": {"type-based": 5.070263485846582e-22, "geo-based": 0.9999999009710485, "mixed": 9.902894808082634e-08, "none": 3.4297087861200082e-15}, "16": {"type-based": 2.5771012321336333e-23, "geo-based": 0.9999998731425465, "mixed": 1.2685745333024503e-07, "none": 1.3423692401513285e-16}, "17": {"type-based": 3.421965059756606e-25, "geo-based": 0.9999999583053034, "mixed": 4.1694696576026694e-08, "none": 5.3423567620229706e-18}, "18": {"type-based": 1.869478766783232e-26, "geo-based": 0.9999999461875211, "mixed": 5.3812478815672035e-08, "none": 2.2374834198621747e-19}, "19": {"type-based": 9.519067684172329e-28, "geo-based": 0.9999999290324336, "mixed": 7.096756627089158e-08, "none": 8.531193788651605e-21}, "20": {"type-based": 1.3924343272300192e-29, "geo-based": 0.9999999714025295, "mixed": 2.8597470460727394e-08, "none": 3.0549384523796426e-22}, "21": {"type-based": 7.827030303825158e-31, "geo-based": 0.9999999621967194, "mixed": 3.780328064506986e-08, "none": 1.284830132078843e-23}, "22": {"type-based": 3.508120456398879e-32, "geo-based": 0.9999999769213045, "mixed": 2.3078695576061658e-08, "none": 9.314719081138029e-25}, "23": {"type-based": 1.297060654649339e-33, "geo-based": 0.9999999834541948, "mixed": 1.654580511618002e-08, "none": 4.739099540973624e-26}, "24": {"type-based": 6.967326614479864e-35, "geo-based": 0.9999999786917495, "mixed": 2.1308250529044495e-08, "none": 1.949902067815604e-27}, "25": {"type-based": 3.5803096210736804e-36, "geo-based": 0.999999972130538, "mixed": 2.7869462036250106e-08, "none": 7.541732844534618e-29}, "26": {"type-based": 1.7521838541472587e-37, "geo-based": 0.9999999630590621, "mixed": 3.6940937867389455e-08, "none": 2.7364751278083975e-30}, "27": {"type-based": 8.786268010376016e-39, "geo-based": 0.9999999504639328, "mixed": 4.9536067228757254e-08, "none": 1.0041300310554475e-31}, "28": {"type-based": 4.8611821904160666e-40, "geo-based": 0.9999999329017287, "mixed": 6.709827128837992e-08, "none": 4.01893338115921e-33}}