{"0": {"type-based": 0.25, "geo-based": 0.25, "mixed": 0.25, "none": 0.25}, "1": {"type-based": 0.25, "geo-based": 0.25, "mixed": 0.25, "none": 0.25}, "2": {"type-based": 0.25, "geo-based": 0.25, "mixed": 0.25, "none": 0.25}, "3": {"type-based": 0.0028230879638882662, "geo-based": 0.8098671192692655, "mixed": 0.016635242060241074, "none": 0.17067455070660512}, "4": {"type-based": 8.449171648502411e-07, "geo-based": 0.9659091748468915, "mixed": 2.8606406245039904e-05, "none": 0.03406137382969841}, "5": {"type-based": 1.2259071659723183e-07, "geo-based": 0.995998528843675, "mixed": 3.610672234567042e-05, "none": 0.003965241843262666}, "6": {"type-based": 1.624995023142409e-08, "geo-based": 0.9995804808526022, "mixed": 4.926171070167463e-05, "none": 0.00037024118674607617}, "7": {"type-based": 6.485341722008965e-13, "geo-based": 0.9999701898443257, "mixed": 2.315093932114979e-08, "none": 2.9787004086385613e-05}, "8": {"type-based": 2.051308508269474e-14, "geo-based": 0.9999979337665009, "mixed": 1.0143827712524166e-08, "none": 2.056089651057865e-06}, "9": {"type-based": 1.0685861671831157e-15, "geo-based": 0.999999865703997, "mixed": 8.339986572726971e-09, "none": 1.2595601535888605e-07}, "10": {"type-based": 7.351157309577785e-17, "geo-based": 0.999999983010797, "mixed": 9.708009170779027e-09, "none": 7.28119386226328e-09}, "11": {"type-based": 4.8975770622983445e-18, "geo-based": 0.9999999875578244, "mixed": 1.2062910958117114e-08, "none": 3.792645216062117e-10}, "12": {"type-based": 3.1289627641296534e-19, "geo-based": 0.9999999843424325, "mixed": 1.5639473456080212e-08, "none": 1.8093952975799422e-11}, "13": {"type-based": 9.761282285401436e-21, "geo-based": 0.9999999895499797, "mixed": 1.0449203944003633e-08, "none": 8.16481389272749e-13}, "14": {"type-based": 3.6386528149993156e-22, "geo-based": 0.9999999909680685, "mixed": 9.031897287617864e-09, "none": 3.430328841328074e-14}, "15": {"type-based": 1.9622503530153492e-23, "geo-based": 0.9999999886305645, "mixed": 1.1369434143156895e-08, "none": 1.4420966714126792e-15}, "16": {"type-based": 1.1346040185629106e-24, "geo-based": 0.9999999852334078, "mixed": 1.4766592147425322e-08, "none": 6.293953502016895e-17}, "17": {"type-based": 3.8516800788811844e-26, "geo-based": 0.9999999877006559, "mixed": 1.2299344013375317e-08, "none": 2.516789255719203e-18}, "18": {"type-based": 1.8688291521729933e-27, "geo-based": 0.9999999839824931, "mixed": 1.6017506924011615e-08, "none": 9.248128576976495e-20}, "19": {"type-based": 1.0910000150408407e-29, "geo-based": 0.9999999976280136, "mixed": 2.3719864457654245e-09, "none": 3.595227598469984e-21}, "20": {"type-based": 6.1764050385531e-31, "geo-based": 0.9999999968909674, "mixed": 3.1090326867255945e-09, "none": 1.5381242364938967e-22}, "21": {"type-based": 3.20869001527888e-32, "geo-based": 0.9999999958464874, "mixed": 4.153512677466569e-09, "none": 5.919285550671084e-24}, "22": {"type-based": 2.8906898533425987e-34, "geo-based": 0.9999999989740993, "mixed": 1.0259007499177675e-09, "none": 2.135948334696586e-25}, "23": {"type-based": 6.233153212562318e-36, "geo-based": 0.9999999996253053, "mixed": 3.746947818480391e-10, "none": 1.2509832755143795e-26}, "24": {"type-based": 3.43576367470822e-37, "geo-based": 0.9999999995059679, "mixed": 4.94032096727281e-10, "none": 5.194687135261918e-28}, "25": {"type-based": 2.1797714894127536e-38, "geo-based": 0.9999999993385362, "mixed": 6.614637209566604e-10, "none": 2.4424219128525064e-29}, "26": {"type-based": 1.4168418210095618e-39, "geo-based": 0.9999999991032624, "mixed": 8.967374686583964e-10, "none": 1.1600815020413067e-30}, "27": {"type-based": 4.2248260039043276e-41, "geo-based": 0.9999999994733344, "mixed": 5.266656369537673e-10, "none": 5.825817138849973e-32}, "28": {"type-based": 2.298617043621965e-42, "geo-based": 0.9999999992907671, "mixed": 7.092329735562133e-10, "none": 2.3261978375194997e-33}, "29": {"type-based": 1.1913308999136373e-43, "geo-based": 0.9999999990346784, "mixed": 9.653216808111463e-10, "none": 8.745485877415941e-35}, "30": {"type-based": 6.379964784814075e-45, "geo-based": 0.9999999986736448, "mixed": 1.326355241206634e-09, "none": 3.3625168171040014e-36}, "31": {"type-based": 1.878081724266072e-46, "geo-based": 0.9999999992432715, "mixed": 7.56728476086298e-10, "none": 1.7099397516354566e-37}, "32": {"type-based": 1.0276496106491779e-47, "geo-based": 0.9999999989675112, "mixed": 1.0324887432000156e-09, "none": 6.748864432244421e-39}}