{"0": {"type-based": 0.25, "geo-based": 0.25, "mixed": 0.25, "none": 0.25}, "1": {"type-based": 0.25, "geo-based": 0.25, "mixed": 0.25, "none": 0.25}, "2": {"type-based": 0.25, "geo-based": 0.25, "mixed": 0.25, "none": 0.25}, "3": {"type-based": 0.00029464611659157567, "geo-based": 0.8107552902512485, "mixed": 0.0012357195708540723, "none": 0.18771434406130585}, "4": {"type-based": 6.557128279378588e-05, "geo-based": 0.9657705916199807, "mixed": 0.0018867592986676097, "none": 0.03227707779855791}, "5": {"type-based": 1.1180791585588109e-05, "geo-based": 0.9934749538049306, "mixed": 0.002718829634719719, "none": 0.003795035768764109}, "6": {"type-based": 5.390733928642366e-10, "geo-based": 0.9996352723960326, "mixed": 1.3143116681233662e-06, "none": 0.0003634127532257533}, "7": {"type-based": 1.993146419372108e-11, "geo-based": 0.9999704885590575, "mixed": 5.874598715129759e-07, "none": 2.8923961139480285e-05}, "8": {"type-based": 1.8485891417045278e-12, "geo-based": 0.9999971857491513, "mixed": 7.37343564396879e-07, "none": 2.076905435829621e-06}, "9": {"type-based": 8.11331594878136e-14, "geo-based": 0.9999993806433017, "mixed": 4.858942410687547e-07, "none": 1.3346237623151456e-07}, "10": {"type-based": 4.5267326757228755e-15, "geo-based": 0.9999995338075098, "mixed": 4.5850446004410883e-07, "none": 7.6880258085482e-09}, "11": {"type-based": 2.8276981201153254e-16, "geo-based": 0.9999994472862077, "mixed": 5.523216477670512e-07, "none": 3.9214431852880894e-10}, "12": {"type-based": 1.6970353635961823e-17, "geo-based": 0.9999993019933773, "mixed": 6.979883948681924e-07, "none": 1.822788411409775e-11}, "13": {"type-based": 1.0675973221419911e-18, "geo-based": 0.9999990872394433, "mixed": 9.127597007612468e-07, "none": 8.560141502853247e-13}, "14": {"type-based": 7.043242945464048e-20, "geo-based": 0.999998774351233, "mixed": 1.2256487260239923e-06, "none": 4.1026988223428395e-14}, "15": {"type-based": 4.157369764910743e-21, "geo-based": 0.9999983175850368, "mixed": 1.6824149615327303e-06, "none": 1.7229387324598943e-15}, "16": {"type-based": 1.056915247696635e-22, "geo-based": 0.9999989559330867, "mixed": 1.0440669133543006e-06, "none": 6.895731391274265e-17}, "17": {"type-based": 6.631410108679394e-25, "geo-based": 0.9999998412059551, "mixed": 1.5879404485603213e-07, "none": 2.7953973519435514e-18}, "18": {"type-based": 8.322660057466182e-27, "geo-based": 0.9999999524911141, "mixed": 4.750888589867065e-08, "none": 1.1578292715153577e-19}, "19": {"type-based": 1.4425331101250325e-28, "geo-based": 0.9999999790439573, "mixed": 2.0956042577920104e-08, "none": 4.507222823359538e-21}, "20": {"type-based": 7.006945897742347e-30, "geo-based": 0.9999999727461378, "mixed": 2.7253862141473864e-08, "none": 1.6725743607816537e-22}, "21": {"type-based": 3.2925638658162454e-31, "geo-based": 0.9999999638584232, "mixed": 3.6141576891620666e-08, "none": 5.88046721265517e-24}, "22": {"type-based": 1.5524359453212786e-32, "geo-based": 0.9999999512699799, "mixed": 4.873002000515253e-08, "none": 2.038743416357757e-25}, "23": {"type-based": 6.824297664825205e-34, "geo-based": 0.9999999333512593, "mixed": 6.664874082497778e-08, "none": 6.493588262647564e-27}, "24": {"type-based": 3.639589294395778e-35, "geo-based": 0.9999999076829195, "mixed": 9.231708064816558e-08, "none": 2.477837009544981e-28}, "25": {"type-based": 6.769379231418905e-37, "geo-based": 0.9999999630797656, "mixed": 3.692023430195621e-08, "none": 1.141291546101871e-29}, "26": {"type-based": 2.2160298317604336e-38, "geo-based": 0.999999981783393, "mixed": 1.8216607108481843e-08, "none": 7.504084934579999e-31}, "27": {"type-based": 5.940927488350161e-40, "geo-based": 0.9999999894136319, "mixed": 1.0586368101659908e-08, "none": 3.423848597622626e-32}, "28": {"type-based": 2.9140345844271707e-41, "geo-based": 0.9999999858947108, "mixed": 1.4105289175854112e-08, "none": 1.2452882031523534e-33}, "29": {"type-based": 7.556888982077638e-43, "geo-based": 0.9999999911324801, "mixed": 8.867520062943372e-09, "none": 5.068554739343523e-35}, "30": {"type-based": 2.090338133698536e-44, "geo-based": 0.9999999937322588, "mixed": 6.267741261769045e-09, "none": 1.955031243535621e-36}, "31": {"type-based": 6.098007418947294e-46, "geo-based": 0.999999995096079, "mixed": 4.9039210197487e-09, "none": 7.176121353570162e-38}, "32": {"type-based": 2.385326404639104e-47, "geo-based": 0.9999999937071471, "mixed": 6.292852941990251e-09, "none": 2.15081800758032e-39}}