{"0": {"type-based": 0.25, "geo-based": 0.25, "mixed": 0.25, "none": 0.25}, "1": {"type-based": 0.25, "geo-based": 0.25, "mixed": 0.25, "none": 0.25}, "2": {"type-based": 0.25, "geo-based": 0.25, "mixed": 0.25, "none": 0.25}, "3": {"type-based": 0.15351811177116312, "geo-based": 0.3213839396942886, "mixed": 0.40608887005072464, "none": 0.11900907848382368}, "4": {"type-based": 0.05514994261656005, "geo-based": 0.32704623944101874, "mixed": 0.588269004284724, "none": 0.029534813657697164}, "5": {"type-based": 1.7630390573029097e-05, "geo-based": 0.9803348189352917, "mixed": 0.0008708157504702216, "none": 0.018776734923665096}, "6": {"type-based": 1.3293995646055887e-09, "geo-based": 0.996990878010828, "mixed": 4.0899682717787485e-07, "none": 0.0030087116629450377}, "7": {"type-based": 2.358002826843394e-10, "geo-based": 0.9996162619704455, "mixed": 5.569942050018053e-07, "none": 0.00038318079954927407}, "8": {"type-based": 3.636500834933494e-11, "geo-based": 0.9999584353165462, "mixed": 7.83417693038921e-07, "none": 4.078122939585816e-05}, "9": {"type-based": 6.687558020411574e-12, "geo-based": 0.9999938272649918, "mixed": 1.1227188590007953e-06, "none": 5.050009461745389e-06}, "10": {"type-based": 1.5172906058226274e-12, "geo-based": 0.9999976075224554, "mixed": 1.633759506391124e-06, "none": 7.587165208642021e-07}, "11": {"type-based": 3.3497895960431806e-13, "geo-based": 0.9999974754714916, "mixed": 2.41494301642718e-06, "none": 1.0958515667867716e-07}, "12": {"type-based": 5.954187883962638e-14, "geo-based": 0.9999963704509891, "mixed": 3.616922227303378e-06, "none": 1.2626724106649036e-08}, "13": {"type-based": 9.691256194688486e-15, "geo-based": 0.9999945309767778, "mixed": 5.4677005359195476e-06, "none": 1.3226764471552561e-09}, "14": {"type-based": 1.4612706992093855e-15, "geo-based": 0.9999916703635088, "mixed": 8.329508877836216e-06, "none": 1.2761166267043224e-10}, "15": {"type-based": 2.058698615873779e-16, "geo-based": 0.9999872280335255, "mixed": 1.2771955025288292e-05, "none": 1.1448970668330248e-11}, "16": {"type-based": 2.7292506362151095e-17, "geo-based": 0.9999803073702589, "mixed": 1.969262877835282e-05, "none": 9.627125878645067e-13}, "17": {"type-based": 5.121338190065949e-18, "geo-based": 0.9999694874435577, "mixed": 3.0512556328134526e-05, "none": 1.1419398014175712e-13}, "18": {"type-based": 8.97250677250306e-19, "geo-based": 0.9999523553841675, "mixed": 4.764461581977582e-05, "none": 1.2609952999510569e-14}, "19": {"type-based": 1.2413831809007705e-19, "geo-based": 0.9999250998411607, "mixed": 7.4900158838207e-05, "none": 1.0968436265386636e-15}, "20": {"type-based": 1.1226526896778992e-21, "geo-based": 0.9999926039547068, "mixed": 7.396045293183523e-06, "none": 9.946517947277667e-17}, "21": {"type-based": 1.5438683893026872e-22, "geo-based": 0.9999884870389915, "mixed": 1.151296100857128e-05, "none": 8.724596383426463e-18}, "22": {"type-based": 1.1461163761854314e-24, "geo-based": 0.9999989398919414, "mixed": 1.0601080586262098e-06, "none": 6.996018700468172e-19}, "23": {"type-based": 2.318186093555757e-25, "geo-based": 0.9999983499039465, "mixed": 1.6500960533728616e-06, "none": 9.024221916207771e-20}, "24": {"type-based": 2.1009522358799968e-27, "geo-based": 0.9999998561334342, "mixed": 1.4386656562032083e-07, "none": 9.353857527854505e-21}, "25": {"type-based": 3.4699113391167454e-29, "geo-based": 0.9999999751675863, "mixed": 2.4832413788393657e-08, "none": 8.94405622852913e-22}, "26": {"type-based": 4.374185819731355e-30, "geo-based": 0.9999999618793091, "mixed": 3.812069082690769e-08, "none": 7.361757984692977e-23}, "27": {"type-based": 2.907582058464593e-35, "geo-based": 0.9999999999969025, "mixed": 3.0975023465702037e-12, "none": 6.048217392621978e-24}, "28": {"type-based": 2.0737280466006324e-40, "geo-based": 0.9999999999999998, "mixed": 2.517095820601829e-16, "none": 5.342443250521031e-25}, "29": {"type-based": 2.8906557880349586e-42, "geo-based": 1.0, "mixed": 4.0976029463517215e-17, "none": 4.618213948706153e-26}, "30": {"type-based": 6.322669272779876e-44, "geo-based": 1.0, "mixed": 9.905440362871397e-18, "none": 4.2227409918171616e-27}, "31": {"type-based": 9.020939408329213e-45, "geo-based": 1.0, "mixed": 1.499165843689474e-17, "none": 4.0313489391391495e-28}, "32": {"type-based": 1.2585726464411993e-45, "geo-based": 1.0, "mixed": 2.2834160308408424e-17, "none": 3.745760224331348e-29}, "33": {"type-based": 1.7770842366924275e-46, "geo-based": 1.0, "mixed": 3.4980448315416234e-17, "none": 3.507335366329528e-30}, "34": {"type-based": 1.1048989285296072e-51, "geo-based": 1.0, "mixed": 2.448633438041533e-21, "none": 3.1691890553300565e-31}, "35": {"type-based": 2.535901781102019e-53, "geo-based": 1.0, "mixed": 5.149736273392726e-22, "none": 3.523099600311616e-32}, "36": {"type-based": 3.282888942132047e-54, "geo-based": 1.0, "mixed": 7.880217357114451e-22, "none": 3.0415414894019322e-33}, "37": {"type-based": 3.5482017970441535e-56, "geo-based": 1.0, "mixed": 1.055097636433407e-22, "none": 2.5099994772600604e-34}, "38": {"type-based": 4.668925494621943e-57, "geo-based": 1.0, "mixed": 1.6170858664377804e-22, "none": 2.1981363291924323e-35}, "39": {"type-based": 5.996349067454211e-58, "geo-based": 1.0, "mixed": 2.4917927054905725e-22, "none": 1.8719097771453277e-36}, "40": {"type-based": 7.525778927077037e-59, "geo-based": 1.0, "mixed": 3.858868168185455e-22, "none": 1.5524635321494562e-37}, "41": {"type-based": 8.999986654575569e-60, "geo-based": 1.0, "mixed": 6.003802007022531e-22, "none": 1.222940489665473e-38}, "42": {"type-based": 1.7321331581152335e-61, "geo-based": 1.0, "mixed": 1.390107258003227e-22, "none": 1.0432041174839357e-39}, "43": {"type-based": 2.3677374609494726e-62, "geo-based": 1.0, "mixed": 2.15740937357105e-22, "none": 9.437588706777456e-41}, "44": {"type-based": 4.578255380796086e-63, "geo-based": 1.0, "mixed": 3.36302031824543e-22, "none": 1.2041074434295118e-41}, "45": {"type-based": 6.014051850761121e-64, "geo-based": 1.0, "mixed": 5.266387159970145e-22, "none": 1.0407696436777314e-42}, "46": {"type-based": 8.495608064406206e-65, "geo-based": 1.0, "mixed": 8.277747891478652e-22, "none": 9.64865080069575e-44}, "47": {"type-based": 1.5942204740438667e-66, "geo-based": 1.0, "mixed": 1.6851674155325144e-22, "none": 9.184287286871846e-45}, "48": {"type-based": 2.0422116147924495e-67, "geo-based": 1.0, "mixed": 2.639569904110119e-22, "none": 7.766211951762586e-46}, "49": {"type-based": 2.3563992028477117e-68, "geo-based": 1.0, "mixed": 4.148232510459849e-22, "none": 5.900140793260004e-47}, "50": {"type-based": 5.483991840892487e-69, "geo-based": 1.0, "mixed": 6.539601694093455e-22, "none": 9.019311570075662e-48}}