{"0": {"type-based": 0.25, "geo-based": 0.25, "mixed": 0.25, "none": 0.25}, "1": {"type-based": 0.25, "geo-based": 0.25, "mixed": 0.25, "none": 0.25}, "2": {"type-based": 0.25, "geo-based": 0.25, "mixed": 0.25, "none": 0.25}, "3": {"type-based": 0.15351811177116312, "geo-based": 0.3213839396942886, "mixed": 0.40608887005072464, "none": 0.11900907848382368}, "4": {"type-based": 0.05514994261656005, "geo-based": 0.32704623944101874, "mixed": 0.588269004284724, "none": 0.029534813657697164}, "5": {"type-based": 1.7630390573029097e-05, "geo-based": 0.9803348189352917, "mixed": 0.0008708157504702216, "none": 0.018776734923665096}, "6": {"type-based": 3.928246561799583e-06, "geo-based": 0.9958076329160019, "mixed": 0.0012259427805672734, "none": 0.002962496056868923}, "7": {"type-based": 7.308259618405515e-07, "geo-based": 0.9978664266022046, "mixed": 0.001756581823558237, "none": 0.0003762607482752005}, "8": {"type-based": 1.983530984631936e-08, "geo-based": 0.9994538826816985, "mixed": 0.0005120461816449951, "none": 3.4051301346426365e-05}, "9": {"type-based": 2.2026754541997067e-09, "geo-based": 0.9992922406529313, "mixed": 0.000705105913247135, "none": 2.6512311460853032e-06}, "10": {"type-based": 2.6826881960556685e-10, "geo-based": 0.9990125433276489, "mixed": 0.0009872351075282666, "none": 2.212965538924454e-07}, "11": {"type-based": 2.7762549584115028e-11, "geo-based": 0.9985979664201321, "mixed": 0.0014020181151273463, "none": 1.5436977978538016e-08}, "12": {"type-based": 2.750506195622394e-12, "geo-based": 0.9979920331003166, "mixed": 0.0020079658789803655, "none": 1.0179525263675967e-09}, "13": {"type-based": 2.473696110890162e-13, "geo-based": 0.9971111331062856, "mixed": 0.0028888668331337715, "none": 6.033333421453113e-11}, "14": {"type-based": 2.071417034706097e-18, "geo-based": 0.9999995815707236, "mixed": 4.184259733145861e-07, "none": 3.303194118265601e-12}, "15": {"type-based": 1.862258121632795e-20, "geo-based": 0.9999999399956507, "mixed": 6.000415420462872e-08, "none": 1.9484898246247478e-13}, "16": {"type-based": 3.284387241766045e-21, "geo-based": 0.9999999158738531, "mixed": 8.412612377694958e-08, "none": 2.303658199520838e-14}, "17": {"type-based": 3.216378726247063e-22, "geo-based": 0.9999998804976794, "mixed": 1.1950231908273013e-07, "none": 1.4991697918263677e-15}, "18": {"type-based": 4.532119186816819e-23, "geo-based": 0.9999998290893489, "mixed": 1.7091065077910762e-07, "none": 1.393557560520834e-16}, "19": {"type-based": 5.8732188520541176e-24, "geo-based": 0.999999753271714, "mixed": 2.4672828593366643e-07, "none": 1.1839424690194561e-17}, "20": {"type-based": 8.4084968016564e-25, "geo-based": 0.9999996408918574, "mixed": 3.591081425980557e-07, "none": 1.105268887879719e-18}, "21": {"type-based": 1.800348121194676e-25, "geo-based": 0.9999994726888798, "mixed": 5.273111203196504e-07, "none": 1.535913539707221e-19}, "22": {"type-based": 2.5606506536700368e-26, "geo-based": 0.9999992171351291, "mixed": 7.82864870842345e-07, "none": 1.411995393225652e-20}, "23": {"type-based": 2.1849214804687663e-28, "geo-based": 0.999999931089229, "mixed": 6.891077104782831e-08, "none": 1.3177954957497298e-21}, "24": {"type-based": 3.475057887475872e-30, "geo-based": 0.9999999878898295, "mixed": 1.2110170438467378e-08, "none": 1.1499211641362978e-22}, "25": {"type-based": 4.749455697272779e-31, "geo-based": 0.9999999819521338, "mixed": 1.8047866262988815e-08, "none": 1.0176319977724469e-23}, "26": {"type-based": 6.787200923379953e-33, "geo-based": 0.9999999969912086, "mixed": 3.0087915362804584e-09, "none": 8.44096748884716e-25}, "27": {"type-based": 1.0293742635847204e-33, "geo-based": 0.9999999955359307, "mixed": 4.464069238817085e-09, "none": 8.379924016222147e-26}, "28": {"type-based": 1.9429909687134397e-35, "geo-based": 0.9999999992972843, "mixed": 7.027156712521219e-10, "none": 9.793657321171129e-27}, "29": {"type-based": 5.093587512659675e-37, "geo-based": 0.9999999998353217, "mixed": 1.6467819063871097e-10, "none": 1.0716165669941435e-27}, "30": {"type-based": 1.6647163015229838e-38, "geo-based": 0.9999999999489475, "mixed": 5.1052399173748883e-11, "none": 1.108399894427089e-28}, "31": {"type-based": 2.9357970191663997e-39, "geo-based": 0.9999999999254401, "mixed": 7.455997788847505e-11, "none": 1.316637533381536e-29}, "32": {"type-based": 1.7949210418346673e-44, "geo-based": 0.9999999999999944, "mixed": 5.493001689729097e-15, "none": 1.0790684275715178e-30}, "33": {"type-based": 1.2094837183897347e-49, "geo-based": 1.0, "mixed": 4.0491420949170665e-19, "none": 9.765174852905119e-32}, "34": {"type-based": 7.82937719272528e-52, "geo-based": 1.0, "mixed": 2.9923135838865795e-20, "none": 8.496260493613834e-33}, "35": {"type-based": 1.6534201415575137e-53, "geo-based": 1.0, "mixed": 6.6381956796028764e-21, "none": 8.058411555460176e-34}, "36": {"type-based": 3.883269670383869e-55, "geo-based": 1.0, "mixed": 1.4581913661809724e-21, "none": 8.606554497317945e-35}, "37": {"type-based": 5.904364599994013e-56, "geo-based": 1.0, "mixed": 2.1285296824418562e-21, "none": 8.948079200813107e-36}, "38": {"type-based": 2.605551791411163e-57, "geo-based": 1.0, "mixed": 7.456865609312404e-22, "none": 1.1277584947829794e-36}, "39": {"type-based": 3.4805721106450974e-58, "geo-based": 1.0, "mixed": 1.0889316636805097e-21, "none": 1.0343550538925778e-37}, "40": {"type-based": 4.591670217200941e-59, "geo-based": 1.0, "mixed": 1.601080124739734e-21, "none": 9.319211660075818e-39}, "41": {"type-based": 6.200963085060071e-60, "geo-based": 1.0, "mixed": 2.368930309224655e-21, "none": 8.55331187797064e-40}, "42": {"type-based": 3.3148146265414044e-65, "geo-based": 1.0, "mixed": 1.468888651294552e-25, "none": 7.424639112172624e-41}, "43": {"type-based": 4.358236718300949e-66, "geo-based": 1.0, "mixed": 2.187917622761889e-25, "none": 6.605520696140884e-42}, "44": {"type-based": 5.591135686891497e-67, "geo-based": 1.0, "mixed": 3.278050652973459e-25, "none": 5.710412334520985e-43}, "45": {"type-based": 1.8149765090148516e-68, "geo-based": 1.0, "mixed": 1.1397225551262586e-25, "none": 5.391375103058413e-44}, "46": {"type-based": 2.6948451604391934e-69, "geo-based": 1.0, "mixed": 1.7056237193197536e-25, "none": 5.415472891243867e-45}, "47": {"type-based": 5.7516529920669446e-70, "geo-based": 1.0, "mixed": 2.566607610659203e-25, "none": 7.789294332236312e-46}, "48": {"type-based": 1.7182614944315706e-70, "geo-based": 1.0, "mixed": 3.884281967664013e-25, "none": 1.5625718274690883e-46}, "49": {"type-based": 3.802424162197398e-72, "geo-based": 1.0, "mixed": 8.154785487475571e-26, "none": 1.6774354230563024e-47}, "50": {"type-based": 1.0072984931454799e-73, "geo-based": 1.0, "mixed": 2.1250047345336377e-26, "none": 1.7395889359450127e-48}, "51": {"type-based": 1.2830646554781043e-74, "geo-based": 1.0, "mixed": 3.1887269718692314e-26, "none": 1.5087206913125346e-49}, "52": {"type-based": 1.579394650662186e-75, "geo-based": 1.0, "mixed": 4.8073247346460206e-26, "none": 1.2598981682625972e-50}, "53": {"type-based": 2.0544414602734662e-76, "geo-based": 1.0, "mixed": 7.278094124628866e-26, "none": 1.1079822199272434e-51}, "54": {"type-based": 7.083257728829736e-78, "geo-based": 1.0, "mixed": 2.0745538047593928e-26, "none": 1.3727911323616525e-52}}