{"0": {"type-based": 0.25, "geo-based": 0.25, "mixed": 0.25, "none": 0.25}, "1": {"type-based": 0.25, "geo-based": 0.25, "mixed": 0.25, "none": 0.25}, "2": {"type-based": 0.25, "geo-based": 0.25, "mixed": 0.25, "none": 0.25}, "3": {"type-based": 0.00029464611659157567, "geo-based": 0.8107552902512485, "mixed": 0.0012357195708540723, "none": 0.18771434406130585}, "4": {"type-based": 8.102154290238632e-05, "geo-based": 0.9581647009130708, "mixed": 0.0018719001953355853, "none": 0.03988237734869135}, "5": {"type-based": 1.6755391503482988e-05, "geo-based": 0.9915811989489012, "mixed": 0.0027148535150490626, "none": 0.005687192144546131}, "6": {"type-based": 2.657070374225441e-06, "geo-based": 0.9954636477844504, "mixed": 0.003936811981610379, "none": 0.0005968831635650965}, "7": {"type-based": 3.231188319728246e-07, "geo-based": 0.994185575974298, "mixed": 0.00576706848541766, "none": 4.703242145242523e-05}, "8": {"type-based": 3.453563589108166e-08, "geo-based": 0.9914791935063473, "mixed": 0.008517556527165925, "none": 3.215430851046453e-06}, "9": {"type-based": 5.560988922723678e-13, "geo-based": 0.9999976669675584, "mixed": 2.1360158506601216e-06, "none": 1.9701603512521984e-07}, "10": {"type-based": 7.624978654327047e-15, "geo-based": 0.9999994757914666, "mixed": 5.134843513346362e-07, "none": 1.0724174433265125e-08}, "11": {"type-based": 5.596339275116431e-16, "geo-based": 0.9999992830271032, "mixed": 7.16429564900595e-07, "none": 5.433311311956125e-10}, "12": {"type-based": 1.1122680574179409e-17, "geo-based": 0.99999970930368, "mixed": 2.906706923307141e-07, "none": 2.5627650221018078e-11}, "13": {"type-based": 2.955491958984479e-19, "geo-based": 0.9999998278565209, "mixed": 1.721423633539444e-07, "none": 1.1158436236530534e-12}, "14": {"type-based": 1.60419789975564e-20, "geo-based": 0.9999997683549223, "mixed": 2.3164503368888742e-07, "none": 4.400023511234237e-14}, "15": {"type-based": 9.402495582433663e-22, "geo-based": 0.999999681658469, "mixed": 3.1834152916985993e-07, "none": 1.8348239694481277e-15}, "16": {"type-based": 2.370866471144785e-23, "geo-based": 0.9999998022057002, "mixed": 1.9779429988383216e-07, "none": 7.283621238118121e-17}, "17": {"type-based": 1.475247131928341e-25, "geo-based": 0.9999999698818718, "mixed": 3.011812819846712e-08, "none": 2.9282120761097707e-18}, "18": {"type-based": 1.8419684221614633e-27, "geo-based": 0.9999999909797, "mixed": 9.020299986712383e-09, "none": 1.2066036517795484e-19}, "19": {"type-based": 9.610597921320497e-29, "geo-based": 0.9999999880552118, "mixed": 1.1944788151343885e-08, "none": 4.7142104505274375e-21}, "20": {"type-based": 4.825944454408341e-30, "geo-based": 0.9999999838939162, "mixed": 1.610608378243143e-08, "none": 1.73890476151423e-22}, "21": {"type-based": 2.3340441621445168e-31, "geo-based": 0.9999999779453375, "mixed": 2.2054662448466848e-08, "none": 6.079831064841193e-24}, "22": {"type-based": 1.088285498361524e-32, "geo-based": 0.9999999693927695, "mixed": 3.060723039425839e-08, "none": 2.0218073471037977e-25}, "23": {"type-based": 5.0723500285770016e-34, "geo-based": 0.9999999570201615, "mixed": 4.297983839555156e-08, "none": 6.643348208589956e-27}, "24": {"type-based": 7.531527321754193e-36, "geo-based": 0.9999999869283305, "mixed": 1.3071669509545666e-08, "none": 3.2119833515232327e-28}, "25": {"type-based": 3.804867257267279e-37, "geo-based": 0.999999981693846, "mixed": 1.8306153968401672e-08, "none": 1.1483297981075293e-29}, "26": {"type-based": 2.8215683605137807e-38, "geo-based": 0.9999999741248948, "mixed": 2.587510513542895e-08, "none": 5.968834466191444e-31}, "27": {"type-based": 7.635929755644386e-40, "geo-based": 0.9999999885005803, "mixed": 1.1499419645520354e-08, "none": 3.592075587090641e-32}, "28": {"type-based": 1.7341184844087017e-41, "geo-based": 0.9999999939693835, "mixed": 6.030616496339417e-09, "none": 1.5346738121945622e-33}, "29": {"type-based": 8.234606355099065e-43, "geo-based": 0.9999999916985437, "mixed": 8.301456430175002e-09, "none": 5.218545634637898e-35}, "30": {"type-based": 4.02496968688385e-44, "geo-based": 0.9999999884801282, "mixed": 1.1519871878119012e-08, "none": 1.8101150283413717e-36}, "31": {"type-based": 1.8998714070677682e-45, "geo-based": 0.9999999838998932, "mixed": 1.6100106673945678e-08, "none": 6.014216244401253e-38}, "32": {"type-based": 8.178005832152156e-47, "geo-based": 0.9999999773534923, "mixed": 2.26465076091711e-08, "none": 1.808983189731459e-39}, "33": {"type-based": 3.4667995856176125e-48, "geo-based": 0.9999999679544699, "mixed": 3.204552998183031e-08, "none": 5.323129038082962e-41}, "34": {"type-based": 1.5181753747317272e-49, "geo-based": 0.999999954402207, "mixed": 4.559779312343599e-08, "none": 1.608377585946344e-42}, "35": {"type-based": 6.077842911544567e-51, "geo-based": 0.9999999347976172, "mixed": 6.5202382791528e-08, "none": 4.41819281430074e-44}}