{"0": {"type-based": 0.25, "geo-based": 0.25, "mixed": 0.25, "none": 0.25}, "1": {"type-based": 0.25, "geo-based": 0.25, "mixed": 0.25, "none": 0.25}, "2": {"type-based": 0.25, "geo-based": 0.25, "mixed": 0.25, "none": 0.25}, "3": {"type-based": 0.15130386421487813, "geo-based": 0.3231204757191906, "mixed": 0.4082830928013266, "none": 0.11729256726460456}, "4": {"type-based": 7.88274758154175e-05, "geo-based": 0.914628717064226, "mixed": 0.0008202411218709883, "none": 0.08447221433808765}, "5": {"type-based": 2.1781599266193706e-05, "geo-based": 0.982285123074711, "mixed": 0.0012215045746894388, "none": 0.01647159075133335}, "6": {"type-based": 5.023915574864448e-06, "geo-based": 0.9956449473250506, "mixed": 0.0017947684133907836, "none": 0.0025552603459838897}, "7": {"type-based": 2.683638235155624e-10, "geo-based": 0.9996410622424434, "mixed": 6.677360264146917e-07, "none": 0.0003582697531663737}, "8": {"type-based": 5.5325770544083126e-11, "geo-based": 0.9999480888974072, "mixed": 9.391441097989222e-07, "none": 5.0971903157123426e-05}, "9": {"type-based": 1.3361609841428045e-11, "geo-based": 0.9999903595574859, "mixed": 1.3512758660854226e-06, "none": 8.289153286518557e-06}, "10": {"type-based": 3.1038543978128368e-12, "geo-based": 0.9999967417738626, "mixed": 1.9831388229769027e-06, "none": 1.2750842106193496e-06}, "11": {"type-based": 5.859066741143198e-13, "geo-based": 0.9999968859854267, "mixed": 2.956547041418762e-06, "none": 1.57466945918395e-07}, "12": {"type-based": 1.0090339069548317e-13, "geo-based": 0.9999955249397445, "mixed": 4.4574808913869385e-06, "none": 1.7579263365188365e-08}, "13": {"type-based": 1.4521522666792393e-15, "geo-based": 0.9999992444431935, "mixed": 7.540927103223734e-07, "none": 1.4640946127925575e-09}, "14": {"type-based": 1.6092356813368007e-16, "geo-based": 0.9999988892636987, "mixed": 1.1106288418943149e-06, "none": 1.0745925716796772e-10}, "15": {"type-based": 1.5376572775468448e-17, "geo-based": 0.9999983575845569, "mixed": 1.6424086997037635e-06, "none": 6.743200776785787e-12}, "16": {"type-based": 1.388982891068751e-18, "geo-based": 0.9999975589384547, "mixed": 2.441061148169706e-06, "none": 3.9723494558155876e-13}, "17": {"type-based": 1.3320704952386518e-19, "geo-based": 0.9999963623511174, "mixed": 3.6376488578638845e-06, "none": 2.4698661865483845e-14}, "18": {"type-based": 8.903275088436494e-22, "geo-based": 0.9999995822051075, "mixed": 4.1779489116804217e-07, "none": 1.383140476180529e-15}, "19": {"type-based": 1.1058116036799443e-23, "geo-based": 0.9999999048654318, "mixed": 9.513456826685367e-08, "none": 7.22589403451284e-17}, "20": {"type-based": 6.294929160667259e-26, "geo-based": 0.9999999892483341, "mixed": 1.075166594555094e-08, "none": 3.470879276106836e-18}, "21": {"type-based": 5.0959074250878476e-27, "geo-based": 0.9999999844969281, "mixed": 1.5503071840418364e-08, "none": 1.8548980483207053e-19}, "22": {"type-based": 3.9452171343709255e-28, "geo-based": 0.9999999775321103, "mixed": 2.2467889777311876e-08, "none": 9.425052036193897e-21}, "23": {"type-based": 4.2274009923282864e-29, "geo-based": 0.9999999672984459, "mixed": 3.270155421977782e-08, "none": 6.5946402591767315e-22}, "24": {"type-based": 4.856617869490331e-30, "geo-based": 0.9999999520704937, "mixed": 4.792950638898229e-08, "none": 4.9250859143598436e-23}, "25": {"type-based": 4.606992242460885e-31, "geo-based": 0.99999992926669, "mixed": 7.07333100481531e-08, "none": 3.0250896371265102e-24}, "26": {"type-based": 4.198108783633281e-32, "geo-based": 0.9999998950812764, "mixed": 1.0491872363966995e-07, "none": 1.778605045877169e-25}, "27": {"type-based": 6.647669961477108e-33, "geo-based": 0.9999998436725506, "mixed": 1.5632744931963128e-07, "none": 1.811430019451259e-26}, "28": {"type-based": 7.335548423960747e-34, "geo-based": 0.9999997652905264, "mixed": 2.3470947351923774e-07, "none": 1.2819358999674798e-27}, "29": {"type-based": 8.543960364591136e-36, "geo-based": 0.9999999662620565, "mixed": 3.373794348617903e-08, "none": 1.0023934667466481e-28}, "30": {"type-based": 9.996936529415971e-37, "geo-based": 0.9999999495492456, "mixed": 5.0450754387404846e-08, "none": 7.596544403613897e-30}, "31": {"type-based": 1.4289422327592888e-38, "geo-based": 0.9999999896562178, "mixed": 1.0343782151385935e-08, "none": 5.141012720212265e-31}, "32": {"type-based": 1.920594948758406e-39, "geo-based": 0.9999999844852794, "mixed": 1.5514720532496805e-08, "none": 4.471836741903083e-32}, "33": {"type-based": 3.859411878139671e-41, "geo-based": 0.9999999969458242, "mixed": 3.0541758572250788e-09, "none": 4.445041667345176e-33}, "34": {"type-based": 5.104793133023276e-43, "geo-based": 0.9999999996019338, "mixed": 3.9806620808696986e-10, "none": 4.4112530220150865e-34}, "35": {"type-based": 9.071398425120143e-44, "geo-based": 0.999999999407313, "mixed": 5.926869940125062e-10, "none": 5.163137699882461e-35}, "36": {"type-based": 4.404768794996785e-49, "geo-based": 0.9999999999999629, "mixed": 3.7033261218603234e-14, "none": 3.950103586343439e-36}, "37": {"type-based": 2.41136704416821e-54, "geo-based": 1.0, "mixed": 2.315815790637062e-18, "none": 3.4126072686114894e-37}, "38": {"type-based": 3.8856390691527376e-56, "geo-based": 1.0, "mixed": 4.353074758677821e-19, "none": 2.896139850920644e-38}, "39": {"type-based": 1.4607749491759968e-57, "geo-based": 1.0, "mixed": 1.0833305047370844e-19, "none": 4.338126350386927e-39}, "40": {"type-based": 2.3318815194673765e-58, "geo-based": 1.0, "mixed": 1.6086300073996916e-19, "none": 4.639005736174081e-40}, "41": {"type-based": 5.64018676392611e-60, "geo-based": 1.0, "mixed": 3.8474036807728406e-20, "none": 4.678964762780243e-41}, "42": {"type-based": 1.1268528894340409e-61, "geo-based": 1.0, "mixed": 9.181004340492117e-21, "none": 3.9051212203877726e-42}, "43": {"type-based": 6.379421309275605e-67, "geo-based": 1.0, "mixed": 5.43166501317249e-25, "none": 3.732397513037331e-43}, "44": {"type-based": 9.185118131654643e-68, "geo-based": 1.0, "mixed": 8.043665508528944e-25, "none": 3.629436509918304e-44}, "45": {"type-based": 1.3252691928707302e-68, "geo-based": 1.0, "mixed": 1.198231972777434e-24, "none": 3.522865010049896e-45}, "46": {"type-based": 3.792111350390493e-70, "geo-based": 1.0, "mixed": 3.3244140336850735e-25, "none": 3.647906280666196e-46}, "47": {"type-based": 6.2372939656651375e-71, "geo-based": 1.0, "mixed": 4.949462427799849e-25, "none": 4.051967899999954e-47}, "48": {"type-based": 7.284598655097637e-72, "geo-based": 1.0, "mixed": 7.409838009301074e-25, "none": 3.184167432150872e-48}, "49": {"type-based": 8.492322329677977e-73, "geo-based": 1.0, "mixed": 1.1143487141998437e-24, "none": 2.489170847820453e-49}, "50": {"type-based": 1.0245296933652112e-73, "geo-based": 1.0, "mixed": 1.68295339965974e-24, "none": 2.007254740281416e-50}, "51": {"type-based": 1.432961588219867e-74, "geo-based": 1.0, "mixed": 2.5518739442365462e-24, "none": 1.8709383028303713e-51}, "52": {"type-based": 2.1456584233854678e-75, "geo-based": 1.0, "mixed": 3.88489904836714e-24, "none": 1.8616910286060317e-52}, "53": {"type-based": 3.34555665141876e-76, "geo-based": 1.0, "mixed": 5.9368057887466594e-24, "none": 1.9239054099274494e-53}, "54": {"type-based": 4.482187838372727e-77, "geo-based": 1.0, "mixed": 9.107602154216838e-24, "none": 1.704060280662416e-54}, "55": {"type-based": 1.0080912117621333e-78, "geo-based": 1.0, "mixed": 2.0034450559990582e-24, "none": 1.7691671732133048e-55}, "56": {"type-based": 1.9215658481735177e-79, "geo-based": 1.0, "mixed": 3.066728963589288e-24, "none": 2.240452590800624e-56}, "57": {"type-based": 5.19459644815376e-80, "geo-based": 1.0, "mixed": 4.713391113602664e-24, "none": 4.014107742620835e-57}}