{"0": {"type-based": 0.25, "geo-based": 0.25, "mixed": 0.25, "none": 0.25}, "1": {"type-based": 0.25, "geo-based": 0.25, "mixed": 0.25, "none": 0.25}, "2": {"type-based": 0.25, "geo-based": 0.25, "mixed": 0.25, "none": 0.25}, "3": {"type-based": 0.00016654803919984154, "geo-based": 0.7970406485550738, "mixed": 0.0006515445788150753, "none": 0.2021412588269112}, "4": {"type-based": 6.901189584236162e-05, "geo-based": 0.9409746182758563, "mixed": 0.001092417003823402, "none": 0.05786395282447775}, "5": {"type-based": 2.1041561012617947e-05, "geo-based": 0.9865953896116955, "mixed": 0.0016922077999927364, "none": 0.011691361027299325}, "6": {"type-based": 4.77113905717913e-06, "geo-based": 0.9957016891774836, "mixed": 0.0025740994135018997, "none": 0.001719440269957281}, "7": {"type-based": 1.8914390371295267e-10, "geo-based": 0.99978099157311, "mixed": 7.861677962580793e-07, "none": 0.00021822206994999603}, "8": {"type-based": 6.9188610150144626e-15, "geo-based": 0.9999742070831571, "mixed": 2.357187985134822e-10, "none": 2.5792681117295702e-05}, "9": {"type-based": 1.2707135778390682e-15, "geo-based": 0.9999968099050183, "mixed": 3.382736138290099e-10, "none": 3.1897567067893807e-06}, "10": {"type-based": 2.0585711132770296e-16, "geo-based": 0.9999996573213319, "mixed": 4.929286615298816e-10, "none": 3.421857391769123e-07}, "11": {"type-based": 4.0707892299863114e-17, "geo-based": 0.9999999550050218, "mixed": 7.261444743597587e-10, "none": 4.42688336978688e-08}, "12": {"type-based": 7.187567783936063e-18, "geo-based": 0.9999999938510038, "mixed": 1.0821774263907535e-09, "none": 5.066818760643446e-09}, "13": {"type-based": 1.156131995645435e-18, "geo-based": 0.9999999978473499, "mixed": 1.6281248711953245e-09, "none": 5.245250402919579e-10}, "14": {"type-based": 1.717142861750177e-19, "geo-based": 0.9999999974812641, "mixed": 2.4688874972759844e-09, "none": 4.984841797826552e-11}, "15": {"type-based": 2.6545382502048137e-20, "geo-based": 0.9999999962262547, "mixed": 3.768838001448034e-09, "none": 4.907359989578114e-12}, "16": {"type-based": 3.549468536893888e-21, "geo-based": 0.9999999942047706, "mixed": 5.794813154240714e-09, "none": 4.161997557194955e-13}, "17": {"type-based": 6.727805362209157e-22, "geo-based": 0.9999999910386054, "mixed": 8.96134467524921e-09, "none": 4.9867596086467855e-14}, "18": {"type-based": 9.684626024448356e-23, "geo-based": 0.999999986031384, "mixed": 1.3968611559383785e-08, "none": 4.5244707807280206e-15}, "19": {"type-based": 9.760473637290775e-25, "geo-based": 0.9999999985403061, "mixed": 1.4596934106664832e-09, "none": 4.2961669054541466e-16}, "20": {"type-based": 1.3875571737968826e-25, "geo-based": 0.9999999977467917, "mixed": 2.253208272026944e-09, "none": 3.908382973032639e-17}, "21": {"type-based": 1.1188573454094926e-27, "geo-based": 0.9999999997812554, "mixed": 2.18744482044938e-10, "none": 3.2132418219982667e-18}, "22": {"type-based": 1.0739281136736718e-32, "geo-based": 0.9999999999999789, "mixed": 2.1120230356930112e-14, "none": 3.1569204251077196e-19}, "23": {"type-based": 1.5303872823620507e-33, "geo-based": 0.9999999999999674, "mixed": 3.266598922162422e-14, "none": 2.8848729616581924e-20}, "24": {"type-based": 2.807645384286853e-35, "geo-based": 0.999999999999994, "mixed": 5.9818668179141824e-15, "none": 2.8743461487244414e-21}, "25": {"type-based": 2.51775165054348e-37, "geo-based": 0.9999999999999996, "mixed": 5.415166253155492e-16, "none": 2.8417218645208505e-22}, "26": {"type-based": 4.2771749458269663e-38, "geo-based": 0.9999999999999991, "mixed": 8.240645571749211e-16, "none": 3.172412882653041e-23}, "27": {"type-based": 3.297129877989977e-43, "geo-based": 1.0, "mixed": 7.02113213453805e-20, "none": 2.8804515480828152e-24}, "28": {"type-based": 2.4401116678270095e-45, "geo-based": 1.0, "mixed": 5.995755893905335e-21, "none": 2.513502439286072e-25}, "29": {"type-based": 5.793528671723379e-47, "geo-based": 1.0, "mixed": 1.5366885435552691e-21, "none": 2.3518600296444634e-26}, "30": {"type-based": 8.589904650297868e-48, "geo-based": 1.0, "mixed": 2.334423175809192e-21, "none": 2.323664246943096e-27}, "31": {"type-based": 1.2018505286248397e-48, "geo-based": 1.0, "mixed": 3.568911043777238e-21, "none": 2.1561986802079488e-28}, "32": {"type-based": 1.725586700945902e-49, "geo-based": 1.0, "mixed": 5.488095640920459e-21, "none": 2.0443858318549123e-29}, "33": {"type-based": 2.918352331653513e-50, "geo-based": 1.0, "mixed": 8.48409765348155e-21, "none": 2.2743472003719254e-30}, "34": {"type-based": 4.698495089616598e-51, "geo-based": 1.0, "mixed": 1.318556119996147e-20, "none": 2.4000721173782622e-31}, "35": {"type-based": 7.94518982143351e-52, "geo-based": 1.0, "mixed": 2.0592192096931466e-20, "none": 2.6515475464944657e-32}, "36": {"type-based": 1.4445876537836852e-52, "geo-based": 1.0, "mixed": 3.230576463760489e-20, "none": 3.14026149940414e-33}, "37": {"type-based": 2.2400223561640105e-53, "geo-based": 1.0, "mixed": 5.0918389481427336e-20, "none": 3.162998252991393e-34}, "38": {"type-based": 6.235695923795546e-55, "geo-based": 1.0, "mixed": 1.2400743153436202e-20, "none": 3.70736311723868e-35}, "39": {"type-based": 9.008755230018916e-56, "geo-based": 1.0, "mixed": 1.9470860502153345e-20, "none": 3.504957669560727e-36}, "40": {"type-based": 8.660300748576375e-58, "geo-based": 1.0, "mixed": 2.2751949845752634e-21, "none": 2.9671481220133574e-37}, "41": {"type-based": 3.470344020518499e-63, "geo-based": 1.0, "mixed": 1.3196697208231275e-25, "none": 2.1113559877053752e-38}, "42": {"type-based": 9.784690805939644e-64, "geo-based": 1.0, "mixed": 2.067619222352859e-25, "none": 3.9156291068621455e-39}, "43": {"type-based": 1.805851313785133e-64, "geo-based": 1.0, "mixed": 3.255148737822584e-25, "none": 4.7401075511251145e-40}, "44": {"type-based": 1.2896970911675606e-66, "geo-based": 1.0, "mixed": 3.5510122249853494e-26, "none": 3.2098037504611246e-41}, "45": {"type-based": 1.3634570326431703e-67, "geo-based": 1.0, "mixed": 5.59099126328766e-26, "none": 2.2234678033268164e-42}, "46": {"type-based": 1.3903306850668922e-68, "geo-based": 1.0, "mixed": 8.833343742445324e-26, "none": 1.4819203127766168e-43}, "47": {"type-based": 1.619752164023216e-70, "geo-based": 1.0, "mixed": 1.3554406963174278e-26, "none": 1.162969737596688e-44}}