{"0": {"type-based": 0.25, "geo-based": 0.25, "mixed": 0.25, "none": 0.25}, "1": {"type-based": 0.25, "geo-based": 0.25, "mixed": 0.25, "none": 0.25}, "2": {"type-based": 0.25, "geo-based": 0.25, "mixed": 0.25, "none": 0.25}, "3": {"type-based": 0.00029464611659157567, "geo-based": 0.8107552902512485, "mixed": 0.0012357195708540723, "none": 0.18771434406130585}, "4": {"type-based": 6.557128279378588e-05, "geo-based": 0.9657705916199807, "mixed": 0.0018867592986676097, "none": 0.03227707779855791}, "5": {"type-based": 1.1180791585588109e-05, "geo-based": 0.9934749538049306, "mixed": 0.002718829634719719, "none": 0.003795035768764109}, "6": {"type-based": 5.390733928642366e-10, "geo-based": 0.9996352723960326, "mixed": 1.3143116681233662e-06, "none": 0.0003634127532257533}, "7": {"type-based": 2.016837014442651e-11, "geo-based": 0.9999701447679973, "mixed": 5.874596695435676e-07, "none": 2.9267752164831758e-05}, "8": {"type-based": 1.868858378321131e-12, "geo-based": 0.9999971629270047, "mixed": 7.373930329422132e-07, "none": 2.0996780935064504e-06}, "9": {"type-based": 8.193963533864233e-14, "geo-based": 0.9999993792440399, "mixed": 4.859668656428431e-07, "none": 1.3478901239488376e-07}, "10": {"type-based": 5.927134479044158e-15, "geo-based": 0.999999381024342, "mixed": 6.114252128493213e-07, "none": 7.550439106638638e-09}, "11": {"type-based": 2.494398427868991e-16, "geo-based": 0.9999995192595623, "mixed": 4.803481674292593e-07, "none": 3.9227008311102977e-10}, "12": {"type-based": 1.499011089532992e-17, "geo-based": 0.9999993931953456, "mixed": 6.067863963730416e-07, "none": 1.8258146663708862e-11}, "13": {"type-based": 9.444480939040063e-19, "geo-based": 0.9999992068448453, "mixed": 7.931542959403045e-07, "none": 8.587327807269501e-13}, "14": {"type-based": 6.247801129692102e-20, "geo-based": 0.9999989354310364, "mixed": 1.064568922337313e-06, "none": 4.126963656141965e-14}, "15": {"type-based": 1.880563424028722e-21, "geo-based": 0.9999992695890644, "mixed": 7.30410933811307e-07, "none": 1.7673451169145458e-15}, "16": {"type-based": 1.004831755923571e-22, "geo-based": 0.9999990205595307, "mixed": 9.794404692507718e-07, "none": 6.917664560115926e-17}, "17": {"type-based": 6.289828584501765e-25, "geo-based": 0.999999851104008, "mixed": 1.4889599208550775e-07, "none": 2.797708400828382e-18}, "18": {"type-based": 7.861182763216938e-27, "geo-based": 0.9999999554733066, "mixed": 4.4526693397806314e-08, "none": 1.1539745654387101e-19}, "19": {"type-based": 4.111170864489193e-28, "geo-based": 0.9999999411188695, "mixed": 5.888113048264512e-08, "none": 4.519079419556532e-21}, "20": {"type-based": 2.0686209467608983e-29, "geo-based": 0.9999999207210445, "mixed": 7.927895553449046e-08, "none": 1.6703223197372303e-22}, "21": {"type-based": 1.0399513826833176e-30, "geo-based": 0.9999998916033874, "mixed": 1.0839661257642539e-07, "none": 6.070456738408193e-24}, "22": {"type-based": 6.093313702321273e-32, "geo-based": 0.9999998498153339, "mixed": 1.5018466623475118e-07, "none": 2.5367423214149213e-25}, "23": {"type-based": 9.979035382419473e-34, "geo-based": 0.9999999514468488, "mixed": 4.855315123606853e-08, "none": 1.2688287631557056e-26}, "24": {"type-based": 7.705714558210068e-35, "geo-based": 0.9999999329280892, "mixed": 6.707191093193554e-08, "none": 7.01004717152504e-28}, "25": {"type-based": 2.48399432595219e-36, "geo-based": 0.9999999666351584, "mixed": 3.3364841473826095e-08, "none": 4.477109521395512e-29}, "26": {"type-based": 6.714229663696167e-38, "geo-based": 0.999999980442723, "mixed": 1.955727692527457e-08, "none": 2.0320989260559215e-30}, "27": {"type-based": 3.524060972055959e-39, "geo-based": 0.9999999737072265, "mixed": 2.6292773488982045e-08, "none": 7.804871300287294e-32}, "28": {"type-based": 1.6767872927087987e-40, "geo-based": 0.9999999642964067, "mixed": 3.570359321667858e-08, "none": 2.6864805837325174e-33}, "29": {"type-based": 7.916009359127021e-42, "geo-based": 0.9999999510774054, "mixed": 4.892259476768483e-08, "none": 9.081997095739411e-35}, "30": {"type-based": 3.8145957927938305e-43, "geo-based": 0.9999999324109895, "mixed": 6.758901058552867e-08, "none": 3.105707156447796e-36}, "31": {"type-based": 1.6741441717292845e-44, "geo-based": 0.999999905946692, "mixed": 9.405330812030128e-08, "none": 9.594362099780236e-38}}