{"0": {"type-based": 0.25, "geo-based": 0.25, "mixed": 0.25, "none": 0.25}, "1": {"type-based": 0.25, "geo-based": 0.25, "mixed": 0.25, "none": 0.25}, "2": {"type-based": 0.25, "geo-based": 0.25, "mixed": 0.25, "none": 0.25}, "3": {"type-based": 0.00017561461935835013, "geo-based": 0.7860299045323226, "mixed": 0.000649010051689561, "none": 0.2131454707966296}, "4": {"type-based": 6.425101199679598e-05, "geo-based": 0.9449459621526936, "mixed": 0.0011176611426628302, "none": 0.053872125692646836}, "5": {"type-based": 1.9013858966250896e-05, "geo-based": 0.9876781912283567, "mixed": 0.0017380896817634135, "none": 0.010564705230913555}, "6": {"type-based": 4.4146616751134e-06, "geo-based": 0.9957436215542002, "mixed": 0.002660992116466989, "none": 0.001590971667657696}, "7": {"type-based": 9.028999507687663e-07, "geo-based": 0.995711209888814, "mixed": 0.004079587293883562, "none": 0.0002082999173517732}, "8": {"type-based": 2.6394880484381417e-11, "geo-based": 0.9999757631629309, "mixed": 1.0500866686496063e-06, "none": 2.3186724005526583e-05}, "9": {"type-based": 7.022090311522984e-16, "geo-based": 0.9999976325407656, "mixed": 2.6537862291489713e-10, "none": 2.367193855081562e-06}, "10": {"type-based": 1.1216350910507057e-16, "geo-based": 0.9999997492290784, "mixed": 3.8774455594983327e-10, "none": 2.5038317667790707e-07}, "11": {"type-based": 2.1435345023743274e-17, "geo-based": 0.9999999681227093, "mixed": 5.727405998801237e-10, "none": 3.1304550133511984e-08}, "12": {"type-based": 3.6892703000028086e-18, "geo-based": 0.9999999956516423, "mixed": 8.557370572025698e-10, "none": 3.4926206504318285e-09}, "13": {"type-based": 5.814820291509924e-19, "geo-based": 0.999999998355172, "mixed": 1.2905431429946034e-09, "none": 3.542848881478303e-10}, "14": {"type-based": 9.471680417234946e-20, "geo-based": 0.9999999980016554, "mixed": 1.961418715921628e-09, "none": 3.692576593842432e-11}, "15": {"type-based": 1.3287453398926935e-20, "geo-based": 0.9999999969914912, "mixed": 3.005209828472951e-09, "none": 3.2988168926584705e-12}, "16": {"type-based": 2.6104113787497616e-21, "geo-based": 0.9999999953652361, "mixed": 4.6343529051199985e-09, "none": 4.110597647227874e-13}, "17": {"type-based": 3.8971707946418398e-22, "geo-based": 0.9999999927922987, "mixed": 7.207662420750767e-09, "none": 3.8792876079936573e-14}, "18": {"type-based": 4.17633242436116e-24, "geo-based": 0.9999999991944724, "mixed": 8.055238905898355e-10, "none": 3.664903100107238e-15}, "19": {"type-based": 6.166727284716848e-25, "geo-based": 0.9999999987466661, "mixed": 1.2533333768380411e-09, "none": 3.4223362572329506e-16}, "20": {"type-based": 5.699535878681927e-27, "geo-based": 0.9999999998692242, "mixed": 1.3077589105240202e-10, "none": 2.989506963375936e-17}, "21": {"type-based": 8.753674749909782e-28, "geo-based": 0.99999999979854, "mixed": 2.0145994243025422e-10, "none": 2.947333671325494e-18}, "22": {"type-based": 1.8269702248740625e-29, "geo-based": 0.9999999999609337, "mixed": 3.906633955618455e-11, "none": 3.1466106652670625e-19}, "23": {"type-based": 1.8492973443490732e-31, "geo-based": 0.9999999999962572, "mixed": 3.742749884790749e-12, "none": 3.3105529248983174e-20}, "24": {"type-based": 3.295769185720412e-32, "geo-based": 0.9999999999943299, "mixed": 5.670193449130711e-12, "none": 3.8866359425225044e-21}, "25": {"type-based": 2.529863711148447e-37, "geo-based": 0.9999999999999996, "mixed": 5.09607291970143e-16, "none": 3.3256403098652102e-22}, "26": {"type-based": 2.083853502332186e-42, "geo-based": 1.0, "mixed": 4.580538533730598e-20, "none": 3.060439600112706e-23}, "27": {"type-based": 3.3456386145983755e-44, "geo-based": 1.0, "mixed": 8.248668483950344e-21, "none": 2.749302280161095e-24}, "28": {"type-based": 1.2181499087163954e-45, "geo-based": 1.0, "mixed": 2.2033152475470887e-21, "none": 3.7801472417058783e-25}, "29": {"type-based": 1.9058413410094173e-46, "geo-based": 1.0, "mixed": 3.3030075818800904e-21, "none": 3.989739021773473e-26}, "30": {"type-based": 3.167754025383322e-48, "geo-based": 1.0, "mixed": 5.549772223110428e-22, "none": 4.0018498277371955e-27}, "31": {"type-based": 4.842576384901906e-49, "geo-based": 1.0, "mixed": 8.348545968954508e-22, "none": 4.113919061492455e-28}, "32": {"type-based": 1.6864800579259446e-50, "geo-based": 1.0, "mixed": 2.664238670317288e-22, "none": 4.551824146095522e-29}, "33": {"type-based": 2.9013021352712736e-51, "geo-based": 1.0, "mixed": 4.0003298019982057e-22, "none": 5.29477709898361e-30}, "34": {"type-based": 1.9148005423574527e-56, "geo-based": 1.0, "mixed": 3.025519776576368e-26, "none": 4.701462200206584e-31}, "35": {"type-based": 3.304324929094029e-58, "geo-based": 1.0, "mixed": 6.871710939680255e-27, "none": 3.638007242415094e-32}, "36": {"type-based": 3.9473188991270975e-59, "geo-based": 1.0, "mixed": 1.0287647332760356e-26, "none": 2.9605829784490405e-33}, "37": {"type-based": 4.682145370068104e-60, "geo-based": 1.0, "mixed": 1.550184384618598e-26, "none": 2.3797713181794095e-34}, "38": {"type-based": 5.669764595692156e-61, "geo-based": 1.0, "mixed": 2.3498126809985392e-26, "none": 1.943517703395067e-35}, "39": {"type-based": 7.700583089276072e-62, "geo-based": 1.0, "mixed": 3.5815268299997305e-26, "none": 1.7724351317276208e-36}, "40": {"type-based": 1.1015381342427921e-62, "geo-based": 1.0, "mixed": 5.48792448729069e-26, "none": 1.6955531388706677e-37}, "41": {"type-based": 3.691286124799936e-64, "geo-based": 1.0, "mixed": 1.352423338185827e-26, "none": 2.36548248943965e-38}, "42": {"type-based": 5.196078689153265e-65, "geo-based": 1.0, "mixed": 2.0645790425977934e-26, "none": 2.2409576233707928e-39}, "43": {"type-based": 6.462220272737718e-66, "geo-based": 1.0, "mixed": 3.16801960232243e-26, "none": 1.8685226541058728e-40}, "44": {"type-based": 1.7079511276656925e-67, "geo-based": 1.0, "mixed": 9.046468666541661e-27, "none": 1.7812858191767556e-41}, "45": {"type-based": 4.10141562691806e-68, "geo-based": 1.0, "mixed": 1.3837587588158427e-26, "none": 2.884374487598064e-42}, "46": {"type-based": 6.664282768905762e-69, "geo-based": 1.0, "mixed": 2.1279121403507575e-26, "none": 3.1489453066617716e-43}}