{"0": {"type-based": 0.25, "geo-based": 0.25, "mixed": 0.25, "none": 0.25}, "1": {"type-based": 0.25, "geo-based": 0.25, "mixed": 0.25, "none": 0.25}, "2": {"type-based": 0.25, "geo-based": 0.25, "mixed": 0.25, "none": 0.25}, "3": {"type-based": 0.11134530821316586, "geo-based": 0.32378938502588495, "mixed": 0.493999851258553, "none": 0.07086545550239627}, "4": {"type-based": 8.306142382533939e-05, "geo-based": 0.9625490248116257, "mixed": 0.00211737958929362, "none": 0.035250534175255394}, "5": {"type-based": 1.2059724497254103e-05, "geo-based": 0.9932071296677847, "mixed": 0.002674348813047381, "none": 0.004106461794670606}, "6": {"type-based": 1.5972724307037021e-06, "geo-based": 0.9959695391081632, "mixed": 0.003645747880977285, "none": 0.0003831157384287729}, "7": {"type-based": 6.397794714573536e-11, "geo-based": 0.9999673459185724, "mixed": 1.7195556481068948e-06, "none": 3.093446180145736e-05}, "8": {"type-based": 2.0501409894596096e-12, "geo-based": 0.9999970832732362, "mixed": 7.534429064527093e-07, "none": 2.1632818071273394e-06}, "9": {"type-based": 1.6937594959607582e-13, "geo-based": 0.99999893077162, "mixed": 9.290887295055136e-07, "none": 1.4013948104375206e-07}, "10": {"type-based": 1.455758718359338e-14, "geo-based": 0.9999987837267478, "mixed": 1.207363899682715e-06, "none": 8.909337986918081e-09}, "11": {"type-based": 1.2705641181450272e-15, "geo-based": 0.9999983755588366, "mixed": 1.6238867184006916e-06, "none": 5.544436857429825e-10}, "12": {"type-based": 8.687699312368704e-17, "geo-based": 0.9999977593279485, "mixed": 2.2406456936440494e-06, "none": 2.6357640563297138e-11}, "13": {"type-based": 5.569088177410288e-18, "geo-based": 0.9999968499516819, "mixed": 3.15004716467948e-06, "none": 1.1532458458202087e-12}, "14": {"type-based": 8.606628883229962e-20, "geo-based": 0.9999988755307544, "mixed": 1.1244691975727871e-06, "none": 4.796250904664561e-14}, "15": {"type-based": 1.8100593038550002e-21, "geo-based": 0.9999994119724869, "mixed": 5.880275112073676e-07, "none": 1.866660374524063e-15}, "16": {"type-based": 1.0396880159978212e-22, "geo-based": 0.9999991989235439, "mixed": 8.010764560252296e-07, "none": 7.668173385903754e-17}, "17": {"type-based": 2.5861314167764143e-24, "geo-based": 0.9999995061887916, "mixed": 4.938112082596272e-07, "none": 3.016986592308886e-18}, "18": {"type-based": 1.6047109662500015e-26, "geo-based": 0.9999999253979868, "mixed": 7.46020133247749e-08, "none": 1.2150910312444557e-19}, "19": {"type-based": 2.0087798896184364e-28, "geo-based": 0.9999999778233781, "mixed": 2.217662186696447e-08, "none": 5.042428396377926e-21}, "20": {"type-based": 1.0538084523220192e-29, "geo-based": 0.9999999708377143, "mixed": 2.9162285687384397e-08, "none": 1.9895574467523662e-22}, "21": {"type-based": 5.326716824306687e-31, "geo-based": 0.9999999609238082, "mixed": 3.907619196073346e-08, "none": 7.417255058062189e-24}, "22": {"type-based": 2.5962562763879814e-32, "geo-based": 0.9999999467933699, "mixed": 5.320663012632878e-08, "none": 2.6232551432244747e-25}, "23": {"type-based": 1.5526182213310652e-33, "geo-based": 0.9999999265387388, "mixed": 7.346126114697838e-08, "none": 1.1227367717434738e-26}, "24": {"type-based": 2.619981521157523e-35, "geo-based": 0.9999999763205222, "mixed": 2.3679477827422338e-08, "none": 5.805097041697114e-28}, "25": {"type-based": 1.0208405129899209e-36, "geo-based": 0.999999987450113, "mixed": 1.254988688197158e-08, "none": 4.2205436723643374e-29}, "26": {"type-based": 7.243383792499412e-38, "geo-based": 0.9999999830396814, "mixed": 1.696031871281135e-08, "none": 2.1883128621608508e-30}, "27": {"type-based": 2.0092946072138524e-39, "geo-based": 0.9999999900776303, "mixed": 9.922369666968153e-09, "none": 1.0223330984827874e-31}, "28": {"type-based": 1.101176783383377e-40, "geo-based": 0.9999999866854019, "mixed": 1.3314598134054706e-08, "none": 4.111855584689418e-33}, "29": {"type-based": 5.4864269959068433e-42, "geo-based": 0.9999999819449564, "mixed": 1.805504355827524e-08, "none": 1.4860790876803389e-34}, "30": {"type-based": 2.5795951447181165e-43, "geo-based": 0.9999999752822828, "mixed": 2.4717717241403635e-08, "none": 5.0164734256029366e-36}, "31": {"type-based": 1.1945189709582907e-44, "geo-based": 0.9999999658748766, "mixed": 3.412512326280373e-08, "none": 1.652516351337217e-37}, "32": {"type-based": 5.2856248565881895e-46, "geo-based": 0.9999999525243835, "mixed": 4.7475616606378537e-08, "none": 5.1591489394399787e-39}, "33": {"type-based": 2.4059627079551653e-47, "geo-based": 0.9999999334962519, "mixed": 6.650374803615676e-08, "none": 1.64465276556762e-40}, "34": {"type-based": 1.0288890796908974e-48, "geo-based": 0.9999999062704085, "mixed": 9.372959155582848e-08, "none": 4.892535309827241e-42}}