{"0": {"type-based": 0.25, "geo-based": 0.25, "mixed": 0.25, "none": 0.25}, "1": {"type-based": 0.25, "geo-based": 0.25, "mixed": 0.25, "none": 0.25}, "2": {"type-based": 0.25, "geo-based": 0.25, "mixed": 0.25, "none": 0.25}, "3": {"type-based": 0.0010333824554004962, "geo-based": 0.8206403423730588, "mixed": 0.005680429594785685, "none": 0.1726458455767549}, "4": {"type-based": 0.0002301125342717464, "geo-based": 0.9615344910705795, "mixed": 0.008531110641907676, "none": 0.029704285753241074}, "5": {"type-based": 3.896610270406048e-05, "geo-based": 0.9842599805858528, "mixed": 0.012232657908196038, "none": 0.00346839540324703}, "6": {"type-based": 5.336798375826673e-06, "geo-based": 0.9820815314007654, "mixed": 0.01759874422368588, "none": 0.00031438757717309617}, "7": {"type-based": 1.690926820590318e-10, "geo-based": 0.9999676257251233, "mixed": 6.549913758704384e-06, "none": 2.582419202548957e-05}, "8": {"type-based": 1.7731693170452977e-11, "geo-based": 0.9999890605075461, "mixed": 9.07064668182516e-06, "none": 1.8688280403832408e-06}, "9": {"type-based": 3.418868240975118e-13, "geo-based": 0.9999973100290378, "mixed": 2.568751177991423e-06, "none": 1.2121944232180178e-07}, "10": {"type-based": 1.1097404005228976e-14, "geo-based": 0.999998595614534, "mixed": 1.39743217013328e-06, "none": 6.953284784206866e-09}, "11": {"type-based": 7.593911846592408e-16, "geo-based": 0.9999981696651364, "mixed": 1.8299823821078257e-06, "none": 3.5248062283155817e-10}, "12": {"type-based": 5.41461191875828e-17, "geo-based": 0.9999975349874144, "mixed": 2.4649945305114516e-06, "none": 1.805515568095539e-11}, "13": {"type-based": 3.990771132950851e-18, "geo-based": 0.9999966043077804, "mixed": 3.3956912847748633e-06, "none": 9.346970535737534e-13}, "14": {"type-based": 2.4928735042179723e-19, "geo-based": 0.9999952328026362, "mixed": 4.767197323302297e-06, "none": 4.0309616065314566e-14}, "15": {"type-based": 5.223547767705572e-21, "geo-based": 0.9999977339191187, "mixed": 2.2660808794394127e-06, "none": 1.7253615920980894e-15}, "16": {"type-based": 2.9226580921998735e-22, "geo-based": 0.9999968350725538, "mixed": 3.1649274462790827e-06, "none": 6.755528792007797e-17}, "17": {"type-based": 1.555703780205757e-23, "geo-based": 0.999995515405786, "mixed": 4.484594213925309e-06, "none": 2.4827788771953233e-18}, "18": {"type-based": 7.905576982225018e-26, "geo-based": 0.9999994144608453, "mixed": 5.855391546769578e-07, "none": 9.467552688727029e-20}, "19": {"type-based": 8.116497886682563e-28, "geo-based": 0.999999849178684, "mixed": 1.5082131599358153e-07, "none": 3.715052750226087e-21}, "20": {"type-based": 4.28401874523831e-29, "geo-based": 0.9999997894639526, "mixed": 2.1053604726570374e-07, "none": 1.3874866875621423e-22}, "21": {"type-based": 2.1668941924441698e-30, "geo-based": 0.9999997025478727, "mixed": 2.974521272637079e-07, "none": 4.90668120815541e-24}, "22": {"type-based": 2.053287761404245e-31, "geo-based": 0.9999995752573533, "mixed": 4.247426467898238e-07, "none": 3.2174815713540475e-25}, "23": {"type-based": 4.869395262463371e-32, "geo-based": 0.999999389987505, "mixed": 6.100124950332794e-07, "none": 5.233602031258505e-26}, "24": {"type-based": 1.0141476504363668e-32, "geo-based": 0.9999991224298485, "mixed": 8.775701515736768e-07, "none": 7.418495508736934e-27}, "25": {"type-based": 1.16784455271368e-34, "geo-based": 0.9999997624556716, "mixed": 2.3754432844970353e-07, "none": 3.0789244616690585e-28}, "26": {"type-based": 1.6828589415679938e-36, "geo-based": 0.9999999152151874, "mixed": 8.47848126464536e-08, "none": 1.2145034914765758e-29}, "27": {"type-based": 3.0764763236389993e-38, "geo-based": 0.9999999700734421, "mixed": 2.992655781217283e-08, "none": 6.15339297107741e-31}, "28": {"type-based": 5.342204534094022e-40, "geo-based": 0.9999999870001857, "mixed": 1.2999814365485359e-08, "none": 2.4052385410824048e-32}, "29": {"type-based": 2.450576865799096e-41, "geo-based": 0.9999999821962956, "mixed": 1.7803704338706297e-08, "none": 7.878610983349494e-34}, "30": {"type-based": 1.092606515125954e-42, "geo-based": 0.999999975419349, "mixed": 2.45806510074102e-08, "none": 2.486097010614958e-35}, "31": {"type-based": 4.786229308376581e-44, "geo-based": 0.9999999658146898, "mixed": 3.418531036690122e-08, "none": 7.64629186317617e-37}, "32": {"type-based": 1.832293098914272e-45, "geo-based": 0.9999999521385549, "mixed": 4.786144509838219e-08, "none": 2.0404552780681665e-38}, "33": {"type-based": 6.214571027502961e-47, "geo-based": 0.9999999325376642, "mixed": 6.746233584329673e-08, "none": 4.792732125420001e-40}}