{"0": {"type-based": 0.25, "geo-based": 0.25, "mixed": 0.25, "none": 0.25}, "1": {"type-based": 0.25, "geo-based": 0.25, "mixed": 0.25, "none": 0.25}, "2": {"type-based": 0.25, "geo-based": 0.25, "mixed": 0.25, "none": 0.25}, "3": {"type-based": 0.15130386421487813, "geo-based": 0.3231204757191906, "mixed": 0.4082830928013266, "none": 0.11729256726460456}, "4": {"type-based": 7.88274758154175e-05, "geo-based": 0.914628717064226, "mixed": 0.0008202411218709883, "none": 0.08447221433808765}, "5": {"type-based": 2.1781599266193706e-05, "geo-based": 0.982285123074711, "mixed": 0.0012215045746894388, "none": 0.01647159075133335}, "6": {"type-based": 5.023915574864448e-06, "geo-based": 0.9956449473250506, "mixed": 0.0017947684133907836, "none": 0.0025552603459838897}, "7": {"type-based": 2.683638235155624e-10, "geo-based": 0.9996410622424434, "mixed": 6.677360264146917e-07, "none": 0.0003582697531663737}, "8": {"type-based": 5.5325770544083126e-11, "geo-based": 0.9999480888974072, "mixed": 9.391441097989222e-07, "none": 5.0971903157123426e-05}, "9": {"type-based": 1.3361609841428045e-11, "geo-based": 0.9999903595574859, "mixed": 1.3512758660854226e-06, "none": 8.289153286518557e-06}, "10": {"type-based": 3.1038543978128368e-12, "geo-based": 0.9999967417738626, "mixed": 1.9831388229769027e-06, "none": 1.2750842106193496e-06}, "11": {"type-based": 5.863473774430571e-13, "geo-based": 0.9999968858669842, "mixed": 2.956547041068538e-06, "none": 1.5758538834326965e-07}, "12": {"type-based": 1.0082379125896372e-13, "geo-based": 0.9999955256085428, "mixed": 4.456825960781093e-06, "none": 1.7565395650251817e-08}, "13": {"type-based": 2.3334209154894754e-14, "geo-based": 0.9999932176131222, "mixed": 6.779770519267406e-06, "none": 2.6163352207047888e-09}, "14": {"type-based": 4.158965827933976e-15, "geo-based": 0.999989571122455, "mixed": 1.0428579159170436e-05, "none": 2.9838143541698923e-10}, "15": {"type-based": 6.675868783231116e-17, "geo-based": 0.9999985298881974, "mixed": 1.4700782824573164e-06, "none": 3.3520177140052945e-11}, "16": {"type-based": 1.1363125128632149e-17, "geo-based": 0.9999977369581298, "mixed": 2.2630382212654955e-06, "none": 3.648793724858028e-12}, "17": {"type-based": 1.4942678926661478e-19, "geo-based": 0.9999997074686403, "mixed": 2.925309932829648e-07, "none": 3.66298996295768e-13}, "18": {"type-based": 2.5266412241944645e-20, "geo-based": 0.9999995552008665, "mixed": 4.447990930065336e-07, "none": 4.030906356975229e-14}, "19": {"type-based": 3.188695566764296e-25, "geo-based": 0.9999999999475331, "mixed": 5.246277690270182e-11, "none": 4.281670326264785e-15}, "20": {"type-based": 8.298654910068148e-27, "geo-based": 0.9999999999876135, "mixed": 1.238619990042917e-11, "none": 4.701060295976039e-16}, "21": {"type-based": 1.0390562566700206e-28, "geo-based": 0.9999999999985607, "mixed": 1.4392835027783744e-12, "none": 5.0631173627516563e-17}, "22": {"type-based": 1.8190445869298747e-29, "geo-based": 0.9999999999978579, "mixed": 2.1420244732155113e-12, "none": 5.963391126979669e-18}, "23": {"type-based": 3.0552238869782383e-30, "geo-based": 0.9999999999967781, "mixed": 3.2219742437011827e-12, "none": 6.6909960344412025e-19}, "24": {"type-based": 8.788916019517626e-32, "geo-based": 0.9999999999993474, "mixed": 6.525691590571724e-13, "none": 9.580159613939669e-20}, "25": {"type-based": 1.4830015705311498e-32, "geo-based": 0.9999999999990201, "mixed": 9.799272297771785e-13, "none": 1.08792902924527e-20}, "26": {"type-based": 3.7833790763617415e-34, "geo-based": 0.9999999999997216, "mixed": 2.7846559183245726e-13, "none": 9.897944681705394e-22}, "27": {"type-based": 3.037992688092993e-39, "geo-based": 1.0, "mixed": 2.6056508483236126e-17, "none": 8.614336667508748e-23}, "28": {"type-based": 7.713003915909401e-41, "geo-based": 1.0, "mixed": 7.320368546979618e-18, "none": 7.916383733298176e-24}, "29": {"type-based": 1.149503236743256e-41, "geo-based": 1.0, "mixed": 1.0817417039653748e-17, "none": 8.13374828250497e-25}, "30": {"type-based": 1.857168434867725e-43, "geo-based": 1.0, "mixed": 1.8988408746126074e-18, "none": 7.64272149826156e-26}, "31": {"type-based": 1.4786608018677284e-48, "geo-based": 1.0, "mixed": 1.6556462584570215e-22, "none": 7.099644368963704e-27}, "32": {"type-based": 1.8913760742119076e-49, "geo-based": 1.0, "mixed": 2.4557935424699973e-22, "none": 6.233588603737008e-28}, "33": {"type-based": 2.395841291862303e-50, "geo-based": 1.0, "mixed": 3.67167664565068e-22, "none": 5.385017915862957e-29}, "34": {"type-based": 3.08556697738953e-51, "geo-based": 1.0, "mixed": 5.529144633456789e-22, "none": 4.702091993338416e-30}, "35": {"type-based": 3.875565662795566e-52, "geo-based": 1.0, "mixed": 8.381049423736415e-22, "none": 3.983069052873601e-31}, "36": {"type-based": 4.76598827483649e-53, "geo-based": 1.0, "mixed": 1.2786067635233822e-21, "none": 3.287534972209013e-32}, "37": {"type-based": 5.877036025444692e-54, "geo-based": 1.0, "mixed": 1.962234076864381e-21, "none": 2.708943239509685e-33}, "38": {"type-based": 1.3228170919315518e-55, "geo-based": 1.0, "mixed": 5.267208037027022e-22, "none": 2.33287719478771e-34}, "39": {"type-based": 1.7837515770712142e-56, "geo-based": 1.0, "mixed": 8.062919072844475e-22, "none": 2.112271382521185e-35}, "40": {"type-based": 3.2880938607685664e-57, "geo-based": 1.0, "mixed": 1.2411003088591504e-21, "none": 2.6039022776354626e-36}, "41": {"type-based": 8.246264996182412e-58, "geo-based": 1.0, "mixed": 1.9210119277522847e-21, "none": 4.350899903999005e-37}, "42": {"type-based": 1.8421048737402707e-59, "geo-based": 1.0, "mixed": 4.599387913698001e-22, "none": 4.193674140265255e-38}, "43": {"type-based": 2.2667700073318678e-60, "geo-based": 1.0, "mixed": 7.09655208571096e-22, "none": 3.459763982659251e-39}, "44": {"type-based": 2.959805535105887e-61, "geo-based": 1.0, "mixed": 1.0999664032389904e-21, "none": 3.018010595609306e-40}, "45": {"type-based": 3.4882057830750236e-62, "geo-based": 1.0, "mixed": 1.712309925417015e-21, "none": 2.368335501421252e-41}, "46": {"type-based": 4.288387763268744e-63, "geo-based": 1.0, "mixed": 2.6758828012446045e-21, "none": 1.9327620380180864e-42}}