{"0": {"type-based": 0.25, "geo-based": 0.25, "mixed": 0.25, "none": 0.25}, "1": {"type-based": 0.25, "geo-based": 0.25, "mixed": 0.25, "none": 0.25}, "2": {"type-based": 0.25, "geo-based": 0.25, "mixed": 0.25, "none": 0.25}, "3": {"type-based": 0.0006371429916081822, "geo-based": 0.7816696176888404, "mixed": 0.0021713764518886966, "none": 0.2155218628676627}, "4": {"type-based": 0.0002207725411803263, "geo-based": 0.9266605702285572, "mixed": 0.002645793466818866, "none": 0.07047286376344356}, "5": {"type-based": 5.766426136734143e-05, "geo-based": 0.9821479671715956, "mixed": 0.0035270903589157796, "none": 0.014267278208121226}, "6": {"type-based": 1.2612809547209471e-05, "geo-based": 0.9929092829753935, "mixed": 0.00483475523067159, "none": 0.0022433489843875828}, "7": {"type-based": 5.916900162015374e-10, "geo-based": 0.9997074391787064, "mixed": 1.7110050404680891e-06, "none": 0.00029084922456291105}, "8": {"type-based": 2.586469844154632e-14, "geo-based": 0.9999644840307716, "mixed": 5.932407022386835e-10, "none": 3.5515375961943924e-05}, "9": {"type-based": 4.5584876292646405e-15, "geo-based": 0.9999954157674192, "mixed": 7.83040716204571e-10, "none": 4.5834495354026784e-06}, "10": {"type-based": 1.0009506768970354e-15, "geo-based": 0.9999992873027089, "mixed": 1.0688641900118357e-09, "none": 7.116284257846583e-07}, "11": {"type-based": 2.156044869689349e-16, "geo-based": 0.9999998926892617, "mixed": 1.4990308669527443e-09, "none": 1.058117072156511e-07}, "12": {"type-based": 3.761784234767896e-17, "geo-based": 0.9999999853300872, "mixed": 2.1472816512370657e-09, "none": 1.2522631144246777e-08}, "13": {"type-based": 6.0249186555030716e-18, "geo-based": 0.9999999955342407, "mixed": 3.123357454082919e-09, "none": 1.3424016632792678e-09}, "14": {"type-based": 1.3532152569713442e-18, "geo-based": 0.9999999952002188, "mixed": 4.600087039017699e-09, "none": 1.99694164721194e-10}, "15": {"type-based": 2.30669462885316e-19, "geo-based": 0.9999999931077639, "mixed": 6.869881253328265e-09, "none": 2.235480858276694e-11}, "16": {"type-based": 3.5682966179969166e-21, "geo-based": 0.999999999055114, "mixed": 9.424074312395707e-10, "none": 2.4784713032576473e-12}, "17": {"type-based": 5.881455447362818e-22, "geo-based": 0.9999999985870083, "mixed": 1.4127240969519525e-09, "none": 2.6751470506043424e-13}, "18": {"type-based": 1.5000977992658763e-23, "geo-based": 0.9999999996438222, "mixed": 3.5615113004756317e-10, "none": 2.6632052413299465e-14}, "19": {"type-based": 2.487412545710522e-24, "geo-based": 0.9999999994712727, "mixed": 5.287243014981694e-10, "none": 2.936038435697298e-15}, "20": {"type-based": 1.0191840947003852e-25, "geo-based": 0.9999999998170022, "mixed": 1.8299749427121534e-10, "none": 3.4415717625492754e-16}, "21": {"type-based": 1.3325732611178238e-27, "geo-based": 0.9999999999791962, "mixed": 2.0803815579589836e-11, "none": 3.935184804656816e-17}, "22": {"type-based": 2.4290172029336976e-28, "geo-based": 0.9999999999696887, "mixed": 3.031137402685994e-11, "none": 4.9050527036133115e-18}, "23": {"type-based": 2.403561339629309e-33, "geo-based": 0.9999999999999969, "mixed": 3.1923454876251503e-15, "none": 4.60933657475928e-19}, "24": {"type-based": 2.511405675491794e-38, "geo-based": 1.0, "mixed": 3.3616516869621047e-19, "none": 4.5858225883422474e-20}, "25": {"type-based": 1.1084938254978312e-39, "geo-based": 1.0, "mixed": 1.4179166744608413e-19, "none": 4.8292496357003535e-21}, "26": {"type-based": 1.7311680794972264e-40, "geo-based": 1.0, "mixed": 2.0617552507690273e-19, "none": 5.232944489753201e-22}, "27": {"type-based": 2.629278867274623e-41, "geo-based": 1.0, "mixed": 3.028915543135552e-19, "none": 5.46812215888771e-23}, "28": {"type-based": 4.008548731649349e-42, "geo-based": 1.0, "mixed": 4.490426733164341e-19, "none": 5.6931176910787685e-24}, "29": {"type-based": 7.0285223586848024e-43, "geo-based": 1.0, "mixed": 6.711593851456577e-19, "none": 6.771976818946845e-25}, "30": {"type-based": 1.2798571576524222e-43, "geo-based": 1.0, "mixed": 1.0110160506181131e-18, "none": 8.316326337749162e-26}, "31": {"type-based": 2.4529444870892444e-44, "geo-based": 1.0, "mixed": 1.533886528757206e-18, "none": 1.0692124737693199e-26}, "32": {"type-based": 1.20136775871197e-45, "geo-based": 1.0, "mixed": 5.859536992397308e-19, "none": 1.3981756281679614e-27}, "33": {"type-based": 2.6791285992931072e-46, "geo-based": 1.0, "mixed": 8.862475543303954e-19, "none": 2.1078724166689142e-28}, "34": {"type-based": 4.0510683325249713e-47, "geo-based": 1.0, "mixed": 1.350414077006601e-18, "none": 2.1441185683069542e-29}, "35": {"type-based": 5.955340180934455e-48, "geo-based": 1.0, "mixed": 2.0699737875230798e-18, "none": 2.1108763486763866e-30}, "36": {"type-based": 6.922214232453181e-50, "geo-based": 1.0, "mixed": 2.7759433893120993e-19, "none": 1.8809982552517114e-31}, "37": {"type-based": 8.226913163067218e-51, "geo-based": 1.0, "mixed": 4.2455583308709307e-19, "none": 1.504217413037671e-32}, "38": {"type-based": 9.597350083876864e-52, "geo-based": 1.0, "mixed": 6.527773812439739e-19, "none": 1.1758800160042115e-33}, "39": {"type-based": 1.0995157019430525e-52, "geo-based": 1.0, "mixed": 1.0086431490416804e-18, "none": 8.992812526597225e-35}, "40": {"type-based": 1.2627540559694344e-53, "geo-based": 1.0, "mixed": 1.5656894623701074e-18, "none": 6.870075141248542e-36}, "41": {"type-based": 5.007890072689185e-59, "geo-based": 1.0, "mixed": 9.040085020114793e-23, "none": 4.8775407644024235e-37}, "42": {"type-based": 3.8687064752908004e-61, "geo-based": 1.0, "mixed": 1.0447073981323864e-23, "none": 3.3715560596187726e-38}, "43": {"type-based": 4.020978708165023e-62, "geo-based": 1.0, "mixed": 1.6216752911678657e-23, "none": 2.3275691604815433e-39}, "44": {"type-based": 5.216438718792545e-64, "geo-based": 1.0, "mixed": 2.7090881492563312e-24, "none": 1.865544469531153e-40}, "45": {"type-based": 1.1611483988110463e-64, "geo-based": 1.0, "mixed": 4.195644525092036e-24, "none": 2.769837424052789e-41}, "46": {"type-based": 4.0617741973417045e-66, "geo-based": 1.0, "mixed": 1.3507859006202438e-24, "none": 3.1134560883710435e-42}}