{"0": {"type-based": 0.25, "geo-based": 0.25, "mixed": 0.25, "none": 0.25}, "1": {"type-based": 0.25, "geo-based": 0.25, "mixed": 0.25, "none": 0.25}, "2": {"type-based": 0.25, "geo-based": 0.25, "mixed": 0.25, "none": 0.25}, "3": {"type-based": 0.0010333824554004962, "geo-based": 0.8206403423730588, "mixed": 0.005680429594785685, "none": 0.1726458455767549}, "4": {"type-based": 0.00022631987046703192, "geo-based": 0.9620235242963686, "mixed": 0.00853544953624326, "none": 0.029214706296920925}, "5": {"type-based": 3.838357730611418e-05, "geo-based": 0.9843114294448334, "mixed": 0.012233642498167448, "none": 0.0034165444796928754}, "6": {"type-based": 1.867917038112745e-09, "geo-based": 0.9996638053908102, "mixed": 5.969101231776634e-06, "none": 0.00033022364004089153}, "7": {"type-based": 6.988248684979856e-11, "geo-based": 0.9999707378917414, "mixed": 2.6679427067144096e-06, "none": 2.6594095669461675e-05}, "8": {"type-based": 6.475489920069157e-12, "geo-based": 0.9999947432765554, "mixed": 3.3488536133992735e-06, "none": 1.907863355805927e-06}, "9": {"type-based": 2.8391646261856596e-13, "geo-based": 0.9999976705151925, "mixed": 2.2070089874535555e-06, "none": 1.224755361931937e-07}, "10": {"type-based": 1.582389545923118e-14, "geo-based": 0.9999979101966686, "mixed": 2.0827557082894676e-06, "none": 7.047607339587953e-09}, "11": {"type-based": 9.875012441231493e-16, "geo-based": 0.9999974905598975, "mixed": 2.5090809740727623e-06, "none": 3.591276513187015e-10}, "12": {"type-based": 6.49643068047585e-17, "geo-based": 0.9999968289252543, "mixed": 3.171056446945846e-06, "none": 1.8298626167586746e-11}, "13": {"type-based": 4.4769214326083085e-18, "geo-based": 0.9999958513259901, "mixed": 4.148673068558653e-06, "none": 9.413502679329012e-13}, "14": {"type-based": 2.763123594465148e-19, "geo-based": 0.9999944228847976, "mixed": 5.577115160166991e-06, "none": 4.220807920180426e-14}, "15": {"type-based": 8.251468909410944e-21, "geo-based": 0.9999961732803451, "mixed": 3.826719653167539e-06, "none": 1.7933145715218526e-15}, "16": {"type-based": 6.014112241636265e-23, "geo-based": 0.9999993579741228, "mixed": 6.420258772368359e-07, "none": 7.653140737734913e-17}, "17": {"type-based": 8.668629781674296e-25, "geo-based": 0.999999788507877, "mixed": 2.114921229512135e-07, "none": 3.3062480176285636e-18}, "18": {"type-based": 4.621457421634489e-26, "geo-based": 0.9999997266540605, "mixed": 2.733459395789764e-07, "none": 1.3512817225232882e-19}, "19": {"type-based": 2.461294163821578e-27, "geo-based": 0.9999996389816148, "mixed": 3.6101838511380926e-07, "none": 5.388979998881829e-21}, "20": {"type-based": 1.5172759063451384e-28, "geo-based": 0.9999995145419286, "mixed": 4.854580715069463e-07, "none": 2.4402961276964334e-22}, "21": {"type-based": 3.0537864042802858e-30, "geo-based": 0.9999998193248807, "mixed": 1.8067511938515443e-07, "none": 1.3015826808187746e-23}, "22": {"type-based": 1.9651104801988643e-31, "geo-based": 0.9999997573639119, "mixed": 2.4263608802587633e-07, "none": 6.158732372721393e-25}, "23": {"type-based": 1.1789669324336605e-32, "geo-based": 0.99999967000549, "mixed": 3.299945100803808e-07, "none": 2.677218942299115e-26}, "24": {"type-based": 8.305998025600852e-34, "geo-based": 0.9999995462872635, "mixed": 4.53712736427346e-07, "none": 1.3494837483227454e-27}, "25": {"type-based": 2.41696483776098e-35, "geo-based": 0.999999775301306, "mixed": 2.2469869398198305e-07, "none": 7.780101512285679e-29}, "26": {"type-based": 6.1160442780452384e-37, "geo-based": 0.9999998688082702, "mixed": 1.3119172985696179e-07, "none": 3.305880015133209e-30}, "27": {"type-based": 2.931142884131165e-38, "geo-based": 0.9999998242574983, "mixed": 1.7574250158604257e-07, "none": 1.1593835499055322e-31}, "28": {"type-based": 1.3608660176682904e-39, "geo-based": 0.9999997621410208, "mixed": 2.3785897923913123e-07, "none": 3.893936936443385e-33}, "29": {"type-based": 6.373598330815445e-41, "geo-based": 0.999999675104832, "mixed": 3.248951679723206e-07, "none": 1.3059530451422549e-34}, "30": {"type-based": 2.943407006042231e-42, "geo-based": 0.9999995526579903, "mixed": 4.473420095150164e-07, "none": 4.2798653809127376e-36}, "31": {"type-based": 1.3176262276195003e-43, "geo-based": 0.9999993795761691, "mixed": 6.204238308584816e-07, "none": 1.3486004277498901e-37}, "32": {"type-based": 5.724159388001757e-45, "geo-based": 0.9999991338533764, "mixed": 8.661466235474417e-07, "none": 4.09387956930108e-39}, "33": {"type-based": 2.2915095497985562e-46, "geo-based": 0.9999987835607971, "mixed": 1.2164392029598035e-06, "none": 1.1376172245182217e-40}, "34": {"type-based": 9.005392107290243e-48, "geo-based": 0.9999982820009302, "mixed": 1.717999069768958e-06, "none": 3.084643127347976e-42}}