{"0": {"type-based": 0.25, "geo-based": 0.25, "mixed": 0.25, "none": 0.25}, "1": {"type-based": 0.25, "geo-based": 0.25, "mixed": 0.25, "none": 0.25}, "2": {"type-based": 0.25, "geo-based": 0.25, "mixed": 0.25, "none": 0.25}, "3": {"type-based": 0.0004403418594590624, "geo-based": 0.4647492555986881, "mixed": 0.0003624545931365063, "none": 0.5344479479487164}, "4": {"type-based": 0.00047383408522944694, "geo-based": 0.6015837339647583, "mixed": 0.0006498663758850591, "none": 0.39729256557412723}, "5": {"type-based": 0.00046134996884648866, "geo-based": 0.7420431007171934, "mixed": 0.0011548223839048302, "none": 0.2563407269300553}, "6": {"type-based": 0.00032893172118130063, "geo-based": 0.8791167501900641, "mixed": 0.0020127202255643085, "none": 0.11854159786319014}, "7": {"type-based": 3.969653917546719e-08, "geo-based": 0.9541999956581771, "mixed": 6.511137827744851e-07, "none": 0.04579931353150103}, "8": {"type-based": 1.8876545028297354e-08, "geo-based": 0.985927907810038, "mixed": 9.899491269288607e-07, "none": 0.0140710833642899}, "9": {"type-based": 1.305729338983012e-12, "geo-based": 0.9962648681193992, "mixed": 2.4744943166812753e-10, "none": 0.0037351316318456973}, "10": {"type-based": 5.456494813338948e-13, "geo-based": 0.9989663993133178, "mixed": 3.573773010745888e-10, "none": 0.0010336003287592607}, "11": {"type-based": 2.1636973588721524e-13, "geo-based": 0.9997318611863346, "mixed": 5.214582113070495e-10, "none": 0.0002681382919908374}, "12": {"type-based": 8.204696271046343e-14, "geo-based": 0.9999340880964797, "mixed": 7.691924828906993e-10, "none": 6.591113424571334e-05}, "13": {"type-based": 2.8272574440337105e-14, "geo-based": 0.9999853815599826, "mixed": 1.1446469474353991e-09, "none": 1.4617295342341665e-05}, "14": {"type-based": 9.161100143723319e-15, "geo-based": 0.9999969676358875, "mixed": 1.7164905252470663e-09, "none": 3.0306476127505425e-06}, "15": {"type-based": 3.08845055404021e-15, "geo-based": 0.9999993467646153, "mixed": 2.5928592278340344e-09, "none": 6.506425225653303e-07}, "16": {"type-based": 9.831133096055685e-16, "geo-based": 0.9999998646929983, "mixed": 3.940410990249842e-09, "none": 1.3136658982519517e-07}, "17": {"type-based": 2.3323201677776508e-17, "geo-based": 0.9999999739489638, "mixed": 4.640744036358713e-10, "none": 2.55869619473609e-08}, "18": {"type-based": 6.845844067848312e-18, "geo-based": 0.9999999944558393, "mixed": 6.99256870443993e-10, "none": 4.8449038257275625e-09}, "19": {"type-based": 1.3481769815435255e-19, "geo-based": 0.9999999990670061, "mixed": 7.577711949533659e-11, "none": 8.572167151174701e-10}, "20": {"type-based": 2.690664986016069e-24, "geo-based": 0.9999999998456242, "mixed": 8.149199372347695e-15, "none": 1.5436762838341694e-10}, "21": {"type-based": 6.715779049857456e-25, "geo-based": 0.9999999999750881, "mixed": 1.2267800299452935e-14, "none": 2.4899693130667776e-11}, "22": {"type-based": 1.1186220394778346e-26, "geo-based": 0.9999999999959985, "mixed": 1.2400934339709765e-15, "none": 4.000158245340363e-12}, "23": {"type-based": 3.4836762534203545e-28, "geo-based": 0.9999999999993903, "mixed": 2.479231646082995e-16, "none": 6.09543855008655e-13}, "24": {"type-based": 8.015429667975178e-29, "geo-based": 0.9999999999999065, "mixed": 3.6697816877675386e-16, "none": 9.311305010621654e-14}, "25": {"type-based": 2.5108574239950135e-30, "geo-based": 0.9999999999999847, "mixed": 6.84614686655475e-17, "none": 1.540148790866094e-14}, "26": {"type-based": 6.129471937610929e-31, "geo-based": 0.9999999999999976, "mixed": 1.0117312154854702e-16, "none": 2.5147149768375313e-15}, "27": {"type-based": 1.3383686640517478e-31, "geo-based": 0.9999999999999993, "mixed": 1.507157390398586e-16, "none": 3.6523579213862214e-16}, "28": {"type-based": 3.1871688602612366e-33, "geo-based": 1.0, "mixed": 2.5127385033161047e-17, "none": 5.1789963447644116e-17}, "29": {"type-based": 6.75542129873259e-34, "geo-based": 1.0, "mixed": 3.745646631666307e-17, "none": 7.283978024514776e-18}, "30": {"type-based": 1.3890955137666471e-34, "geo-based": 1.0, "mixed": 5.618876462752088e-17, "none": 9.893484589807897e-19}, "31": {"type-based": 1.2853701630212596e-39, "geo-based": 1.0, "mixed": 4.238822961859401e-21, "none": 1.2045176210381779e-19}, "32": {"type-based": 3.4505905922227993e-41, "geo-based": 1.0, "mixed": 9.602745550970597e-22, "none": 1.4202820217309435e-20}, "33": {"type-based": 3.2559689365875488e-46, "geo-based": 1.0, "mixed": 7.188542229071989e-26, "none": 1.7848125602750338e-21}, "34": {"type-based": 5.864454887393289e-47, "geo-based": 1.0, "mixed": 1.0771668104728708e-25, "none": 2.14093297098996e-22}, "35": {"type-based": 1.0316892178589497e-47, "geo-based": 1.0, "mixed": 1.6232971333323138e-25, "none": 2.4976518835406485e-23}, "36": {"type-based": 1.78791871844928e-48, "geo-based": 1.0, "mixed": 2.4592481248176755e-25, "none": 2.8592009593967227e-24}, "37": {"type-based": 5.426511532975573e-50, "geo-based": 1.0, "mixed": 6.512734880563735e-26, "none": 3.2836547010821774e-25}, "38": {"type-based": 9.515897183680067e-51, "geo-based": 1.0, "mixed": 9.844971119479654e-26, "none": 3.824210360998498e-26}, "39": {"type-based": 1.6665262778550856e-51, "geo-based": 1.0, "mixed": 1.495027879933007e-25, "none": 4.431823155624896e-27}, "40": {"type-based": 2.9738102724514453e-52, "geo-based": 1.0, "mixed": 2.279967585650462e-25, "none": 5.215617853158364e-28}, "41": {"type-based": 5.324361739646676e-53, "geo-based": 1.0, "mixed": 3.490826046122647e-25, "none": 6.139513848465027e-29}, "42": {"type-based": 9.723167900580397e-54, "geo-based": 1.0, "mixed": 5.365164516929902e-25, "none": 7.35014557169557e-30}, "43": {"type-based": 1.6222712704040374e-54, "geo-based": 1.0, "mixed": 8.275548704314157e-25, "none": 8.018024122852783e-31}, "44": {"type-based": 2.5396115520274255e-55, "geo-based": 1.0, "mixed": 1.2810299809899436e-24, "none": 8.186127252148512e-32}, "45": {"type-based": 3.782471551489543e-56, "geo-based": 1.0, "mixed": 1.9896478845160114e-24, "none": 7.932970972727774e-33}, "46": {"type-based": 5.739781514192213e-58, "geo-based": 1.0, "mixed": 3.0012051297348723e-25, "none": 8.073455795678732e-34}, "47": {"type-based": 9.231670571256022e-59, "geo-based": 1.0, "mixed": 4.646745337324905e-25, "none": 8.500847291414588e-35}, "48": {"type-based": 1.6636156274654067e-59, "geo-based": 1.0, "mixed": 7.219474126678883e-25, "none": 1.0005761300730409e-35}}