{"0": {"type-based": 0.25, "geo-based": 0.25, "mixed": 0.25, "none": 0.25}, "1": {"type-based": 0.25, "geo-based": 0.25, "mixed": 0.25, "none": 0.25}, "2": {"type-based": 0.25, "geo-based": 0.25, "mixed": 0.25, "none": 0.25}, "3": {"type-based": 0.0006095739987097334, "geo-based": 0.8100887684112232, "mixed": 0.002789198285212988, "none": 0.1865124593048542}, "4": {"type-based": 0.00012524204428825613, "geo-based": 0.9613415212431593, "mixed": 0.0036072839330494283, "none": 0.034925952779502924}, "5": {"type-based": 1.2477193791608651e-05, "geo-based": 0.9923129491851609, "mixed": 0.00239561621833165, "none": 0.005278957402715822}, "6": {"type-based": 1.5243620335359105e-06, "geo-based": 0.9966051515893518, "mixed": 0.0028598952517371826, "none": 0.0005334287968775923}, "7": {"type-based": 1.406643677903788e-07, "geo-based": 0.9967912089686063, "mixed": 0.0031645838053736093, "none": 4.406656165231135e-05}, "8": {"type-based": 1.2526682507924498e-08, "geo-based": 0.9961324728693868, "mixed": 0.0038643791996951964, "none": 3.1354042355163147e-06}, "9": {"type-based": 2.732067157279566e-10, "geo-based": 0.9987487279495807, "mixed": 0.0012510665544238104, "none": 2.0522278863591224e-07}, "10": {"type-based": 9.983974572447563e-12, "geo-based": 0.9992275622058022, "mixed": 0.0007724258931547335, "none": 1.189105898552573e-08}, "11": {"type-based": 2.422702856885727e-16, "geo-based": 0.9999997704719096, "mixed": 2.2856395578475935e-07, "none": 9.641345936837314e-10}, "12": {"type-based": 1.957632078831996e-17, "geo-based": 0.9999997320275374, "mixed": 2.679068225469093e-07, "none": 6.563981871056553e-11}, "13": {"type-based": 1.1025039120354202e-18, "geo-based": 0.9999996687510813, "mixed": 3.312459785872729e-07, "none": 2.9400945298666776e-12}, "14": {"type-based": 5.912358977959356e-20, "geo-based": 0.999999574698878, "mixed": 4.2530100166422964e-07, "none": 1.2043200174241806e-13}, "15": {"type-based": 3.019788138031204e-21, "geo-based": 0.9999994381605531, "mixed": 5.618394422140013e-07, "none": 4.560117772832926e-15}, "16": {"type-based": 3.145129952516202e-22, "geo-based": 0.9999992409642297, "mixed": 7.590357698215211e-07, "none": 3.4407962919107854e-16}, "17": {"type-based": 1.2183150229970378e-23, "geo-based": 0.9999996533637006, "mixed": 3.4663629942169044e-07, "none": 2.8437209246650904e-17}, "18": {"type-based": 2.0827517977762562e-24, "geo-based": 0.9999995368116612, "mixed": 4.631883388163698e-07, "none": 3.549254171195296e-18}, "19": {"type-based": 6.172248308112247e-26, "geo-based": 0.9999997496977946, "mixed": 2.5030220544783216e-07, "none": 1.8869819000087117e-19}, "20": {"type-based": 3.687210767014413e-27, "geo-based": 0.9999996688477006, "mixed": 3.3115229945531147e-07, "none": 8.280512705699851e-21}, "21": {"type-based": 2.118135866702263e-28, "geo-based": 0.9999995557558166, "mixed": 4.442441834751905e-07, "none": 3.4387614081629425e-22}, "22": {"type-based": 1.1713406226202307e-29, "geo-based": 0.9999993969381482, "mixed": 6.030618518151424e-07, "none": 1.3562692652661574e-23}}