{"0": {"type-based": 0.25, "geo-based": 0.25, "mixed": 0.25, "none": 0.25}, "1": {"type-based": 0.25, "geo-based": 0.25, "mixed": 0.25, "none": 0.25}, "2": {"type-based": 0.25, "geo-based": 0.25, "mixed": 0.25, "none": 0.25}, "3": {"type-based": 0.00029464611659157567, "geo-based": 0.8107552902512485, "mixed": 0.0012357195708540723, "none": 0.18771434406130585}, "4": {"type-based": 8.102154290238632e-05, "geo-based": 0.9581647009130708, "mixed": 0.0018719001953355853, "none": 0.03988237734869135}, "5": {"type-based": 1.578791854157505e-05, "geo-based": 0.9919096512791694, "mixed": 0.002715752785793909, "none": 0.005358808016495178}, "6": {"type-based": 8.68193835986222e-10, "geo-based": 0.9994133954575836, "mixed": 1.3165566503043793e-06, "none": 0.0005852871175722106}, "7": {"type-based": 3.791722432818902e-11, "geo-based": 0.9999443862091763, "mixed": 5.893797684256056e-07, "none": 5.5024373138175645e-05}, "8": {"type-based": 3.796876448784061e-12, "geo-based": 0.9999950426406105, "mixed": 7.508203821181593e-07, "none": 4.2065352105258795e-06}, "9": {"type-based": 3.29542101604435e-13, "geo-based": 0.9999987351035994, "mixed": 1.0004979463856903e-06, "none": 2.643981246490025e-07}, "10": {"type-based": 5.276594933922656e-15, "geo-based": 0.9999997103574179, "mixed": 2.7482392094083624e-07, "none": 1.4818655907025089e-08}, "11": {"type-based": 1.4465128923930671e-16, "geo-based": 0.9999998539245898, "mixed": 1.453298438698963e-07, "none": 7.455662373598962e-10}, "12": {"type-based": 8.652775514261777e-18, "geo-based": 0.9999998146420109, "mixed": 1.8532373460485213e-07, "none": 3.425437800555291e-11}, "13": {"type-based": 4.876592784409679e-19, "geo-based": 0.9999997556431552, "mixed": 2.443554139889621e-07, "none": 1.4307487984116541e-12}, "14": {"type-based": 1.1674395331052987e-20, "geo-based": 0.9999998583635775, "mixed": 1.4163636485051678e-07, "none": 5.768100062799278e-14}, "15": {"type-based": 3.3540910615524014e-22, "geo-based": 0.9999998933587728, "mixed": 1.0664122487875599e-07, "none": 2.163101468415163e-15}, "16": {"type-based": 1.5080073564357902e-23, "geo-based": 0.9999998630972277, "mixed": 1.36902772424537e-07, "none": 7.488921860788022e-17}, "17": {"type-based": 9.115137624661229e-25, "geo-based": 0.9999998196771002, "mixed": 1.803228998449602e-07, "none": 3.3931158677226174e-18}, "18": {"type-based": 5.0685298321240827e-26, "geo-based": 0.9999997577448004, "mixed": 2.4225519959119395e-07, "none": 1.384262647701763e-19}, "19": {"type-based": 5.353494778607864e-28, "geo-based": 0.9999999337918851, "mixed": 6.620811490500837e-08, "none": 5.268287817339578e-21}, "20": {"type-based": 3.300186376396372e-29, "geo-based": 0.9999999109705534, "mixed": 8.902944661919785e-08, "none": 2.3856432329199604e-22}, "21": {"type-based": 6.642207747042589e-31, "geo-based": 0.9999999668655177, "mixed": 3.313448233195521e-08, "none": 1.2724321062988936e-23}, "22": {"type-based": 2.977076097341554e-32, "geo-based": 0.9999999797715802, "mixed": 2.0228419765962016e-08, "none": 9.224836266307768e-25}, "23": {"type-based": 1.100717126632054e-33, "geo-based": 0.9999999854976427, "mixed": 1.450235737469507e-08, "none": 4.69336937584162e-26}, "24": {"type-based": 7.030434985777952e-35, "geo-based": 0.999999981323371, "mixed": 1.867662904365376e-08, "none": 2.2961607684375798e-27}, "25": {"type-based": 3.631176114664125e-36, "geo-based": 0.9999999755969883, "mixed": 2.4403011714937435e-08, "none": 8.926297097913684e-29}, "26": {"type-based": 1.908971931107185e-37, "geo-based": 0.9999999676853856, "mixed": 3.231461443220596e-08, "none": 3.479243621907413e-30}, "27": {"type-based": 9.12651561811972e-39, "geo-based": 0.9999999567136647, "mixed": 4.328633541337582e-08, "none": 1.2172056981554082e-31}, "28": {"type-based": 4.167581475995091e-40, "geo-based": 0.9999999414161219, "mixed": 5.858387803063937e-08, "none": 4.020929644645982e-33}, "29": {"type-based": 1.9485069939836952e-41, "geo-based": 0.9999999199887311, "mixed": 8.001126896534751e-08, "none": 1.3462126643954098e-34}}