{"0": {"type-based": 0, "geo-based": 0, "mixed": 0, "none": 0}, "1": {"type-based": -7.576097340623111, "geo-based": -7.576097340623111, "mixed": -7.576097340623111, "none": -7.576097340623111}, "2": {"type-based": -15.152194681246222, "geo-based": -15.152194681246222, "mixed": -15.152194681246222, "none": -15.152194681246222}, "3": {"type-based": -17.858110338630347, "geo-based": -21.135429866885254, "mixed": -16.91312401490805, "none": -22.728292021869333}, "4": {"type-based": -20.54224014917301, "geo-based": -27.17388047209404, "mixed": -18.891210742389536, "none": -30.304389362492444}, "5": {"type-based": -23.215293645190165, "geo-based": -33.43908784115719, "mixed": -21.200017765444958, "none": -37.88048670311555}, "6": {"type-based": -25.88164108453087, "geo-based": -40.05836393593776, "mixed": -23.94682170781079, "none": -45.45658404373866}, "7": {"type-based": -28.543492328955992, "geo-based": -46.178638347297685, "mixed": -26.2537847965498, "none": -53.032681384361766}, "8": {"type-based": -31.202119398859825, "geo-based": -53.61194220904369, "mixed": -29.94735644649175, "none": -60.60877872498487}, "9": {"type-based": -33.85832139642387, "geo-based": -60.99084240984912, "mixed": -33.57261116536131, "none": -68.18487606560798}, "10": {"type-based": -36.512633092277106, "geo-based": -68.60942419432617, "mixed": -37.447691576709865, "none": -75.76097340623109}, "11": {"type-based": -39.16542993191091, "geo-based": -77.94583447960761, "mixed": -43.00836539005432, "none": -83.3370707468542}, "12": {"type-based": -41.81698560949853, "geo-based": -84.38115224799446, "mixed": -45.59978669805204, "none": -90.9131680874773}, "13": {"type-based": -44.467505790057636, "geo-based": -90.67627345761109, "mixed": -48.060982129746044, "none": -98.48926542810041}, "14": {"type-based": -47.11714893027345, "geo-based": -96.35961145782129, "mixed": -49.918314396223856, "none": -106.06536276872352}, "15": {"type-based": -49.76603969995777, "geo-based": -102.13644896688857, "mixed": -51.887968055829084, "none": -113.64146010934662}, "16": {"type-based": -52.41427795029247, "geo-based": -108.09257916848166, "mixed": -54.050161032178536, "none": -121.21755744996973}, "17": {"type-based": -55.06194489161114, "geo-based": -114.57968035255746, "mixed": -56.756112826205545, "none": -128.79365479059285}, "18": {"type-based": -57.70910746158601, "geo-based": -120.59033455346507, "mixed": -58.993749107191334, "none": -136.36975213121596}, "19": {"type-based": -60.35582148469998, "geo-based": -127.55315156121962, "mixed": -62.19825066048336, "none": -143.94584947183907}, "20": {"type-based": -63.00213400331307, "geo-based": -134.35278074855762, "mixed": -65.24960033324004, "none": -151.52194681246218}, "21": {"type-based": -65.64808502798412, "geo-based": -140.20184232922486, "mixed": -67.34847807821443, "none": -159.09804415308528}}