{"0": {"type-based": 0, "geo-based": 0, "mixed": 0, "none": 0}, "1": {"type-based": -7.576097340623111, "geo-based": -7.576097340623111, "mixed": -7.576097340623111, "none": -7.576097340623111}, "2": {"type-based": -15.152194681246222, "geo-based": -15.152194681246222, "mixed": -15.152194681246222, "none": -15.152194681246222}, "3": {"type-based": -19.022385270138873, "geo-based": -23.558371184008475, "mixed": -19.844347910321876, "none": -22.728292021869333}, "4": {"type-based": -22.885941617877407, "geo-based": -31.13045834105474, "mixed": -23.634924354089478, "none": -30.304389362492444}, "5": {"type-based": -26.746163432165385, "geo-based": -38.025345591591254, "mixed": -26.717356075385766, "none": -37.88048670311555}, "6": {"type-based": -39.121772079851816, "geo-based": -46.15335824697512, "mixed": -39.52895526664102, "none": -45.45658404373866}, "7": {"type-based": -44.609507805834824, "geo-based": -54.1569046870576, "mixed": -45.329258337518326, "none": -53.032681384361766}, "8": {"type-based": -49.425050686614334, "geo-based": -61.94535905167552, "mixed": -50.26668366745673, "none": -60.60877872498487}}