{"0": {"type-based": 0, "geo-based": 0, "mixed": 0, "none": 0}, "1": {"type-based": -7.576097340623111, "geo-based": -7.576097340623111, "mixed": -7.576097340623111, "none": -7.576097340623111}, "2": {"type-based": -15.152194681246222, "geo-based": -15.152194681246222, "mixed": -15.152194681246222, "none": -15.152194681246222}, "3": {"type-based": -22.473673249789684, "geo-based": -21.734855319633407, "mixed": -21.500919774451994, "none": -22.728292021869333}, "4": {"type-based": -37.28130568341132, "geo-based": -28.041195431215918, "mixed": -35.05551499815657, "none": -30.304389362492444}, "5": {"type-based": -44.58159963795326, "geo-based": -33.93044324602165, "mixed": -40.6849079698304, "none": -37.88048670311555}, "6": {"type-based": -59.819242391240934, "geo-based": -39.65858650019622, "mixed": -54.093376976232065, "none": -45.45658404373866}, "7": {"type-based": -67.0640769011455, "geo-based": -45.17129368611503, "mixed": -59.29986657154941, "none": -53.032681384361766}, "8": {"type-based": -74.26926739793778, "geo-based": -50.79707229629449, "mixed": -64.58487625787131, "none": -60.60877872498487}, "9": {"type-based": -81.44989115880877, "geo-based": -56.55301603644696, "mixed": -69.97702669787277, "none": -68.18487606560798}, "10": {"type-based": -88.61379386086622, "geo-based": -62.15106430906558, "mixed": -75.19259240120464, "none": -75.76097340623109}, "11": {"type-based": -95.76557872216739, "geo-based": -67.62451405068651, "mixed": -80.26939981002063, "none": -83.3370707468542}, "12": {"type-based": -102.9081774696417, "geo-based": -72.99452100100291, "mixed": -85.231607582162, "none": -90.9131680874773}, "13": {"type-based": -110.04357243203131, "geo-based": -78.27659923121169, "mixed": -90.09684653591721, "none": -98.48926542810041}, "14": {"type-based": -117.17316662203346, "geo-based": -83.5724841273281, "mixed": -94.96827120769062, "none": -106.06536276872352}, "15": {"type-based": -124.29798947248882, "geo-based": -88.7264372190652, "mixed": -99.69008371541145, "none": -113.64146010934662}, "16": {"type-based": -131.4188186754239, "geo-based": -93.89258210002616, "mixed": -104.41790408428587, "none": -121.21755744996973}, "17": {"type-based": -138.53625608843612, "geo-based": -99.28581982855529, "mixed": -109.36705736964511, "none": -128.79365479059285}, "18": {"type-based": -145.65077703354848, "geo-based": -104.44448613238455, "mixed": -114.07450417382591, "none": -136.36975213121596}, "19": {"type-based": -155.46988081376543, "geo-based": -109.63924091390452, "mixed": -121.52093124148338, "none": -143.94584947183907}, "20": {"type-based": -162.59958973568155, "geo-based": -114.79868367906086, "mixed": -126.2399449574084, "none": -151.52194681246218}, "21": {"type-based": -172.49766561856524, "geo-based": -119.867955236319, "mixed": -133.63546890761015, "none": -159.09804415308528}, "22": {"type-based": -179.62699837100482, "geo-based": -125.39921452399952, "mixed": -138.7264280699552, "none": -166.6741414937084}, "23": {"type-based": -186.7532609070774, "geo-based": -130.56034000174532, "mixed": -143.4396557460993, "none": -174.2502388343315}, "24": {"type-based": -196.7662142185361, "geo-based": -135.82984733411953, "mixed": -151.14559860538083, "none": -181.8263361749546}, "25": {"type-based": -206.09835867190253, "geo-based": -141.02269356981853, "mixed": -158.09219189483304, "none": -189.4024335155777}, "26": {"type-based": -223.04635679992808, "geo-based": -146.1044972553068, "mixed": -172.54085446040267, "none": -196.97853085620082}, "27": {"type-based": -239.99648949802176, "geo-based": -151.25495850945669, "mixed": -187.05820341577902, "none": -204.55462819682393}, "28": {"type-based": -249.34726303393876, "geo-based": -156.38285649605191, "mixed": -193.95051444104578, "none": -212.13072553744703}, "29": {"type-based": -258.3042235290734, "geo-based": -161.93405027488458, "mixed": -200.87137964928547, "none": -219.70682287807014}, "30": {"type-based": -265.4810573293211, "geo-based": -167.89645741324006, "mixed": -206.42093463185023, "none": -227.28292021869325}, "31": {"type-based": -272.65282122294343, "geo-based": -174.17380908004014, "mixed": -212.27651677869673, "none": -234.85901755931636}, "32": {"type-based": -279.82000009366783, "geo-based": -179.37579803379006, "mixed": -217.0484096893433, "none": -242.43511489993946}, "33": {"type-based": -289.33393539673614, "geo-based": -184.54314067109902, "mixed": -224.13060934189926, "none": -250.01121224056257}, "34": {"type-based": -296.4990850077544, "geo-based": -189.73446549193162, "mixed": -228.8910628833175, "none": -257.5873095811857}, "35": {"type-based": -303.6603424075913, "geo-based": -194.89688932087498, "mixed": -233.61706087248427, "none": -265.1634069218088}, "36": {"type-based": -310.818032755307, "geo-based": -200.0542172233718, "mixed": -238.3328373197578, "none": -272.7395042624319}, "37": {"type-based": -319.7639932437169, "geo-based": -205.2534610211669, "mixed": -244.877298560312, "none": -280.31560160305503}, "38": {"type-based": -326.9270255582941, "geo-based": -210.50236951237972, "mixed": -249.68757177528303, "none": -287.89169894367814}, "39": {"type-based": -344.2133824075007, "geo-based": -215.53949408089645, "mixed": -264.407888203022, "none": -295.46779628430124}, "40": {"type-based": -353.493193852724, "geo-based": -220.47563393845996, "mixed": -271.0201809422224, "none": -303.04389362492435}, "41": {"type-based": -360.6632103488323, "geo-based": -225.47297511240305, "mixed": -275.58281222553376, "none": -310.61999096554746}, "42": {"type-based": -367.8297630543117, "geo-based": -230.46698543266163, "mixed": -280.1377627111857, "none": -318.19608830617057}, "43": {"type-based": -374.9930978036784, "geo-based": -235.48356305934576, "mixed": -284.7112224989289, "none": -325.7721856467937}, "44": {"type-based": -382.15343514201504, "geo-based": -240.57622844228894, "mixed": -289.35696295647386, "none": -333.3482829874168}, "45": {"type-based": -389.31097368058744, "geo-based": -245.71604348905157, "mixed": -294.0461552043648, "none": -340.9243803280399}, "46": {"type-based": -398.4805792980519, "geo-based": -251.2018814504024, "mixed": -301.0925663591856, "none": -348.500477668663}, "47": {"type-based": -405.64402688068844, "geo-based": -256.9098395582605, "mixed": -306.35397071525836, "none": -356.0765750092861}, "48": {"type-based": -414.62914573403293, "geo-based": -262.04563581825494, "mixed": -312.8634117935678, "none": -363.6526723499092}, "49": {"type-based": -421.7980897115234, "geo-based": -267.1058776053051, "mixed": -317.48001029619763, "none": -371.2287696905323}, "50": {"type-based": -428.96425085718363, "geo-based": -272.06136155675364, "mixed": -321.98822346853655, "none": -378.8048670311554}}