{"0": {"type-based": 0, "geo-based": 0, "mixed": 0, "none": 0}, "1": {"type-based": -7.576097340623111, "geo-based": -7.576097340623111, "mixed": -7.576097340623111, "none": -7.576097340623111}, "2": {"type-based": -15.152194681246222, "geo-based": -15.152194681246222, "mixed": -15.152194681246222, "none": -15.152194681246222}, "3": {"type-based": -17.858110338630347, "geo-based": -21.080306593783046, "mixed": -16.913996382547932, "none": -22.728292021869333}, "4": {"type-based": -20.54224014917301, "geo-based": -26.729092317491894, "mixed": -18.5434928458016, "none": -30.304389362492444}, "5": {"type-based": -23.215293645190165, "geo-based": -32.14784542272119, "mixed": -20.068140056799976, "none": -37.88048670311555}, "6": {"type-based": -25.88164108453087, "geo-based": -37.37277770636042, "mixed": -21.504505063987647, "none": -45.45658404373866}, "7": {"type-based": -28.543492328955992, "geo-based": -42.5073224836769, "mixed": -22.9403481288292, "none": -53.032681384361766}, "8": {"type-based": -31.202119398859825, "geo-based": -48.737422362066305, "mixed": -25.55642886126259, "none": -60.60877872498487}, "9": {"type-based": -33.85832139642387, "geo-based": -55.89732972222939, "mixed": -29.11807877871373, "none": -68.18487606560798}, "10": {"type-based": -36.512633092277106, "geo-based": -62.10125030122984, "mixed": -31.715225099201106, "none": -75.76097340623109}, "11": {"type-based": -39.16542993191091, "geo-based": -70.00817778691138, "mixed": -36.0402620982392, "none": -83.3370707468542}, "12": {"type-based": -41.81698560949853, "geo-based": -77.77895166489307, "mixed": -40.170685021595695, "none": -90.9131680874773}, "13": {"type-based": -44.467505790057636, "geo-based": -92.52607345464985, "mixed": -51.267434360785366, "none": -98.48926542810041}}