{"0": {"type-based": 0, "geo-based": 0, "mixed": 0, "none": 0}, "1": {"type-based": -7.576097340623111, "geo-based": -7.576097340623111, "mixed": -7.576097340623111, "none": -7.576097340623111}, "2": {"type-based": -15.152194681246222, "geo-based": -15.152194681246222, "mixed": -15.152194681246222, "none": -15.152194681246222}, "3": {"type-based": -29.829730263450593, "geo-based": -21.356353096555942, "mixed": -28.46566823586604, "none": -22.728292021869333}, "4": {"type-based": -37.03596036248849, "geo-based": -27.51556781067409, "mixed": -34.27409130069487, "none": -30.304389362492444}, "5": {"type-based": -44.20059259970186, "geo-based": -33.44507688266989, "mixed": -39.81330283157443, "none": -37.88048670311555}, "6": {"type-based": -51.343753063693356, "geo-based": -39.09513515329364, "mixed": -45.053083126546326, "none": -45.45658404373866}, "7": {"type-based": -66.99119703546693, "geo-based": -44.60290307260303, "mixed": -58.658779626247, "none": -53.032681384361766}, "8": {"type-based": -82.64788417311392, "geo-based": -50.04338473432935, "mixed": -72.21174049414365, "none": -60.60877872498487}, "9": {"type-based": -89.82850793398491, "geo-based": -55.529313344167875, "mixed": -77.33647619361867, "none": -68.18487606560798}, "10": {"type-based": -96.99241063604237, "geo-based": -60.87306159861072, "mixed": -82.30371791106745, "none": -75.76097340623109}, "11": {"type-based": -104.14419549734353, "geo-based": -66.4040858560969, "mixed": -87.44735793150811, "none": -83.3370707468542}, "12": {"type-based": -111.28679424481784, "geo-based": -71.81261541396151, "mixed": -92.45690609774947, "none": -90.9131680874773}, "13": {"type-based": -118.42218920720745, "geo-based": -77.12073748228336, "mixed": -97.3565743502298, "none": -98.48926542810041}, "14": {"type-based": -125.5517833972096, "geo-based": -82.34332841557635, "mixed": -102.16282660678851, "none": -106.06536276872352}, "15": {"type-based": -132.67660624766495, "geo-based": -87.60117511406602, "mixed": -106.99767421571664, "none": -113.64146010934662}, "16": {"type-based": -139.79743545060003, "geo-based": -92.70994638788306, "mixed": -111.67624898534375, "none": -121.21755744996973}, "17": {"type-based": -146.91487286361226, "geo-based": -98.16424981943976, "mixed": -116.69459535633548, "none": -128.79365479059285}, "18": {"type-based": -154.02939380872462, "geo-based": -103.34047636605082, "mixed": -121.42692940800151, "none": -136.36975213121596}, "19": {"type-based": -163.84849758894157, "geo-based": -108.5622111932086, "mixed": -128.9072506077208, "none": -143.94584947183907}, "20": {"type-based": -170.9782065108577, "geo-based": -113.74112396038934, "mixed": -133.65203469581576, "none": -151.52194681246218}, "21": {"type-based": -180.87628239374135, "geo-based": -118.81879282032878, "mixed": -141.06190963605644, "none": -159.09804415308528}, "22": {"type-based": -197.6860216454498, "geo-based": -124.07462173022218, "mixed": -155.56316675930265, "none": -166.6741414937084}, "23": {"type-based": -204.81780507905708, "geo-based": -129.25801783935387, "mixed": -160.31045978259064, "none": -174.2502388343315}, "24": {"type-based": -214.08600650818312, "geo-based": -134.527874443933, "mixed": -167.2779181426895, "none": -181.8263361749546}, "25": {"type-based": -224.06225376815723, "geo-based": -139.78997162848634, "mixed": -174.9421295340723, "none": -189.4024335155777}, "26": {"type-based": -231.21850697891185, "geo-based": -145.1735661774105, "mixed": -179.90584897837667, "none": -196.97853085620082}, "27": {"type-based": -248.16863967700553, "geo-based": -150.35053303435356, "mixed": -194.45331041647358, "none": -204.55462819682393}, "28": {"type-based": -258.21206076819107, "geo-based": -155.48777538721978, "mixed": -202.05101047217323, "none": -212.13072553744703}, "29": {"type-based": -267.1595747996155, "geo-based": -160.6948169772849, "mixed": -208.6194741253338, "none": -219.70682287807014}, "30": {"type-based": -274.3297648922125, "geo-based": -165.95626806435112, "mixed": -213.46279019053782, "none": -227.28292021869325}, "31": {"type-based": -281.49520374407325, "geo-based": -171.1549817565141, "mixed": -218.23700818988283, "none": -234.85901755931636}, "32": {"type-based": -288.6563470683395, "geo-based": -176.3752446207785, "mixed": -223.0269502561003, "none": -242.43511489993946}, "33": {"type-based": -295.8135879797401, "geo-based": -181.7553525170761, "mixed": -227.9714459230035, "none": -250.01121224056257}, "34": {"type-based": -302.9672679631322, "geo-based": -187.08267048418034, "mixed": -232.85783505463962, "none": -257.5873095811857}, "35": {"type-based": -310.1176855394077, "geo-based": -192.45582739535686, "mixed": -237.785202368705, "none": -265.1634069218088}, "36": {"type-based": -317.2651031856984, "geo-based": -197.898502270146, "mixed": -242.77754353696406, "none": -272.7395042624319}, "37": {"type-based": -324.4097529156913, "geo-based": -203.17922883325437, "mixed": -247.60329164134905, "none": -280.31560160305503}, "38": {"type-based": -333.423431488817, "geo-based": -208.61154156273287, "mixed": -254.44807211306394, "none": -287.89169894367814}, "39": {"type-based": -340.5754796796325, "geo-based": -213.82891137977109, "mixed": -259.2142793179287, "none": -295.46779628430124}, "40": {"type-based": -350.32703239057673, "geo-based": -218.93584644736643, "mixed": -266.46806764400554, "none": -303.04389362492435}, "41": {"type-based": -367.68769494927386, "geo-based": -223.86908782105337, "mixed": -281.156333652112, "none": -310.61999096554746}, "42": {"type-based": -374.84487263739396, "geo-based": -229.76024568734402, "mixed": -286.5984752009588, "none": -318.19608830617057}, "43": {"type-based": -381.9992555816282, "geo-based": -235.2248417525922, "mixed": -291.6092311076432, "none": -325.7721856467937}, "44": {"type-based": -391.82471273286063, "geo-based": -240.1085039730059, "mixed": -298.708483694208, "none": -333.3482829874168}, "45": {"type-based": -398.97805229331726, "geo-based": -245.0148744729769, "mixed": -303.1609302914174, "none": -340.9243803280399}, "46": {"type-based": -406.1289021271121, "geo-based": -249.882657425291, "mixed": -307.5713362204228, "none": -348.500477668663}, "47": {"type-based": -415.6124911269762, "geo-based": -254.913807769763, "mixed": -314.47689354902, "none": -356.0765750092861}}