{"0": {"type-based": 0, "geo-based": 0, "mixed": 0, "none": 0}, "1": {"type-based": -7.576097340623111, "geo-based": -7.576097340623111, "mixed": -7.576097340623111, "none": -7.576097340623111}, "2": {"type-based": -15.152194681246222, "geo-based": -15.152194681246222, "mixed": -15.152194681246222, "none": -15.152194681246222}, "3": {"type-based": -16.939362582529427, "geo-based": -21.23858771203032, "mixed": -16.455163570457415, "none": -22.728292021869333}, "4": {"type-based": -18.670743845207546, "geo-based": -31.920034907525125, "mixed": -22.514148039090042, "none": -30.304389362492444}, "5": {"type-based": -20.373012211902452, "geo-based": -39.662009410048306, "mixed": -25.07065093696605, "none": -37.88048670311555}, "6": {"type-based": -22.057394721883703, "geo-based": -46.38544799877289, "mixed": -26.515782320684796, "none": -45.45658404373866}, "7": {"type-based": -23.72967207911461, "geo-based": -52.931190905847686, "mixed": -27.893986494530107, "none": -53.032681384361766}, "8": {"type-based": -25.393211793747046, "geo-based": -60.32205667299678, "mixed": -30.21390990151721, "none": -60.60877872498487}, "9": {"type-based": -27.05014753041041, "geo-based": -67.38917981944692, "mixed": -32.14275860059898, "none": -68.18487606560798}, "10": {"type-based": -37.807007314074546, "geo-based": -82.55646623176166, "mixed": -51.23341094210074, "none": -75.76097340623109}, "11": {"type-based": -49.25753596281906, "geo-based": -89.78208813792895, "mixed": -62.48157161856592, "none": -83.3370707468542}, "12": {"type-based": -54.212430764657995, "geo-based": -96.8905069477213, "mixed": -66.96344112476842, "none": -90.9131680874773}}