{"0": {"type-based": 0, "geo-based": 0, "mixed": 0, "none": 0}, "1": {"type-based": -7.576097340623111, "geo-based": -7.576097340623111, "mixed": -7.576097340623111, "none": -7.576097340623111}, "2": {"type-based": -15.152194681246222, "geo-based": -15.152194681246222, "mixed": -15.152194681246222, "none": -15.152194681246222}, "3": {"type-based": -28.55211555006848, "geo-based": -21.439922210589312, "mixed": -27.325993102000172, "none": -22.728292021869333}, "4": {"type-based": -36.07023941996549, "geo-based": -27.390132409035537, "mixed": -33.24874874036225, "none": -30.304389362492444}, "5": {"type-based": -43.39157306558703, "geo-based": -33.41667275447052, "mixed": -39.04877573497484, "none": -37.88048670311555}, "6": {"type-based": -50.63759622611149, "geo-based": -39.11534905360441, "mixed": -44.44525561251978, "none": -45.45658404373866}, "7": {"type-based": -66.13801407010739, "geo-based": -44.79020765094712, "mixed": -58.074634764624705, "none": -53.032681384361766}, "8": {"type-based": -73.39228683175232, "geo-based": -50.1601157653717, "mixed": -63.15367622381251, "none": -60.60877872498487}, "9": {"type-based": -89.13072414677428, "geo-based": -55.3867433837039, "mixed": -76.5784557214497, "none": -68.18487606560798}, "10": {"type-based": -96.36021090437978, "geo-based": -60.823207251212025, "mixed": -81.7079307766939, "none": -75.76097340623109}, "11": {"type-based": -103.5656733651367, "geo-based": -66.49425195372518, "mixed": -87.04924267353977, "none": -83.3370707468542}, "12": {"type-based": -110.75361421912612, "geo-based": -72.1328172575841, "mixed": -92.33714171355086, "none": -90.9131680874773}, "13": {"type-based": -117.92820884687055, "geo-based": -77.53213367655309, "mixed": -97.36847183942977, "none": -98.48926542810041}, "14": {"type-based": -125.09229817804639, "geo-based": -82.83713843818245, "mixed": -102.29269033790736, "none": -106.06536276872352}, "15": {"type-based": -132.2479028683011, "geo-based": -88.5065734600284, "mixed": -107.5708873235583, "none": -113.64146010934662}, "16": {"type-based": -139.39651148970816, "geo-based": -93.87274613362801, "mixed": -112.53308508957863, "none": -121.21755744996973}, "17": {"type-based": -148.33059525711948, "geo-based": -99.27149851346024, "mixed": -119.31072076260756, "none": -128.79365479059285}, "18": {"type-based": -155.49477789756884, "geo-based": -104.61441162294453, "mixed": -124.25845917174489, "none": -136.36975213121596}, "19": {"type-based": -165.21646030340492, "geo-based": -109.84275454159196, "mixed": -131.64676627957502, "none": -143.94584947183907}, "20": {"type-based": -172.3775846377007, "geo-based": -115.21352890522724, "mixed": -136.61853462035612, "none": -151.52194681246218}, "21": {"type-based": -182.17098027491951, "geo-based": -120.68897109254807, "mixed": -144.3239702981992, "none": -159.09804415308528}, "22": {"type-based": -190.88115394250244, "geo-based": -126.06616647742015, "mixed": -150.845113664891, "none": -166.6741414937084}, "23": {"type-based": -207.61594495720786, "geo-based": -131.30668848814184, "mixed": -165.25035307269798, "none": -174.2502388343315}, "24": {"type-based": -224.35337713390768, "geo-based": -136.616400692184, "mixed": -179.72454120986913, "none": -181.8263361749546}, "25": {"type-based": -234.18458135308856, "geo-based": -141.87796396110045, "mixed": -187.24032503055784, "none": -189.4024335155777}, "26": {"type-based": -241.3801767700239, "geo-based": -147.2467714162255, "mixed": -192.22397758086834, "none": -196.97853085620082}, "27": {"type-based": -248.56821821360725, "geo-based": -152.6761396384619, "mixed": -197.25780065379044, "none": -204.55462819682393}, "28": {"type-based": -257.8286068999075, "geo-based": -158.25298048682163, "mixed": -204.50877010975134, "none": -212.13072553744703}, "29": {"type-based": -265.0225565663228, "geo-based": -163.8738697054308, "mixed": -209.7350194123619, "none": -219.70682287807014}, "30": {"type-based": -273.65665822962137, "geo-based": -169.0795487279079, "mixed": -215.98309471892557, "none": -227.28292021869325}, "31": {"type-based": -282.9981825196691, "geo-based": -174.34065841496653, "mixed": -222.99217133806525, "none": -234.85901755931636}, "32": {"type-based": -290.20262066617477, "geo-based": -179.62321092572506, "mixed": -227.88874671766524, "none": -242.43511489993946}, "33": {"type-based": -297.40033104201865, "geo-based": -184.8959429625409, "mixed": -232.7669517590774, "none": -250.01121224056257}, "34": {"type-based": -306.43752923033765, "geo-based": -190.20810545601438, "mixed": -239.52232951640065, "none": -257.5873095811857}, "35": {"type-based": -313.6396654901405, "geo-based": -195.37649051236332, "mixed": -244.2977650226651, "none": -265.1634069218088}, "36": {"type-based": -320.8358506869621, "geo-based": -200.4888861916108, "mixed": -249.01018244886643, "none": -272.7395042624319}, "37": {"type-based": -328.0266208739312, "geo-based": -205.6381708827743, "mixed": -253.75302875040785, "none": -280.31560160305503}, "38": {"type-based": -335.21244272697714, "geo-based": -210.7524328031775, "mixed": -258.45493260788356, "none": -287.89169894367814}, "39": {"type-based": -342.39372503222285, "geo-based": -215.9594772450945, "mixed": -263.2441520718199, "none": -295.46779628430124}, "40": {"type-based": -349.57082788836846, "geo-based": -221.20904775614343, "mixed": -268.07062827656074, "none": -303.04389362492435}, "41": {"type-based": -356.7440701490306, "geo-based": -226.48059968945893, "mixed": -272.91416267636134, "none": -310.61999096554746}, "42": {"type-based": -363.9137354943871, "geo-based": -231.62711223047006, "mixed": -277.6278004907022, "none": -318.19608830617057}, "43": {"type-based": -371.08007742449865, "geo-based": -236.74696228183663, "mixed": -282.3103167880168, "none": -325.7721856467937}, "44": {"type-based": -379.9659257277637, "geo-based": -241.9882866901094, "mixed": -288.83262120403685, "none": -333.3482829874168}, "45": {"type-based": -387.13823101686796, "geo-based": -247.39139963930037, "mixed": -293.80178139653816, "none": -340.9243803280399}, "46": {"type-based": -394.3073594137995, "geo-based": -253.0801292498786, "mixed": -299.05191435147634, "none": -348.500477668663}}