{"0": {"type-based": 0, "geo-based": 0, "mixed": 0, "none": 0}, "1": {"type-based": -7.576097340623111, "geo-based": -7.576097340623111, "mixed": -7.576097340623111, "none": -7.576097340623111}, "2": {"type-based": -15.152194681246222, "geo-based": -15.152194681246222, "mixed": -15.152194681246222, "none": -15.152194681246222}, "3": {"type-based": -22.276438850890578, "geo-based": -21.20898185001175, "mixed": -20.786539892124196, "none": -22.728292021869333}, "4": {"type-based": -36.35504494434005, "geo-based": -26.997285045809832, "mixed": -33.11669076417691, "none": -30.304389362492444}, "5": {"type-based": -43.710932415931495, "geo-based": -32.3921092515573, "mixed": -38.3093425673088, "none": -37.88048670311555}, "6": {"type-based": -50.93662373264995, "geo-based": -37.593449223504116, "mixed": -43.20360437301588, "none": -45.45658404373866}, "7": {"type-based": -66.12152432530335, "geo-based": -42.64907431212128, "mixed": -55.9224863021461, "none": -53.032681384361766}, "8": {"type-based": -74.47800714061296, "geo-based": -47.56489750754698, "mixed": -61.66350718369771, "none": -60.60877872498487}, "9": {"type-based": -81.81090404529102, "geo-based": -52.40424951769884, "mixed": -66.29331004039312, "none": -68.18487606560798}, "10": {"type-based": -89.08547158928482, "geo-based": -57.22480872427181, "mixed": -70.85187867824811, "none": -75.76097340623109}, "11": {"type-based": -96.32333027948111, "geo-based": -62.02401649837711, "mixed": -75.35470294727176, "none": -83.3370707468542}, "12": {"type-based": -103.53594359679617, "geo-based": -66.55390740963063, "mixed": -79.5626516465001, "none": -90.9131680874773}, "13": {"type-based": -110.73012508926504, "geo-based": -71.00082790352418, "mixed": -83.66891788579561, "none": -98.48926542810041}, "14": {"type-based": -119.29617517116495, "geo-based": -75.3970071424749, "mixed": -89.09520547603681, "none": -106.06536276872352}, "15": {"type-based": -127.48776199628577, "geo-based": -79.72683524074026, "mixed": -94.07332675508724, "none": -113.64146010934662}, "16": {"type-based": -134.7286406679565, "geo-based": -84.1106901066957, "mixed": -98.14799874933396, "none": -121.21755744996973}, "17": {"type-based": -142.76326076706593, "geo-based": -88.45138212663097, "mixed": -102.97249419513844, "none": -128.79365479059285}, "18": {"type-based": -152.20972312196346, "geo-based": -92.81545443575199, "mixed": -109.22655270298308, "none": -136.36975213121596}, "19": {"type-based": -160.98430539584922, "geo-based": -97.20945033186193, "mixed": -114.83367748167593, "none": -143.94584947183907}, "20": {"type-based": -168.27554398929453, "geo-based": -101.5529870211932, "mixed": -118.90337654056773, "none": -151.52194681246218}, "21": {"type-based": -175.5472137865587, "geo-based": -105.83981101077308, "mixed": -122.89756342836765, "none": -159.09804415308528}, "22": {"type-based": -182.80258259866397, "geo-based": -110.07393018974854, "mixed": -126.8230129584712, "none": -166.6741414937084}, "23": {"type-based": -190.04416105526002, "geo-based": -114.4987957408496, "mixed": -130.92530329628528, "none": -174.2502388343315}, "24": {"type-based": -198.7400008930842, "geo-based": -119.11268992672689, "mixed": -136.67134698142797, "none": -181.8263361749546}, "25": {"type-based": -206.93986679828862, "geo-based": -124.06742978336385, "mixed": -142.26098395561192, "none": -189.4024335155777}, "26": {"type-based": -214.20225399264277, "geo-based": -128.68410894769607, "mixed": -146.576498345466, "none": -196.97853085620082}, "27": {"type-based": -222.29961258872825, "geo-based": -133.19657769067473, "mixed": -151.62505174721016, "none": -204.55462819682393}, "28": {"type-based": -229.56631618443797, "geo-based": -137.55929188903934, "mixed": -155.69369667530611, "none": -212.13072553744703}, "29": {"type-based": -236.8213675655312, "geo-based": -141.81507090106453, "mixed": -159.64491165269683, "none": -219.70682287807014}, "30": {"type-based": -244.06611058565477, "geo-based": -146.00258407759682, "mixed": -163.51832960610346, "none": -227.28292021869325}, "31": {"type-based": -251.3016688282968, "geo-based": -150.1656683402656, "mixed": -167.35890027749147, "none": -234.85901755931636}, "32": {"type-based": -258.5289913381491, "geo-based": -154.27506795232057, "mixed": -171.13811749715464, "none": -242.43511489993946}, "33": {"type-based": -265.748887050866, "geo-based": -158.40533786447898, "mixed": -174.9313453274021, "none": -250.01121224056257}, "34": {"type-based": -272.9620511197793, "geo-based": -162.46644640656126, "mixed": -178.64929819869664, "none": -257.5873095811857}}