{"0": {"type-based": 0, "geo-based": 0, "mixed": 0, "none": 0}, "1": {"type-based": -7.576097340623111, "geo-based": -7.576097340623111, "mixed": -7.576097340623111, "none": -7.576097340623111}, "2": {"type-based": -15.152194681246222, "geo-based": -15.152194681246222, "mixed": -15.152194681246222, "none": -15.152194681246222}, "3": {"type-based": -22.473673249789684, "geo-based": -21.714938166821035, "mixed": -21.481002621639618, "none": -22.728292021869333}, "4": {"type-based": -37.28130568341132, "geo-based": -27.922293809152848, "mixed": -34.93896894926584, "none": -30.304389362492444}, "5": {"type-based": -44.50881356339465, "geo-based": -33.792242211847004, "mixed": -40.482040470572095, "none": -37.88048670311555}, "6": {"type-based": -51.688283813193685, "geo-based": -39.4913474434284, "mixed": -45.809862162862935, "none": -45.45658404373866}, "7": {"type-based": -67.13713453514893, "geo-based": -45.0988160317151, "mixed": -59.31782994107188, "none": -53.032681384361766}, "8": {"type-based": -74.34232503194121, "geo-based": -50.72459464189582, "mixed": -64.60283962739516, "none": -60.60877872498487}, "9": {"type-based": -81.5229487928122, "geo-based": -56.48432297533482, "mixed": -69.99877466068315, "none": -68.18487606560798}, "10": {"type-based": -88.68685149486966, "geo-based": -62.18847833047219, "mixed": -75.31930477657363, "none": -75.76097340623109}, "11": {"type-based": -95.83863635617082, "geo-based": -67.6730235929829, "mixed": -80.40450898959048, "none": -83.3370707468542}, "12": {"type-based": -102.98123510364513, "geo-based": -73.05662671511386, "mixed": -85.37754901410723, "none": -90.9131680874773}, "13": {"type-based": -112.3129662479766, "geo-based": -78.14723738638645, "mixed": -92.2449871493393, "none": -98.48926542810041}, "14": {"type-based": -119.47705557915245, "geo-based": -83.11145453617111, "mixed": -96.82203760425938, "none": -106.06536276872352}, "15": {"type-based": -126.63266026940717, "geo-based": -87.91897534073142, "mixed": -101.23832037262456, "none": -113.64146010934662}, "16": {"type-based": -133.78126889081423, "geo-based": -92.66331140423718, "mixed": -105.58638667958115, "none": -121.21755744996973}, "17": {"type-based": -140.92400973417784, "geo-based": -97.46163110001757, "mixed": -109.98580046554197, "none": -128.79365479059285}, "18": {"type-based": -150.6257852067083, "geo-based": -102.15533277514635, "mixed": -116.84360757318679, "none": -136.36975213121596}, "19": {"type-based": -159.63845144961016, "geo-based": -106.77957395421906, "mixed": -122.94754729865937, "none": -143.94584947183907}, "20": {"type-based": -169.34729109780199, "geo-based": -111.31982310487176, "mixed": -129.66802821682055, "none": -151.52194681246218}, "21": {"type-based": -176.50811687919935, "geo-based": -115.96675713577649, "mixed": -133.94898476967754, "none": -159.09804415308528}, "22": {"type-based": -183.66310440588575, "geo-based": -120.56322581770173, "mixed": -138.17440446328533, "none": -166.6741414937084}, "23": {"type-based": -190.81300434085628, "geo-based": -125.47962405833634, "mixed": -142.71546725615067, "none": -174.2502388343315}, "24": {"type-based": -197.9584312608989, "geo-based": -130.46122080303303, "mixed": -147.31475527751306, "none": -181.8263361749546}, "25": {"type-based": -205.09989468759454, "geo-based": -135.24733207760565, "mixed": -151.71168123550373, "none": -189.4024335155777}, "26": {"type-based": -212.23782174786493, "geo-based": -139.98973301124158, "mixed": -156.0598127534259, "none": -196.97853085620082}, "27": {"type-based": -219.37257403558033, "geo-based": -145.28153253464126, "mixed": -160.95284537380465, "none": -204.55462819682393}, "28": {"type-based": -226.50446036873566, "geo-based": -150.20929961854037, "mixed": -165.4742167543581, "none": -212.13072553744703}, "29": {"type-based": -235.98466958575858, "geo-based": -155.2368309149422, "mixed": -172.44147359469312, "none": -219.70682287807014}, "30": {"type-based": -243.12643063080705, "geo-based": -160.2330609394799, "mixed": -177.03532902611818, "none": -227.28292021869325}, "31": {"type-based": -252.25742882442347, "geo-based": -165.11612977418312, "mixed": -183.50301001992216, "none": -234.85901755931636}, "32": {"type-based": -259.39837477216895, "geo-based": -170.25019116810105, "mixed": -188.23166770452445, "none": -242.43511489993946}, "33": {"type-based": -268.57316741872575, "geo-based": -175.5176934177161, "mixed": -195.12444946388126, "none": -250.01121224056257}, "34": {"type-based": -278.1645542708381, "geo-based": -180.78357520086334, "mixed": -202.42797797296703, "none": -257.5873095811857}, "35": {"type-based": -285.323090801192, "geo-based": -186.21447314366938, "mixed": -207.46082783407883, "none": -265.1634069218088}, "36": {"type-based": -302.56416450325116, "geo-based": -191.22018271760624, "mixed": -222.14714265183375, "none": -272.7395042624319}, "37": {"type-based": -319.80683095306836, "geo-based": -196.34742975631772, "mixed": -236.95419941138456, "none": -280.31560160305503}, "38": {"type-based": -329.04432191513627, "geo-based": -201.45684417432565, "mixed": -243.73507850473106, "none": -287.89169894367814}, "39": {"type-based": -338.00280341457983, "geo-based": -207.13442019592867, "mixed": -250.80349686615733, "none": -295.46779628430124}, "40": {"type-based": -345.1782499003027, "geo-based": -212.47498996744227, "mixed": -255.74872384465766, "none": -303.04389362492435}, "41": {"type-based": -354.1822674342274, "geo-based": -217.75707903371767, "mixed": -262.46138234141813, "none": -310.61999096554746}, "42": {"type-based": -363.18806520457167, "geo-based": -222.84980322558332, "mixed": -268.98695357452783, "none": -318.19608830617057}, "43": {"type-based": -380.4982012813434, "geo-based": -228.07807744010992, "mixed": -283.95045904575716, "none": -325.7721856467937}, "44": {"type-based": -387.6818180441223, "geo-based": -233.32361630047842, "mixed": -288.8033587370126, "none": -333.3482829874168}, "45": {"type-based": -394.8614964455328, "geo-based": -238.56732572517151, "mixed": -293.64852084270973, "none": -340.9243803280399}, "46": {"type-based": -403.7237503332792, "geo-based": -243.87571677221212, "mixed": -300.2390506689565, "none": -348.500477668663}, "47": {"type-based": -410.90727347650903, "geo-based": -249.25427830290718, "mixed": -305.21962665751965, "none": -356.0765750092861}, "48": {"type-based": -418.08714308766724, "geo-based": -254.2867787382691, "mixed": -309.8485974851442, "none": -363.6526723499092}, "49": {"type-based": -425.26359908458505, "geo-based": -259.3140497960031, "mixed": -314.4678219064337, "none": -371.2287696905323}, "50": {"type-based": -432.43685848612654, "geo-based": -264.372380369113, "mixed": -319.11387237499815, "none": -378.8048670311554}, "51": {"type-based": -439.6071182385483, "geo-based": -269.5755647003256, "mixed": -323.9007789628117, "none": -386.38096437177853}, "52": {"type-based": -446.7745576185556, "geo-based": -274.84412210656967, "mixed": -328.74906733992106, "none": -393.95706171240164}, "53": {"type-based": -453.9393402869681, "geo-based": -280.1505063121359, "mixed": -333.63137730125794, "none": -401.53315905302475}, "54": {"type-based": -461.10161605226875, "geo-based": -285.3026751757264, "mixed": -338.35560794125206, "none": -409.10925639364785}, "55": {"type-based": -470.2072611319658, "geo-based": -290.6136825318449, "mixed": -345.18085653699245, "none": -416.68535373427096}, "56": {"type-based": -477.37444570909287, "geo-based": -296.1233637621498, "mixed": -350.2647944846124, "none": -424.26145107489407}, "57": {"type-based": -484.53920170538686, "geo-based": -301.9800132065797, "mixed": -355.6916478078143, "none": -431.8375484155172}}