{"0": {"type-based": 0, "geo-based": 0, "mixed": 0, "none": 0}, "1": {"type-based": -7.576097340623111, "geo-based": -7.576097340623111, "mixed": -7.576097340623111, "none": -7.576097340623111}, "2": {"type-based": -15.152194681246222, "geo-based": -15.152194681246222, "mixed": -15.152194681246222, "none": -15.152194681246222}, "3": {"type-based": -29.185193630205795, "geo-based": -21.26524711238867, "mixed": -27.75155993381634, "none": -22.728292021869333}, "4": {"type-based": -36.50336411627767, "geo-based": -27.12530423354908, "mixed": -33.363369856187624, "none": -30.304389362492444}, "5": {"type-based": -44.40038610446331, "geo-based": -32.97945459073198, "mixed": -39.5726649876751, "none": -37.88048670311555}, "6": {"type-based": -51.69899112674845, "geo-based": -38.33136059562197, "mixed": -44.67152939646333, "none": -45.45658404373866}, "7": {"type-based": -58.92872631087518, "geo-based": -43.42257522406566, "mixed": -49.45458610720997, "none": -53.032681384361766}, "8": {"type-based": -66.12215295686643, "geo-based": -48.37568162948764, "mixed": -54.07061705716202, "none": -60.60877872498487}, "9": {"type-based": -81.81053450496327, "geo-based": -53.20307755823294, "mixed": -67.05988758143765, "none": -68.18487606560798}, "10": {"type-based": -90.63948588090551, "geo-based": -57.918924861393116, "mixed": -73.06923422020189, "none": -75.76097340623109}, "11": {"type-based": -97.90680448990791, "geo-based": -62.53625279958091, "mixed": -77.40897622339104, "none": -83.3370707468542}, "12": {"type-based": -106.24292883281679, "geo-based": -67.07622811949565, "mixed": -82.74272683052385, "none": -90.9131680874773}, "13": {"type-based": -114.21240874502303, "geo-based": -71.53736499062003, "mixed": -87.62301878550034, "none": -98.48926542810041}, "14": {"type-based": -121.52612348304513, "geo-based": -75.91395174189567, "mixed": -91.75552251873708, "none": -106.06536276872352}, "15": {"type-based": -129.36863833002488, "geo-based": -80.33515916903254, "mixed": -96.46301269470054, "none": -113.64146010934662}, "16": {"type-based": -136.6834240294879, "geo-based": -84.67063223131991, "mixed": -100.5508339000519, "none": -121.21755744996973}, "17": {"type-based": -145.35720237342022, "geo-based": -89.02279005520725, "mixed": -106.01568191017334, "none": -128.79365479059285}, "18": {"type-based": -152.6675398855239, "geo-based": -93.42598717916353, "mixed": -110.16374757377886, "none": -136.36975213121596}, "19": {"type-based": -159.95437751461216, "geo-based": -97.7352918934192, "mixed": -114.19633469981365, "none": -143.94584947183907}, "20": {"type-based": -168.42574837938716, "geo-based": -101.98183424109068, "mixed": -119.35178178095445, "none": -151.52194681246218}, "21": {"type-based": -175.71176824719288, "geo-based": -106.38921356869969, "mixed": -123.48008347943116, "none": -159.09804415308528}, "22": {"type-based": -183.76875257902933, "geo-based": -111.34111003784693, "mixed": -128.92546592917358, "none": -166.6741414937084}, "23": {"type-based": -191.664080963108, "geo-based": -115.93887358043374, "mixed": -133.85600679843984, "none": -174.2502388343315}, "24": {"type-based": -198.97356447342116, "geo-based": -120.3243178351051, "mixed": -137.98848930424663, "none": -181.8263361749546}, "25": {"type-based": -206.26553185937502, "geo-based": -124.64791782246515, "mixed": -142.04365209284487, "none": -189.4024335155777}, "26": {"type-based": -213.54243422307718, "geo-based": -128.90764874582862, "mixed": -146.02159418244676, "none": -196.97853085620082}, "27": {"type-based": -220.8062404173208, "geo-based": -133.17861188943147, "mixed": -149.9991766417058, "none": -204.55462819682393}, "28": {"type-based": -228.05855607037176, "geo-based": -137.53643407509716, "mixed": -154.05354156451295, "none": -212.13072553744703}}