{"0": {"type-based": 0, "geo-based": 0, "mixed": 0, "none": 0}, "1": {"type-based": -7.576097340623111, "geo-based": -7.576097340623111, "mixed": -7.576097340623111, "none": -7.576097340623111}, "2": {"type-based": -15.152194681246222, "geo-based": -15.152194681246222, "mixed": -15.152194681246222, "none": -15.152194681246222}, "3": {"type-based": -20.950713215484743, "geo-based": -21.362242555135413, "mixed": -19.742553580192993, "none": -22.728292021869333}, "4": {"type-based": -26.74841243442691, "geo-based": -27.74749936883093, "mixed": -24.557317726560566, "none": -30.304389362492444}, "5": {"type-based": -32.54570164138144, "geo-based": -33.5485989134924, "mixed": -28.826869664307974, "none": -37.88048670311555}, "6": {"type-based": -38.34274472761719, "geo-based": -39.05454299120273, "mixed": -32.83689063675484, "none": -45.45658404373866}, "7": {"type-based": -44.13962368603931, "geo-based": -44.45340340140449, "mixed": -36.77198427054397, "none": -53.032681384361766}, "8": {"type-based": -49.93638538711455, "geo-based": -49.77737461965468, "mixed": -40.658872372036065, "none": -60.60877872498487}, "9": {"type-based": -55.733059132491405, "geo-based": -55.253654421445134, "mixed": -44.7195634920159, "none": -68.18487606560798}, "10": {"type-based": -61.52966446036002, "geo-based": -60.63366563269881, "mixed": -48.69718588689741, "none": -75.76097340623109}, "11": {"type-based": -67.32621504948315, "geo-based": -65.87618827551044, "mixed": -52.54735749044002, "none": -83.3370707468542}, "12": {"type-based": -73.12272084922651, "geo-based": -71.02433195338786, "mixed": -56.311621764665595, "none": -90.9131680874773}, "13": {"type-based": -78.91918932233216, "geo-based": -76.08752988233155, "mixed": -59.99770659684543, "none": -98.48926542810041}, "14": {"type-based": -84.71562620982972, "geo-based": -81.07324756276515, "mixed": -63.611665415627456, "none": -106.06536276872352}, "15": {"type-based": -90.51203602283259, "geo-based": -85.98758884898575, "mixed": -67.15841679103522, "none": -113.64146010934662}, "16": {"type-based": -96.30842237043974, "geo-based": -90.65152052000751, "mixed": -70.45792238478523, "none": -121.21755744996973}, "17": {"type-based": -102.10478818519066, "geo-based": -95.54879688819484, "mixed": -73.99832756336417, "none": -128.79365479059285}, "18": {"type-based": -107.90113588222323, "geo-based": -100.26073575808891, "mixed": -77.36221692739313, "none": -136.36975213121596}, "19": {"type-based": -113.69746747422994, "geo-based": -104.82684983978115, "mixed": -80.58787351191377, "none": -143.94584947183907}, "20": {"type-based": -119.49378465616753, "geo-based": -109.5922515804497, "mixed": -84.01899858230078, "none": -151.52194681246218}, "21": {"type-based": -125.29008886879336, "geo-based": -114.7603303841775, "mixed": -87.85900166596039, "none": -159.09804415308528}, "22": {"type-based": -131.08638134707618, "geo-based": -120.16664207076988, "mixed": -91.94095742240562, "none": -166.6741414937084}, "23": {"type-based": -136.8826631576065, "geo-based": -127.6992085354749, "mixed": -98.15056125193256, "none": -174.2502388343315}, "24": {"type-based": -142.67893522787523, "geo-based": -134.60249051552316, "mixed": -103.71928005333899, "none": -181.8263361749546}, "25": {"type-based": -148.47519836945366, "geo-based": -139.3956349144546, "mixed": -107.17069198316922, "none": -189.4024335155777}, "26": {"type-based": -154.27145329653808, "geo-based": -145.57004314861132, "mixed": -112.00660559392742, "none": -196.97853085620082}, "27": {"type-based": -160.0677006409284, "geo-based": -152.25866594941124, "mixed": -117.35292753933793, "none": -204.55462819682393}, "28": {"type-based": -165.86394096423365, "geo-based": -158.6470505884948, "mixed": -122.39208875182317, "none": -212.13072553744703}, "29": {"type-based": -171.66017476789784, "geo-based": -164.22927540453162, "mixed": -126.62030310066858, "none": -219.70682287807014}, "30": {"type-based": -177.45640250149768, "geo-based": -170.31229748651532, "mixed": -131.3480210446165, "none": -227.28292021869325}, "31": {"type-based": -183.25262456965737, "geo-based": -175.1896161164426, "mixed": -134.86689796515486, "none": -234.85901755931636}, "32": {"type-based": -189.04884133784833, "geo-based": -180.26576711078087, "mixed": -138.58605114229556, "none": -242.43511489993946}, "33": {"type-based": -194.84505313728275, "geo-based": -185.46036603872017, "mixed": -142.4245130589381, "none": -250.01121224056257}, "34": {"type-based": -200.64126026906578, "geo-based": -190.48486025671417, "mixed": -146.09259601237676, "none": -257.5873095811857}, "35": {"type-based": -206.4374630077372, "geo-based": -195.48106931597337, "mixed": -149.73247822879026, "none": -265.1634069218088}, "36": {"type-based": -212.23366160430703, "geo-based": -200.45041872089152, "mixed": -153.3455766733578, "none": -272.7395042624319}, "37": {"type-based": -218.02985628886992, "geo-based": -205.377786754466, "mixed": -156.91676233967084, "none": -280.31560160305503}, "38": {"type-based": -223.82604727286594, "geo-based": -210.40453713761855, "mixed": -160.58745137947446, "none": -287.89169894367814}, "39": {"type-based": -229.62223475104395, "geo-based": -215.59428482260213, "mixed": -164.42055773785623, "none": -295.46779628430124}, "40": {"type-based": -245.98976146898227, "geo-based": -221.33465764793297, "mixed": -179.37405126759668, "none": -303.04389362492435}, "41": {"type-based": -251.8741254993212, "geo-based": -227.09564955087396, "mixed": -183.82817562095082, "none": -310.61999096554746}, "42": {"type-based": -257.75637435810506, "geo-based": -232.54596723922435, "mixed": -187.96594563637228, "none": -318.19608830617057}, "43": {"type-based": -263.6366070614832, "geo-based": -237.89000484970217, "mixed": -191.99443016930124, "none": -325.7721856467937}, "44": {"type-based": -269.5149158280277, "geo-based": -244.2847303446049, "mixed": -197.07093284458008, "none": -333.3482829874168}, "45": {"type-based": -275.39138668735586, "geo-based": -251.0846316568779, "mixed": -202.54433024068925, "none": -340.9243803280399}, "46": {"type-based": -281.2661000220934, "geo-based": -258.1643532031917, "mixed": -208.28666912984897, "none": -348.500477668663}, "47": {"type-based": -287.13913105175584, "geo-based": -264.98166283490275, "mixed": -213.75511610238604, "none": -356.0765750092861}}