{"0": {"type-based": 0, "geo-based": 0, "mixed": 0, "none": 0}, "1": {"type-based": -7.576097340623111, "geo-based": -7.576097340623111, "mixed": -7.576097340623111, "none": -7.576097340623111}, "2": {"type-based": -15.152194681246222, "geo-based": -15.152194681246222, "mixed": -15.152194681246222, "none": -15.152194681246222}, "3": {"type-based": -29.185193630205795, "geo-based": -21.26524711238867, "mixed": -27.75155993381634, "none": -22.728292021869333}, "4": {"type-based": -36.50336411627767, "geo-based": -26.905820351895883, "mixed": -33.14388597453443, "none": -30.304389362492444}, "5": {"type-based": -43.707738549194794, "geo-based": -32.31297168753938, "mixed": -38.213979032795734, "none": -37.88048670311555}, "6": {"type-based": -58.87778212472314, "geo-based": -37.536977529435966, "mixed": -51.07881021097711, "none": -45.45658404373866}, "7": {"type-based": -67.22056270075285, "geo-based": -42.58187069504679, "mixed": -56.929299080238984, "none": -53.032681384361766}, "8": {"type-based": -74.5407455755587, "geo-based": -47.524149995922315, "mixed": -61.64435906897177, "none": -60.60877872498487}, "9": {"type-based": -82.49811448654185, "geo-based": -52.355430460157194, "mixed": -66.89270468849656, "none": -68.18487606560798}, "10": {"type-based": -90.10614757722705, "geo-based": -57.07737206413081, "mixed": -71.67266741576735, "none": -75.76097340623109}, "11": {"type-based": -97.4795780548193, "geo-based": -61.67768011518824, "mixed": -76.08681482761439, "none": -83.3370707468542}, "12": {"type-based": -104.8001632433277, "geo-based": -66.18510018536067, "mixed": -80.36016284793939, "none": -90.9131680874773}, "13": {"type-based": -112.08389698354685, "geo-based": -70.70277685266296, "mixed": -84.6095691283097, "none": -98.48926542810041}, "14": {"type-based": -119.34044962343107, "geo-based": -75.24081769896749, "mixed": -88.85285675519498, "none": -106.06536276872352}, "15": {"type-based": -126.57611945932537, "geo-based": -79.64671679512392, "mixed": -92.941995432335, "none": -113.64146010934662}, "16": {"type-based": -134.6060309744212, "geo-based": -84.00451449435984, "mixed": -97.77690042759885, "none": -121.21755744996973}, "17": {"type-based": -144.04790723567007, "geo-based": -88.3750975372716, "mixed": -104.0307551682207, "none": -128.79365479059285}, "18": {"type-based": -152.8179978873456, "geo-based": -92.76718234619477, "mixed": -109.62953137053644, "none": -136.36975213121596}, "19": {"type-based": -161.2032256322506, "geo-based": -97.09724372180297, "mixed": -114.77808250447237, "none": -143.94584947183907}, "20": {"type-based": -168.51008960111662, "geo-based": -101.37943876673492, "mixed": -118.79750933539862, "none": -151.52194681246218}, "21": {"type-based": -175.79610946892234, "geo-based": -105.60763817405824, "mixed": -122.7434600577892, "none": -159.09804415308528}, "22": {"type-based": -183.06474551543826, "geo-based": -109.82184786328082, "mixed": -126.65881838411136, "none": -166.6741414937084}, "23": {"type-based": -190.31866032470367, "geo-based": -113.95125665907796, "mixed": -130.4750862752778, "none": -174.2502388343315}, "24": {"type-based": -197.5599469878818, "geo-based": -118.26133966948007, "mixed": -134.45937623394485, "none": -181.8263361749546}, "25": {"type-based": -206.0428654271365, "geo-based": -122.75962641196736, "mixed": -139.8741324561722, "none": -189.4024335155777}, "26": {"type-based": -214.31635680659292, "geo-based": -127.61384052181597, "mixed": -145.43477268403043, "none": -196.97853085620082}, "27": {"type-based": -222.42420891608867, "geo-based": -132.10267047091864, "mixed": -150.4663691519498, "none": -204.55462819682393}, "28": {"type-based": -229.70123469693098, "geo-based": -136.36478447435195, "mixed": -154.44150045129354, "none": -212.13072553744703}, "29": {"type-based": -237.7280997425238, "geo-based": -140.739400347838, "mixed": -159.28027100572848, "none": -219.70682287807014}, "30": {"type-based": -245.63668129795406, "geo-based": -145.06026305183312, "mixed": -163.9481128381028, "none": -227.28292021869325}, "31": {"type-based": -253.44249527372978, "geo-based": -149.33154306609268, "mixed": -168.46477380490242, "none": -234.85901755931636}, "32": {"type-based": -260.75230791004634, "geo-based": -153.40014451788628, "mixed": -172.28399581277432, "none": -242.43511489993946}}