{"0": {"type-based": 0, "geo-based": 0, "mixed": 0, "none": 0}, "1": {"type-based": -7.576097340623111, "geo-based": -7.576097340623111, "mixed": -7.576097340623111, "none": -7.576097340623111}, "2": {"type-based": -15.152194681246222, "geo-based": -15.152194681246222, "mixed": -15.152194681246222, "none": -15.152194681246222}, "3": {"type-based": -16.939362582529427, "geo-based": -21.213665855972923, "mixed": -16.395470457902594, "none": -22.728292021869333}, "4": {"type-based": -18.670743845207546, "geo-based": -31.886421844404637, "mixed": -22.410928662138875, "none": -30.304389362492444}, "5": {"type-based": -20.373012211902452, "geo-based": -39.59714903272496, "mixed": -24.90529056670116, "none": -37.88048670311555}, "6": {"type-based": -22.057394721883703, "geo-based": -46.37220108932606, "mixed": -26.37032070083126, "none": -45.45658404373866}, "7": {"type-based": -23.72967207911461, "geo-based": -53.29022440296032, "mixed": -28.09591813376127, "none": -53.032681384361766}, "8": {"type-based": -25.393211793747046, "geo-based": -60.681090170109414, "mixed": -30.41584154074837, "none": -60.60877872498487}}