{"0": {"type-based": 0, "geo-based": 0, "mixed": 0, "none": 0}, "1": {"type-based": -7.576097340623111, "geo-based": -7.576097340623111, "mixed": -7.576097340623111, "none": -7.576097340623111}, "2": {"type-based": -15.152194681246222, "geo-based": -15.152194681246222, "mixed": -15.152194681246222, "none": -15.152194681246222}, "3": {"type-based": -20.950713215484743, "geo-based": -21.41685851001808, "mixed": -19.708406238492053, "none": -22.728292021869333}, "4": {"type-based": -26.74841243442691, "geo-based": -27.236087905722535, "mixed": -23.809588779988687, "none": -30.304389362492444}, "5": {"type-based": -32.54570164138144, "geo-based": -32.973917454950765, "mixed": -27.825274994816713, "none": -37.88048670311555}, "6": {"type-based": -38.34274472761719, "geo-based": -38.580432098915885, "mixed": -31.725310828276278, "none": -45.45658404373866}, "7": {"type-based": -44.13962368603931, "geo-based": -44.23054930825576, "mixed": -35.683128540958506, "none": -53.032681384361766}, "8": {"type-based": -49.93638538711455, "geo-based": -49.80368707523348, "mixed": -39.56689978499067, "none": -60.60877872498487}, "9": {"type-based": -55.733059132491405, "geo-based": -55.320170072120845, "mixed": -43.41107498254652, "none": -68.18487606560798}, "10": {"type-based": -61.52966446036002, "geo-based": -60.68823946361088, "mixed": -47.118183081807736, "none": -75.76097340623109}, "11": {"type-based": -67.32621504948315, "geo-based": -66.03811842212951, "mixed": -50.823094389994026, "none": -83.3370707468542}, "12": {"type-based": -73.12272084922651, "geo-based": -71.32460810347082, "mixed": -54.47931033884457, "none": -90.9131680874773}, "13": {"type-based": -78.91918932233216, "geo-based": -77.36812567675824, "mixed": -58.905897583012646, "none": -98.48926542810041}, "14": {"type-based": -84.71562620982972, "geo-based": -83.23611576209699, "mixed": -63.1640130211445, "none": -106.06536276872352}, "15": {"type-based": -90.51203602283259, "geo-based": -88.6429778096906, "mixed": -66.96780141848767, "none": -113.64146010934662}, "16": {"type-based": -96.30842237043974, "geo-based": -94.17848428513457, "mixed": -70.90845934199524, "none": -121.21755744996973}, "17": {"type-based": -102.10478818519066, "geo-based": -99.84862074953293, "mixed": -74.99238470883527, "none": -128.79365479059285}, "18": {"type-based": -107.90113588222323, "geo-based": -105.23420380756677, "mixed": -78.79935150547335, "none": -136.36975213121596}, "19": {"type-based": -113.69746747422994, "geo-based": -110.4024786859183, "mixed": -82.40423908288153, "none": -143.94584947183907}, "20": {"type-based": -119.49378465616753, "geo-based": -116.13728648846123, "mixed": -86.58766456860315, "none": -151.52194681246218}, "21": {"type-based": -125.29008886879336, "geo-based": -121.42240183441912, "mixed": -90.33739439653417, "none": -159.09804415308528}, "22": {"type-based": -131.08638134707618, "geo-based": -126.76969546188523, "mixed": -94.15845002339317, "none": -166.6741414937084}, "23": {"type-based": -136.8826631576065, "geo-based": -132.2584587415093, "mixed": -98.1302451862393, "none": -174.2502388343315}, "24": {"type-based": -142.67893522787523, "geo-based": -137.84157608061602, "mixed": -102.20629025243326, "none": -181.8263361749546}, "25": {"type-based": -148.47519836945366, "geo-based": -143.55378070219655, "mixed": -106.4208642366339, "none": -189.4024335155777}, "26": {"type-based": -154.27145329653808, "geo-based": -149.42174013000235, "mixed": -110.80079112888889, "none": -196.97853085620082}, "27": {"type-based": -160.0677006409284, "geo-based": -155.93571115524418, "mixed": -115.83498761557588, "none": -204.55462819682393}, "28": {"type-based": -165.86394096423365, "geo-based": -162.26224185567594, "mixed": -120.68830379587408, "none": -212.13072553744703}, "29": {"type-based": -171.66017476789784, "geo-based": -168.212542823855, "mixed": -125.17059987847294, "none": -219.70682287807014}, "30": {"type-based": -177.45640250149768, "geo-based": -174.10501604283775, "mixed": -129.599636497339, "none": -227.28292021869325}, "31": {"type-based": -183.25262456965737, "geo-based": -179.89423987265175, "mixed": -133.92965682960227, "none": -234.85901755931636}, "32": {"type-based": -189.04884133784833, "geo-based": -185.09482326286738, "mixed": -137.67510858187168, "none": -242.43511489993946}, "33": {"type-based": -194.84505313728275, "geo-based": -190.54570024233433, "mixed": -141.67609869301725, "none": -250.01121224056257}, "34": {"type-based": -200.64126026906578, "geo-based": -196.0529442026891, "mixed": -145.73887128615203, "none": -257.5873095811857}, "35": {"type-based": -206.4374630077372, "geo-based": -201.99909039654352, "mixed": -150.24598273431405, "none": -265.1634069218088}, "36": {"type-based": -212.23366160430703, "geo-based": -207.63802134360162, "mixed": -154.451364328395, "none": -272.7395042624319}, "37": {"type-based": -218.02985628886992, "geo-based": -213.5926539066844, "mixed": -158.97673740489358, "none": -280.31560160305503}, "38": {"type-based": -223.82604727286594, "geo-based": -219.4705189436891, "mixed": -163.4288844799281, "none": -287.89169894367814}}