{"0": {"type-based": 0, "geo-based": 0, "mixed": 0, "none": 0}, "1": {"type-based": -7.576097340623111, "geo-based": -7.576097340623111, "mixed": -7.576097340623111, "none": -7.576097340623111}, "2": {"type-based": -15.152194681246222, "geo-based": -15.152194681246222, "mixed": -15.152194681246222, "none": -15.152194681246222}, "3": {"type-based": -17.858110338630347, "geo-based": -21.44972554662494, "mixed": -17.30829877934228, "none": -22.728292021869333}, "4": {"type-based": -20.54224014917301, "geo-based": -27.491421580924303, "mixed": -19.313786467413124, "none": -30.304389362492444}, "5": {"type-based": -23.215293645190165, "geo-based": -34.74794445271554, "mixed": -22.615414921909856, "none": -37.88048670311555}, "6": {"type-based": -34.39903425594977, "geo-based": -40.89416918045586, "mixed": -33.363138745047486, "none": -45.45658404373866}, "7": {"type-based": -38.783235588839496, "geo-based": -46.84451279045568, "mixed": -36.45274297689055, "none": -53.032681384361766}, "8": {"type-based": -43.01946990780258, "geo-based": -53.32979424285299, "mixed": -39.976827703981066, "none": -60.60877872498487}, "9": {"type-based": -47.13475960509782, "geo-based": -60.01369380825039, "mixed": -43.62276160859437, "none": -68.18487606560798}, "10": {"type-based": -51.14865222567647, "geo-based": -66.71505565504673, "mixed": -47.22284888549105, "none": -75.76097340623109}, "11": {"type-based": -55.07589270754057, "geo-based": -73.20230250951673, "mixed": -50.55931534660938, "none": -83.3370707468542}}