{"0": {"type-based": 0, "geo-based": 0, "mixed": 0, "none": 0}, "1": {"type-based": -7.576097340623111, "geo-based": -7.576097340623111, "mixed": -7.576097340623111, "none": -7.576097340623111}, "2": {"type-based": -15.152194681246222, "geo-based": -15.152194681246222, "mixed": -15.152194681246222, "none": -15.152194681246222}, "3": {"type-based": -26.830219244214824, "geo-based": -21.171180368796357, "mixed": -25.05652709209383, "none": -22.728292021869333}, "4": {"type-based": -40.9088253376643, "geo-based": -26.959483564594382, "mixed": -37.38667796414649, "none": -30.304389362492444}, "5": {"type-based": -48.26471280925574, "geo-based": -32.354307770341045, "mixed": -42.57932976727754, "none": -37.88048670311555}, "6": {"type-based": -55.490404125974194, "geo-based": -37.55564774228742, "mixed": -47.47359157298412, "none": -45.45658404373866}, "7": {"type-based": -70.6753047186276, "geo-based": -42.611272830903935, "mixed": -60.19247350211362, "none": -53.032681384361766}, "8": {"type-based": -79.0317875339372, "geo-based": -47.51407618449863, "mixed": -65.92047454183422, "none": -60.60877872498487}, "9": {"type-based": -86.76998294947191, "geo-based": -52.29754312451161, "mixed": -70.89974722077743, "none": -68.18487606560798}, "10": {"type-based": -94.17209123310086, "geo-based": -57.02300242710638, "mixed": -75.47331701453764, "none": -75.76097340623109}, "11": {"type-based": -101.50207460689975, "geo-based": -61.64428355118961, "mixed": -79.87741384054237, "none": -83.3370707468542}, "12": {"type-based": -108.78613996678241, "geo-based": -66.17772477992285, "mixed": -84.1511925331523, "none": -90.9131680874773}, "13": {"type-based": -116.73135633142198, "geo-based": -70.65549316249319, "mixed": -89.03223319108773, "none": -98.48926542810041}, "14": {"type-based": -124.42708613399242, "geo-based": -75.06182760452853, "mixed": -93.58433097771325, "none": -106.06536276872352}, "15": {"type-based": -131.75414697580118, "geo-based": -79.46878180223568, "mixed": -97.76111908882103, "none": -113.64146010934662}, "16": {"type-based": -139.04895880413852, "geo-based": -83.91320029478436, "mixed": -101.94409877504368, "none": -121.21755744996973}, "17": {"type-based": -146.7888100815967, "geo-based": -88.27010711328766, "mixed": -106.48382700922448, "none": -128.79365479059285}, "18": {"type-based": -154.0869568842897, "geo-based": -92.5424715024057, "mixed": -110.49205501652574, "none": -136.36975213121596}, "19": {"type-based": -163.55904279405064, "geo-based": -96.87116982023252, "mixed": -116.73070788795195, "none": -143.94584947183907}, "20": {"type-based": -170.8550399019448, "geo-based": -101.29563841547771, "mixed": -120.88459260471201, "none": -151.52194681246218}, "21": {"type-based": -178.13107789572257, "geo-based": -105.61421768298645, "mixed": -124.91352911124997, "none": -159.09804415308528}, "22": {"type-based": -187.09482288636616, "geo-based": -109.86842490281244, "mixed": -130.56611973163643, "none": -166.6741414937084}, "23": {"type-based": -195.67013728837944, "geo-based": -114.60695627936303, "mixed": -136.31186561542708, "none": -174.2502388343315}, "24": {"type-based": -202.9629991878669, "geo-based": -119.00158997014933, "mixed": -140.43001059737443, "none": -181.8263361749546}, "25": {"type-based": -210.23946943683833, "geo-based": -123.52045595366262, "mixed": -144.6570219304816, "none": -189.4024335155777}, "26": {"type-based": -217.50185663119248, "geo-based": -128.04946833030675, "mixed": -148.881726303199, "none": -196.97853085620082}, "27": {"type-based": -225.59921522727797, "geo-based": -132.63420449250202, "mixed": -153.998659725704, "none": -204.55462819682393}, "28": {"type-based": -232.86591882298768, "geo-based": -136.9896525746558, "mixed": -158.05648962273978, "none": -212.13072553744703}, "29": {"type-based": -240.12097020408092, "geo-based": -141.28488229176745, "mixed": -162.04344201294896, "none": -219.70682287807014}, "30": {"type-based": -247.36571322420448, "geo-based": -145.60254661851863, "mixed": -166.04337769387593, "none": -227.28292021869325}, "31": {"type-based": -255.48849063670707, "geo-based": -150.19982725622555, "mixed": -171.20184386646852, "none": -234.85901755931636}, "32": {"type-based": -262.73789563910367, "geo-based": -154.5436705326759, "mixed": -175.2349642252659, "none": -242.43511489993946}}