{"0": {"type-based": 0, "geo-based": 0, "mixed": 0, "none": 0}, "1": {"type-based": -7.576097340623111, "geo-based": -7.576097340623111, "mixed": -7.576097340623111, "none": -7.576097340623111}, "2": {"type-based": -15.152194681246222, "geo-based": -15.152194681246222, "mixed": -15.152194681246222, "none": -15.152194681246222}, "3": {"type-based": -29.829730263450593, "geo-based": -21.54427701015725, "mixed": -28.678698046003632, "none": -22.728292021869333}, "4": {"type-based": -37.01232348709384, "geo-based": -27.61247357676944, "mixed": -34.381461067980865, "none": -30.304389362492444}, "5": {"type-based": -44.16058513599166, "geo-based": -33.7443142398499, "mixed": -40.12274705976273, "none": -37.88048670311555}, "6": {"type-based": -51.29122419748479, "geo-based": -39.73206040203412, "mixed": -45.710959478821756, "none": -45.45658404373866}, "7": {"type-based": -58.411137249619664, "geo-based": -45.621861077276925, "mixed": -51.198140742678305, "none": -53.032681384361766}, "8": {"type-based": -65.52383457240944, "geo-based": -51.450565722934634, "mixed": -56.62393955150365, "none": -60.60877872498487}, "9": {"type-based": -72.63134544075966, "geo-based": -56.80716897663273, "mixed": -61.578959927525446, "none": -68.18487606560798}, "10": {"type-based": -79.73494857584612, "geo-based": -62.05760650832299, "mixed": -66.42756631790402, "none": -75.76097340623109}, "11": {"type-based": -86.83550167331013, "geo-based": -67.20779515568539, "mixed": -71.17622544340344, "none": -83.3370707468542}, "12": {"type-based": -93.93360796371817, "geo-based": -72.30115806569157, "mixed": -75.86802457415553, "none": -90.9131680874773}, "13": {"type-based": -101.0297078178731, "geo-based": -77.35045307608148, "mixed": -80.51539407718175, "none": -98.48926542810041}, "14": {"type-based": -108.12413253312877, "geo-based": -82.28675042612943, "mixed": -85.04877000397136, "none": -106.06536276872352}, "15": {"type-based": -115.21713760825517, "geo-based": -87.16047901361607, "mixed": -89.52039400404816, "none": -113.64146010934662}, "16": {"type-based": -122.30892422833239, "geo-based": -93.53015905847484, "mixed": -95.48872713780275, "none": -121.21755744996973}, "17": {"type-based": -129.3996536409479, "geo-based": -99.71512050860213, "mixed": -101.26582561372736, "none": -128.79365479059285}, "18": {"type-based": -136.4894570710209, "geo-based": -105.43247885658118, "mixed": -106.56990416035164, "none": -136.36975213121596}, "19": {"type-based": -143.5784427385859, "geo-based": -111.41545770506836, "mixed": -112.13561668003214, "none": -143.94584947183907}, "20": {"type-based": -150.66670093925737, "geo-based": -116.45779474524088, "mixed": -116.756637411928, "none": -151.52194681246218}, "21": {"type-based": -157.75430779557914, "geo-based": -121.41648531018426, "mixed": -121.29246345695539, "none": -159.09804415308528}, "22": {"type-based": -164.8413280757727, "geo-based": -126.45785321259518, "mixed": -125.91089297002402, "none": -166.6741414937084}, "23": {"type-based": -171.9278173449271, "geo-based": -132.54951017397775, "mixed": -131.57917640494705, "none": -174.2502388343315}, "24": {"type-based": -179.01382362976815, "geo-based": -138.7768099142457, "mixed": -137.38553477215092, "none": -181.8263361749546}, "25": {"type-based": -186.0993887232831, "geo-based": -144.80617048636674, "mixed": -142.9954086048356, "none": -189.4024335155777}, "26": {"type-based": -193.1845492188173, "geo-based": -150.68826574480147, "mixed": -148.45879476147454, "none": -196.97853085620082}, "27": {"type-based": -200.26933733827894, "geo-based": -156.57185611222968, "mixed": -153.92403926054567, "none": -204.55462819682393}, "28": {"type-based": -207.35378160176109, "geo-based": -162.41845858950254, "mixed": -159.35255524072505, "none": -212.13072553744703}, "29": {"type-based": -214.43790737367488, "geo-based": -168.16917885770837, "mixed": -164.68528159393014, "none": -219.70682287807014}, "30": {"type-based": -221.52173731175026, "geo-based": -173.79838560800005, "mixed": -169.89657421204342, "none": -227.28292021869325}, "31": {"type-based": -228.60529173892266, "geo-based": -179.57975705075566, "mixed": -175.26015027719188, "none": -234.85901755931636}, "32": {"type-based": -235.68858895347083, "geo-based": -185.5383810805161, "mixed": -180.80067953812366, "none": -242.43511489993946}, "33": {"type-based": -242.77164548931376, "geo-based": -191.4059760250178, "mixed": -186.24963452078399, "none": -250.01121224056257}, "34": {"type-based": -260.22799876707296, "geo-based": -196.81555068789294, "mixed": -201.6134821991194, "none": -257.5873095811857}, "35": {"type-based": -267.31942233577496, "geo-based": -201.99995401061435, "mixed": -206.38513181526523, "none": -265.1634069218088}, "36": {"type-based": -274.41037631066547, "geo-based": -207.34890919081394, "mixed": -211.32230692196396, "none": -272.7395042624319}, "37": {"type-based": -281.5008881125636, "geo-based": -212.72086549292362, "mixed": -216.28345887647947, "none": -280.31560160305503}, "38": {"type-based": -288.59098282862135, "geo-based": -218.03043002125327, "mixed": -221.18301972868045, "none": -287.89169894367814}, "39": {"type-based": -295.68068346983375, "geo-based": -223.43960822768588, "mixed": -226.1827273497725, "none": -295.46779628430124}, "40": {"type-based": -302.7700111939831, "geo-based": -228.94517435665338, "mixed": -231.27930065665237, "none": -303.04389362492435}, "41": {"type-based": -309.85898549943954, "geo-based": -234.50024341305894, "mixed": -236.42584394571819, "none": -310.61999096554746}, "42": {"type-based": -316.94762439427325, "geo-based": -239.93904435251983, "mixed": -241.45602439004503, "none": -318.19608830617057}, "43": {"type-based": -324.03594454435876, "geo-based": -245.2080367964627, "mixed": -246.31632530708242, "none": -325.7721856467937}, "44": {"type-based": -331.1239614035268, "geo-based": -251.01004854459384, "mixed": -251.70960451919342, "none": -333.3482829874168}, "45": {"type-based": -338.2116893283135, "geo-based": -256.9728240697009, "mixed": -257.263104954562, "none": -340.9243803280399}, "46": {"type-based": -345.299141679444, "geo-based": -262.8649861805635, "mixed": -262.74523624467804, "none": -348.500477668663}, "47": {"type-based": -352.38633091184835, "geo-based": -268.69487474054944, "mixed": -268.1644139881942, "none": -356.0765750092861}, "48": {"type-based": -359.4732686547312, "geo-based": -274.46924863450243, "mixed": -273.5274652510807, "none": -363.6526723499092}, "49": {"type-based": -366.55996578298544, "geo-based": -280.19366155347336, "mixed": -278.8400047776073, "none": -371.2287696905323}, "50": {"type-based": -373.6464324810484, "geo-based": -285.6061564515701, "mixed": -283.8401299971312, "none": -378.8048670311554}, "51": {"type-based": -380.7326783001413, "geo-based": -291.0722005188913, "mixed": -288.89430450921554, "none": -386.38096437177853}, "52": {"type-based": -387.8187122096972, "geo-based": -296.7337825123886, "mixed": -294.14445156499664, "none": -393.95706171240164}, "53": {"type-based": -394.9045426436721, "geo-based": -302.5584442527435, "mixed": -299.5578939443088, "none": -401.53315905302475}, "54": {"type-based": -401.9901775423375, "geo-based": -308.94266827673306, "mixed": -305.53113991944576, "none": -409.10925639364785}, "55": {"type-based": -409.07562439007427, "geo-based": -315.27421238580865, "mixed": -311.45205094060407, "none": -416.68535373427096}, "56": {"type-based": -416.1608902496171, "geo-based": -321.4677942705187, "mixed": -317.2352735689674, "none": -424.26145107489407}, "57": {"type-based": -423.2459817931436, "geo-based": -327.6854510425751, "mixed": -323.04277441746143, "none": -431.8375484155172}, "58": {"type-based": -430.3309053305489, "geo-based": -334.4392747814898, "mixed": -329.3864878718173, "none": -439.4136457561403}, "59": {"type-based": -437.4156668352081, "geo-based": -340.85617293405807, "mixed": -335.3933503607349, "none": -446.9897430967634},