{"0": {"type-based": 0, "geo-based": 0, "mixed": 0, "none": 0}, "1": {"type-based": -7.576097340623111, "geo-based": -7.576097340623111, "mixed": -7.576097340623111, "none": -7.576097340623111}, "2": {"type-based": -15.152194681246222, "geo-based": -15.152194681246222, "mixed": -15.152194681246222, "none": -15.152194681246222}, "3": {"type-based": -28.45178499320052, "geo-based": -21.259646232352928, "mixed": -26.931035863076694, "none": -22.728292021869333}, "4": {"type-based": -35.93512660768477, "geo-based": -26.989289821049887, "mixed": -32.574664431939986, "none": -30.304389362492444}, "5": {"type-based": -43.92806811749523, "geo-based": -32.64417678922611, "mixed": -38.67057482829356, "none": -37.88048670311555}, "6": {"type-based": -51.31433365756, "geo-based": -37.923799707445774, "mixed": -43.77736936354991, "none": -45.45658404373866}, "7": {"type-based": -58.77976123649944, "geo-based": -43.0060860323058, "mixed": -48.75860581318979, "none": -53.032681384361766}, "8": {"type-based": -66.1314311425687, "geo-based": -47.93990130089447, "mixed": -53.49198050642137, "none": -60.60877872498487}, "9": {"type-based": -74.80649879832905, "geo-based": -52.786958447067455, "mixed": -59.46946523945674, "none": -68.18487606560798}, "10": {"type-based": -82.84353419238123, "geo-based": -57.51426707752432, "mixed": -64.67946882623168, "none": -75.76097340623109}, "11": {"type-based": -98.53375822376941, "geo-based": -62.577280765322215, "mixed": -77.86873030754407, "none": -83.3370707468542}, "12": {"type-based": -105.93854043696265, "geo-based": -67.46632974386495, "mixed": -82.59895606984546, "none": -90.9131680874773}, "13": {"type-based": -113.28563384325024, "geo-based": -71.9366863772704, "mixed": -86.857090645855, "none": -98.48926542810041}, "14": {"type-based": -120.59232862442832, "geo-based": -76.31767209187429, "mixed": -90.98814034606815, "none": -106.06536276872352}, "15": {"type-based": -127.86913244192317, "geo-based": -80.62003272684396, "mixed": -95.01208188288491, "none": -113.64146010934662}, "16": {"type-based": -135.12291572308487, "geo-based": -85.61189964590558, "mixed": -99.70311581996619, "none": -121.21755744996973}, "17": {"type-based": -143.4568099525115, "geo-based": -90.6948219357017, "mixed": -105.5698113242034, "none": -128.79365479059285}, "18": {"type-based": -150.71831017892717, "geo-based": -96.18995840930532, "mixed": -110.7750900323883, "none": -136.36975213121596}, "19": {"type-based": -158.87886063212022, "geo-based": -100.83171162965458, "mixed": -116.03230820668198, "none": -143.94584947183907}, "20": {"type-based": -166.14649197535906, "geo-based": -105.28156507819796, "mixed": -120.202252195237, "none": -151.52194681246218}, "21": {"type-based": -173.39812966812622, "geo-based": -109.67628390224364, "mixed": -124.30317492090569, "none": -159.09804415308528}, "22": {"type-based": -180.6362408705376, "geo-based": -114.01942270091766, "mixed": -128.34066816984404, "none": -166.6741414937084}}