{"0": {"type-based": 0, "geo-based": 0, "mixed": 0, "none": 0}, "1": {"type-based": -7.576097340623111, "geo-based": -7.576097340623111, "mixed": -7.576097340623111, "none": -7.576097340623111}, "2": {"type-based": -15.152194681246222, "geo-based": -15.152194681246222, "mixed": -15.152194681246222, "none": -15.152194681246222}, "3": {"type-based": -28.55211555006848, "geo-based": -21.439922210589312, "mixed": -27.325993102000172, "none": -22.728292021869333}, "4": {"type-based": -36.07023941996549, "geo-based": -27.728029747951638, "mixed": -33.58664607927835, "none": -30.304389362492444}, "5": {"type-based": -43.39157306558703, "geo-based": -33.64871340476746, "mixed": -39.27798211104673, "none": -37.88048670311555}, "6": {"type-based": -50.63759622611149, "geo-based": -39.36391457204699, "mixed": -44.688723372248155, "none": -45.45658404373866}, "7": {"type-based": -66.13801407010739, "geo-based": -44.89026843426972, "mixed": -58.16840544778332, "none": -53.032681384361766}, "8": {"type-based": -81.64913124588071, "geo-based": -50.36326941201861, "mixed": -71.60865478873961, "none": -60.60877872498487}, "9": {"type-based": -88.91360288259035, "geo-based": -55.891821980188645, "mixed": -76.859653816974, "none": -68.18487606560798}, "10": {"type-based": -96.14308964019585, "geo-based": -61.605264183272666, "mixed": -82.26193272750464, "none": -75.76097340623109}, "11": {"type-based": -103.34855210095277, "geo-based": -67.2754661847332, "mixed": -87.59391310376412, "none": -83.3370707468542}, "12": {"type-based": -110.53649295494219, "geo-based": -72.7174397640845, "mixed": -92.67650289244588, "none": -90.9131680874773}, "13": {"type-based": -117.71108758268662, "geo-based": -78.06045989138381, "mixed": -97.6448171935534, "none": -98.48926542810041}, "14": {"type-based": -124.87517691386246, "geo-based": -83.73112867736523, "mixed": -102.92831928467024, "none": -106.06536276872352}, "15": {"type-based": -132.03078160411718, "geo-based": -89.11748044734573, "mixed": -107.91359945612896, "none": -113.64146010934662}, "16": {"type-based": -141.57637690294845, "geo-based": -94.49417829512747, "mixed": -115.27676171180393, "none": -121.21755744996973}, "17": {"type-based": -148.7291207222219, "geo-based": -99.84405293410884, "mixed": -120.22179894547847, "none": -128.79365479059285}, "18": {"type-based": -157.66701803800296, "geo-based": -105.11309120498944, "mixed": -126.8687571571885, "none": -136.36975213121596}, "19": {"type-based": -164.83493347870035, "geo-based": -110.48413427930124, "mixed": -131.84468826788924, "none": -143.94584947183907}, "20": {"type-based": -173.4621385241179, "geo-based": -115.91651359949302, "mixed": -138.3380622549979, "none": -151.52194681246218}, "21": {"type-based": -183.20674107237946, "geo-based": -121.32405541730853, "mixed": -145.91994012200587, "none": -159.09804415308528}, "22": {"type-based": -190.40277152917767, "geo-based": -126.81787565768077, "mixed": -151.03737375107687, "none": -166.6741414937084}, "23": {"type-based": -207.1375625438831, "geo-based": -132.02920600406662, "mixed": -165.40722648977524, "none": -174.2502388343315}, "24": {"type-based": -223.87499472058292, "geo-based": -137.29760381327097, "mixed": -179.83428815346477, "none": -181.8263361749546}, "25": {"type-based": -232.3206541102218, "geo-based": -142.62283766337094, "mixed": -186.02276576659602, "none": -189.4024335155777}, "26": {"type-based": -239.5312402785663, "geo-based": -147.97663292993644, "mixed": -191.00219201334173, "none": -196.97853085620082}, "27": {"type-based": -246.7333855163792, "geo-based": -153.29410631726208, "mixed": -195.93501843524743, "none": -204.55462819682393}, "28": {"type-based": -253.9280859705351, "geo-based": -158.6079413282907, "mixed": -200.85511035714566, "none": -212.13072553744703}, "29": {"type-based": -261.11617110022394, "geo-based": -164.05498859441062, "mixed": -205.90026890477145, "none": -219.70682287807014}, "30": {"type-based": -268.2983389348512, "geo-based": -169.53392841222745, "mixed": -210.96950427022566, "none": -227.28292021869325}, "31": {"type-based": -275.47518247047435, "geo-based": -175.05872751313666, "mixed": -216.0774544576436, "none": -234.85901755931636}, "32": {"type-based": -284.0333541312706, "geo-based": -180.6004856531815, "mixed": -222.5815318311373, "none": -242.43511489993946}, "33": {"type-based": -291.21793142776835, "geo-based": -186.28450874217495, "mixed": -227.85179937677816, "none": -250.01121224056257}, "34": {"type-based": -298.3975891669982, "geo-based": -191.5750704284198, "mixed": -232.72119083318378, "none": -257.5873095811857}, "35": {"type-based": -305.5727534616522, "geo-based": -196.83295732437557, "mixed": -237.55195305410362, "none": -265.1634069218088}, "36": {"type-based": -315.18568795783676, "geo-based": -201.99116900237075, "mixed": -244.7192951197201, "none": -272.7395042624319}, "37": {"type-based": -322.3655802685474, "geo-based": -207.04115139886693, "mixed": -249.34439482793243, "none": -280.31560160305503}, "38": {"type-based": -329.5413455001888, "geo-based": -212.06840769193863, "mixed": -253.94145849059367, "none": -287.89169894367814}, "39": {"type-based": -336.71329870342726, "geo-based": -217.07374367963263, "mixed": -258.51166934265603, "none": -295.46779628430124}, "40": {"type-based": -343.88172015521445, "geo-based": -222.0780053209039, "mixed": -263.0762107167835, "none": -303.04389362492435}, "41": {"type-based": -361.25048947932413, "geo-based": -227.0089836758907, "mixed": -277.76677223551394, "none": -310.61999096554746}, "42": {"type-based": -371.01799961452986, "geo-based": -231.91322914895184, "mixed": -284.8289494433931, "none": -318.19608830617057}, "43": {"type-based": -378.184941897135, "geo-based": -236.81619146424612, "mixed": -289.2921888578588, "none": -325.7721856467937}, "44": {"type-based": -387.5820632392454, "geo-based": -241.8684322189117, "mixed": -296.1338623487872, "none": -333.3482829874168}, "45": {"type-based": -394.75321657933455, "geo-based": -247.53718014208314, "mixed": -301.36517540456117, "none": -340.9243803280399}, "46": {"type-based": -403.4966334195499, "geo-based": -252.9276371545214, "mixed": -307.88899281470333, "none": -348.500477668663}}