{"0": {"type-based": 0, "geo-based": 0, "mixed": 0, "none": 0}, "1": {"type-based": -7.576097340623111, "geo-based": -7.576097340623111, "mixed": -7.576097340623111, "none": -7.576097340623111}, "2": {"type-based": -15.152194681246222, "geo-based": -15.152194681246222, "mixed": -15.152194681246222, "none": -15.152194681246222}, "3": {"type-based": -22.228327928866857, "geo-based": -21.532193304825416, "mixed": -21.065212006088068, "none": -22.728292021869333}, "4": {"type-based": -29.304353096326626, "geo-based": -27.536111023776947, "mixed": -26.608104779875404, "none": -30.304389362492444}, "5": {"type-based": -36.380324205817054, "geo-based": -33.42830288932316, "mixed": -32.04218566958071, "none": -37.88048670311555}, "6": {"type-based": -43.45626287479911, "geo-based": -39.11971240210174, "mixed": -37.27463291300926, "none": -45.45658404373866}, "7": {"type-based": -50.532179914388855, "geo-based": -45.19819272001718, "mixed": -42.89247197632467, "none": -53.032681384361766}, "8": {"type-based": -57.60808150324353, "geo-based": -51.43169047653964, "mixed": -48.66525865945228, "none": -60.60877872498487}, "9": {"type-based": -64.68397150340746, "geo-based": -57.34206589622226, "mixed": -54.11664195231953, "none": -68.18487606560798}, "10": {"type-based": -71.75985248976629, "geo-based": -62.681639026212494, "mixed": -58.99851051303869, "none": -75.76097340623109}, "11": {"type-based": -78.83572626484226, "geo-based": -67.91275869805877, "mixed": -63.77083308006397, "none": -83.3370707468542}, "12": {"type-based": -85.91159413961988, "geo-based": -73.15748289098488, "mixed": -68.55608295391232, "none": -90.9131680874773}, "13": {"type-based": -92.98745709737364, "geo-based": -78.32731974474747, "mixed": -73.26664777669383, "none": -98.48926542810041}, "14": {"type-based": -100.06331589449168, "geo-based": -83.66755545432761, "mixed": -78.14817788533831, "none": -106.06536276872352}, "15": {"type-based": -107.13917112529433, "geo-based": -88.90451742083152, "mixed": -82.92856611332606, "none": -113.64146010934662}, "16": {"type-based": -114.21502326524828, "geo-based": -93.9333077228422, "mixed": -87.5026087476392, "none": -121.21755744996973}, "17": {"type-based": -121.29087270067765, "geo-based": -98.79062872581288, "mixed": -91.90654152606906, "none": -128.79365479059285}, "18": {"type-based": -128.36671974973703, "geo-based": -103.54071507488324, "mixed": -96.20397400534301, "none": -136.36975213121596}, "19": {"type-based": -135.44256467755915, "geo-based": -108.66154408571101, "mixed": -100.87272448188784, "none": -143.94584947183907}, "20": {"type-based": -142.51840770741654, "geo-based": -113.89247122046996, "mixed": -105.65473851541809, "none": -151.52194681246218}, "21": {"type-based": -149.5942490290931, "geo-based": -119.24693745352425, "mixed": -110.56409734049355, "none": -159.09804415308528}, "22": {"type-based": -156.67008880526248, "geo-based": -124.78160154420547, "mixed": -115.65790777246117, "none": -166.6741414937084}, "23": {"type-based": -163.74592717641687, "geo-based": -130.72607390154238, "mixed": -121.1663415297668, "none": -174.2502388343315}, "24": {"type-based": -170.82176426472444, "geo-based": -136.82762845736252, "mixed": -126.83664640030871, "none": -181.8263361749546}, "25": {"type-based": -177.8976001770832, "geo-based": -142.90044667248304, "mixed": -132.4826179807207, "none": -189.4024335155777}, "26": {"type-based": -184.97343500756406, "geo-based": -148.79983494539303, "mixed": -137.95862858580585, "none": -196.97853085620082}, "27": {"type-based": -192.04926883938415, "geo-based": -157.0446072827133, "mixed": -145.78352892515696, "none": -204.55462819682393}, "28": {"type-based": -199.12510174651476, "geo-based": -164.68604633706587, "mixed": -153.00751815630716, "none": -212.13072553744703}, "29": {"type-based": -206.20093379500196, "geo-based": -171.85759797091836, "mixed": -159.76273835889376, "none": -219.70682287807014}, "30": {"type-based": -213.27676504405986, "geo-based": -178.8798924467669, "mixed": -166.3691910924505, "none": -227.28292021869325}, "31": {"type-based": -220.3525955469814, "geo-based": -184.99704825342468, "mixed": -172.07051569085465, "none": -234.85901755931636}, "32": {"type-based": -227.42842535190232, "geo-based": -190.87946986691895, "mixed": -177.53757612579702, "none": -242.43511489993946}, "33": {"type-based": -234.5042545024459, "geo-based": -196.48791645950834, "mixed": -182.73106626918744, "none": -250.01121224056257}, "34": {"type-based": -241.5800830382697, "geo-based": -201.98294197412477, "mixed": -187.81177483173775, "none": -257.5873095811857}, "35": {"type-based": -248.65591099553237, "geo-based": -207.29756585402748, "mixed": -192.7127696346362, "none": -265.1634069218088}, "36": {"type-based": -255.73173840729328, "geo-based": -212.53478469055577, "mixed": -197.5370122330208, "none": -272.7395042624319}, "37": {"type-based": -262.80756530385696, "geo-based": -217.69368705949523, "mixed": -202.28353602384766, "none": -280.31560160305503}, "38": {"type-based": -269.8833917130709, "geo-based": -223.00619030051422, "mixed": -207.18425589466833, "none": -287.89169894367814}, "39": {"type-based": -276.9592176605843, "geo-based": -228.33366134345926, "mixed": -212.0999596073775, "none": -295.46779628430124}, "40": {"type-based": -284.03504317007315, "geo-based": -233.6587379393205, "mixed": -217.01335226816337, "none": -303.04389362492435}, "41": {"type-based": -291.110868263438, "geo-based": -238.9506752421109, "mixed": -221.89372085016973, "none": -310.61999096554746}, "42": {"type-based": -298.186692960977, "geo-based": -244.40049015329635, "mixed": -226.93170474695643, "none": -318.19608830617057}, "43": {"type-based": -305.2625172815383, "geo-based": -249.8221180175125, "mixed": -231.94082540187338, "none": -325.7721856467937}, "44": {"type-based": -312.3383412426553, "geo-based": -255.2270361266479, "mixed": -236.93260897991624, "none": -333.3482829874168}, "45": {"type-based": -319.41416486066584, "geo-based": -260.5606502930686, "mixed": -241.8524736629637, "none": -340.9243803280399}, "46": {"type-based": -326.4899881508186, "geo-based": -265.85990434330716, "mixed": -246.73749339476979, "none": -348.500477668663}, "47": {"type-based": -333.5658111273679, "geo-based": -271.13845540822706, "mixed": -251.60138357176191, "none": -356.0765750092861}, "48": {"type-based": -340.64163380365824, "geo-based": -276.3927645293404, "mixed": -256.4406339610064, "none": -363.6526723499092}, "49": {"type-based": -347.7174561922, "geo-based": -281.63233621694144, "mixed": -261.2647872424981, "none": -371.2287696905323}, "50": {"type-based": -354.7932783047378, "geo-based": -286.8678866655294, "mixed": -266.0845731804826, "none": -378.8048670311554}, "51": {"type-based": -361.8691001523113, "geo-based": -292.0230971649543, "mixed": -270.82368144963476, "none": -386.38096437177853}, "52": {"type-based": -368.9449217453112, "geo-based": -297.11342856742715, "mixed": -275.4977308809009, "none": -393.95706171240164}, "53": {"type-based": -376.02074309352844, "geo-based": -302.1622985343609, "mixed": -280.1302832312046, "none": -401.53315905302475}, "54": {"type-based": -383.0965642061999, "geo-based": -307.4707697819649, "mixed": -285.0224858733953, "none": -409.10925639364785}, "55": {"type-based": -390.1723850920493, "geo-based": -312.84519974559277, "mixed": -289.98002190513625, "none": -416.68535373427096}, "56": {"type-based": -397.24820575932443, "geo-based": -318.37460669972836, "mixed": -295.0917873291608, "none": -424.26145107489407}, "57": {"type-based": -404.3240262158314, "geo-based": -323.56956840936624, "mixed": -299.86818226342314, "none": -431.8375484155172}, "58": {"type-based": -411.3998464689654, "geo-based": -328.895073604582, "mixed": -304.7747964812321, "none": -439.4136457561403}, "59": {"type-based": -418.47566652573914, "geo-based": -334.2965933430853, "mixed": -309.7574127284105, "none": -446.9897430967634}, "60": {"type-based": -425.5514863928088,