{"0": {"type-based": 0, "geo-based": 0, "mixed": 0, "none": 0}, "1": {"type-based": -7.576097340623111, "geo-based": -7.576097340623111, "mixed": -7.576097340623111, "none": -7.576097340623111}, "2": {"type-based": -15.152194681246222, "geo-based": -15.152194681246222, "mixed": -15.152194681246222, "none": -15.152194681246222}, "3": {"type-based": -29.185193630205795, "geo-based": -21.26524711238867, "mixed": -27.75155993381634, "none": -22.728292021869333}, "4": {"type-based": -36.50336411627767, "geo-based": -27.12530423354908, "mixed": -33.363369856187624, "none": -30.304389362492444}, "5": {"type-based": -43.707738549194794, "geo-based": -32.65959624268728, "mixed": -38.56015908436188, "none": -37.88048670311555}, "6": {"type-based": -58.87778212472314, "geo-based": -38.013762788534585, "mixed": -51.55366683981367, "none": -45.45658404373866}, "7": {"type-based": -67.22056270075285, "geo-based": -43.22500267677306, "mixed": -57.56914215437925, "none": -53.032681384361766}, "8": {"type-based": -74.52674985987348, "geo-based": -48.229912442870166, "mixed": -62.33200687090049, "none": -60.60877872498487}, "9": {"type-based": -81.78013851867219, "geo-based": -53.039067508655634, "mixed": -66.85407897927118, "none": -68.18487606560798}, "10": {"type-based": -90.60908989461443, "geo-based": -57.733594780149524, "mixed": -72.84072972234618, "none": -75.76097340623109}, "11": {"type-based": -98.79239934045201, "geo-based": -62.3201937568363, "mixed": -78.06445350338413, "none": -83.3370707468542}, "12": {"type-based": -106.10461288878332, "geo-based": -66.81596153842573, "mixed": -82.31712297747333, "none": -90.9131680874773}, "13": {"type-based": -113.38111224544042, "geo-based": -71.21644249900436, "mixed": -86.44108431142598, "none": -98.48926542810041}, "14": {"type-based": -121.47840315699248, "geo-based": -75.58151435619492, "mixed": -91.35151708930024, "none": -106.06536276872352}, "15": {"type-based": -129.32091800397225, "geo-based": -79.87422687791182, "mixed": -95.92802244630265, "none": -113.64146010934662}, "16": {"type-based": -136.63570370343527, "geo-based": -84.08703584932194, "mixed": -99.89103056581868, "none": -121.21755744996973}, "17": {"type-based": -143.9235625691012, "geo-based": -88.56887193129079, "mixed": -104.09738845609196, "none": -128.79365479059285}, "18": {"type-based": -151.18996459410337, "geo-based": -92.94580322012591, "mixed": -108.17907710053582, "none": -136.36975213121596}, "19": {"type-based": -160.04790096292365, "geo-based": -97.25326800259111, "mixed": -113.78373073625231, "none": -143.94584947183907}, "20": {"type-based": -167.31553230616248, "geo-based": -101.7345436429381, "mixed": -117.96884221495546, "none": -151.52194681246218}, "21": {"type-based": -175.8662106102287, "geo-based": -106.37951716079738, "mixed": -123.60220846218934, "none": -159.09804415308528}, "22": {"type-based": -183.92319494206515, "geo-based": -111.33141362994502, "mixed": -129.0475909119322, "none": -166.6741414937084}, "23": {"type-based": -191.81852332614383, "geo-based": -115.92917717253268, "mixed": -133.97813178119932, "none": -174.2502388343315}, "24": {"type-based": -199.128006836457, "geo-based": -120.48777717989447, "mixed": -138.28377003969658, "none": -181.8263361749546}, "25": {"type-based": -206.41997422241084, "geo-based": -124.81646749335884, "mixed": -142.34502675028, "none": -189.4024335155777}, "26": {"type-based": -213.696876586113, "geo-based": -129.1477930188299, "mixed": -146.39553923636046, "none": -196.97853085620082}, "27": {"type-based": -220.96068278035662, "geo-based": -133.37104817768787, "mixed": -150.3264769655129, "none": -204.55462819682393}, "28": {"type-based": -228.2129984334076, "geo-based": -137.5369306580101, "mixed": -154.1897368965729, "none": -212.13072553744703}, "29": {"type-based": -235.45515030988315, "geo-based": -141.71622501234813, "mixed": -158.05732328246268, "none": -219.70682287807014}}