{"0": {"type-based": 0, "geo-based": 0, "mixed": 0, "none": 0}, "1": {"type-based": -7.576097340623111, "geo-based": -7.576097340623111, "mixed": -7.576097340623111, "none": -7.576097340623111}, "2": {"type-based": -15.152194681246222, "geo-based": -15.152194681246222, "mixed": -15.152194681246222, "none": -15.152194681246222}, "3": {"type-based": -22.473673249789684, "geo-based": -21.734855319633407, "mixed": -21.500919774451994, "none": -22.728292021869333}, "4": {"type-based": -29.679903348827583, "geo-based": -27.89985748811009, "mixed": -27.312774720467004, "none": -30.304389362492444}, "5": {"type-based": -36.844535586040955, "geo-based": -33.7844490330324, "mixed": -32.80396721531031, "none": -37.88048670311555}, "6": {"type-based": -43.987696050032454, "geo-based": -39.479638057072854, "mixed": -38.08734022326907, "none": -45.45658404373866}, "7": {"type-based": -59.63514002180602, "geo-based": -44.98740597638218, "mixed": -51.69303672296954, "none": -53.032681384361766}, "8": {"type-based": -75.29182715945302, "geo-based": -50.4278876381085, "mixed": -65.2459975908662, "none": -60.60877872498487}, "9": {"type-based": -82.47245092032401, "geo-based": -55.913816247947025, "mixed": -70.3707332903412, "none": -68.18487606560798}, "10": {"type-based": -89.63635362238146, "geo-based": -61.58003792139448, "mixed": -75.6604484267946, "none": -75.76097340623109}, "11": {"type-based": -96.78813848368263, "geo-based": -67.20945896143641, "mixed": -80.8977949495615, "none": -83.3370707468542}, "12": {"type-based": -103.93073723115694, "geo-based": -72.61831273011083, "mixed": -85.90152307348669, "none": -90.9131680874773}, "13": {"type-based": -111.06613219354655, "geo-based": -77.93338333512642, "mixed": -90.80212345245225, "none": -98.48926542810041}, "14": {"type-based": -118.1957263835487, "geo-based": -83.16639317792671, "mixed": -95.61305071042159, "none": -106.06536276872352}, "15": {"type-based": -125.32054923400406, "geo-based": -88.52417535340078, "mixed": -100.5423482761556, "none": -113.64146010934662}, "16": {"type-based": -132.44137843693915, "geo-based": -94.00885419550522, "mixed": -105.59184414768434, "none": -121.21755744996973}, "17": {"type-based": -142.1228426271983, "geo-based": -99.33250113455466, "mixed": -113.03610906822107, "none": -128.79365479059285}, "18": {"type-based": -149.2605913224818, "geo-based": -104.60694568376962, "mixed": -117.88397647559879, "none": -136.36975213121596}, "19": {"type-based": -159.03217031217383, "geo-based": -109.77628455735199, "mixed": -125.25842535529378, "none": -143.94584947183907}, "20": {"type-based": -166.16892020100684, "geo-based": -114.93284545636037, "mixed": -129.9872277119462, "none": -151.52194681246218}, "21": {"type-based": -173.30172114753748, "geo-based": -120.1870715281497, "mixed": -134.80787431420293, "none": -159.09804415308528}, "22": {"type-based": -190.11146039924594, "geo-based": -125.4116847111379, "mixed": -149.27290780547727, "none": -166.6741414937084}, "23": {"type-based": -206.9236503321221, "geo-based": -130.7186220193163, "mixed": -163.8196090636916, "none": -174.2502388343315}, "24": {"type-based": -216.82943050933, "geo-based": -135.99299748287984, "mixed": -171.42309817004616, "none": -181.8263361749546}, "25": {"type-based": -226.05573232229818, "geo-based": -141.17786705550887, "mixed": -178.25605702595917, "none": -189.4024335155777}, "26": {"type-based": -235.29808603928856, "geo-based": -146.35973672559788, "mixed": -185.0992506069209, "none": -196.97853085620082}, "27": {"type-based": -242.47422794776702, "geo-based": -151.66027055021735, "mixed": -189.9935081555076, "none": -204.55462819682393}, "28": {"type-based": -251.37906543896605, "geo-based": -157.2358037580791, "mixed": -196.8885336472804, "none": -212.13072553744703}, "29": {"type-based": -258.56153531814357, "geo-based": -162.86075542347515, "mixed": -202.10811767551616, "none": -219.70682287807014}, "30": {"type-based": -265.7383691183913, "geo-based": -168.14142681240833, "mixed": -206.97431301056264, "none": -227.28292021869325}, "31": {"type-based": -275.1609775657724, "geo-based": -173.37903216324747, "mixed": -214.04096732365892, "none": -234.85901755931636}, "32": {"type-based": -284.18062895565885, "geo-based": -178.4889661104443, "mixed": -220.57970535192047, "none": -242.43511489993946}, "33": {"type-based": -301.2201601213706, "geo-based": -183.68140769692667, "mixed": -235.21922258866522, "none": -250.01121224056257}, "34": {"type-based": -308.407643352633, "geo-based": -188.8777673886088, "mixed": -240.0096724394324, "none": -257.5873095811857}, "35": {"type-based": -315.5898296155928, "geo-based": -194.06899337919555, "mixed": -244.78787717027748, "none": -265.1634069218088}, "36": {"type-based": -324.42522478755257, "geo-based": -199.30559268111637, "mixed": -251.2629248776794, "none": -272.7395042624319}, "37": {"type-based": -331.6122204967602, "geo-based": -204.5940597846489, "mixed": -256.1404439557881, "none": -280.31560160305503}, "38": {"type-based": -338.79442183734636, "geo-based": -209.63607281230009, "mixed": -260.76497931477815, "none": -287.89169894367814}, "39": {"type-based": -345.9722255268676, "geo-based": -214.66983171527463, "mixed": -265.37580039067757, "none": -295.46779628430124}, "40": {"type-based": -353.14598096093397, "geo-based": -219.72232763920263, "mixed": -270.0003132990613, "none": -303.04389362492435}, "41": {"type-based": -360.3159974570423, "geo-based": -224.86864764431434, "mixed": -274.71395888270933, "none": -310.61999096554746}, "42": {"type-based": -367.48255016252165, "geo-based": -230.06211305026778, "mixed": -279.47020389502944, "none": -318.19608830617057}, "43": {"type-based": -374.64588491188834, "geo-based": -235.1820570711576, "mixed": -284.1486602082821, "none": -325.7721856467937}, "44": {"type-based": -381.806222250225, "geo-based": -240.36943905887676, "mixed": -288.8903738072347, "none": -333.3482829874168}, "45": {"type-based": -390.9445467710729, "geo-based": -245.58834108420044, "mixed": -295.6404274271904, "none": -340.9243803280399}, "46": {"type-based": -398.110883463207, "geo-based": -250.97724230768293, "mixed": -300.5871823378485, "none": -348.500477668663}, "47": {"type-based": -405.27433104584355, "geo-based": -256.67289234003374, "mixed": -305.8363116687633, "none": -356.0765750092861}}