{"0": {"type-based": 0, "geo-based": 0, "mixed": 0, "none": 0}, "1": {"type-based": -7.576097340623111, "geo-based": -7.576097340623111, "mixed": -7.576097340623111, "none": -7.576097340623111}, "2": {"type-based": -15.152194681246222, "geo-based": -15.152194681246222, "mixed": -15.152194681246222, "none": -15.152194681246222}, "3": {"type-based": -22.228327928866857, "geo-based": -21.532193304825416, "mixed": -21.065212006088068, "none": -22.728292021869333}, "4": {"type-based": -29.304353096326626, "geo-based": -27.536111023776947, "mixed": -26.608104779875404, "none": -30.304389362492444}, "5": {"type-based": -36.380324205817054, "geo-based": -33.467194703462155, "mixed": -32.081077483719696, "none": -37.88048670311555}, "6": {"type-based": -43.45626287479911, "geo-based": -39.10948292119643, "mixed": -37.26467711824359, "none": -45.45658404373866}, "7": {"type-based": -50.532179914388855, "geo-based": -44.97029182565757, "mixed": -42.664844768104686, "none": -53.032681384361766}, "8": {"type-based": -57.60808150324353, "geo-based": -50.77323197901841, "mixed": -48.008669196107874, "none": -60.60877872498487}, "9": {"type-based": -64.68397150340746, "geo-based": -56.403476346687846, "mixed": -53.181666125229015, "none": -68.18487606560798}, "10": {"type-based": -71.75985248976629, "geo-based": -62.000635059909555, "mixed": -58.322951946656, "none": -75.76097340623109}, "11": {"type-based": -78.83572626484226, "geo-based": -67.34049760795496, "mixed": -63.208957608410174, "none": -83.3370707468542}, "12": {"type-based": -85.91159413961988, "geo-based": -72.46536261411735, "mixed": -67.88041401950896, "none": -90.9131680874773}, "13": {"type-based": -92.98745709737364, "geo-based": -77.52918555429672, "mixed": -72.49016386569028, "none": -98.48926542810041}, "14": {"type-based": -100.06331589449168, "geo-based": -82.71694965231221, "mixed": -77.22255986027002, "none": -106.06536276872352}, "15": {"type-based": -107.13917112529433, "geo-based": -88.11008996868367, "mixed": -82.15861524648354, "none": -113.64146010934662}, "16": {"type-based": -114.21502326524828, "geo-based": -93.39413654779227, "mixed": -86.98590100247404, "none": -121.21755744996973}, "17": {"type-based": -121.29087270067765, "geo-based": -98.51333639973248, "mixed": -91.64847819491727, "none": -128.79365479059285}, "18": {"type-based": -128.36671974973703, "geo-based": -103.5569272209521, "mixed": -96.23608147296987, "none": -136.36975213121596}, "19": {"type-based": -135.44256467755915, "geo-based": -108.52964428563628, "mixed": -100.75489229344872, "none": -143.94584947183907}, "20": {"type-based": -142.51840770741654, "geo-based": -113.43250782399065, "mixed": -105.20587417029695, "none": -151.52194681246218}, "21": {"type-based": -149.5942490290931, "geo-based": -118.44931416021448, "mixed": -109.77265574550555, "none": -159.09804415308528}, "22": {"type-based": -156.67008880526248, "geo-based": -123.58655712557811, "mixed": -114.46298108052481, "none": -166.6741414937084}, "23": {"type-based": -163.74592717641687, "geo-based": -128.86112714758133, "mixed": -119.2943486838602, "none": -174.2502388343315}, "24": {"type-based": -170.82176426472444, "geo-based": -134.05132981950726, "mixed": -124.04549734105017, "none": -181.8263361749546}, "25": {"type-based": -177.8976001770832, "geo-based": -139.4463305532376, "mixed": -129.00522648942905, "none": -189.4024335155777}, "26": {"type-based": -195.10010611061443, "geo-based": -144.40840626712878, "mixed": -143.6630269452613, "none": -196.97853085620082}, "27": {"type-based": -205.40281055381124, "geo-based": -149.31939487810016, "mixed": -151.37347036031156, "none": -204.55462819682393}, "28": {"type-based": -215.0217412801546, "geo-based": -154.1831018909117, "mixed": -158.3562913497658, "none": -212.13072553744703}, "29": {"type-based": -222.1241990235592, "geo-based": -159.00427171277394, "mixed": -162.78344789051303, "none": -219.70682287807014}, "30": {"type-based": -229.22564487363667, "geo-based": -164.58700880371958, "mixed": -167.9733822717544, "none": -227.28292021869325}, "31": {"type-based": -236.3261528688217, "geo-based": -170.4044032225369, "mixed": -173.39993919441574, "none": -234.85901755931636}, "32": {"type-based": -243.42578920807392, "geo-based": -176.25342790049038, "mixed": -178.85995119679168, "none": -242.43511489993946}, "33": {"type-based": -250.52461331995917, "geo-based": -182.02759955061802, "mixed": -184.24643766987342, "none": -250.01121224056257}, "34": {"type-based": -257.6226787554912, "geo-based": -187.89197474403565, "mixed": -189.7238471050468, "none": -257.5873095811857}, "35": {"type-based": -264.72003393848684, "geo-based": -193.8137222619412, "mixed": -195.25913048936167, "none": -265.1634069218088}, "36": {"type-based": -271.816722799878, "geo-based": -200.01454664641625, "mixed": -201.07385336300706, "none": -272.7395042624319}, "37": {"type-based": -278.9127853168709, "geo-based": -206.2154694206546, "mixed": -206.88879271260072, "none": -280.31560160305503}, "38": {"type-based": -286.00825797358266, "geo-based": -212.66778432908782, "mixed": -212.95502039036796, "none": -287.89169894367814}, "39": {"type-based": -293.10317415649007, "geo-based": -219.1948995538997, "mixed": -219.09543903360432, "none": -295.46779628430124}, "40": {"type-based": -300.1975644954569, "geo-based": -224.61242695399457, "mixed": -224.1256322269328, "none": -303.04389362492435}, "41": {"type-based": -307.2914571590862, "geo-based": -230.10169703934793, "mixed": -229.22703635286564, "none": -310.61999096554746}, "42": {"type-based": -314.3848781115471, "geo-based": -235.60249856539596, "mixed": -234.33945536275712, "none": -318.19608830617057}, "43": {"type-based": -321.4778513367538, "geo-based": -240.7370775279674, "mixed": -239.08515483394586, "none": -325.7721856467937}, "44": {"type-based": -328.5703990347529, "geo-based": -246.06087446319245, "mixed": -244.01951823556882, "none": -333.3482829874168}, "45": {"type-based": -335.6625417943537, "geo-based": -251.35360476357542, "mixed": -248.9218109354491, "none": -340.9243803280399}, "46": {"type-based": -342.75429874536934, "geo-based": -256.6174007607389, "mixed": -253.794228470656, "none": -348.500477668663}, "47": {"type-based": -349.8456876932914, "geo-based": -261.85409304474916, "mixed": -258.63866033637646, "none": -356.0765750092861}, "48": {"type-based": -356.9367252387751, "geo-based": -267.0652663971757, "mixed": -263.45674624596757, "none": -363.6526723499092}, "49": {"type-based": -364.0274268839467, "geo-based": -272.25559429972526, "mixed": -268.253210940295, "none": -371.2287696905323}, "50": {"type-based": -371.11780712723817, "geo-based": -277.43549914694114, "mixed": -273.0385262555441, "none": -378.8048670311554}, "51": {"type-based": -378.20787954820486, "geo-based": -282.5574703353006, "mixed": -277.7652167883691, "none": -386.38096437177853}, "52": {"type-based": -385.29765688356827, "geo-based": -287.60993243994164, "mixed": -282.42186210995783, "none": -393.95706171240164}, "53": {"type-based": -392.3871510955525, "geo-based": -292.62214038654577, "mixed": -287.0378847262963, "none": -401.53315905302475}, "54": {"type-based": -399.4763734334319, "geo-based": -297.7950749275912, "mixed": -291.814363158987, "none": -409.10925639364785}, "55": {"type-based": -406.5653344890841, "geo-based": -302.9706020555338, "mixed": -296.592775094802, "none": -416.68535373427096}, "56": {"type-based": -413.65404424723545, "geo-based": -308.2458865334655, "mixed": -301.47018260685616, "none": -424.26145107489407}, "57": {"type-based": -420.7425121309961, "geo-based": -313.3034960946013, "mixed": -306.12895638365956, "none": -431.8375484155172}, "58": {"type-based": -427.8307470432046, "geo-based": -318.55310571074915, "mixed": -310.97922372666284, "none": -439.4136457561403}, "59": {"type-based": -434.91875740403697, "geo-based": -323.92586776456557, "mixed": -315.9519139159341, "none": -446.9897430967634},