{"0": {"type-based": 0, "geo-based": 0, "mixed": 0, "none": 0}, "1": {"type-based": -7.576097340623111, "geo-based": -7.576097340623111, "mixed": -7.576097340623111, "none": -7.576097340623111}, "2": {"type-based": -15.152194681246222, "geo-based": -15.152194681246222, "mixed": -15.152194681246222, "none": -15.152194681246222}, "3": {"type-based": -20.950713215484743, "geo-based": -21.362242555135413, "mixed": -19.742553580192993, "none": -22.728292021869333}, "4": {"type-based": -26.74841243442691, "geo-based": -27.33851074305723, "mixed": -24.148329100786867, "none": -30.304389362492444}, "5": {"type-based": -32.54570164138144, "geo-based": -33.19139348838601, "mixed": -28.473568643965855, "none": -37.88048670311555}, "6": {"type-based": -38.34274472761719, "geo-based": -39.11296277728875, "mixed": -32.903320606007156, "none": -45.45658404373866}, "7": {"type-based": -44.13962368603931, "geo-based": -44.39092286599552, "mixed": -36.71751391830129, "none": -53.032681384361766}, "8": {"type-based": -49.93638538711455, "geo-based": -49.68628263480575, "mixed": -40.57676260913157, "none": -60.60877872498487}, "9": {"type-based": -55.733059132491405, "geo-based": -54.93196185080272, "mixed": -44.409246480100585, "none": -68.18487606560798}, "10": {"type-based": -61.52966446036002, "geo-based": -60.379460134199164, "mixed": -48.4619193902233, "none": -75.76097340623109}, "11": {"type-based": -67.32621504948315, "geo-based": -65.70440209984741, "mixed": -52.402484198817234, "none": -83.3370707468542}, "12": {"type-based": -73.12272084922651, "geo-based": -70.60410033499376, "mixed": -55.92614421772639, "none": -90.9131680874773}, "13": {"type-based": -78.91918932233216, "geo-based": -75.42049845316836, "mixed": -59.379210292987, "none": -98.48926542810041}, "14": {"type-based": -84.71562620982972, "geo-based": -80.26253800135612, "mixed": -62.869492881953505, "none": -106.06536276872352}, "15": {"type-based": -90.51203602283259, "geo-based": -84.98264160397608, "mixed": -66.24715224165998, "none": -113.64146010934662}, "16": {"type-based": -96.30842237043974, "geo-based": -89.73286707358847, "mixed": -69.66524827951207, "none": -121.21755744996973}, "17": {"type-based": -102.10478818519066, "geo-based": -94.77913267205518, "mixed": -73.38805121294493, "none": -128.79365479059285}, "18": {"type-based": -107.90113588222323, "geo-based": -100.02626600529214, "mixed": -77.31656790068571, "none": -136.36975213121596}, "19": {"type-based": -113.69746747422994, "geo-based": -104.97123770961792, "mixed": -80.94457060290715, "none": -143.94584947183907}, "20": {"type-based": -119.49378465616753, "geo-based": -109.81144177595579, "mixed": -84.46988431489964, "none": -151.52194681246218}, "21": {"type-based": -125.29008886879336, "geo-based": -115.0522738640101, "mixed": -88.39902913455087, "none": -159.09804415308528}, "22": {"type-based": -131.08638134707618, "geo-based": -120.21175368138074, "mixed": -92.24411514110626, "none": -166.6741414937084}, "23": {"type-based": -136.8826631576065, "geo-based": -125.61193620850528, "mixed": -96.32768905417312, "none": -174.2502388343315}, "24": {"type-based": -142.67893522787523, "geo-based": -130.86125853987173, "mixed": -100.25987846933464, "none": -181.8263361749546}, "25": {"type-based": -148.47519836945366, "geo-based": -136.02958261855952, "mixed": -104.1107958408129, "none": -189.4024335155777}, "26": {"type-based": -154.27145329653808, "geo-based": -141.1262752199128, "mixed": -107.8896481454563, "none": -196.97853085620082}, "27": {"type-based": -160.0677006409284, "geo-based": -146.20250721124006, "mixed": -111.64747163716193, "none": -204.55462819682393}, "28": {"type-based": -165.86394096423365, "geo-based": -153.69396141692627, "mixed": -117.81944992900868, "none": -212.13072553744703}, "29": {"type-based": -171.66017476789784, "geo-based": -161.03210771211354, "mixed": -123.82809677732845, "none": -219.70682287807014}, "30": {"type-based": -177.45640250149768, "geo-based": -167.9380102053754, "mixed": -129.39361348010146, "none": -227.28292021869325}, "31": {"type-based": -183.25262456965737, "geo-based": -173.72065965701978, "mixed": -133.82786382100971, "none": -234.85901755931636}, "32": {"type-based": -189.04884133784833, "geo-based": -179.47314581314012, "mixed": -138.2294066873865, "none": -242.43511489993946}, "33": {"type-based": -194.84505313728275, "geo-based": -185.1190414168731, "mixed": -142.5232466054026, "none": -250.01121224056257}, "34": {"type-based": -200.64126026906578, "geo-based": -190.46731527564592, "mixed": -146.5187479921383, "none": -257.5873095811857}, "35": {"type-based": -206.4374630077372, "geo-based": -195.55306586390213, "mixed": -150.24970786779386, "none": -265.1634069218088}, "36": {"type-based": -212.23366160430703, "geo-based": -200.61787660776102, "mixed": -153.95908305078194, "none": -272.7395042624319}, "37": {"type-based": -218.02985628886992, "geo-based": -206.09228642077557, "mixed": -158.0778474595929, "none": -280.31560160305503}, "38": {"type-based": -223.82604727286594, "geo-based": -211.57407407977203, "mixed": -162.20197288545052, "none": -287.89169894367814}, "39": {"type-based": -229.62223475104395, "geo-based": -217.48743617842015, "mixed": -166.75545429948122, "none": -295.46779628430124}, "40": {"type-based": -235.41841890317357, "geo-based": -223.9802542478778, "mixed": -171.88261374004907, "none": -303.04389362492435}, "41": {"type-based": -241.21459989554282, "geo-based": -230.96876034542834, "mixed": -177.4965383693293, "none": -310.61999096554746}, "42": {"type-based": -247.01077788227326, "geo-based": -238.2183133444607, "mixed": -183.35928453212745, "none": -318.19608830617057}, "43": {"type-based": -252.8069530064788, "geo-based": -245.111370365411, "mixed": -188.8528064923227, "none": -325.7721856467937}}