{"0": {"type-based": 0, "geo-based": 0, "mixed": 0, "none": 0}, "1": {"type-based": -7.576097340623111, "geo-based": -7.576097340623111, "mixed": -7.576097340623111, "none": -7.576097340623111}, "2": {"type-based": -15.152194681246222, "geo-based": -15.152194681246222, "mixed": -15.152194681246222, "none": -15.152194681246222}, "3": {"type-based": -20.950713215484743, "geo-based": -21.448042685472913, "mixed": -19.732345823956116, "none": -22.728292021869333}, "4": {"type-based": -26.74841243442691, "geo-based": -27.460985630992347, "mixed": -24.027241915267762, "none": -30.304389362492444}, "5": {"type-based": -32.54570164138144, "geo-based": -33.74252616390741, "mixed": -28.599257701700992, "none": -37.88048670311555}, "6": {"type-based": -38.34274472761719, "geo-based": -39.9230937108246, "mixed": -33.0841626610691, "none": -45.45658404373866}, "7": {"type-based": -44.13962368603931, "geo-based": -45.71955378276272, "mixed": -37.202396625703685, "none": -53.032681384361766}, "8": {"type-based": -49.93638538711455, "geo-based": -51.26153398144426, "mixed": -41.076973502403895, "none": -60.60877872498487}, "9": {"type-based": -55.733059132491405, "geo-based": -56.79426162685412, "mixed": -44.95639434072859, "none": -68.18487606560798}, "10": {"type-based": -61.52966446036002, "geo-based": -62.38209594936214, "mixed": -48.90508497210235, "none": -75.76097340623109}, "11": {"type-based": -67.32621504948315, "geo-based": -67.98677322471704, "mixed": -52.894014490660425, "none": -83.3370707468542}, "12": {"type-based": -73.12272084922651, "geo-based": -73.88870075520065, "mixed": -57.20290013322866, "none": -90.9131680874773}, "13": {"type-based": -78.91918932233216, "geo-based": -79.69969122026119, "mixed": -61.44088505852488, "none": -98.48926542810041}, "14": {"type-based": -84.71562620982972, "geo-based": -85.42503628424635, "mixed": -65.61206749950355, "none": -106.06536276872352}, "15": {"type-based": -90.51203602283259, "geo-based": -91.1978242321148, "mixed": -69.84875778497465, "none": -113.64146010934662}, "16": {"type-based": -96.30842237043974, "geo-based": -97.02089883488775, "mixed": -74.15257079273208, "none": -121.21755744996973}, "17": {"type-based": -102.10478818519066, "geo-based": -103.26399289801823, "mixed": -78.89086429934369, "none": -128.79365479059285}}