{"0": {"type-based": 0, "geo-based": 0, "mixed": 0, "none": 0}, "1": {"type-based": -7.576097340623111, "geo-based": -7.576097340623111, "mixed": -7.576097340623111, "none": -7.576097340623111}, "2": {"type-based": -15.152194681246222, "geo-based": -15.152194681246222, "mixed": -15.152194681246222, "none": -15.152194681246222}, "3": {"type-based": -22.228327928866857, "geo-based": -21.66284732940204, "mixed": -21.18239002516333, "none": -22.728292021869333}, "4": {"type-based": -29.304353096326626, "geo-based": -27.848456739799957, "mixed": -26.89961246333409, "none": -30.304389362492444}, "5": {"type-based": -36.380324205817054, "geo-based": -33.70720120753344, "mixed": -32.30270357406317, "none": -37.88048670311555}, "6": {"type-based": -43.45626287479911, "geo-based": -39.342327896346276, "mixed": -37.494570733232244, "none": -45.45658404373866}, "7": {"type-based": -50.532179914388855, "geo-based": -44.806781778973324, "mixed": -42.52720671537499, "none": -53.032681384361766}, "8": {"type-based": -57.60808150324353, "geo-based": -50.091115086390815, "mixed": -47.389777240025396, "none": -60.60877872498487}, "9": {"type-based": -64.68397150340746, "geo-based": -55.34783692273753, "mixed": -52.23319836072023, "none": -68.18487606560798}, "10": {"type-based": -71.75985248976629, "geo-based": -60.55063461482411, "mixed": -57.02908525144247, "none": -75.76097340623109}, "11": {"type-based": -78.83572626484226, "geo-based": -65.63801292240584, "mixed": -61.71387692862753, "none": -83.3370707468542}, "12": {"type-based": -85.91159413961988, "geo-based": -70.6560377025493, "mixed": -66.3327384395098, "none": -90.9131680874773}, "13": {"type-based": -92.98745709737364, "geo-based": -75.61009433834964, "mixed": -70.8899467153135, "none": -98.48926542810041}, "14": {"type-based": -100.06331589449168, "geo-based": -80.45652645112405, "mixed": -75.34106608797613, "none": -106.06536276872352}, "15": {"type-based": -107.13917112529433, "geo-based": -85.53557398866486, "mixed": -80.02655814662168, "none": -113.64146010934662}, "16": {"type-based": -114.21502326524828, "geo-based": -90.75413871806253, "mixed": -84.85024081327855, "none": -121.21755744996973}, "17": {"type-based": -121.29087270067765, "geo-based": -96.06919852538036, "mixed": -89.76766948779323, "none": -128.79365479059285}, "18": {"type-based": -128.36671974973703, "geo-based": -101.2151812410132, "mixed": -94.51272754291658, "none": -136.36975213121596}, "19": {"type-based": -135.44256467755915, "geo-based": -106.3049468150909, "mixed": -99.19901819432607, "none": -143.94584947183907}, "20": {"type-based": -142.51840770741654, "geo-based": -111.27818815578746, "mixed": -103.76634448139593, "none": -151.52194681246218}, "21": {"type-based": -149.5942490290931, "geo-based": -116.17253405929267, "mixed": -108.25281953604346, "none": -159.09804415308528}, "22": {"type-based": -156.67008880526248, "geo-based": -120.93996610542563, "mixed": -112.61066578243594, "none": -166.6741414937084}, "23": {"type-based": -163.74592717641687, "geo-based": -125.50800552130913, "mixed": -116.76787079763643, "none": -174.2502388343315}, "24": {"type-based": -170.82176426472444, "geo-based": -130.06268749558583, "mixed": -120.91190334737819, "none": -181.8263361749546}, "25": {"type-based": -177.8976001770832, "geo-based": -134.5685262364072, "mixed": -125.00721495916086, "none": -189.4024335155777}, "26": {"type-based": -184.97343500756406, "geo-based": -139.05476453581292, "mixed": -129.08316523972314, "none": -196.97853085620082}, "27": {"type-based": -192.04926883938415, "geo-based": -144.8123266950635, "mixed": -134.4306380795125, "none": -204.55462819682393}, "28": {"type-based": -199.12510174651476, "geo-based": -150.30448343272212, "mixed": -139.508344469045, "none": -212.13072553744703}, "29": {"type-based": -206.20093379500196, "geo-based": -155.61186954408257, "mixed": -144.39796761044576, "none": -219.70682287807014}, "30": {"type-based": -213.27676504405986, "geo-based": -160.8672068748705, "mixed": -149.23305307026837, "none": -227.28292021869325}, "31": {"type-based": -220.3525955469814, "geo-based": -165.81711758340103, "mixed": -153.76043194634332, "none": -234.85901755931636}, "32": {"type-based": -227.42842535190232, "geo-based": -170.89096967990687, "mixed": -158.41015004967235, "none": -242.43511489993946}, "33": {"type-based": -234.5042545024459, "geo-based": -175.62918105439016, "mixed": -162.7225552916275, "none": -250.01121224056257}, "34": {"type-based": -241.5800830382697, "geo-based": -180.53169262361905, "mixed": -167.19905506520962, "none": -257.5873095811857}, "35": {"type-based": -248.65591099553237, "geo-based": -185.61700451689651, "mixed": -171.857953568912, "none": -265.1634069218088}, "36": {"type-based": -255.73173840729328, "geo-based": -190.71596140972838, "mixed": -176.529254023533, "none": -272.7395042624319}, "37": {"type-based": -262.80756530385696, "geo-based": -195.78321663718384, "mixed": -181.1675528279058, "none": -280.31560160305503}, "38": {"type-based": -269.8833917130709, "geo-based": -200.88115453775814, "mixed": -185.83533202615135, "none": -287.89169894367814}, "39": {"type-based": -276.9592176605843, "geo-based": -206.09892436607203, "mixed": -190.62184478381357, "none": -295.46779628430124}, "40": {"type-based": -284.03504317007315, "geo-based": -211.85575252902186, "mixed": -195.94640307070333, "none": -303.04389362492435}, "41": {"type-based": -291.110868263438, "geo-based": -218.20837525101078, "mixed": -201.86416690791054, "none": -310.61999096554746}, "42": {"type-based": -298.186692960977, "geo-based": -224.29643494918744, "mixed": -207.51471057877347, "none": -318.19608830617057}, "43": {"type-based": -305.2625172815383, "geo-based": -229.71694666115496, "mixed": -212.49596474624764, "none": -325.7721856467937}, "44": {"type-based": -312.3383412426553, "geo-based": -235.22144035783563, "mixed": -217.5608642091913, "none": -333.3482829874168}, "45": {"type-based": -319.41416486066584, "geo-based": -240.1342755707291, "mixed": -222.033762753276, "none": -340.9243803280399}, "46": {"type-based": -326.4899881508186, "geo-based": -245.11030110864846, "mixed": -226.570190057799, "none": -348.500477668663}, "47": {"type-based": -333.5658111273679, "geo-based": -251.5004308436729, "mixed": -232.52111941958194, "none": -356.0765750092861}, "48": {"type-based": -340.64163380365824, "geo-based": -258.03966526621707, "mixed": -238.61921589409025, "none": -363.6526723499092}, "49": {"type-based": -347.7174561922, "geo-based": -264.05675544740427, "mixed": -244.1936009516254, "none": -371.2287696905323}, "50": {"type-based": -354.7932783047378, "geo-based": -270.8930823435531, "mixed": -250.58622865052277, "none": -378.8048670311554}, "51": {"type-based": -361.8691001523113, "geo-based": -277.5560711334269, "mixed": -256.80441687391897, "none": -386.38096437177853}, "52": {"type-based": -368.9449217453112, "geo-based": -284.07613074806324, "mixed": -262.8787641520848, "none": -393.95706171240164}, "53": {"type-based": -376.02074309352844, "geo-based": -290.4760843257024, "mixed": -268.8322527251289, "none": -401.53315905302475}, "54": {"type-based": -383.0965642061999, "geo-based": -296.7734742979039, "mixed": -274.6825576695188, "none": -409.10925639364785}, "55": {"type-based": -390.1723850920493, "geo-based": -302.982059408838, "mixed": -280.4435482292242, "none": -416.68535373427096}, "56": {"type-based": -397.24820575932443, "geo-based": -309.06234888110646, "mixed": -286.07582589138315, "none": -424.26145107489407}, "57": {"type-based": -404.3240262158314, "geo-based": -314.8982667301128, "mixed": -291.46334991580477, "none": -431.8375484155172}, "58": {"type-based": -411.3998464689654, "geo-based": -320.5735411505668, "mixed": -296.68998085418866, "none": -439.4136457561403}, "59": {"type-based": -418.47566652573914, "geo-based": -326.12637153439573, "mixed": -301.7939726195511, "none": -446.9897430967634}, "60": {"type-based": -425.5514863928088,