{"0": {"type-based": 0, "geo-based": 0, "mixed": 0, "none": 0}, "1": {"type-based": -7.576097340623111, "geo-based": -7.576097340623111, "mixed": -7.576097340623111, "none": -7.576097340623111}, "2": {"type-based": -15.152194681246222, "geo-based": -15.152194681246222, "mixed": -15.152194681246222, "none": -15.152194681246222}, "3": {"type-based": -22.473673249789684, "geo-based": -21.371740024226593, "mixed": -21.13780447904518, "none": -22.728292021869333}, "4": {"type-based": -36.90055189900192, "geo-based": -27.663819964747464, "mixed": -34.31118463879713, "none": -30.304389362492444}, "5": {"type-based": -44.44966196491763, "geo-based": -33.591644738139294, "mixed": -40.238042117551906, "none": -37.88048670311555}, "6": {"type-based": -51.78998175541648, "geo-based": -39.25351583501252, "mixed": -45.690751107181484, "none": -45.45658404373866}, "7": {"type-based": -59.049690988602464, "geo-based": -44.78362453836066, "mixed": -50.934283610902625, "none": -53.032681384361766}, "8": {"type-based": -74.56080816437579, "geo-based": -50.25662551610955, "mixed": -64.37453295185891, "none": -60.60877872498487}, "9": {"type-based": -83.21082463062744, "geo-based": -55.57639897738708, "mixed": -70.8022977027428, "none": -68.18487606560798}, "10": {"type-based": -90.5207823486683, "geo-based": -60.97101348535065, "mixed": -75.9671212091698, "none": -75.76097340623109}, "11": {"type-based": -97.78810095767071, "geo-based": -66.57383819380514, "mixed": -81.29884290331161, "none": -83.3370707468542}, "12": {"type-based": -105.0259462341738, "geo-based": -72.1549804640841, "mixed": -86.57643395161178, "none": -90.9131680874773}, "13": {"type-based": -112.24219301998468, "geo-based": -77.5165007479989, "mixed": -91.6092111425258, "none": -98.48926542810041}, "14": {"type-based": -119.44192848909185, "geo-based": -82.78839774597566, "mixed": -96.53391769674646, "none": -106.06536276872352}, "15": {"type-based": -126.62863023459957, "geo-based": -87.98258818913253, "mixed": -101.36610099155753, "none": -113.64146010934662}, "16": {"type-based": -133.804781025432, "geo-based": -93.10786508995987, "mixed": -106.11720301602644, "none": -121.21755744996973}, "17": {"type-based": -140.97221546272982, "geo-based": -98.59211329589213, "mixed": -111.21710809582626, "none": -128.79365479059285}, "18": {"type-based": -148.13232765986234, "geo-based": -103.99792856384543, "mixed": -116.22632993591482, "none": -136.36975213121596}, "19": {"type-based": -155.28620187370643, "geo-based": -109.44487748895276, "mixed": -121.2661147805434, "none": -143.94584947183907}, "20": {"type-based": -162.43469803355404, "geo-based": -114.57438169505336, "mixed": -125.97833172243824, "none": -151.52194681246218}, "21": {"type-based": -172.28562701921314, "geo-based": -119.72826684303183, "mixed": -133.41583103690556, "none": -159.09804415308528}, "22": {"type-based": -179.43248743036068, "geo-based": -124.86776861775428, "mixed": -138.13700011657608, "none": -166.6741414937084}, "23": {"type-based": -188.6540564287408, "geo-based": -129.93838130040024, "mixed": -144.8622757846318, "none": -174.2502388343315}, "24": {"type-based": -195.8127487064267, "geo-based": -135.12007294913982, "mixed": -149.633542763096, "none": -181.8263361749546}, "25": {"type-based": -205.10637647600763, "geo-based": -140.41671868064762, "mixed": -156.6522144200563, "none": -189.4024335155777}, "26": {"type-based": -212.2725359778766, "geo-based": -145.82018078908902, "mixed": -161.64815462028363, "none": -196.97853085620082}, "27": {"type-based": -229.23206738346266, "geo-based": -150.93205878099053, "mixed": -176.142291215194, "none": -204.55462819682393}, "28": {"type-based": -246.1937089077567, "geo-based": -156.11321898023024, "mixed": -190.70564210763163, "none": -212.13072553744703}, "29": {"type-based": -255.15066940289134, "geo-based": -161.36757356705508, "mixed": -197.33433248762216, "none": -219.70682287807014}, "30": {"type-based": -272.12835636770563, "geo-based": -166.73157089431837, "mixed": -212.09104638938712, "none": -227.28292021869325}, "31": {"type-based": -279.3080723867599, "geo-based": -171.9867285684988, "mixed": -216.9390896749189, "none": -234.85901755931636}, "32": {"type-based": -286.4825808790733, "geo-based": -177.21478024163082, "mixed": -221.75321652870758, "none": -242.43511489993946}, "33": {"type-based": -293.65237927162985, "geo-based": -182.4501793089507, "mixed": -226.56853277560103, "none": -250.01121224056257}, "34": {"type-based": -300.8178969227698, "geo-based": -187.8335976036329, "mixed": -231.526235803377, "none": -257.5873095811857}, "35": {"type-based": -307.97950700714455, "geo-based": -193.2615203474253, "mixed": -236.52283721539052, "none": -265.1634069218088}, "36": {"type-based": -315.1375359138434, "geo-based": -198.74165827031567, "mixed": -241.5664351794351, "none": -272.7395042624319}, "37": {"type-based": -324.08382192360875, "geo-based": -204.24708575308577, "mixed": -248.4216123871904, "none": -280.31560160305503}, "38": {"type-based": -331.24920775310545, "geo-based": -209.52257412639767, "mixed": -253.26370833115104, "none": -287.89169894367814}, "39": {"type-based": -338.4111605492253, "geo-based": -214.76699691600498, "mixed": -258.0698177069126, "none": -295.46779628430124}, "40": {"type-based": -347.7291233187275, "geo-based": -219.90012748659993, "mixed": -264.919103141338, "none": -303.04389362492435}, "41": {"type-based": -356.76741513399946, "geo-based": -225.0786958263883, "mixed": -271.5331919922699, "none": -310.61999096554746}, "42": {"type-based": -365.59047883976143, "geo-based": -230.233719933675, "mixed": -277.9072996210081, "none": -318.19608830617057}, "43": {"type-based": -372.77284950932983, "geo-based": -236.08792308128034, "mixed": -283.33873157068837, "none": -325.7721856467937}, "44": {"type-based": -379.95146957014214, "geo-based": -241.5329209550802, "mixed": -288.3551669617944, "none": -333.3482829874168}}