{"0": {"type-based": 0, "geo-based": 0, "mixed": 0, "none": 0}, "1": {"type-based": -7.576097340623111, "geo-based": -7.576097340623111, "mixed": -7.576097340623111, "none": -7.576097340623111}, "2": {"type-based": -15.152194681246222, "geo-based": -15.152194681246222, "mixed": -15.152194681246222, "none": -15.152194681246222}, "3": {"type-based": -22.228327928866857, "geo-based": -21.405588738496668, "mixed": -20.93554264871737, "none": -22.728292021869333}, "4": {"type-based": -29.304353096326626, "geo-based": -27.36647611513141, "mixed": -26.431822165477136, "none": -30.304389362492444}, "5": {"type-based": -36.380324205817054, "geo-based": -33.04956643747559, "mixed": -31.653868471758468, "none": -37.88048670311555}, "6": {"type-based": -43.45626287479911, "geo-based": -38.463699323802814, "mixed": -36.60809947908864, "none": -45.45658404373866}, "7": {"type-based": -50.532179914388855, "geo-based": -43.71918717407561, "mixed": -41.40346892272465, "none": -53.032681384361766}, "8": {"type-based": -57.60808150324353, "geo-based": -49.75878330699436, "mixed": -46.98068166142302, "none": -60.60877872498487}, "9": {"type-based": -64.68397150340746, "geo-based": -56.00867344494583, "mixed": -52.76799244797188, "none": -68.18487606560798}, "10": {"type-based": -71.75985248976629, "geo-based": -61.91417736804556, "mixed": -58.21287998268879, "none": -75.76097340623109}, "11": {"type-based": -78.83572626484226, "geo-based": -67.1943809998187, "mixed": -63.03380853244647, "none": -83.3370707468542}, "12": {"type-based": -85.91159413961988, "geo-based": -72.37806502409832, "mixed": -67.75678608639966, "none": -90.9131680874773}, "13": {"type-based": -92.98745709737364, "geo-based": -77.59584449057124, "mixed": -72.51292372969432, "none": -98.48926542810041}, "14": {"type-based": -100.06331589449168, "geo-based": -83.0263248509191, "mixed": -77.48183097606295, "none": -106.06536276872352}, "15": {"type-based": -107.13917112529433, "geo-based": -88.34689578257766, "mixed": -82.34287107854354, "none": -113.64146010934662}, "16": {"type-based": -114.21502326524828, "geo-based": -93.5775734339758, "mixed": -87.11584177161826, "none": -121.21755744996973}, "17": {"type-based": -121.29087270067765, "geo-based": -98.4897276487535, "mixed": -91.57212365156384, "none": -128.79365479059285}, "18": {"type-based": -128.36671974973703, "geo-based": -103.33604932443656, "mixed": -95.96301209538342, "none": -136.36975213121596}, "19": {"type-based": -135.44256467755915, "geo-based": -108.2257308393134, "mixed": -100.39776060778586, "none": -143.94584947183907}, "20": {"type-based": -142.51840770741654, "geo-based": -112.95429207393077, "mixed": -104.6727241517628, "none": -151.52194681246218}, "21": {"type-based": -149.5942490290931, "geo-based": -117.59058006577392, "mixed": -108.85615833802133, "none": -159.09804415308528}, "22": {"type-based": -156.67008880526248, "geo-based": -122.60939479482154, "mixed": -113.42269092298726, "none": -166.6741414937084}, "23": {"type-based": -163.74592717641687, "geo-based": -127.75332215996943, "mixed": -118.11744319088197, "none": -174.2502388343315}, "24": {"type-based": -170.82176426472444, "geo-based": -133.03698455885004, "mixed": -122.95568136882827, "none": -181.8263361749546}, "25": {"type-based": -177.8976001770832, "geo-based": -138.52205463809503, "mixed": -127.99954663241438, "none": -189.4024335155777}, "26": {"type-based": -184.97343500756406, "geo-based": -144.61258658103415, "mixed": -133.6536808733758, "none": -196.97853085620082}, "27": {"type-based": -192.04926883938415, "geo-based": -150.86172502340662, "mixed": -139.46955175953835, "none": -204.55462819682393}, "28": {"type-based": -199.12510174651476, "geo-based": -155.78199831683355, "mixed": -143.95872125690204, "none": -212.13072553744703}, "29": {"type-based": -206.20093379500196, "geo-based": -161.38645950362195, "mixed": -149.1341059876552, "none": -219.70682287807014}, "30": {"type-based": -213.27676504405986, "geo-based": -167.2010139512413, "mixed": -154.5227372781664, "none": -227.28292021869325}, "31": {"type-based": -220.3525955469814, "geo-based": -172.89829917037912, "mixed": -159.79717815475172, "none": -234.85901755931636}, "32": {"type-based": -227.42842535190232, "geo-based": -178.62881198678994, "mixed": -165.10748712990215, "none": -242.43511489993946}, "33": {"type-based": -234.5042545024459, "geo-based": -184.37896813650102, "mixed": -170.43963468680198, "none": -250.01121224056257}, "34": {"type-based": -241.5800830382697, "geo-based": -190.01802194000538, "mixed": -175.66116070695062, "none": -257.5873095811857}, "35": {"type-based": -248.65591099553237, "geo-based": -195.66634275557362, "mixed": -180.89240037751972, "none": -265.1634069218088}, "36": {"type-based": -255.73173840729328, "geo-based": -201.26595638552573, "mixed": -186.07497382566527, "none": -272.7395042624319}, "37": {"type-based": -262.80756530385696, "geo-based": -206.758994679316, "mixed": -191.15077722867383, "none": -280.31560160305503}, "38": {"type-based": -269.8833917130709, "geo-based": -212.14258620847423, "mixed": -196.116886278478, "none": -287.89169894367814}, "39": {"type-based": -276.9592176605843, "geo-based": -217.48554584833374, "mixed": -201.0420700813094, "none": -295.46779628430124}, "40": {"type-based": -284.03504317007315, "geo-based": -222.82185616609476, "mixed": -205.96032878961162, "none": -303.04389362492435}, "41": {"type-based": -291.110868263438, "geo-based": -228.191325217043, "mixed": -210.9114477609729, "none": -310.61999096554746}, "42": {"type-based": -298.186692960977, "geo-based": -233.66651105448517, "mixed": -215.96807402025874, "none": -318.19608830617057}, "43": {"type-based": -305.2625172815383, "geo-based": -239.32370380964244, "mixed": -221.20643385272902, "none": -325.7721856467937}, "44": {"type-based": -312.3383412426553, "geo-based": -244.68027773062056, "mixed": -226.1436970484172, "none": -333.3482829874168}, "45": {"type-based": -319.41416486066584, "geo-based": -250.16005547478662, "mixed": -231.20373301690273, "none": -340.9243803280399}, "46": {"type-based": -337.2044281415464, "geo-based": -255.63764128721715, "mixed": -246.9753572215891, "none": -348.500477668663}, "47": {"type-based": -344.28641233247026, "geo-based": -261.04558877486056, "mixed": -251.966746263791, "none": -356.0765750092861}, "48": {"type-based": -351.3682626847649, "geo-based": -266.62880425117015, "mixed": -257.13273255996876, "none": -363.6526723499092}, "49": {"type-based": -358.449984876782, "geo-based": -272.5417546382493, "mixed": -262.6275644294765, "none": -371.2287696905323}, "50": {"type-based": -365.53158423300727, "geo-based": -278.8514638376572, "mixed": -268.51793203262434, "none": -378.8048670311554}, "51": {"type-based": -372.613065752865, "geo-based": -285.03957629848696, "mixed": -274.2852278575121, "none": -386.38096437177853}, "52": {"type-based": -379.6944341366507, "geo-based": -291.14395415368585, "mixed": -279.9677447088347, "none": -393.95706171240164}, "53": {"type-based": -386.7756938089281, "geo-based": -297.1539604691457, "mixed": -285.5549392739278, "none": -401.53315905302475}, "54": {"type-based": -393.8568489396823, "geo-based": -302.2183590373077, "mixed": -290.1959520906325, "none": -409.10925639364785}, "55": {"type-based": -400.93790346348294, "geo-based": -307.4622891920524, "mixed": -295.0163899696269, "none": -416.68535373427096}, "56": {"type-based": -408.01886109687706, "geo-based": -312.75113034972065, "mixed": -299.8820359257345, "none": -424.26145107489407}, "57": {"type-based": -415.0997253542054, "geo-based": -317.8322178589437, "mixed": -304.54022490128034, "none": -431.8375484155172}, "58": {"type-based": -422.18049956200963, "geo-based": -322.9514772195499, "mixed": -309.2368663259212, "none": -439.4136457561403}, "59": {"type-based": -429.2611868721789, "geo-based": -327.9500121495734, "mixed": -313.81342621439774, "none": -446.9897430967634}, "60": {"type-based": -436.34179027396596,