{"0": {"type-based": 0, "geo-based": 0, "mixed": 0, "none": 0}, "1": {"type-based": -7.576097340623111, "geo-based": -7.576097340623111, "mixed": -7.576097340623111, "none": -7.576097340623111}, "2": {"type-based": -15.152194681246222, "geo-based": -15.152194681246222, "mixed": -15.152194681246222, "none": -15.152194681246222}, "3": {"type-based": -22.473673249789684, "geo-based": -21.734855319633407, "mixed": -21.500919774451994, "none": -22.728292021869333}, "4": {"type-based": -29.679903348827583, "geo-based": -27.89985748811009, "mixed": -27.312774720467004, "none": -30.304389362492444}, "5": {"type-based": -36.844535586040955, "geo-based": -33.823232984381704, "mixed": -32.8427511666596, "none": -37.88048670311555}, "6": {"type-based": -52.281995658889684, "geo-based": -39.624309928416096, "mixed": -46.52784974389938, "none": -45.45658404373866}, "7": {"type-based": -67.77066062515543, "geo-based": -45.149169464097746, "mixed": -59.98941460527316, "none": -53.032681384361766}, "8": {"type-based": -74.97585112194771, "geo-based": -50.774948074277134, "mixed": -65.27442429159503, "none": -60.60877872498487}, "9": {"type-based": -82.1564748828187, "geo-based": -56.5346764077164, "mixed": -70.67035932488335, "none": -68.18487606560798}, "10": {"type-based": -89.32037758487616, "geo-based": -62.23883176285369, "mixed": -75.99088944077374, "none": -75.76097340623109}, "11": {"type-based": -96.47216244617732, "geo-based": -67.72412891599427, "mixed": -81.07684554442038, "none": -83.3370707468542}, "12": {"type-based": -103.61476119365163, "geo-based": -73.10684788103346, "mixed": -86.04914835172498, "none": -90.9131680874773}, "13": {"type-based": -110.75015615604124, "geo-based": -78.40128514679367, "mixed": -90.92421898324079, "none": -98.48926542810041}, "14": {"type-based": -117.8797503460434, "geo-based": -83.61748310939794, "mixed": -95.71366491788861, "none": -106.06536276872352}, "15": {"type-based": -125.00457319649875, "geo-based": -89.13626630333751, "mixed": -100.79937346486793, "none": -113.64146010934662}, "16": {"type-based": -132.12540239943382, "geo-based": -94.4043381248226, "mixed": -105.62558816570491, "none": -121.21755744996973}, "17": {"type-based": -141.806866589693, "geo-based": -99.7006729851999, "mixed": -113.03867514036013, "none": -128.79365479059285}, "18": {"type-based": -148.94461528497646, "geo-based": -104.95153715083227, "mixed": -117.859480737476, "none": -136.36975213121596}, "19": {"type-based": -158.7161942746685, "geo-based": -110.10366406816564, "mixed": -125.2134349920549, "none": -143.94584947183907}, "20": {"type-based": -165.85294416350152, "geo-based": -115.38321851251467, "mixed": -130.06231784674583, "none": -151.52194681246218}, "21": {"type-based": -175.0002149199773, "geo-based": -120.7316876305812, "mixed": -136.98767871258482, "none": -159.09804415308528}, "22": {"type-based": -184.85749381604123, "geo-based": -126.06311745063245, "mixed": -144.6023667789648, "none": -166.6741414937084}, "23": {"type-based": -192.0214745016669, "geo-based": -131.49255288972597, "mixed": -149.61978290425887, "none": -174.2502388343315}, "24": {"type-based": -208.86057327862167, "geo-based": -136.73849190882754, "mixed": -164.12512331223354, "none": -181.8263361749546}, "25": {"type-based": -225.70195488979314, "geo-based": -141.84077749757998, "mixed": -178.4855760334039, "none": -189.4024335155777}, "26": {"type-based": -232.86530444209836, "geo-based": -147.25050541818905, "mixed": -183.47332771801868, "none": -196.97853085620082}, "27": {"type-based": -242.1633367065874, "geo-based": -152.8119350677255, "mixed": -190.74458030899882, "none": -204.55462819682393}, "28": {"type-based": -249.33384759838904, "geo-based": -158.41844636508822, "mixed": -195.9310977607387, "none": -212.13072553744703}, "29": {"type-based": -258.6961066043803, "geo-based": -163.69542950565014, "mixed": -202.97655826141147, "none": -219.70682287807014}, "30": {"type-based": -267.65555402824117, "geo-based": -168.84726188984402, "mixed": -209.49701948277294, "none": -227.28292021869325}, "31": {"type-based": -284.6356933269624, "geo-based": -174.07695565843267, "mixed": -224.11437603982887, "none": -234.85901755931636}, "32": {"type-based": -291.81786116158963, "geo-based": -179.2626433626516, "mixed": -228.88879764789374, "none": -242.43511489993946}, "33": {"type-based": -298.9947046972128, "geo-based": -184.41038826779644, "mixed": -233.61856187307086, "none": -250.01121224056257}, "34": {"type-based": -306.1667319781418, "geo-based": -189.52206193119412, "mixed": -238.30612577250884, "none": -257.5873095811857}, "35": {"type-based": -313.33438159496586, "geo-based": -194.6457047137469, "mixed": -243.0000373550301, "none": -265.1634069218088}, "36": {"type-based": -320.4980348003878, "geo-based": -199.6708090797455, "mixed": -247.59023415518814, "none": -272.7395042624319}, "37": {"type-based": -327.6580250920483, "geo-based": -204.93262987628282, "mixed": -252.4123384324677, "none": -280.31560160305503}, "38": {"type-based": -334.8146458726431, "geo-based": -210.10293524793533, "mixed": -257.13801587582327, "none": -287.89169894367814}, "39": {"type-based": -341.9681566326236, "geo-based": -215.31837459957612, "mixed": -261.90452207296994, "none": -295.46779628430124}, "40": {"type-based": -350.9903786538196, "geo-based": -220.64432984348937, "mixed": -268.64909874612675, "none": -303.04389362492435}, "41": {"type-based": -358.15088597701305, "geo-based": -225.86663974245695, "mixed": -273.42677151923743, "none": -310.61999096554746}, "42": {"type-based": -365.30838107551955, "geo-based": -230.96840544694228, "mixed": -278.07962683363644, "none": -318.19608830617057}, "43": {"type-based": -374.69636561002955, "geo-based": -235.97430118817906, "mixed": -284.86584832057696, "none": -325.7721856467937}, "44": {"type-based": -381.85844914351213, "geo-based": -240.8739326025326, "mixed": -289.31920184797764, "none": -333.3482829874168}, "45": {"type-based": -389.017678437901, "geo-based": -246.2648258103209, "mixed": -294.259919719631, "none": -340.9243803280399}, "46": {"type-based": -396.17423639921157, "geo-based": -251.96258671037512, "mixed": -299.50335483184267, "none": -348.500477668663}, "47": {"type-based": -405.1526704586753, "geo-based": -257.34871730936595, "mixed": -306.25560166130896, "none": -356.0765750092861}}