{"0": {"type-based": 0, "geo-based": 0, "mixed": 0, "none": 0}, "1": {"type-based": -7.576097340623111, "geo-based": -7.576097340623111, "mixed": -7.576097340623111, "none": -7.576097340623111}, "2": {"type-based": -15.152194681246222, "geo-based": -15.152194681246222, "mixed": -15.152194681246222, "none": -15.152194681246222}, "3": {"type-based": -17.858110338630347, "geo-based": -22.75889623319624, "mixed": -18.028473249948053, "none": -22.728292021869333}, "4": {"type-based": -20.54224014917301, "geo-based": -29.727092993959097, "mixed": -20.323657436261406, "none": -30.304389362492444}, "5": {"type-based": -23.215293645190165, "geo-based": -36.42583547901981, "mixed": -22.389468765856613, "none": -37.88048670311555}, "6": {"type-based": -25.88164108453087, "geo-based": -43.359152133689676, "mixed": -24.764975532127217, "none": -45.45658404373866}, "7": {"type-based": -28.543492328955992, "geo-based": -50.55001722586886, "mixed": -27.456446872116736, "none": -53.032681384361766}, "8": {"type-based": -31.202119398859825, "geo-based": -58.153363543579836, "mixed": -30.608056907135666, "none": -60.60877872498487}, "9": {"type-based": -33.85832139642387, "geo-based": -65.08822635047807, "mixed": -33.121489443392264, "none": -68.18487606560798}, "10": {"type-based": -36.512633092277106, "geo-based": -71.9904348198674, "mixed": -35.64321723846975, "none": -75.76097340623109}}