{"0": {"type-based": 0, "geo-based": 0, "mixed": 0, "none": 0}, "1": {"type-based": -7.576097340623111, "geo-based": -7.576097340623111, "mixed": -7.576097340623111, "none": -7.576097340623111}, "2": {"type-based": -15.152194681246222, "geo-based": -15.152194681246222, "mixed": -15.152194681246222, "none": -15.152194681246222}, "3": {"type-based": -28.340254034678672, "geo-based": -21.195152667032897, "mixed": -26.68129304042933, "none": -22.728292021869333}, "4": {"type-based": -41.631433174848894, "geo-based": -26.89099849860949, "mixed": -37.93722480476113, "none": -30.304389362492444}, "5": {"type-based": -49.11196177041047, "geo-based": -32.51329205523092, "mixed": -43.451464456107814, "none": -37.88048670311555}, "6": {"type-based": -56.41056679269562, "geo-based": -37.9131731633896, "mixed": -48.59413447941817, "none": -45.45658404373866}, "7": {"type-based": -63.64030197682234, "geo-based": -43.0697576078002, "mixed": -53.438579505033886, "none": -53.032681384361766}, "8": {"type-based": -70.8337286228136, "geo-based": -48.01118907204639, "mixed": -58.038647734390665, "none": -60.60877872498487}, "9": {"type-based": -86.52211017091044, "geo-based": -52.79314610303051, "mixed": -70.9776283107509, "none": -68.18487606560798}, "10": {"type-based": -93.74242315474899, "geo-based": -57.48590162334105, "mixed": -75.34993685057819, "none": -75.76097340623109}, "11": {"type-based": -102.73098654871666, "geo-based": -62.04852729120508, "mixed": -81.36168373405941, "none": -83.3370707468542}, "12": {"type-based": -111.06711089162553, "geo-based": -66.51266406273602, "mixed": -86.61329718133054, "none": -90.9131680874773}, "13": {"type-based": -118.34361024828263, "geo-based": -70.88777655686779, "mixed": -90.70749204763081, "none": -98.48926542810041}, "14": {"type-based": -125.59379373029786, "geo-based": -75.18244884552011, "mixed": -94.69568649608175, "none": -106.06536276872352}, "15": {"type-based": -132.8237747812671, "geo-based": -79.41450359933091, "mixed": -98.60110248484331, "none": -113.64146010934662}, "16": {"type-based": -140.03775520172067, "geo-based": -83.5774671499368, "mixed": -102.42047546716299, "none": -121.21755744996973}, "17": {"type-based": -147.2387478617372, "geo-based": -87.76352456017946, "mixed": -106.248828065028, "none": -128.79365479059285}, "18": {"type-based": -155.72802764958308, "geo-based": -91.92372168823688, "mixed": -111.33823310864065, "none": -136.36975213121596}, "19": {"type-based": -163.9520049313808, "geo-based": -96.03176411544459, "mixed": -116.10528667815313, "none": -143.94584947183907}, "20": {"type-based": -171.18635032253914, "geo-based": -100.22325824462058, "mixed": -119.96184930486766, "none": -151.52194681246218}, "21": {"type-based": -178.40840414826178, "geo-based": -104.36237409634296, "mixed": -123.75275286865515, "none": -159.09804415308528}, "22": {"type-based": -186.5753263332214, "geo-based": -108.4745792636678, "mixed": -128.4602785738431, "none": -166.6741414937084}, "23": {"type-based": -195.67674335063217, "geo-based": -112.64580811710118, "mixed": -134.15817776394812, "none": -174.2502388343315}, "24": {"type-based": -204.38757617958467, "geo-based": -116.89205623800638, "mixed": -139.53705796762293, "none": -181.8263361749546}, "25": {"type-based": -211.6468292444106, "geo-based": -121.09525469472868, "mixed": -143.41913483446066, "none": -189.4024335155777}, "26": {"type-based": -218.8940393901026, "geo-based": -125.24989045397702, "mixed": -147.24075596665423, "none": -196.97853085620082}, "27": {"type-based": -226.13069361308558, "geo-based": -129.3591689880558, "mixed": -151.00635501068894, "none": -204.55462819682393}, "28": {"type-based": -233.35801902087763, "geo-based": -133.47173149899018, "mixed": -154.7655954860577, "none": -212.13072553744703}, "29": {"type-based": -242.02376799321345, "geo-based": -138.08900448987376, "mixed": -160.46758235757457, "none": -219.70682287807014}, "30": {"type-based": -249.2541850441052, "geo-based": -142.34075155566117, "mixed": -164.36843327060365, "none": -227.28292021869325}, "31": {"type-based": -257.5751136053397, "geo-based": -147.3418473939155, "mixed": -170.10947961647366, "none": -234.85901755931636}, "32": {"type-based": -265.7551696169265, "geo-based": -151.90766664151994, "mixed": -175.27758184105866, "none": -242.43511489993946}, "33": {"type-based": -273.0039322553764, "geo-based": -156.21529767685496, "mixed": -179.25840056529722, "none": -250.01121224056257}, "34": {"type-based": -280.2443010723012, "geo-based": -160.46532808338733, "mixed": -183.17413253204816, "none": -257.5873095811857}, "35": {"type-based": -287.47705469134894, "geo-based": -164.75064754657797, "mixed": -187.11837783034645, "none": -265.1634069218088}, "36": {"type-based": -294.70286800564764, "geo-based": -168.9123299528241, "mixed": -190.93295887892666, "none": -272.7395042624319}, "37": {"type-based": -301.9223298500594, "geo-based": -173.02118419569246, "mixed": -194.68902120435413, "none": -280.31560160305503}, "38": {"type-based": -309.13595705811696, "geo-based": -177.09419182590185, "mixed": -198.40409930992985, "none": -287.89169894367814}, "39": {"type-based": -316.3442057574948, "geo-based": -181.38048043696, "mixed": -202.32772456484628, "none": -295.46779628430124}, "40": {"type-based": -323.5474805312128, "geo-based": -185.3828424448181, "mixed": -205.96396944758277, "none": -303.04389362492435}, "41": {"type-based": -330.74614191144406, "geo-based": -189.35471434981105, "mixed": -209.56566321724236, "none": -310.61999096554746}}