{"0": {"type-based": 0, "geo-based": 0, "mixed": 0, "none": 0}, "1": {"type-based": -7.576097340623111, "geo-based": -7.576097340623111, "mixed": -7.576097340623111, "none": -7.576097340623111}, "2": {"type-based": -15.152194681246222, "geo-based": -15.152194681246222, "mixed": -15.152194681246222, "none": -15.152194681246222}, "3": {"type-based": -22.473673249789684, "geo-based": -21.734855319633407, "mixed": -21.500919774451994, "none": -22.728292021869333}, "4": {"type-based": -29.679903348827583, "geo-based": -27.89985748811009, "mixed": -27.312774720467004, "none": -30.304389362492444}, "5": {"type-based": -36.844535586040955, "geo-based": -33.823232984381704, "mixed": -32.8427511666596, "none": -37.88048670311555}, "6": {"type-based": -52.281995658889684, "geo-based": -39.52696216969117, "mixed": -46.430501985174445, "none": -45.45658404373866}, "7": {"type-based": -67.73084638084494, "geo-based": -45.13443075797787, "mixed": -59.93846976338339, "none": -53.032681384361766}, "8": {"type-based": -74.93603687763722, "geo-based": -50.760209368158584, "mixed": -65.22347944970667, "none": -60.60877872498487}, "9": {"type-based": -82.11666063850821, "geo-based": -56.519937701597584, "mixed": -70.61941448299467, "none": -68.18487606560798}, "10": {"type-based": -89.28056334056566, "geo-based": -62.22409305673496, "mixed": -75.93994459888515, "none": -75.76097340623109}, "11": {"type-based": -96.43234820186683, "geo-based": -67.70863831924567, "mixed": -81.025148811902, "none": -83.3370707468542}, "12": {"type-based": -103.57494694934114, "geo-based": -73.09224144137663, "mixed": -85.99818883641875, "none": -90.9131680874773}, "13": {"type-based": -110.71034191173075, "geo-based": -78.76418484747887, "mixed": -91.25062352453861, "none": -98.48926542810041}, "14": {"type-based": -117.8399361017329, "geo-based": -84.16912864042945, "mixed": -96.22495689224779, "none": -106.06536276872352}, "15": {"type-based": -127.36174562961247, "geo-based": -89.58903400926528, "mixed": -103.60410560054072, "none": -113.64146010934662}, "16": {"type-based": -134.51035425101952, "geo-based": -94.95166351090288, "mixed": -108.54933533723059, "none": -121.21755744996973}, "17": {"type-based": -144.13708557369935, "geo-based": -100.20594816395565, "mixed": -115.8621337163884, "none": -128.79365479059285}, "18": {"type-based": -151.28363996543274, "geo-based": -105.87292382190489, "mixed": -121.11005713923984, "none": -136.36975213121596}, "19": {"type-based": -160.98895376360312, "geo-based": -111.32810008329639, "mixed": -128.69990691227207, "none": -143.94584947183907}, "20": {"type-based": -170.01768902372655, "geo-based": -116.69569075978228, "mixed": -135.52340016348396, "none": -151.52194681246218}, "21": {"type-based": -178.66064993450155, "geo-based": -122.01362284962428, "mixed": -141.90813971973978, "none": -159.09804415308528}, "22": {"type-based": -187.7280596132782, "geo-based": -127.3147912983992, "mixed": -148.69752659603583, "none": -166.6741414937084}, "23": {"type-based": -196.11779148684235, "geo-based": -132.54706607163982, "mixed": -154.73891744057553, "none": -174.2502388343315}, "24": {"type-based": -203.34755061354474, "geo-based": -137.65542772191804, "mixed": -159.49379558745173, "none": -181.8263361749546}, "25": {"type-based": -220.1139504082271, "geo-based": -142.76478552556145, "mixed": -173.784438077025, "none": -189.4024335155777}, "26": {"type-based": -236.88290929167493, "geo-based": -147.91974576711095, "mixed": -188.1212948253236, "none": -196.97853085620082}, "27": {"type-based": -246.74556189381266, "geo-based": -153.03878926478913, "mixed": -195.512866234837, "none": -204.55462819682393}, "28": {"type-based": -255.51271094732815, "geo-based": -158.1355262483838, "mixed": -201.78369634040035, "none": -212.13072553744703}, "29": {"type-based": -264.0059735339278, "geo-based": -163.59254812359396, "mixed": -208.14042461860566, "none": -219.70682287807014}, "30": {"type-based": -271.2601785047712, "geo-based": -168.82438253390947, "mixed": -213.031115511717, "none": -227.28292021869325}, "31": {"type-based": -280.5179016589772, "geo-based": -174.01517298448212, "mixed": -219.88215988907837, "none": -234.85901755931636}, "32": {"type-based": -288.86239457473476, "geo-based": -179.08630705749147, "mixed": -225.7041747970292, "none": -242.43511489993946}, "33": {"type-based": -296.12392517082657, "geo-based": -184.80628501632032, "mixed": -231.09053712250724, "none": -250.01121224056257}, "34": {"type-based": -303.3748064675304, "geo-based": -190.83305965291413, "mixed": -236.77024525579816, "none": -257.5873095811857}, "35": {"type-based": -310.616196135349, "geo-based": -196.1981744816624, "mixed": -241.7760197243143, "none": -265.1634069218088}, "36": {"type-based": -317.8490724373314, "geo-based": -201.44225462236707, "mixed": -246.6508829572391, "none": -272.7395042624319}, "37": {"type-based": -325.0742695438854, "geo-based": -206.6494538669362, "mixed": -251.47994766707635, "none": -280.31560160305503}, "38": {"type-based": -332.29250455217516, "geo-based": -211.84558940908266, "mixed": -256.2898212910075, "none": -287.89169894367814}, "39": {"type-based": -339.5043984468152, "geo-based": -217.098565479218, "mixed": -261.1488630968643, "none": -295.46779628430124}, "40": {"type-based": -348.0096543491812, "geo-based": -222.36873511360866, "mixed": -267.3171531989252, "none": -303.04389362492435}, "41": {"type-based": -355.22678386606765, "geo-based": -227.46848501252944, "mixed": -272.02540324449126, "none": -310.61999096554746}, "42": {"type-based": -363.96406699304714, "geo-based": -232.48096479299386, "mixed": -278.16532871109956, "none": -318.19608830617057}, "43": {"type-based": -371.18395041566134, "geo-based": -237.3999463421186, "mixed": -282.69364818846503, "none": -325.7721856467937}, "44": {"type-based": -378.3982276856904, "geo-based": -242.30033524105198, "mixed": -287.19676799645765, "none": -333.3482829874168}, "45": {"type-based": -395.73399047409816, "geo-based": -247.1624015735497, "mixed": -301.78209571608517, "none": -340.9243803280399}, "46": {"type-based": -402.9432301083617, "geo-based": -252.02853582919948, "mixed": -306.244776024807, "none": -348.500477668663}, "47": {"type-based": -410.1476540447084, "geo-based": -256.8719074701685, "mixed": -310.67922186664106, "none": -356.0765750092861}, "48": {"type-based": -417.34759821527064, "geo-based": -261.71682307157414, "mixed": -315.11009609109783, "none": -363.6526723499092}, "49": {"type-based": -424.5433645454768, "geo-based": -266.53902084626407, "mixed": -319.5134662204121, "none": -371.2287696905323}, "50": {"type-based": -431.7352253992093, "geo-based": -271.3845173536157, "mixed": -323.9356373984294, "none": -378.8048670311554}}