{"0": {"type-based": 0, "geo-based": 0, "mixed": 0, "none": 0}, "1": {"type-based": -7.576097340623111, "geo-based": -7.576097340623111, "mixed": -7.576097340623111, "none": -7.576097340623111}, "2": {"type-based": -15.152194681246222, "geo-based": -15.152194681246222, "mixed": -15.152194681246222, "none": -15.152194681246222}, "3": {"type-based": -19.454597892628975, "geo-based": -22.65081270306338, "mixed": -19.175855721222963, "none": -22.728292021869333}, "4": {"type-based": -23.23773067824296, "geo-based": -29.84967299669529, "mixed": -22.56512200279162, "none": -30.304389362492444}, "5": {"type-based": -26.763277417486847, "geo-based": -37.89969002885788, "mixed": -26.71502752559229, "none": -37.88048670311555}, "6": {"type-based": -30.129900775683225, "geo-based": -44.315842381569425, "mixed": -29.164188593742637, "none": -45.45658404373866}, "7": {"type-based": -33.387420339571726, "geo-based": -51.75421319971346, "mixed": -32.63143813601216, "none": -53.032681384361766}, "8": {"type-based": -36.56496718145495, "geo-based": -58.17538051392856, "mixed": -35.07009287686507, "none": -60.60877872498487}, "9": {"type-based": -39.681199043805414, "geo-based": -64.24758924535362, "mixed": -37.16291536262978, "none": -68.18487606560798}, "10": {"type-based": -42.74884206244287, "geo-based": -70.48406743686627, "mixed": -39.425066048833436, "none": -75.76097340623109}, "11": {"type-based": -45.776989578314264, "geo-based": -77.54108955189389, "mixed": -42.50667428357843, "none": -83.3370707468542}, "12": {"type-based": -48.77237682685048, "geo-based": -84.28689038599943, "mixed": -45.261940363648186, "none": -90.9131680874773}, "13": {"type-based": -51.74013766593434, "geo-based": -92.90884330177187, "mixed": -49.8836219600557, "none": -98.48926542810041}, "14": {"type-based": -54.68427837986187, "geo-based": -102.15957191102434, "mixed": -55.04948359406218, "none": -106.06536276872352}}