{"0": {"type-based": 0, "geo-based": 0, "mixed": 0, "none": 0}, "1": {"type-based": -7.576097340623111, "geo-based": -7.576097340623111, "mixed": -7.576097340623111, "none": -7.576097340623111}, "2": {"type-based": -15.152194681246222, "geo-based": -15.152194681246222, "mixed": -15.152194681246222, "none": -15.152194681246222}, "3": {"type-based": -20.950713215484743, "geo-based": -21.41685851001808, "mixed": -19.708406238492053, "none": -22.728292021869333}, "4": {"type-based": -26.74841243442691, "geo-based": -27.236087905722535, "mixed": -23.809588779988687, "none": -30.304389362492444}, "5": {"type-based": -32.54570164138144, "geo-based": -32.9898979183291, "mixed": -27.841255458195043, "none": -37.88048670311555}, "6": {"type-based": -38.34274472761719, "geo-based": -38.59576134307855, "mixed": -31.741879838771183, "none": -45.45658404373866}, "7": {"type-based": -44.13962368603931, "geo-based": -44.24544868810675, "mixed": -35.70043229400558, "none": -53.032681384361766}, "8": {"type-based": -49.93638538711455, "geo-based": -49.86338980548312, "mixed": -39.63018850812061, "none": -60.60877872498487}, "9": {"type-based": -55.733059132491405, "geo-based": -55.32132902696169, "mixed": -43.41275873281762, "none": -68.18487606560798}, "10": {"type-based": -61.52966446036002, "geo-based": -60.74591319621706, "mixed": -47.17740256573648, "none": -75.76097340623109}, "11": {"type-based": -67.32621504948315, "geo-based": -66.08451862760671, "mixed": -50.8724289935435, "none": -83.3370707468542}, "12": {"type-based": -73.12272084922651, "geo-based": -71.29658460621509, "mixed": -54.45549712341025, "none": -90.9131680874773}, "13": {"type-based": -78.91918932233216, "geo-based": -76.33877246196035, "mixed": -57.88146157568889, "none": -98.48926542810041}, "14": {"type-based": -84.71562620982972, "geo-based": -81.67686658253015, "mixed": -61.60970769165863, "none": -106.06536276872352}, "15": {"type-based": -90.51203602283259, "geo-based": -87.3469324578121, "mixed": -65.68604480818631, "none": -113.64146010934662}, "16": {"type-based": -96.30842237043974, "geo-based": -93.12962902735174, "mixed": -69.89320189060585, "none": -121.21755744996973}, "17": {"type-based": -102.10478818519066, "geo-based": -98.72033772224356, "mixed": -73.92140640656199, "none": -128.79365479059285}, "18": {"type-based": -107.90113588222323, "geo-based": -104.31587455423792, "mixed": -77.96549585905356, "none": -136.36975213121596}, "19": {"type-based": -113.69746747422994, "geo-based": -110.08414480361385, "mixed": -82.18885527694978, "none": -143.94584947183907}, "20": {"type-based": -119.49378465616753, "geo-based": -116.08639572757147, "mixed": -86.6532961384636, "none": -151.52194681246218}, "21": {"type-based": -125.29008886879336, "geo-based": -121.78342850503506, "mixed": -90.81922162350853, "none": -159.09804415308528}, "22": {"type-based": -131.08638134707618, "geo-based": -127.35765593553555, "mixed": -94.86677022363848, "none": -166.6741414937084}, "23": {"type-based": -136.8826631576065, "geo-based": -132.803176258618, "mixed": -98.78982383772268, "none": -174.2502388343315}, "24": {"type-based": -142.67893522787523, "geo-based": -137.79324712566404, "mixed": -102.26115969195422, "none": -181.8263361749546}, "25": {"type-based": -148.47519836945366, "geo-based": -142.57271767426627, "mixed": -105.53003643841453, "none": -189.4024335155777}, "26": {"type-based": -154.27145329653808, "geo-based": -148.5057055352685, "mixed": -109.95789395853788, "none": -196.97853085620082}, "27": {"type-based": -160.0677006409284, "geo-based": -153.9054204500143, "mixed": -113.86299327301569, "none": -204.55462819682393}, "28": {"type-based": -165.86394096423365, "geo-based": -159.4155066534563, "mixed": -117.88601739131838, "none": -212.13072553744703}, "29": {"type-based": -171.66017476789784, "geo-based": -165.0128197194898, "mixed": -122.00352933897177, "none": -219.70682287807014}, "30": {"type-based": -177.45640250149768, "geo-based": -170.7907448520746, "mixed": -126.30766447444289, "none": -227.28292021869325}, "31": {"type-based": -183.25262456965737, "geo-based": -176.47199670575958, "mixed": -130.52025209257246, "none": -234.85901755931636}, "32": {"type-based": -189.04884133784833, "geo-based": -182.4059773396698, "mixed": -134.99051596573184, "none": -242.43511489993946}, "33": {"type-based": -194.84505313728275, "geo-based": -188.50926287255234, "mixed": -139.6345142020537, "none": -250.01121224056257}, "34": {"type-based": -200.64126026906578, "geo-based": -194.5227720806982, "mixed": -144.19310133008076, "none": -257.5873095811857}, "35": {"type-based": -206.4374630077372, "geo-based": -200.54289151816084, "mixed": -148.76372613524785, "none": -265.1634069218088}, "36": {"type-based": -212.23366160430703, "geo-based": -206.87845993495083, "mixed": -153.6549458268155, "none": -272.7395042624319}, "37": {"type-based": -218.02985628886992, "geo-based": -213.0104419092531, "mixed": -158.34764134321745, "none": -280.31560160305503}, "38": {"type-based": -223.82604727286594, "geo-based": -219.13493648497055, "mixed": -163.03696779898323, "none": -287.89169894367814}, "39": {"type-based": -229.62223475104395, "geo-based": -225.1462779729042, "mixed": -167.61635167826705, "none": -295.46779628430124}}