{"0": {"type-based": 0, "geo-based": 0, "mixed": 0, "none": 0}, "1": {"type-based": -7.576097340623111, "geo-based": -7.576097340623111, "mixed": -7.576097340623111, "none": -7.576097340623111}, "2": {"type-based": -15.152194681246222, "geo-based": -15.152194681246222, "mixed": -15.152194681246222, "none": -15.152194681246222}, "3": {"type-based": -22.473673249789684, "geo-based": -21.714938166821035, "mixed": -21.481002621639618, "none": -22.728292021869333}, "4": {"type-based": -37.28130568341132, "geo-based": -27.922293809152848, "mixed": -34.93896894926584, "none": -30.304389362492444}, "5": {"type-based": -44.50881356339465, "geo-based": -33.792242211847004, "mixed": -40.482040470572095, "none": -37.88048670311555}, "6": {"type-based": -51.688283813193685, "geo-based": -39.4913474434284, "mixed": -45.809862162862935, "none": -45.45658404373866}, "7": {"type-based": -67.13713453514893, "geo-based": -45.0988160317151, "mixed": -59.31782994107188, "none": -53.032681384361766}, "8": {"type-based": -74.34232503194121, "geo-based": -50.72459464189582, "mixed": -64.60283962739516, "none": -60.60877872498487}, "9": {"type-based": -81.5229487928122, "geo-based": -56.48432297533482, "mixed": -69.99877466068315, "none": -68.18487606560798}, "10": {"type-based": -88.68685149486966, "geo-based": -62.18847833047219, "mixed": -75.31930477657363, "none": -75.76097340623109}, "11": {"type-based": -95.83863635617082, "geo-based": -67.67377548361333, "mixed": -80.40526088022092, "none": -83.3370707468542}, "12": {"type-based": -102.98123510364513, "geo-based": -73.05583753531829, "mixed": -85.3769067741913, "none": -90.9131680874773}, "13": {"type-based": -110.11663006603474, "geo-based": -78.72778094142053, "mixed": -90.62934146231116, "none": -98.48926542810041}, "14": {"type-based": -117.2462242560369, "geo-based": -84.13272473437111, "mixed": -95.60367483002034, "none": -106.06536276872352}, "15": {"type-based": -126.76803378391647, "geo-based": -89.52258802373866, "mixed": -102.952781458845, "none": -113.64146010934662}, "16": {"type-based": -133.89709115975396, "geo-based": -94.8809352237171, "mixed": -107.87973526248368, "none": -121.21755744996973}, "17": {"type-based": -143.50580870923847, "geo-based": -100.15832861787929, "mixed": -115.20302354129399, "none": -128.79365479059285}, "18": {"type-based": -150.65236310097185, "geo-based": -105.52755252724562, "mixed": -120.15319521556252, "none": -136.36975213121596}, "19": {"type-based": -167.26643167845745, "geo-based": -110.86141627358768, "mixed": -134.53233348271073, "none": -143.94584947183907}, "20": {"type-based": -176.28207747091687, "geo-based": -116.22837340273166, "mixed": -141.34281157703813, "none": -151.52194681246218}, "21": {"type-based": -186.01014969354947, "geo-based": -121.57607994538338, "mixed": -148.8429556390654, "none": -159.09804415308528}, "22": {"type-based": -193.18990540593197, "geo-based": -127.01324912012349, "mixed": -153.88251883868554, "none": -166.6741414937084}, "23": {"type-based": -200.36258472903103, "geo-based": -132.40188481457778, "mixed": -158.8629116396657, "none": -174.2502388343315}, "24": {"type-based": -209.54356015953368, "geo-based": -138.03432856808112, "mixed": -166.09218783851873, "none": -181.8263361749546}, "25": {"type-based": -216.72366242516105, "geo-based": -143.43500757153083, "mixed": -171.0863056528624, "none": -189.4024335155777}, "26": {"type-based": -225.57126155395335, "geo-based": -148.6139859380106, "mixed": -177.52346782936425, "none": -196.97853085620082}, "27": {"type-based": -242.43822055700215, "geo-based": -153.74859892758906, "mixed": -191.93486301868316, "none": -204.55462819682393}, "28": {"type-based": -251.30069889591365, "geo-based": -158.93761780781202, "mixed": -198.393488807051, "none": -212.13072553744703}, "29": {"type-based": -258.50487634564456, "geo-based": -164.23821741388943, "mixed": -203.30359156378154, "none": -219.70682287807014}, "30": {"type-based": -267.8415675754577, "geo-based": -169.4494615576462, "mixed": -210.25474959752597, "none": -227.28292021869325}, "31": {"type-based": -284.7822123915688, "geo-based": -174.64926474239155, "mixed": -224.80194536715865, "none": -234.85901755931636}, "32": {"type-based": -291.98204939389717, "geo-based": -179.79268448293126, "mixed": -229.55110658456104, "none": -242.43511489993946}, "33": {"type-based": -299.17538539176377, "geo-based": -184.9198651813321, "mixed": -234.27608881778366, "none": -250.01121224056257}, "34": {"type-based": -306.36286862302615, "geo-based": -190.05776430601614, "mixed": -239.00460322580895, "none": -257.5873095811857}, "35": {"type-based": -313.54505488598596, "geo-based": -195.16532167994285, "mixed": -243.6962205895956, "none": -265.1634069218088}, "36": {"type-based": -320.72242433218355, "geo-based": -200.24691932200406, "mixed": -248.35543525575417, "none": -272.7395042624319}, "37": {"type-based": -327.89539460873596, "geo-based": -205.32685214457302, "mixed": -253.00705543818952, "none": -280.31560160305503}, "38": {"type-based": -336.81332462681513, "geo-based": -210.4509081352094, "mixed": -259.44627974315574, "none": -287.89169894367814}, "39": {"type-based": -343.99112831633636, "geo-based": -215.62508188261074, "mixed": -264.19467826968145, "none": -295.46779628430124}, "40": {"type-based": -351.16488375040274, "geo-based": -221.10784147299108, "mixed": -269.24613009385354, "none": -303.04389362492435}, "41": {"type-based": -358.334900246511, "geo-based": -226.89472522295532, "mixed": -274.5961600829261, "none": -310.61999096554746}, "42": {"type-based": -367.37304362093556, "geo-based": -232.13143200521168, "mixed": -281.26238081867876, "none": -318.19608830617057}, "43": {"type-based": -374.54931705936275, "geo-based": -237.21256739366464, "mixed": -285.90983039516965, "none": -325.7721856467937}, "44": {"type-based": -381.72204424285775, "geo-based": -242.3494771387994, "mixed": -290.60848445484646, "none": -333.3482829874168}, "45": {"type-based": -388.8914671674965, "geo-based": -247.38057890361335, "mixed": -295.1970225639514, "none": -340.9243803280399}, "46": {"type-based": -396.0578038596306, "geo-based": -252.45085385055248, "mixed": -299.82086145836695, "none": -348.500477668663}}