{"0": {"type-based": 0, "geo-based": 0, "mixed": 0, "none": 0}, "1": {"type-based": -7.576097340623111, "geo-based": -7.576097340623111, "mixed": -7.576097340623111, "none": -7.576097340623111}, "2": {"type-based": -15.152194681246222, "geo-based": -15.152194681246222, "mixed": -15.152194681246222, "none": -15.152194681246222}, "3": {"type-based": -29.185193630205795, "geo-based": -21.26524711238867, "mixed": -27.75155993381634, "none": -22.728292021869333}, "4": {"type-based": -36.50336411627767, "geo-based": -27.12530423354908, "mixed": -33.363369856187624, "none": -30.304389362492444}, "5": {"type-based": -43.707738549194794, "geo-based": -32.65959624268728, "mixed": -38.56015908436188, "none": -37.88048670311555}, "6": {"type-based": -58.87778212472314, "geo-based": -37.89006493326621, "mixed": -51.4299689845453, "none": -45.45658404373866}, "7": {"type-based": -67.22056270075285, "geo-based": -42.948679413409735, "mixed": -57.29261538109692, "none": -53.032681384361766}, "8": {"type-based": -74.5407455755587, "geo-based": -47.83161515730846, "mixed": -61.94687861226967, "none": -60.60877872498487}, "9": {"type-based": -81.80521721226835, "geo-based": -52.57056288995122, "mixed": -66.40793717134073, "none": -68.18487606560798}, "10": {"type-based": -89.03470396987385, "geo-based": -57.26489724651819, "mixed": -70.79299756267596, "none": -75.76097340623109}, "11": {"type-based": -97.33844549703655, "geo-based": -61.87721223817607, "mixed": -76.17199998239387, "none": -83.3370707468542}, "12": {"type-based": -105.27678975681934, "geo-based": -66.3976689289396, "mixed": -81.08537450697183, "none": -90.9131680874773}, "13": {"type-based": -112.96590528917078, "geo-based": -70.83516524638196, "mixed": -85.65867597769554, "none": -98.48926542810041}, "14": {"type-based": -120.46887927714569, "geo-based": -75.20145354116228, "mixed": -89.96747012842233, "none": -106.06536276872352}, "15": {"type-based": -127.82520012091219, "geo-based": -79.62473171416978, "mixed": -94.18022566693386, "none": -113.64146010934662}, "16": {"type-based": -135.21592976423716, "geo-based": -83.84057786626443, "mixed": -98.21450213764133, "none": -121.21755744996973}, "17": {"type-based": -142.56730735576673, "geo-based": -88.11676219909674, "mixed": -102.27244839686962, "none": -128.79365479059285}, "18": {"type-based": -151.96668585527985, "geo-based": -92.43123374969323, "mixed": -108.4185746105726, "none": -136.36975213121596}, "19": {"type-based": -159.30925517827168, "geo-based": -96.78129720868287, "mixed": -112.53969421338618, "none": -143.94584947183907}, "20": {"type-based": -166.6254671236633, "geo-based": -101.11168669065283, "mixed": -116.61698571401875, "none": -151.52194681246218}, "21": {"type-based": -175.52911874890194, "geo-based": -105.33709151641506, "mixed": -122.17827441689548, "none": -159.09804415308528}, "22": {"type-based": -182.84163569228667, "geo-based": -110.18369019955698, "mixed": -126.76747678326747, "none": -166.6741414937084}, "23": {"type-based": -191.43384738992603, "geo-based": -114.77791005705238, "mixed": -132.38790894121806, "none": -174.2502388343315}, "24": {"type-based": -199.19526408200142, "geo-based": -119.69202239356252, "mixed": -137.49656557171028, "none": -181.8263361749546}, "25": {"type-based": -206.84298184881771, "geo-based": -124.24520653909143, "mixed": -142.13198616052273, "none": -189.4024335155777}, "26": {"type-based": -214.19170958181024, "geo-based": -128.42119796524472, "mixed": -146.0919765859232, "none": -196.97853085620082}, "27": {"type-based": -221.52033446988588, "geo-based": -132.71640675258155, "mixed": -150.1526685432168, "none": -204.55462819682393}, "28": {"type-based": -228.83162755929789, "geo-based": -136.9548007947927, "mixed": -154.1410169580565, "none": -212.13072553744703}, "29": {"type-based": -236.12782173981805, "geo-based": -141.21300262603057, "mixed": -158.1356306647125, "none": -219.70682287807014}, "30": {"type-based": -243.41074307919527, "geo-based": -145.34845682195254, "mixed": -161.99568153109104, "none": -227.28292021869325}, "31": {"type-based": -250.68190428230238, "geo-based": -149.44525863296013, "mixed": -165.80653838429998, "none": -234.85901755931636}}