{"0": {"type-based": 0, "geo-based": 0, "mixed": 0, "none": 0}, "1": {"type-based": -7.576097340623111, "geo-based": -7.576097340623111, "mixed": -7.576097340623111, "none": -7.576097340623111}, "2": {"type-based": -15.152194681246222, "geo-based": -15.152194681246222, "mixed": -15.152194681246222, "none": -15.152194681246222}, "3": {"type-based": -20.950713215484743, "geo-based": -21.253391396433305, "mixed": -19.63370242149088, "none": -22.728292021869333}, "4": {"type-based": -26.74841243442691, "geo-based": -27.077546718809256, "mixed": -23.880874194311506, "none": -30.304389362492444}, "5": {"type-based": -32.54570164138144, "geo-based": -32.68381022471576, "mixed": -27.94524329505975, "none": -37.88048670311555}, "6": {"type-based": -38.34274472761719, "geo-based": -38.10089683022826, "mixed": -31.84813461349143, "none": -45.45658404373866}, "7": {"type-based": -44.13962368603931, "geo-based": -43.40460409582755, "mixed": -35.65948158161969, "none": -53.032681384361766}, "8": {"type-based": -49.93638538711455, "geo-based": -48.613564103662, "mixed": -39.39980454269626, "none": -60.60877872498487}, "9": {"type-based": -55.733059132491405, "geo-based": -54.08801367742387, "mixed": -43.42784824533792, "none": -68.18487606560798}, "10": {"type-based": -61.52966446036002, "geo-based": -59.4339971944757, "mixed": -47.351114224276024, "none": -75.76097340623109}, "11": {"type-based": -67.32621504948315, "geo-based": -64.25320194924919, "mixed": -50.7656469074258, "none": -83.3370707468542}, "12": {"type-based": -73.12272084922651, "geo-based": -69.02190661481279, "mixed": -54.14366106330432, "none": -90.9131680874773}, "13": {"type-based": -78.91918932233216, "geo-based": -73.92918316676887, "mixed": -57.672903324658805, "none": -98.48926542810041}, "14": {"type-based": -84.71562620982972, "geo-based": -78.93418999931791, "mixed": -61.312301373675716, "none": -106.06536276872352}, "15": {"type-based": -90.51203602283259, "geo-based": -84.61215675635347, "mixed": -65.63509533731647, "none": -113.64146010934662}, "16": {"type-based": -96.30842237043974, "geo-based": -89.77026762480057, "mixed": -69.44810366968518, "none": -121.21755744996973}, "17": {"type-based": -102.10478818519066, "geo-based": -95.8695032264139, "mixed": -74.21260754553802, "none": -128.79365479059285}, "18": {"type-based": -107.90113588222323, "geo-based": -100.57947373894748, "mixed": -77.59319884420353, "none": -136.36975213121596}, "19": {"type-based": -113.69746747422994, "geo-based": -105.53797099730826, "mixed": -81.22859167063332, "none": -143.94584947183907}, "20": {"type-based": -119.49378465616753, "geo-based": -110.60508222322377, "mixed": -84.97593781554619, "none": -151.52194681246218}, "21": {"type-based": -125.29008886879336, "geo-based": -116.03162586470278, "mixed": -89.08438760109836, "none": -159.09804415308528}, "22": {"type-based": -131.08638134707618, "geo-based": -121.37886478913391, "mixed": -93.11073917807417, "none": -166.6741414937084}, "23": {"type-based": -136.8826631576065, "geo-based": -126.85952838359668, "mixed": -97.26813828534134, "none": -174.2502388343315}, "24": {"type-based": -142.67893522787523, "geo-based": -132.3461546463277, "mixed": -101.4272819372987, "none": -181.8263361749546}, "25": {"type-based": -148.47519836945366, "geo-based": -137.8025725814493, "mixed": -105.55133303342146, "none": -189.4024335155777}, "26": {"type-based": -154.27145329653808, "geo-based": -143.6942799115126, "mixed": -110.10566217615438, "none": -196.97853085620082}, "27": {"type-based": -160.0677006409284, "geo-based": -150.10093409684342, "mixed": -115.16786645916766, "none": -204.55462819682393}, "28": {"type-based": -165.86394096423365, "geo-based": -156.45856500798263, "mixed": -120.17474618291973, "none": -212.13072553744703}, "29": {"type-based": -171.66017476789784, "geo-based": -163.12350171152576, "mixed": -125.48519269647514, "none": -219.70682287807014}, "30": {"type-based": -177.45640250149768, "geo-based": -169.75913970479178, "mixed": -130.76281030741328, "none": -227.28292021869325}, "31": {"type-based": -183.25262456965737, "geo-based": -176.1545014330463, "mixed": -135.79460748171365, "none": -234.85901755931636}, "32": {"type-based": -189.04884133784833, "geo-based": -182.05480964756035, "mixed": -140.32696441396683, "none": -242.43511489993946}, "33": {"type-based": -194.84505313728275, "geo-based": -189.10843800795638, "mixed": -146.00567145497308, "none": -250.01121224056257}, "34": {"type-based": -200.64126026906578, "geo-based": -196.3596335587966, "mixed": -151.86648246244954, "none": -257.5873095811857}, "35": {"type-based": -206.4374630077372, "geo-based": -203.20069739679218, "mixed": -157.30168954679863, "none": -265.1634069218088}, "36": {"type-based": -212.23366160430703, "geo-based": -209.08943973245894, "mixed": -161.7696774466549, "none": -272.7395042624319}, "37": {"type-based": -218.02985628886992, "geo-based": -213.9633989340174, "mixed": -165.2151201249565, "none": -280.31560160305503}, "38": {"type-based": -223.82604727286594, "geo-based": -218.78571827553327, "mixed": -168.6126773220328, "none": -287.89169894367814}}