{"0": {"type-based": 0, "geo-based": 0, "mixed": 0, "none": 0}, "1": {"type-based": -7.576097340623111, "geo-based": -7.576097340623111, "mixed": -7.576097340623111, "none": -7.576097340623111}, "2": {"type-based": -15.152194681246222, "geo-based": -15.152194681246222, "mixed": -15.152194681246222, "none": -15.152194681246222}, "3": {"type-based": -20.950713215484743, "geo-based": -21.496038049714258, "mixed": -19.874992961267473, "none": -22.728292021869333}, "4": {"type-based": -26.74841243442691, "geo-based": -27.32126693975443, "mixed": -24.127580373125703, "none": -30.304389362492444}, "5": {"type-based": -32.54570164138144, "geo-based": -32.9226559938163, "mixed": -28.198671320201754, "none": -37.88048670311555}, "6": {"type-based": -38.34274472761719, "geo-based": -38.4530078298018, "mixed": -32.23407929384254, "none": -45.45658404373866}, "7": {"type-based": -44.13962368603931, "geo-based": -44.100769120826484, "mixed": -36.41115930789801, "none": -53.032681384361766}, "8": {"type-based": -49.93638538711455, "geo-based": -49.78436686775935, "mixed": -40.65178125512994, "none": -60.60877872498487}, "9": {"type-based": -55.733059132491405, "geo-based": -55.72372797567626, "mixed": -45.170516639998844, "none": -68.18487606560798}, "10": {"type-based": -61.52966446036002, "geo-based": -60.78280042097516, "mixed": -48.825751937595186, "none": -75.76097340623109}, "11": {"type-based": -67.32621504948315, "geo-based": -65.76744257964225, "mixed": -52.42467756072805, "none": -83.3370707468542}, "12": {"type-based": -73.12272084922651, "geo-based": -70.64505098596388, "mixed": -55.931192133102165, "none": -90.9131680874773}, "13": {"type-based": -78.91918932233216, "geo-based": -75.43733229148245, "mixed": -59.36558289330802, "none": -98.48926542810041}, "14": {"type-based": -84.71562620982972, "geo-based": -80.228340490894, "mixed": -62.81126957015997, "none": -106.06536276872352}, "15": {"type-based": -90.51203602283259, "geo-based": -85.25093526817038, "mixed": -66.49910709577263, "none": -113.64146010934662}, "16": {"type-based": -96.30842237043974, "geo-based": -90.44152833010355, "mixed": -70.36130604061857, "none": -121.21755744996973}, "17": {"type-based": -102.10478818519066, "geo-based": -95.18912024761329, "mixed": -73.78333206600625, "none": -128.79365479059285}, "18": {"type-based": -107.90113588222323, "geo-based": -100.03843918404858, "mixed": -77.31423674342184, "none": -136.36975213121596}, "19": {"type-based": -113.69746747422994, "geo-based": -104.90469299722506, "mixed": -80.86588198377265, "none": -143.94584947183907}, "20": {"type-based": -119.49378465616753, "geo-based": -111.48587737189776, "mixed": -86.134647469186, "none": -151.52194681246218}, "21": {"type-based": -125.29008886879336, "geo-based": -117.80927424323099, "mixed": -91.1320995271807, "none": -159.09804415308528}, "22": {"type-based": -131.08638134707618, "geo-based": -124.30359886948052, "mixed": -96.29242851357905, "none": -166.6741414937084}, "23": {"type-based": -136.8826631576065, "geo-based": -130.82986749641063, "mixed": -101.47788222891555, "none": -174.2502388343315}, "24": {"type-based": -142.67893522787523, "geo-based": -137.09407090728786, "mixed": -106.39262751463872, "none": -181.8263361749546}, "25": {"type-based": -148.47519836945366, "geo-based": -142.36683600663417, "mixed": -110.30952599316238, "none": -189.4024335155777}, "26": {"type-based": -154.27145329653808, "geo-based": -147.38299753316574, "mixed": -113.96689695919349, "none": -196.97853085620082}, "27": {"type-based": -160.0677006409284, "geo-based": -152.25993981545525, "mixed": -117.48417031362595, "none": -204.55462819682393}, "28": {"type-based": -165.86394096423365, "geo-based": -157.1202590696871, "mixed": -120.98512301132747, "none": -212.13072553744703}, "29": {"type-based": -171.66017476789784, "geo-based": -162.40995417283574, "mixed": -124.91563943568092, "none": -219.70682287807014}, "30": {"type-based": -177.45640250149768, "geo-based": -167.65171749587745, "mixed": -128.79533852574517, "none": -227.28292021869325}, "31": {"type-based": -183.25262456965737, "geo-based": -173.45744264283954, "mixed": -133.23628717580416, "none": -234.85901755931636}, "32": {"type-based": -189.04884133784833, "geo-based": -181.14706257830343, "mixed": -139.5535207407043, "none": -242.43511489993946}, "33": {"type-based": -194.84505313728275, "geo-based": -187.81156069796583, "mixed": -144.8266600409519, "none": -250.01121224056257}, "34": {"type-based": -200.64126026906578, "geo-based": -193.7327131971857, "mixed": -149.342752981712, "none": -257.5873095811857}, "35": {"type-based": -206.4374630077372, "geo-based": -200.43836234319048, "mixed": -154.6337391569695, "none": -265.1634069218088}, "36": {"type-based": -212.23366160430703, "geo-based": -207.06486932125583, "mixed": -159.83067231575464, "none": -272.7395042624319}, "37": {"type-based": -218.02985628886992, "geo-based": -213.06927935611225, "mixed": -164.39441746786235, "none": -280.31560160305503}, "38": {"type-based": -223.82604727286594, "geo-based": -219.2623947212457, "mixed": -169.13821696936535, "none": -287.89169894367814}, "39": {"type-based": -229.62223475104395, "geo-based": -224.80671300391074, "mixed": -173.22224358213356, "none": -295.46779628430124}, "40": {"type-based": -235.41841890317357, "geo-based": -229.89855145351314, "mixed": -176.84748530044135, "none": -303.04389362492435}, "41": {"type-based": -241.21459989554282, "geo-based": -235.02235167500862, "mixed": -180.50292966924528, "none": -310.61999096554746}, "42": {"type-based": -247.01077788227326, "geo-based": -240.12450835850282, "mixed": -184.13615915172494, "none": -318.19608830617057}, "43": {"type-based": -252.8069530064788, "geo-based": -246.21398772323033, "mixed": -188.75618354346364, "none": -325.7721856467937}, "44": {"type-based": -258.6031254012894, "geo-based": -252.1758345990614, "mixed": -193.25273319672124, "none": -333.3482829874168}, "45": {"type-based": -264.39929519075866, "geo-based": -258.2549240584803, "mixed": -197.87061133799304, "none": -340.9243803280399}, "46": {"type-based": -270.19546249067065, "geo-based": -263.70233789972644, "mixed": -201.86075414464628, "none": -348.500477668663}, "47": {"type-based": -275.9916274092588, "geo-based": -269.195419755552, "mixed": -205.90056593181038, "none": -356.0765750092861}, "48": {"type-based": -281.7877900478486, "geo-based": -274.64282844943784, "mixed": -209.89842452099495, "none": -363.6526723499092}, "49": {"type-based": -287.58395050143315, "geo-based": -280.4077435458141, "mixed": -214.21774658387935, "none": -371.2287696905323}, "50": {"type-based": -293.38010885919, "geo-based": -285.6043937330467, "mixed": -217.97261744342092, "none": -378.8048670311554}, "51": {"type-based": -299.1762652049464, "geo-based": -290.6678894868144, "mixed": -221.59812115090983, "none": -386.38096437177853}, "52": {"type-based": -304.9724196175991, "geo-based": -295.5385771524326, "mixed": -225.0345492491418, "none": -393.95706171240164}, "53": {"type-based": -310.76857217149313, "geo-based": -300.30707267573223, "mixed": -228.37230347474673, "none": -401.53315905302475}, "54": {"type-based": -316.56472293676586, "geo-based": -305.14379905315616, "mixed": -231.7813676894887, "none": -409.10925639364785}, "55": {"type-based": -322.3608719796582, "geo-based": -310.2740147862005, "mixed": -235.48702043365444, "none": -416.68535373427096}, "56": {"type-based": -328.1570193627983, "geo-based": -315.4690440270671, "mixed": -239.26020079992347, "none": -424.26145107489407}, "57": {"type-based": -333.95316514545925, "geo-based": -320.6369759100481, "mixed": -243.00903126885117, "none": -431.8375484155172}}