{"0": {"type-based": 0, "geo-based": 0, "mixed": 0, "none": 0}, "1": {"type-based": -7.576097340623111, "geo-based": -7.576097340623111, "mixed": -7.576097340623111, "none": -7.576097340623111}, "2": {"type-based": -15.152194681246222, "geo-based": -15.152194681246222, "mixed": -15.152194681246222, "none": -15.152194681246222}, "3": {"type-based": -22.473673249789684, "geo-based": -21.734855319633407, "mixed": -21.500919774451994, "none": -22.728292021869333}, "4": {"type-based": -29.679903348827583, "geo-based": -27.89985748811009, "mixed": -27.312774720467004, "none": -30.304389362492444}, "5": {"type-based": -44.85123643148132, "geo-based": -33.92521113726098, "mixed": -40.95143016497925, "none": -37.88048670311555}, "6": {"type-based": -52.08217833932863, "geo-based": -39.639062119896145, "mixed": -46.33890605440115, "none": -45.45658404373866}, "7": {"type-based": -59.27654369673713, "geo-based": -45.149589061605084, "mixed": -51.491838712944975, "none": -53.032681384361766}, "8": {"type-based": -68.05693857948808, "geo-based": -50.32168268407142, "mixed": -57.89823215604377, "none": -60.60877872498487}, "9": {"type-based": -75.27798272309114, "geo-based": -55.34509763311174, "mixed": -62.6015521580642, "none": -68.18487606560798}, "10": {"type-based": -82.47624282402691, "geo-based": -60.438199188641065, "mixed": -67.35781358682645, "none": -75.76097340623109}, "11": {"type-based": -89.65790384926795, "geo-based": -65.35197372591738, "mixed": -71.9204132781038, "none": -83.3370707468542}, "12": {"type-based": -96.82693168340897, "geo-based": -70.20970551892326, "mixed": -76.418328603192, "none": -90.9131680874773}, "13": {"type-based": -103.98602184498023, "geo-based": -74.9610221170986, "mixed": -80.80502002238555, "none": -98.48926542810041}, "14": {"type-based": -120.34753031075537, "geo-based": -79.62923198619539, "mixed": -94.31599741617674, "none": -106.06536276872352}, "15": {"type-based": -129.8048205886714, "geo-based": -84.37490858405317, "mixed": -101.00376056442607, "none": -113.64146010934662}, "16": {"type-based": -136.9809713795038, "geo-based": -89.81586461310539, "mixed": -106.10681321963156, "none": -121.21755744996973}, "17": {"type-based": -144.14840581680164, "geo-based": -94.65978999795468, "mixed": -110.59971993766545, "none": -128.79365479059285}, "18": {"type-based": -151.30851801393416, "geo-based": -99.8602506877463, "mixed": -115.44237544389904, "none": -136.36975213121596}, "19": {"type-based": -158.46239222777825, "geo-based": -104.97075308259468, "mixed": -120.18573099864027, "none": -143.94584947183907}, "20": {"type-based": -165.61088838762586, "geo-based": -110.17550414049323, "mixed": -125.015146042341, "none": -151.52194681246218}, "21": {"type-based": -172.7547000080713, "geo-based": -115.77805325739774, "mixed": -130.23352783154826, "none": -159.09804415308528}, "22": {"type-based": -179.89439454036258, "geo-based": -120.96744429317032, "mixed": -135.02774924489958, "none": -166.6741414937084}, "23": {"type-based": -189.86271485458445, "geo-based": -126.17191221185156, "mixed": -142.66236548537987, "none": -174.2502388343315}, "24": {"type-based": -199.14109916886287, "geo-based": -131.3091575282961, "mixed": -149.5383777214742, "none": -181.8263361749546}, "25": {"type-based": -206.28256259555852, "geo-based": -136.46045475222374, "mixed": -154.29069310590785, "none": -189.4024335155777}, "26": {"type-based": -215.6172699121359, "geo-based": -141.54700046777666, "mixed": -161.16872778653266, "none": -196.97853085620082}, "27": {"type-based": -222.76961158840942, "geo-based": -146.8132546306191, "mixed": -166.04045972765502, "none": -204.55462819682393}, "28": {"type-based": -232.1689127231484, "geo-based": -152.24266299132947, "mixed": -173.3187317471228, "none": -212.13072553744703}, "29": {"type-based": -241.17385972849058, "geo-based": -157.60619368601866, "mixed": -180.13322159207556, "none": -219.70682287807014}, "30": {"type-based": -249.90203386795358, "geo-based": -162.91345505366968, "mixed": -186.61162362949332, "none": -227.28292021869325}, "31": {"type-based": -257.08297067951025, "geo-based": -168.35913102601805, "mixed": -191.6785482680549, "none": -234.85901755931636}, "32": {"type-based": -274.1624432705669, "geo-based": -173.4336602119658, "mixed": -206.26896174490105, "none": -242.43511489993946}, "33": {"type-based": -291.24378770217464, "geo-based": -178.6073117350049, "mixed": -220.95792347162768, "none": -250.01121224056257}, "34": {"type-based": -301.41816950715804, "geo-based": -183.74162763714784, "mixed": -228.69728263495972, "none": -257.5873095811857}, "35": {"type-based": -310.4963941926409, "geo-based": -188.96223021962115, "mixed": -235.42367698093398, "none": -265.1634069218088}, "36": {"type-based": -319.5870526888171, "geo-based": -194.30155007146124, "mixed": -242.27864014683792, "none": -272.7395042624319}, "37": {"type-based": -326.7830505176225, "geo-based": -199.61397715008889, "mixed": -247.2128326515357, "none": -280.31560160305503}, "38": {"type-based": -335.40857345344244, "geo-based": -205.1188676256759, "mixed": -253.76660450523062, "none": -287.89169894367814}, "39": {"type-based": -342.6086646534428, "geo-based": -210.30592593967307, "mixed": -258.5750158020074, "none": -295.46779628430124}, "40": {"type-based": -349.80342968446973, "geo-based": -215.4751530374477, "mixed": -263.35876151087723, "none": -303.04389362492435}, "41": {"type-based": -356.9933067712358, "geo-based": -220.66290580788066, "mixed": -268.1547542538147, "none": -310.61999096554746}, "42": {"type-based": -374.2645329146351, "geo-based": -225.79490357250103, "mixed": -282.9750248020159, "none": -318.19608830617057}, "43": {"type-based": -381.450066093998, "geo-based": -230.95151750954307, "mixed": -287.7331946001036, "none": -325.7721856467937}, "44": {"type-based": -388.63143402247977, "geo-based": -236.07941522243422, "mixed": -292.4567936146812, "none": -333.3482829874168}, "45": {"type-based": -397.2751505084996, "geo-based": -241.29543670984603, "mixed": -298.729279174607, "none": -340.9243803280399}, "46": {"type-based": -404.4604393587017, "geo-based": -246.57340869044046, "mixed": -303.6041051536683, "none": -348.500477668663}, "47": {"type-based": -411.6418802201833, "geo-based": -252.210411000977, "mixed": -308.8324532947354, "none": -356.0765750092861}, "48": {"type-based": -418.8197346323058, "geo-based": -258.1800911433352, "mixed": -314.38778032315645, "none": -363.6526723499092}, "49": {"type-based": -427.97502430780645, "geo-based": -263.5245364129923, "mixed": -321.29314389952793, "none": -371.2287696905323}, "50": {"type-based": -436.9158712095821, "geo-based": -268.83443140904797, "mixed": -327.9478697965034, "none": -378.8048670311554}, "51": {"type-based": -444.1076022857177, "geo-based": -273.96555688250345, "mixed": -332.6731475315804, "none": -386.38096437177853}, "52": {"type-based": -451.29567829497836, "geo-based": -279.0588379615575, "mixed": -337.35590963823836, "none": -393.95706171240164}, "53": {"type-based": -458.4803229035574, "geo-based": -284.2038598515277, "mixed": -342.0862032375063, "none": -401.53315905302475}, "54": {"type-based": -467.3355808686286, "geo-based": -289.6916775481614, "mixed": -348.8291438692979, "none": -409.10925639364785}}