{"0": {"type-based": 0, "geo-based": 0, "mixed": 0, "none": 0}, "1": {"type-based": -7.576097340623111, "geo-based": -7.576097340623111, "mixed": -7.576097340623111, "none": -7.576097340623111}, "2": {"type-based": -15.152194681246222, "geo-based": -15.152194681246222, "mixed": -15.152194681246222, "none": -15.152194681246222}, "3": {"type-based": -22.473673249789684, "geo-based": -21.734855319633407, "mixed": -21.500919774451994, "none": -22.728292021869333}, "4": {"type-based": -29.679903348827583, "geo-based": -27.89985748811009, "mixed": -27.312774720467004, "none": -30.304389362492444}, "5": {"type-based": -44.85123643148132, "geo-based": -33.92521113726098, "mixed": -40.95143016497925, "none": -37.88048670311555}, "6": {"type-based": -60.088879184769, "geo-based": -39.65335439143555, "mixed": -54.35989917138092, "none": -45.45658404373866}, "7": {"type-based": -67.33371369467356, "geo-based": -45.166061577354355, "mixed": -59.56638876669826, "none": -53.032681384361766}, "8": {"type-based": -74.53890419146585, "geo-based": -50.501531644289166, "mixed": -64.56108990977552, "none": -60.60877872498487}, "9": {"type-based": -81.71952795233683, "geo-based": -55.98876179729623, "mixed": -69.6885128862663, "none": -68.18487606560798}, "10": {"type-based": -88.88343065439429, "geo-based": -61.66933817909835, "mixed": -74.99396253988776, "none": -75.76097340623109}, "11": {"type-based": -96.03521551569546, "geo-based": -67.31050936801779, "mixed": -80.24434171030654, "none": -83.3370707468542}, "12": {"type-based": -103.17781426316976, "geo-based": -72.72572140882694, "mixed": -85.2556048864865, "none": -90.9131680874773}, "13": {"type-based": -110.31320922555938, "geo-based": -78.04566235544198, "mixed": -90.16230929366311, "none": -98.48926542810041}, "14": {"type-based": -117.44280341556153, "geo-based": -83.28334174943859, "mixed": -94.97903948153399, "none": -106.06536276872352}, "15": {"type-based": -124.56762626601689, "geo-based": -88.44835159346287, "mixed": -99.71659762588509, "none": -113.64146010934662}, "16": {"type-based": -131.68845546895196, "geo-based": -93.54855566016491, "mixed": -104.38380213326971, "none": -121.21755744996973}, "17": {"type-based": -138.80589288196418, "geo-based": -98.99280749124205, "mixed": -109.39014925439949, "none": -128.79365479059285}, "18": {"type-based": -145.92041382707654, "geo-based": -104.36550980478658, "mixed": -114.3172030876225, "none": -136.36975213121596}, "19": {"type-based": -153.03240024207983, "geo-based": -109.49958460456958, "mixed": -118.99886424837861, "none": -143.94584947183907}, "20": {"type-based": -162.9138153614902, "geo-based": -114.67523016251052, "mixed": -126.48978788688527, "none": -151.52194681246218}, "21": {"type-based": -170.04023952442023, "geo-based": -119.81767019945902, "mixed": -131.18969579944076, "none": -159.09804415308528}, "22": {"type-based": -179.99602902581756, "geo-based": -124.87036701710582, "mixed": -138.62750566993304, "none": -166.6741414937084}, "23": {"type-based": -187.12229156189014, "geo-based": -130.39845091077967, "mixed": -143.71312631826305, "none": -174.2502388343315}, "24": {"type-based": -197.13524487334885, "geo-based": -135.7078381939873, "mixed": -151.46221764471258, "none": -181.8263361749546}, "25": {"type-based": -206.46738932671528, "geo-based": -140.9365506976659, "mixed": -158.44766670240335, "none": -189.4024335155777}, "26": {"type-based": -213.6172048638501, "geo-based": -146.01537251629344, "mixed": -163.09788111407062, "none": -196.97853085620082}, "27": {"type-based": -230.61550597449286, "geo-based": -151.09234954774846, "mixed": -177.59277457158396, "none": -204.55462819682393}, "28": {"type-based": -247.61583704210452, "geo-based": -156.24178129848036, "mixed": -192.1600370015875, "none": -212.13072553744703}, "29": {"type-based": -257.0167090124759, "geo-based": -161.36961849938382, "mixed": -199.10316292477646, "none": -219.70682287807014}, "30": {"type-based": -266.02320976863706, "geo-based": -166.55360714917973, "mixed": -205.70705468526603, "none": -227.28292021869325}, "31": {"type-based": -273.1975167086017, "geo-based": -171.78073599978612, "mixed": -210.51977373146704, "none": -234.85901755931636}, "32": {"type-based": -280.36712272281073, "geo-based": -176.98077179663142, "mixed": -215.29904579669352, "none": -242.43511489993946}, "33": {"type-based": -287.53245637082154, "geo-based": -182.1885160450231, "mixed": -220.0802584330721, "none": -250.01121224056257}, "34": {"type-based": -304.6927333143285, "geo-based": -187.36064743502448, "mixed": -234.81940429935136, "none": -257.5873095811857}, "35": {"type-based": -313.84648573911574, "geo-based": -192.7400251164069, "mixed": -241.75795165796146, "none": -265.1634069218088}, "36": {"type-based": -321.01743186130966, "geo-based": -197.86656064941278, "mixed": -246.45907720840225, "none": -272.7395042624319}, "37": {"type-based": -330.6263152546941, "geo-based": -202.94799098613822, "mixed": -253.55122972297897, "none": -280.31560160305503}, "38": {"type-based": -337.7952519094035, "geo-based": -208.08883056714492, "mixed": -258.2650769315173, "none": -287.89169894367814}, "39": {"type-based": -344.9604767158288, "geo-based": -213.20169211744016, "mixed": -262.9455617498365, "none": -295.46779628430124}, "40": {"type-based": -352.1222743984023, "geo-based": -218.28808822893546, "mixed": -267.59458635500266, "none": -303.04389362492435}, "41": {"type-based": -359.2808981131187, "geo-based": -223.32301562798617, "mixed": -272.1874947374727, "none": -310.61999096554746}, "42": {"type-based": -368.34590352288274, "geo-based": -228.43756653855988, "mixed": -278.7650576762322, "none": -318.19608830617057}, "43": {"type-based": -375.50923827224943, "geo-based": -233.6108973479624, "mixed": -283.4988612560355, "none": -325.7721856467937}, "44": {"type-based": -382.6695756105861, "geo-based": -239.12803275629483, "mixed": -288.5720653277215, "none": -333.3482829874168}, "45": {"type-based": -389.8271141491585, "geo-based": -244.255766903745, "mixed": -293.25129437054926, "none": -340.9243803280399}, "46": {"type-based": -396.9820333820581, "geo-based": -249.45355166910167, "mixed": -297.9968527773533, "none": -348.500477668663}, "47": {"type-based": -406.18197119672317, "geo-based": -254.67773994487806, "mixed": -304.81274707547914, "none": -356.0765750092861}, "48": {"type-based": -413.34270848047504, "geo-based": -259.78354059538935, "mixed": -309.46979665248205, "none": -363.6526723499092}, "49": {"type-based": -420.50089816492573, "geo-based": -264.7822465337035, "mixed": -314.01643623714557, "none": -371.2287696905323}, "50": {"type-based": -427.65668871868746, "geo-based": -270.480150575995, "mixed": -319.2591463612934, "none": -378.8048670311554}}