{"0": {"type-based": 0, "geo-based": 0, "mixed": 0, "none": 0}, "1": {"type-based": -7.576097340623111, "geo-based": -7.576097340623111, "mixed": -7.576097340623111, "none": -7.576097340623111}, "2": {"type-based": -15.152194681246222, "geo-based": -15.152194681246222, "mixed": -15.152194681246222, "none": -15.152194681246222}, "3": {"type-based": -28.45178499320052, "geo-based": -21.288773048113942, "mixed": -26.96016267883771, "none": -22.728292021869333}, "4": {"type-based": -41.84410069585924, "geo-based": -27.060699756178913, "mixed": -38.46152302314599, "none": -30.304389362492444}, "5": {"type-based": -49.35950783867401, "geo-based": -32.66673606821652, "mixed": -44.0100273631471, "none": -37.88048670311555}, "6": {"type-based": -56.67918774453278, "geo-based": -38.05148534044236, "mixed": -49.164881518277, "none": -45.45658404373866}, "7": {"type-based": -63.924022254437354, "geo-based": -43.191724940589715, "mixed": -54.010968222760184, "none": -53.032681384361766}, "8": {"type-based": -72.51475758077166, "geo-based": -48.11276330701841, "mixed": -59.98940772724585, "none": -60.60877872498487}, "9": {"type-based": -80.4721264917548, "geo-based": -52.89494923160761, "mixed": -65.18603225097478, "none": -68.18487606560798}, "10": {"type-based": -87.79256081902314, "geo-based": -57.55559475357628, "mixed": -69.61417748114874, "none": -75.76097340623109}, "11": {"type-based": -95.06863379908347, "geo-based": -62.10373596232754, "mixed": -73.88929950533363, "none": -83.3370707468542}, "12": {"type-based": -102.31399750331711, "geo-based": -66.60625535951698, "mixed": -78.09012464931075, "none": -90.9131680874773}, "13": {"type-based": -110.38394001154909, "geo-based": -71.04483918097061, "mixed": -83.05235714496938, "none": -98.48926542810041}, "14": {"type-based": -118.20000131755327, "geo-based": -75.40780169196437, "mixed": -87.67783567025388, "none": -106.06536276872352}, "15": {"type-based": -125.48917162947555, "geo-based": -79.80028060268774, "mixed": -91.79943369237142, "none": -113.64146010934662}, "16": {"type-based": -134.83260195050053, "geo-based": -84.21617191667669, "mixed": -97.99956614385643, "none": -121.21755744996973}, "17": {"type-based": -143.50638029443286, "geo-based": -88.64688795175192, "mixed": -103.53994528976179, "none": -128.79365479059285}, "18": {"type-based": -150.81671780653653, "geo-based": -93.02146148545097, "mixed": -107.65730251059706, "none": -136.36975213121596}, "19": {"type-based": -158.1035554356248, "geo-based": -97.3358012347863, "mixed": -111.69272752473836, "none": -143.94584947183907}, "20": {"type-based": -165.37118677886363, "geo-based": -101.8142089681676, "mixed": -115.87410003059661, "none": -151.52194681246218}, "21": {"type-based": -173.92186508292986, "geo-based": -106.45405453389424, "mixed": -121.5014398003325, "none": -159.09804415308528}, "22": {"type-based": -181.9788494147663, "geo-based": -111.40571671418498, "mixed": -126.94578977405385, "none": -166.6741414937084}, "23": {"type-based": -189.87417779884498, "geo-based": -116.00361662746613, "mixed": -131.87569355749002, "none": -174.2502388343315}, "24": {"type-based": -197.18366130915814, "geo-based": -120.38077535344836, "mixed": -135.99912980370843, "none": -181.8263361749546}, "25": {"type-based": -204.475628695112, "geo-based": -124.70483826039127, "mixed": -140.05400349950995, "none": -189.4024335155777}, "26": {"type-based": -211.75253105881416, "geo-based": -128.96579108969254, "mixed": -144.03239362895349, "none": -196.97853085620082}, "27": {"type-based": -219.01633725305777, "geo-based": -133.1812578236061, "mixed": -147.95368677347568, "none": -204.55462819682393}, "28": {"type-based": -226.26865290610874, "geo-based": -137.5442506509501, "mixed": -152.01227245491765, "none": -212.13072553744703}}