{"0": {"type-based": 0, "geo-based": 0, "mixed": 0, "none": 0}, "1": {"type-based": -7.576097340623111, "geo-based": -7.576097340623111, "mixed": -7.576097340623111, "none": -7.576097340623111}, "2": {"type-based": -15.152194681246222, "geo-based": -15.152194681246222, "mixed": -15.152194681246222, "none": -15.152194681246222}, "3": {"type-based": -20.950713215484743, "geo-based": -21.607534864837, "mixed": -19.893899987213175, "none": -22.728292021869333}, "4": {"type-based": -26.74841243442691, "geo-based": -27.426764260541454, "mixed": -23.99508252870981, "none": -30.304389362492444}, "5": {"type-based": -32.54570164138144, "geo-based": -33.27642086800136, "mixed": -28.122595801769506, "none": -37.88048670311555}, "6": {"type-based": -38.34274472761719, "geo-based": -38.87166810492206, "mixed": -32.00115856660226, "none": -45.45658404373866}, "7": {"type-based": -44.13962368603931, "geo-based": -44.362737261416584, "mixed": -35.789673883190176, "none": -53.032681384361766}, "8": {"type-based": -49.93638538711455, "geo-based": -49.91813940303257, "mixed": -39.65570950186061, "none": -60.60877872498487}, "9": {"type-based": -55.733059132491405, "geo-based": -55.45514794888352, "mixed": -43.522799305238394, "none": -68.18487606560798}, "10": {"type-based": -61.52966446036002, "geo-based": -60.83107912787757, "mixed": -47.24008391910877, "none": -75.76097340623109}, "11": {"type-based": -67.32621504948315, "geo-based": -66.18095808639625, "mixed": -50.94499522729499, "none": -83.3370707468542}, "12": {"type-based": -73.12272084922651, "geo-based": -71.46744776773758, "mixed": -54.60121117614554, "none": -90.9131680874773}, "13": {"type-based": -78.91918932233216, "geo-based": -76.85762892375624, "mixed": -58.37446200304485, "none": -98.48926542810041}, "14": {"type-based": -84.71562620982972, "geo-based": -82.17185202811137, "mixed": -62.08773408780578, "none": -106.06536276872352}, "15": {"type-based": -90.51203602283259, "geo-based": -87.79426493784088, "mixed": -66.12430197488902, "none": -113.64146010934662}, "16": {"type-based": -96.30842237043974, "geo-based": -93.67461812235463, "mixed": -70.43597139207043, "none": -121.21755744996973}, "17": {"type-based": -102.10478818519066, "geo-based": -99.65440453358461, "mixed": -74.86233864270751, "none": -128.79365479059285}, "18": {"type-based": -107.90113588222323, "geo-based": -105.26587405419149, "mixed": -78.93316170589135, "none": -136.36975213121596}, "19": {"type-based": -113.69746747422994, "geo-based": -110.70828904963139, "mixed": -82.84567444557443, "none": -143.94584947183907}, "20": {"type-based": -119.49378465616753, "geo-based": -116.42609067462973, "mixed": -87.04336057988128, "none": -151.52194681246218}, "21": {"type-based": -125.29008886879336, "geo-based": -121.75097518717483, "mixed": -90.85777091068594, "none": -159.09804415308528}, "22": {"type-based": -131.08638134707618, "geo-based": -127.02132445481254, "mixed": -94.62618239198197, "none": -166.6741414937084}, "23": {"type-based": -136.8826631576065, "geo-based": -132.87118232883998, "mixed": -98.98179032031277, "none": -174.2502388343315}, "24": {"type-based": -142.67893522787523, "geo-based": -138.72952635635463, "mixed": -103.35444780338216, "none": -181.8263361749546}, "25": {"type-based": -148.47519836945366, "geo-based": -144.50018060724815, "mixed": -107.64768600936509, "none": -189.4024335155777}, "26": {"type-based": -154.27145329653808, "geo-based": -150.61324264599935, "mixed": -112.28776714923094, "none": -196.97853085620082}, "27": {"type-based": -160.0677006409284, "geo-based": -156.53517079625573, "mixed": -116.74111557194574, "none": -204.55462819682393}, "28": {"type-based": -165.86394096423365, "geo-based": -162.3098711033153, "mixed": -121.0494809114354, "none": -212.13072553744703}, "29": {"type-based": -171.66017476789784, "geo-based": -167.46163752754236, "mixed": -124.73683619729485, "none": -219.70682287807014}, "30": {"type-based": -177.45640250149768, "geo-based": -173.84075558162448, "mixed": -129.65422987297757, "none": -227.28292021869325}, "31": {"type-based": -183.25262456965737, "geo-based": -180.07538644821747, "mixed": -134.43306744411063, "none": -234.85901755931636}, "32": {"type-based": -189.04884133784833, "geo-based": -185.8410090286889, "mixed": -138.74762178603828, "none": -242.43511489993946}, "33": {"type-based": -194.84505313728275, "geo-based": -191.59001893382975, "mixed": -143.04986546495013, "none": -250.01121224056257}, "34": {"type-based": -200.64126026906578, "geo-based": -197.3529312203718, "mixed": -147.36996187164556, "none": -257.5873095811857}, "35": {"type-based": -206.4374630077372, "geo-based": -203.43609637607003, "mixed": -152.01481915406632, "none": -265.1634069218088}, "36": {"type-based": -212.23366160430703, "geo-based": -209.4263533074029, "mixed": -156.5704779760486, "none": -272.7395042624319}, "37": {"type-based": -218.02985628886992, "geo-based": -215.17966503165803, "mixed": -160.89318562083076, "none": -280.31560160305503}}