{"0": {"type-based": 0, "geo-based": 0, "mixed": 0, "none": 0}, "1": {"type-based": -7.576097340623111, "geo-based": -7.576097340623111, "mixed": -7.576097340623111, "none": -7.576097340623111}, "2": {"type-based": -15.152194681246222, "geo-based": -15.152194681246222, "mixed": -15.152194681246222, "none": -15.152194681246222}, "3": {"type-based": -22.228327928866857, "geo-based": -21.402693581163575, "mixed": -20.958504039119664, "none": -22.728292021869333}, "4": {"type-based": -37.31105394176699, "geo-based": -27.610870299907372, "mixed": -34.75081256822946, "none": -30.304389362492444}, "5": {"type-based": -45.50122686881633, "geo-based": -33.54852122214618, "mixed": -41.38793426015709, "none": -37.88048670311555}, "6": {"type-based": -60.61609795335892, "geo-based": -39.19734692515544, "mixed": -54.668498231874125, "none": -45.45658404373866}, "7": {"type-based": -67.79429770057196, "geo-based": -44.582335853026926, "mixed": -59.73751697167613, "none": -53.032681384361766}, "8": {"type-based": -74.94787195555459, "geo-based": -49.818852772116834, "mixed": -64.64924609638193, "none": -60.60877872498487}}