{"0": {"type-based": 0, "geo-based": 0, "mixed": 0, "none": 0}, "1": {"type-based": -7.576097340623111, "geo-based": -7.576097340623111, "mixed": -7.576097340623111, "none": -7.576097340623111}, "2": {"type-based": -15.152194681246222, "geo-based": -15.152194681246222, "mixed": -15.152194681246222, "none": -15.152194681246222}, "3": {"type-based": -16.939362582529427, "geo-based": -21.960703774065877, "mixed": -16.284053768766928, "none": -22.728292021869333}, "4": {"type-based": -18.670743845207546, "geo-based": -29.30031798060069, "mixed": -18.03244623223467, "none": -30.304389362492444}, "5": {"type-based": -20.373012211902452, "geo-based": -36.62304988521468, "mixed": -19.99414532643507, "none": -37.88048670311555}, "6": {"type-based": -22.057394721883703, "geo-based": -42.86607498134522, "mixed": -21.085555058659793, "none": -45.45658404373866}}