{"0": {"type-based": 0, "geo-based": 0, "mixed": 0, "none": 0}, "1": {"type-based": -7.576097340623111, "geo-based": -7.576097340623111, "mixed": -7.576097340623111, "none": -7.576097340623111}, "2": {"type-based": -15.152194681246222, "geo-based": -15.152194681246222, "mixed": -15.152194681246222, "none": -15.152194681246222}, "3": {"type-based": -17.858110338630347, "geo-based": -21.195535878725952, "mixed": -16.959827581331396, "none": -22.728292021869333}, "4": {"type-based": -20.54224014917301, "geo-based": -26.93985587043564, "mixed": -18.60180504248808, "none": -30.304389362492444}, "5": {"type-based": -23.215293645190165, "geo-based": -32.933384709266946, "mixed": -20.634223921399034, "none": -37.88048670311555}, "6": {"type-based": -25.88164108453087, "geo-based": -39.24933998653108, "mixed": -23.071853305170848, "none": -45.45658404373866}, "7": {"type-based": -28.543492328955992, "geo-based": -45.97467866408947, "mixed": -25.986702697026562, "none": -53.032681384361766}, "8": {"type-based": -31.202119398859825, "geo-based": -52.1556464828896, "mixed": -28.406325273852456, "none": -60.60877872498487}, "9": {"type-based": -33.85832139642387, "geo-based": -61.47078890135778, "mixed": -34.02466568521166, "none": -68.18487606560798}, "10": {"type-based": -36.512633092277106, "geo-based": -67.94220469079701, "mixed": -36.697853585721695, "none": -75.76097340623109}, "11": {"type-based": -39.16542993191091, "geo-based": -75.03210816543078, "mixed": -40.00871705530326, "none": -83.3370707468542}}