{"0": {"type-based": 0, "geo-based": 0, "mixed": 0, "none": 0}, "1": {"type-based": -7.576097340623111, "geo-based": -7.576097340623111, "mixed": -7.576097340623111, "none": -7.576097340623111}, "2": {"type-based": -15.152194681246222, "geo-based": -15.152194681246222, "mixed": -15.152194681246222, "none": -15.152194681246222}, "3": {"type-based": -17.858110338630347, "geo-based": -21.44972554662494, "mixed": -17.30829877934228, "none": -22.728292021869333}, "4": {"type-based": -20.54224014917301, "geo-based": -28.733623623417337, "mixed": -20.55598850990616, "none": -30.304389362492444}, "5": {"type-based": -23.215293645190165, "geo-based": -35.17862238788887, "mixed": -23.015347684163306, "none": -37.88048670311555}, "6": {"type-based": -25.88164108453087, "geo-based": -41.7005454022169, "mixed": -25.595773394728862, "none": -45.45658404373866}, "7": {"type-based": -28.543492328955992, "geo-based": -47.73817231148944, "mixed": -27.714687648388058, "none": -53.032681384361766}, "8": {"type-based": -31.202119398859825, "geo-based": -53.69788633844444, "mixed": -29.782192368478675, "none": -60.60877872498487}, "9": {"type-based": -33.85832139642387, "geo-based": -59.90068805796519, "mixed": -32.11331205051282, "none": -68.18487606560798}, "10": {"type-based": -36.512633092277106, "geo-based": -66.86140094320896, "mixed": -35.22088742874662, "none": -75.76097340623109}, "11": {"type-based": -39.16542993191091, "geo-based": -73.50261028879108, "mixed": -38.009670633093585, "none": -83.3370707468542}, "12": {"type-based": -41.81698560949853, "geo-based": -85.23061334904706, "mixed": -45.8937772329604, "none": -90.9131680874773}, "13": {"type-based": -44.467505790057636, "geo-based": -94.89923741694959, "mixed": -51.498544988996265, "none": -98.48926542810041}}