{"0": {"type-based": 0, "geo-based": 0, "mixed": 0, "none": 0}, "1": {"type-based": -7.576097340623111, "geo-based": -7.576097340623111, "mixed": -7.576097340623111, "none": -7.576097340623111}, "2": {"type-based": -15.152194681246222, "geo-based": -15.152194681246222, "mixed": -15.152194681246222, "none": -15.152194681246222}, "3": {"type-based": -22.473673249789684, "geo-based": -21.338981673644987, "mixed": -21.101076843719365, "none": -22.728292021869333}, "4": {"type-based": -29.679903348827583, "geo-based": -27.238085657084678, "mixed": -26.656506650278352, "none": -30.304389362492444}, "5": {"type-based": -36.844535586040955, "geo-based": -33.12904442908843, "mixed": -32.1667137067688, "none": -37.88048670311555}, "6": {"type-based": -43.987696050032454, "geo-based": -39.30481667394313, "mixed": -37.94086683828917, "none": -45.45658404373866}, "7": {"type-based": -51.11774685038712, "geo-based": -45.500507321707516, "mixed": -43.72293003643318, "none": -53.032681384361766}, "8": {"type-based": -58.23896067173646, "geo-based": -51.487095598205016, "mixed": -49.28984352756722, "none": -60.60877872498487}, "9": {"type-based": -65.3538138444742, "geo-based": -56.89875444506945, "mixed": -54.27668870840704, "none": -68.18487606560798}, "10": {"type-based": -72.46386963842002, "geo-based": -62.18233716632398, "mixed": -59.13051443424278, "none": -75.76097340623109}, "11": {"type-based": -79.57017804177255, "geo-based": -67.45416448572777, "mixed": -63.96893123667046, "none": -83.3370707468542}, "12": {"type-based": -86.67347831347715, "geo-based": -72.64088119458334, "mixed": -68.71997231400898, "none": -90.9131680874773}, "13": {"type-based": -93.77431058824928, "geo-based": -77.73283299060205, "mixed": -73.37480340963674, "none": -98.48926542810041}, "14": {"type-based": -100.87308150143762, "geo-based": -82.84459530487489, "mixed": -78.0484893812879, "none": -106.06536276872352}, "15": {"type-based": -107.97010483606994, "geo-based": -88.1600603988971, "mixed": -82.92590151418813, "none": -113.64146010934662}, "16": {"type-based": -115.06562779374295, "geo-based": -93.55781029868754, "mixed": -87.88767556002583, "none": -121.21755744996973}, "17": {"type-based": -122.15984858794695, "geo-based": -99.0489271384657, "mixed": -92.9456899875687, "none": -128.79365479059285}, "18": {"type-based": -129.25292858631616, "geo-based": -104.6853954134907, "mixed": -98.15247885185266, "none": -136.36975213121596}, "19": {"type-based": -136.34500091032098, "geo-based": -110.79024111438206, "mixed": -103.83170076938043, "none": -143.94584947183907}, "20": {"type-based": -143.436176664314, "geo-based": -116.98931174646688, "mixed": -109.60754338993071, "none": -151.52194681246218}, "21": {"type-based": -150.52654953717482, "geo-based": -123.1233608019757, "mixed": -115.31978052211501, "none": -159.09804415308528}, "22": {"type-based": -157.61619926143612, "geo-based": -129.16738852698293, "mixed": -120.9429461052564, "none": -166.6741414937084}, "23": {"type-based": -164.7051942541957, "geo-based": -135.02289966532578, "mixed": -126.3780873697432, "none": -174.2502388343315}, "24": {"type-based": -171.79359366157308, "geo-based": -140.77786798153377, "mixed": -131.71322235907348, "none": -181.8263361749546}, "25": {"type-based": -178.88144896137905, "geo-based": -146.49863593625787, "mixed": -137.01444402337214, "none": -189.4024335155777}, "26": {"type-based": -185.96880523381253, "geo-based": -152.5534685896235, "mixed": -142.64959436225558, "none": -196.97853085620082}, "27": {"type-based": -193.05570217941957, "geo-based": -158.62360711801006, "mixed": -148.29949753900004, "none": -204.55462819682393}, "28": {"type-based": -200.14217494233017, "geo-based": -164.98104342377528, "mixed": -154.23551503334505, "none": -212.13072553744703}, "29": {"type-based": -207.22825478182344, "geo-based": -170.58359562412565, "mixed": -159.41502671594566, "none": -219.70682287807014}, "30": {"type-based": -214.31396962456208, "geo-based": -176.01048922259892, "mixed": -164.41952861734882, "none": -227.28292021869325}, "31": {"type-based": -221.39934452206816, "geo-based": -181.41761741159834, "mixed": -169.40494516846357, "none": -234.85901755931636}, "32": {"type-based": -228.48440203230422, "geo-based": -186.7333033809492, "mixed": -174.2998871850936, "none": -242.43511489993946}, "33": {"type-based": -235.56916253998398, "geo-based": -191.86057658151913, "mixed": -179.00755429967145, "none": -250.01121224056257}, "34": {"type-based": -242.65364452705106, "geo-based": -197.372685383565, "mixed": -184.10119198847323, "none": -257.5873095811857}, "35": {"type-based": -249.73786480234793, "geo-based": -203.12311960975305, "mixed": -189.43379074853152, "none": -265.1634069218088}, "36": {"type-based": -256.8218386976479, "geo-based": -208.91375868748725, "mixed": -194.8071393013233, "none": -272.7395042624319}, "37": {"type-based": -263.9055802357932, "geo-based": -214.91141421915253, "mixed": -200.38795188048502, "none": -280.31560160305503}, "38": {"type-based": -270.98910227557093, "geo-based": -221.04435694375596, "mixed": -206.10416240769086, "none": -287.89169894367814}, "39": {"type-based": -278.0724166370841, "geo-based": -227.08398309049736, "mixed": -211.72718982982911, "none": -295.46779628430124}, "40": {"type-based": -285.15553421068694, "geo-based": -232.67275753129036, "mixed": -216.89956115508704, "none": -303.04389362492435}, "41": {"type-based": -292.2384650520041, "geo-based": -238.38791958347048, "mixed": -222.19803483640834, "none": -310.61999096554746}, "42": {"type-based": -299.3212184651131, "geo-based": -244.05740412412067, "mixed": -227.45036296690054, "none": -318.19608830617057}, "43": {"type-based": -306.40380307561765, "geo-based": -249.68522031553533, "mixed": -232.6606100139317, "none": -325.7721856467937}, "44": {"type-based": -313.48622689504987, "geo-based": -255.39199619214222, "mixed": -237.94945256411694, "none": -333.3482829874168}, "45": {"type-based": -320.5684973778087, "geo-based": -261.0744201769266, "mixed": -243.21328490918094, "none": -340.9243803280399}, "46": {"type-based": -327.65062147164775, "geo-based": -266.7171255264618, "mixed": -248.4369340647974, "none": -348.500477668663}, "47": {"type-based": -334.73260566257164, "geo-based": -272.442796672357, "mixed": -253.74313558247363, "none": -356.0765750092861}, "48": {"type-based": -341.81445601486627, "geo-based": -278.0462012704361, "mixed": -258.9266193769607, "none": -363.6526723499092}, "49": {"type-based": -348.8961782068834, "geo-based": -283.6732162824537, "mixed": -264.1329729126817, "none": -371.2287696905323}, "50": {"type-based": -355.97777756310865, "geo-based": -290.03642728909415, "mixed": -270.0745395464657, "none": -378.8048670311554}, "51": {"type-based": -363.0592590829664, "geo-based": -296.46414535168844, "mixed": -276.0790578100374, "none": -386.38096437177853}, "52": {"type-based": -370.1406274667521, "geo-based": -302.3318173956303, "mixed": -281.52231056283745, "none": -393.95706171240164}, "53": {"type-based": -377.2218871390295, "geo-based": -308.15305553169947, "mixed": -286.9183891919287, "none": -401.53315905302475}, "54": {"type-based": -384.3030422697837, "geo-based": -313.9464521333771, "mixed": -292.28613751615654, "none": -409.10925639364785}, "55": {"type-based": -391.3840967935843, "geo-based": -320.5563752633776, "mixed": -298.4701007996959, "none": -416.68535373427096}, "56": {"type-based": -398.46505442697844, "geo-based": -327.0971617173596, "mixed": -304.58446054807854, "none": -424.26145107489407}, "57": {"type-based": -405.5459186843068, "geo-based": -333.29755055352285, "mixed": -310.3585098483535, "none": -431.8375484155172}, "58": {"type-based": -412.626692892111, "geo-based": -339.3268194399298, "mixed": -315.96153472715844, "none": -439.4136457561403}, "59": {"type-based": -419.70738020228026, "geo-based": -345.2731861347434, "mixed": -321.48175816858026, "none": -446.9897430967634}, "60": {"type-based": -426.78798360406734,