{"0": {"type-based": 0, "geo-based": 0, "mixed": 0, "none": 0}, "1": {"type-based": -7.576097340623111, "geo-based": -7.576097340623111, "mixed": -7.576097340623111, "none": -7.576097340623111}, "2": {"type-based": -15.152194681246222, "geo-based": -15.152194681246222, "mixed": -15.152194681246222, "none": -15.152194681246222}, "3": {"type-based": -22.228327928866857, "geo-based": -21.471890372142376, "mixed": -21.002669990823488, "none": -22.728292021869333}, "4": {"type-based": -29.304353096326626, "geo-based": -27.422021893589317, "mixed": -26.48723899493706, "none": -30.304389362492444}, "5": {"type-based": -36.380324205817054, "geo-based": -33.11684878961542, "mixed": -31.72006084035057, "none": -37.88048670311555}, "6": {"type-based": -43.45626287479911, "geo-based": -38.57738204074008, "mixed": -36.72022690334609, "none": -45.45658404373866}, "7": {"type-based": -50.532179914388855, "geo-based": -43.8128752566637, "mixed": -41.49497226087382, "none": -53.032681384361766}, "8": {"type-based": -57.60808150324353, "geo-based": -48.925532106489605, "mixed": -46.14544133967312, "none": -60.60877872498487}, "9": {"type-based": -64.68397150340746, "geo-based": -54.7322628398704, "mixed": -51.486905756996315, "none": -68.18487606560798}, "10": {"type-based": -71.75985248976629, "geo-based": -60.5062662172504, "mixed": -56.79673560765873, "none": -75.76097340623109}, "11": {"type-based": -78.83572626484226, "geo-based": -66.10068395833937, "mixed": -61.92858809794633, "none": -83.3370707468542}, "12": {"type-based": -85.91159413961988, "geo-based": -71.53977046418042, "mixed": -66.90624034188073, "none": -90.9131680874773}, "13": {"type-based": -92.98745709737364, "geo-based": -77.35048674278163, "mixed": -72.25634547588913, "none": -98.48926542810041}, "14": {"type-based": -100.06331589449168, "geo-based": -83.17783483428282, "mixed": -77.62718978875257, "none": -106.06536276872352}, "15": {"type-based": -107.13917112529433, "geo-based": -89.03073160223306, "mixed": -83.02810862175194, "none": -113.64146010934662}, "16": {"type-based": -114.21502326524828, "geo-based": -94.9257257732503, "mixed": -88.47586919391802, "none": -121.21755744996973}, "17": {"type-based": -121.29087270067765, "geo-based": -100.65275198706445, "mixed": -93.76066935235102, "none": -128.79365479059285}, "18": {"type-based": -128.36671974973703, "geo-based": -105.63027253114468, "mixed": -98.30007120283203, "none": -136.36975213121596}, "19": {"type-based": -135.44256467755915, "geo-based": -110.49146339024155, "mixed": -102.72383358383712, "none": -143.94584947183907}, "20": {"type-based": -142.51840770741654, "geo-based": -115.2697906010514, "mixed": -107.06502518565706, "none": -151.52194681246218}, "21": {"type-based": -149.5942490290931, "geo-based": -120.0338362396801, "mixed": -111.39160280206471, "none": -159.09804415308528}, "22": {"type-based": -156.67008880526248, "geo-based": -124.90696555036247, "mixed": -115.82746205684762, "none": -166.6741414937084}, "23": {"type-based": -163.74592717641687, "geo-based": -129.73990289410932, "mixed": -120.22435765584564, "none": -174.2502388343315}, "24": {"type-based": -170.82176426472444, "geo-based": -134.4076850500619, "mixed": -124.4572835572786, "none": -181.8263361749546}, "25": {"type-based": -177.8976001770832, "geo-based": -139.0283228180045, "mixed": -128.64270804679353, "none": -189.4024335155777}, "26": {"type-based": -184.97343500756406, "geo-based": -143.88967513896299, "mixed": -133.0685537212957, "none": -196.97853085620082}, "27": {"type-based": -192.04926883938415, "geo-based": -148.86719273040373, "mixed": -137.6100399359687, "none": -204.55462819682393}, "28": {"type-based": -209.3287309278524, "geo-based": -153.59522792635468, "mixed": -152.10594488058277, "none": -212.13072553744703}, "29": {"type-based": -216.4128566997662, "geo-based": -160.09793578276225, "mixed": -158.18248433717525, "none": -219.70682287807014}, "30": {"type-based": -223.49668663784158, "geo-based": -166.3422573153361, "mixed": -164.0031573953671, "none": -227.28292021869325}, "31": {"type-based": -230.58024106501398, "geo-based": -172.39714673338113, "mixed": -169.6360082232895, "none": -234.85901755931636}, "32": {"type-based": -237.66353827956215, "geo-based": -178.01113569079584, "mixed": -174.82899144606682, "none": -242.43511489993946}, "33": {"type-based": -244.74659481540507, "geo-based": -184.00002740987807, "mixed": -180.3978233306937, "none": -250.01121224056257}, "34": {"type-based": -251.8294256618707, "geo-based": -189.65850393660435, "mixed": -185.63936373755325, "none": -257.5873095811857}, "35": {"type-based": -258.91204445027967, "geo-based": -195.35476342334061, "mixed": -190.92084651431023, "none": -265.1634069218088}, "36": {"type-based": -265.99446361318144, "geo-based": -200.61516616826327, "mixed": -195.7682875040133, "none": -272.7395042624319}, "37": {"type-based": -273.07669452091517, "geo-based": -206.53220995604966, "mixed": -201.2739712346243, "none": -280.31560160305503}, "38": {"type-based": -280.1587475992634, "geo-based": -212.19899611856385, "mixed": -206.53068818393774, "none": -287.89169894367814}, "39": {"type-based": -287.24063243125505, "geo-based": -217.79593471585343, "mixed": -211.71859503205548, "none": -295.46779628430124}, "40": {"type-based": -294.322357845613, "geo-based": -223.18742268659224, "mixed": -216.7019686980679, "none": -303.04389362492435}, "41": {"type-based": -311.9752745597034, "geo-based": -228.94569123822384, "mixed": -232.62430300096133, "none": -310.61999096554746}, "42": {"type-based": -319.0639134545371, "geo-based": -234.6829930155341, "mixed": -237.95948578101024, "none": -318.19608830617057}, "43": {"type-based": -326.1522336046226, "geo-based": -240.2859411084513, "mixed": -243.16036257410028, "none": -325.7721856467937}, "44": {"type-based": -333.24025046379063, "geo-based": -245.70729588441233, "mixed": -248.17965012405196, "none": -333.3482829874168}, "45": {"type-based": -340.3279783885774, "geo-based": -250.96870381822401, "mixed": -253.03895613933784, "none": -340.9243803280399}, "46": {"type-based": -347.41543073970786, "geo-based": -256.22735225422326, "mixed": -257.8952861725992, "none": -348.500477668663}, "47": {"type-based": -354.5026199721122, "geo-based": -261.51397193836203, "mixed": -262.7792908815604, "none": -356.0765750092861}, "48": {"type-based": -361.58955771499507, "geo-based": -266.89909754925003, "mixed": -267.761367399074, "none": -363.6526723499092}, "49": {"type-based": -368.6762548432493, "geo-based": -272.42207550921927, "mixed": -272.8807044897245, "none": -371.2287696905323}, "50": {"type-based": -375.76272154131226, "geo-based": -277.66207472606453, "mixed": -277.7163348568329, "none": -378.8048670311554}, "51": {"type-based": -382.84896736040514, "geo-based": -282.8636543187539, "mixed": -282.513053736608, "none": -386.38096437177853}, "52": {"type-based": -389.93500126996105, "geo-based": -288.03562019304735, "mixed": -287.2796873419738, "none": -393.95706171240164}, "53": {"type-based": -397.0208317039359, "geo-based": -293.18683014331873, "mixed": -292.0251034528249, "none": -401.53315905302475}, "54": {"type-based": -404.10646660260136, "geo-based": -298.4359193007835, "mixed": -296.86796880970195, "none": -409.10925639364785}, "55": {"type-based": -411.1919134503381, "geo-based": -303.7892631116431, "mixed": -301.81449666916586, "none": -416.68535373427096}, "56": {"type-based": -418.277179309881, "geo-based": -309.11755868737805, "mixed": -306.73520417578465, "none": -424.26145107489407}, "57": {"type-based": -425.36227085340744, "geo-based": -314.42228853081315, "mixed": -311.63160824729965, "none": -431.8375484155172}, "58": {"type-based": -432.44719439081274, "geo-based": -319.86748564625697, "mixed": -316.66777434472965, "none": -439.4136457561403}, "59": {"type-based": -439.531955895472, "geo-based": -325.5871411723934, "mixed": -321.9775252117894, "none": -446.9897430967634}, "60": {"type-based": -446.6165610277521,