{"0": {"type-based": 0, "geo-based": 0, "mixed": 0, "none": 0}, "1": {"type-based": -7.576097340623111, "geo-based": -7.576097340623111, "mixed": -7.576097340623111, "none": -7.576097340623111}, "2": {"type-based": -15.152194681246222, "geo-based": -15.152194681246222, "mixed": -15.152194681246222, "none": -15.152194681246222}, "3": {"type-based": -20.950713215484743, "geo-based": -21.448042685472913, "mixed": -19.732345823956116, "none": -22.728292021869333}, "4": {"type-based": -26.74841243442691, "geo-based": -27.267272081177467, "mixed": -23.83352836545288, "none": -30.304389362492444}, "5": {"type-based": -32.54570164138144, "geo-based": -33.11692868863773, "mixed": -27.96104163851298, "none": -37.88048670311555}, "6": {"type-based": -38.34274472761719, "geo-based": -39.36230210406208, "mixed": -32.48973058184937, "none": -45.45658404373866}, "7": {"type-based": -44.13962368603931, "geo-based": -45.36055251789499, "mixed": -36.78386320933342, "none": -53.032681384361766}, "8": {"type-based": -49.93638538711455, "geo-based": -51.32259065161983, "mixed": -41.05310793955863, "none": -60.60877872498487}, "9": {"type-based": -55.733059132491405, "geo-based": -56.967320704152, "mixed": -45.02009127331577, "none": -68.18487606560798}, "10": {"type-based": -61.52966446036002, "geo-based": -62.35808857435536, "mixed": -48.74789903785998, "none": -75.76097340623109}, "11": {"type-based": -67.32621504948315, "geo-based": -67.51893106026267, "mixed": -52.257765161950324, "none": -83.3370707468542}, "12": {"type-based": -73.12272084922651, "geo-based": -72.71467301098271, "mixed": -55.812326343668225, "none": -90.9131680874773}, "13": {"type-based": -78.91918932233216, "geo-based": -77.92858825312786, "mixed": -59.39835451110306, "none": -98.48926542810041}, "14": {"type-based": -84.71562620982972, "geo-based": -83.08767063531596, "mixed": -62.9442573989259, "none": -106.06536276872352}, "15": {"type-based": -90.51203602283259, "geo-based": -88.19968025656021, "mixed": -66.45624813835515, "none": -113.64146010934662}, "16": {"type-based": -96.30842237043974, "geo-based": -93.26705582668916, "mixed": -69.92960151875107, "none": -121.21755744996973}, "17": {"type-based": -102.10478818519066, "geo-based": -98.29104013445817, "mixed": -73.36516731379639, "none": -128.79365479059285}, "18": {"type-based": -107.90113588222323, "geo-based": -103.33758559318692, "mixed": -76.82777816838805, "none": -136.36975213121596}, "19": {"type-based": -113.69746747422994, "geo-based": -108.69606750682404, "mixed": -80.61245443627195, "none": -143.94584947183907}, "20": {"type-based": -119.49378465616753, "geo-based": -113.84373968432439, "mixed": -84.20087090346387, "none": -151.52194681246218}, "21": {"type-based": -125.29008886879336, "geo-based": -119.1645977998331, "mixed": -87.97393137201149, "none": -159.09804415308528}, "22": {"type-based": -131.08638134707618, "geo-based": -124.5625523384343, "mixed": -91.83391195142107, "none": -166.6741414937084}, "23": {"type-based": -136.8826631576065, "geo-based": -130.88951879763886, "mixed": -96.6328914434255, "none": -174.2502388343315}, "24": {"type-based": -142.67893522787523, "geo-based": -136.78348922295797, "mixed": -101.00526974042084, "none": -181.8263361749546}, "25": {"type-based": -148.47519836945366, "geo-based": -142.6053569898386, "mixed": -105.31338490144702, "none": -189.4024335155777}, "26": {"type-based": -154.27145329653808, "geo-based": -148.16543543217833, "mixed": -109.36798464853042, "none": -196.97853085620082}, "27": {"type-based": -160.0677006409284, "geo-based": -153.42658397057323, "mixed": -113.13254967069267, "none": -204.55462819682393}, "28": {"type-based": -165.86394096423365, "geo-based": -158.80877896496833, "mixed": -117.02649519379287, "none": -212.13072553744703}, "29": {"type-based": -171.66017476789784, "geo-based": -164.44413614201866, "mixed": -121.1819127183156, "none": -219.70682287807014}, "30": {"type-based": -177.45640250149768, "geo-based": -169.81719960207027, "mixed": -125.08377897033918, "none": -227.28292021869325}, "31": {"type-based": -183.25262456965737, "geo-based": -175.54327101994542, "mixed": -129.3458139740525, "none": -234.85901755931636}, "32": {"type-based": -189.04884133784833, "geo-based": -181.98781889619795, "mixed": -134.33340737992864, "none": -242.43511489993946}, "33": {"type-based": -194.84505313728275, "geo-based": -188.243046865225, "mixed": -139.13770056818845, "none": -250.01121224056257}, "34": {"type-based": -200.64126026906578, "geo-based": -194.38779728822163, "mixed": -143.83634095367233, "none": -257.5873095811857}, "35": {"type-based": -206.4374630077372, "geo-based": -200.14478484181296, "mixed": -148.15113431068485, "none": -265.1634069218088}, "36": {"type-based": -212.23366160430703, "geo-based": -205.75050128412454, "mixed": -152.31828075544274, "none": -272.7395042624319}, "37": {"type-based": -218.02985628886992, "geo-based": -211.44825901916653, "mixed": -156.58118920297392, "none": -280.31560160305503}, "38": {"type-based": -223.82604727286594, "geo-based": -217.4721578652221, "mixed": -161.1743702314737, "none": -287.89169894367814}, "39": {"type-based": -229.62223475104395, "geo-based": -223.41769436675614, "mixed": -165.69258062068255, "none": -295.46779628430124}}