{"0": {"type-based": 0, "geo-based": 0, "mixed": 0, "none": 0}, "1": {"type-based": -7.576097340623111, "geo-based": -7.576097340623111, "mixed": -7.576097340623111, "none": -7.576097340623111}, "2": {"type-based": -15.152194681246222, "geo-based": -15.152194681246222, "mixed": -15.152194681246222, "none": -15.152194681246222}, "3": {"type-based": -22.228327928866857, "geo-based": -21.7640608664032, "mixed": -21.291764855187953, "none": -22.728292021869333}, "4": {"type-based": -29.304353096326626, "geo-based": -27.844910863298946, "mixed": -26.908416530015785, "none": -30.304389362492444}, "5": {"type-based": -36.380324205817054, "geo-based": -33.97405738288, "mixed": -32.57836799595182, "none": -37.88048670311555}, "6": {"type-based": -43.45626287479911, "geo-based": -39.77737807387613, "mixed": -37.925818642409006, "none": -45.45658404373866}, "7": {"type-based": -50.532179914388855, "geo-based": -45.56866413934452, "mixed": -43.2624224797942, "none": -53.032681384361766}, "8": {"type-based": -57.60808150324353, "geo-based": -51.02535464703907, "mixed": -48.26276558052358, "none": -60.60877872498487}, "9": {"type-based": -64.68397150340746, "geo-based": -56.69744223142233, "mixed": -53.47578398002302, "none": -68.18487606560798}, "10": {"type-based": -71.75985248976629, "geo-based": -62.04043662150299, "mixed": -58.3585066631074, "none": -75.76097340623109}, "11": {"type-based": -78.83572626484226, "geo-based": -67.41861428451894, "mixed": -63.275905041228796, "none": -83.3370707468542}, "12": {"type-based": -85.91159413961988, "geo-based": -72.57513413146273, "mixed": -67.97250586378486, "none": -90.9131680874773}, "13": {"type-based": -92.98745709737364, "geo-based": -77.73162077454056, "mixed": -72.6694811006845, "none": -98.48926542810041}, "14": {"type-based": -100.06331589449168, "geo-based": -82.92748832343393, "mixed": -77.40662813322234, "none": -106.06536276872352}, "15": {"type-based": -107.13917112529433, "geo-based": -88.19165251798267, "mixed": -82.2137073976132, "none": -113.64146010934662}, "16": {"type-based": -114.21502326524828, "geo-based": -93.36048891691772, "mixed": -86.9277530926671, "none": -121.21755744996973}, "17": {"type-based": -121.29087270067765, "geo-based": -98.49899697741108, "mixed": -91.61344856573736, "none": -128.79365479059285}, "18": {"type-based": -128.36671974973703, "geo-based": -103.65026104164376, "mixed": -96.3125581260377, "none": -136.36975213121596}, "19": {"type-based": -135.44256467755915, "geo-based": -110.56153952029469, "mixed": -102.77175807040568, "none": -143.94584947183907}, "20": {"type-based": -142.51840770741654, "geo-based": -117.04576767540134, "mixed": -108.8105327316844, "none": -151.52194681246218}, "21": {"type-based": -149.5942490290931, "geo-based": -123.26065323835357, "mixed": -114.58385212399409, "none": -159.09804415308528}, "22": {"type-based": -156.67008880526248, "geo-based": -129.28865097598026, "mixed": -120.17266762055337, "none": -166.6741414937084}, "23": {"type-based": -163.74592717641687, "geo-based": -134.95518045403426, "mixed": -125.40151103953178, "none": -174.2502388343315}, "24": {"type-based": -170.82176426472444, "geo-based": -140.74957332625021, "mixed": -130.7593895758647, "none": -181.8263361749546}, "25": {"type-based": -177.8976001770832, "geo-based": -146.45287904219967, "mixed": -136.026841099881, "none": -189.4024335155777}, "26": {"type-based": -184.97343500756406, "geo-based": -152.08032171410858, "mixed": -141.21885243408425, "none": -196.97853085620082}, "27": {"type-based": -192.04926883938415, "geo-based": -157.74587740699735, "mixed": -146.44924846607458, "none": -204.55462819682393}, "28": {"type-based": -199.12510174651476, "geo-based": -163.4104854871715, "mixed": -151.67897994617417, "none": -212.13072553744703}, "29": {"type-based": -206.20093379500196, "geo-based": -169.02450584099958, "mixed": -156.8583450271385, "none": -219.70682287807014}, "30": {"type-based": -213.27676504405986, "geo-based": -174.55508331057783, "mixed": -161.95454885839118, "none": -227.28292021869325}, "31": {"type-based": -220.3525955469814, "geo-based": -180.03859376297208, "mixed": -167.0041520761555, "none": -234.85901755931636}, "32": {"type-based": -227.42842535190232, "geo-based": -184.96235778578907, "mixed": -171.4943391508149, "none": -242.43511489993946}, "33": {"type-based": -234.5042545024459, "geo-based": -189.89882530898197, "mixed": -175.9988318549317, "none": -250.01121224056257}, "34": {"type-based": -241.5800830382697, "geo-based": -194.87198732699724, "mixed": -180.54169560064244, "none": -257.5873095811857}, "35": {"type-based": -248.65591099553237, "geo-based": -200.00311066674405, "mixed": -185.24425004876002, "none": -265.1634069218088}, "36": {"type-based": -255.73173840729328, "geo-based": -205.4436538367306, "mixed": -190.2581396236325, "none": -272.7395042624319}, "37": {"type-based": -262.80756530385696, "geo-based": -210.61733063260448, "mixed": -195.00665914341562, "none": -280.31560160305503}, "38": {"type-based": -269.8833917130709, "geo-based": -216.2629084477976, "mixed": -200.22853669081593, "none": -287.89169894367814}, "39": {"type-based": -276.9592176605843, "geo-based": -221.63803840974617, "mixed": -205.18177040978193, "none": -295.46779628430124}, "40": {"type-based": -284.03504317007315, "geo-based": -226.94668519472194, "mixed": -210.06970696588462, "none": -303.04389362492435}, "41": {"type-based": -291.110868263438, "geo-based": -232.36477266089327, "mixed": -215.06797778355917, "none": -310.61999096554746}, "42": {"type-based": -298.186692960977, "geo-based": -237.74135207108725, "mixed": -220.02554186751902, "none": -318.19608830617057}, "43": {"type-based": -305.2625172815383, "geo-based": -243.24256053171902, "mixed": -225.1079732814199, "none": -325.7721856467937}, "44": {"type-based": -323.00731989287453, "geo-based": -248.73661399986042, "mixed": -240.85242038340067, "none": -333.3482829874168}, "45": {"type-based": -333.84981424653733, "geo-based": -254.19046953345125, "mixed": -249.65288297386564, "none": -340.9243803280399}, "46": {"type-based": -340.9384899593417, "geo-based": -259.64987422286544, "mixed": -254.70364662642294, "none": -348.500477668663}, "47": {"type-based": -348.02687508142265, "geo-based": -264.99384685451037, "mixed": -259.63896456908583, "none": -356.0765750092861}, "48": {"type-based": -355.11498244871706, "geo-based": -270.61146712937597, "mixed": -264.84842950261975, "none": -363.6526723499092}, "49": {"type-based": -362.20282406504873, "geo-based": -276.1815946413306, "mixed": -270.01079061364635, "none": -371.2287696905323}, "50": {"type-based": -369.29041117253183, "geo-based": -281.7081052068454, "mixed": -275.1299242001069, "none": -378.8048670311554}, "51": {"type-based": -376.3777543146831, "geo-based": -287.2976559682183, "mixed": -280.31248694478745, "none": -386.38096437177853}, "52": {"type-based": -383.46486339313, "geo-based": -293.1230928785756, "mixed": -285.7312345431512, "none": -393.95706171240164}, "53": {"type-based": -390.5517477186791, "geo-based": -299.12447071555437, "mixed": -291.32592488896114, "none": -401.53315905302475}, "54": {"type-based": -397.638416057405, "geo-based": -305.7300852868586, "mixed": -297.5248439631823, "none": -409.10925639364785}, "55": {"type-based": -404.72487667233065, "geo-based": -312.20274833608573, "mixed": -303.59079205126596, "none": -416.68535373427096}, "56": {"type-based": -411.81113736119636, "geo-based": -318.62125312947046, "mixed": -309.60264067134057, "none": -424.26145107489407}, "57": {"type-based": -418.89720549074923, "geo-based": -324.8977486428688, "mixed": -315.47248108652246, "none": -431.8375484155172}, "58": {"type-based": -425.98308802793105, "geo-based": -331.2072135265534, "mixed": -321.3752509079121, "none": -439.4136457561403}, "59": {"type-based": -433.0687915682952, "geo-based": -338.06512202100834, "mixed": -327.8262628016309, "none": -446.9897430967634}, "60": {"type-based": -440.154322361943,