{"0": {"type-based": 0, "geo-based": 0, "mixed": 0, "none": 0}, "1": {"type-based": -7.576097340623111, "geo-based": -7.576097340623111, "mixed": -7.576097340623111, "none": -7.576097340623111}, "2": {"type-based": -15.152194681246222, "geo-based": -15.152194681246222, "mixed": -15.152194681246222, "none": -15.152194681246222}, "3": {"type-based": -16.939362582529427, "geo-based": -21.853676432095106, "mixed": -16.878423666190603, "none": -22.728292021869333}, "4": {"type-based": -18.670743845207546, "geo-based": -27.80814129000488, "mixed": -18.175590739904944, "none": -30.304389362492444}, "5": {"type-based": -20.373012211902452, "geo-based": -34.068222319576726, "mixed": -19.990290744329563, "none": -37.88048670311555}, "6": {"type-based": -22.057394721883703, "geo-based": -39.98922132244515, "mixed": -21.679038553018962, "none": -45.45658404373866}, "7": {"type-based": -23.72967207911461, "geo-based": -53.26648437922158, "mixed": -30.894055183125385, "none": -53.032681384361766}, "8": {"type-based": -25.393211793747046, "geo-based": -61.593548350271384, "mixed": -34.42748680771205, "none": -60.60877872498487}}