{"0": {"type-based": 0, "geo-based": 0, "mixed": 0, "none": 0}, "1": {"type-based": -7.576097340623111, "geo-based": -7.576097340623111, "mixed": -7.576097340623111, "none": -7.576097340623111}, "2": {"type-based": -15.152194681246222, "geo-based": -15.152194681246222, "mixed": -15.152194681246222, "none": -15.152194681246222}, "3": {"type-based": -20.950713215484743, "geo-based": -21.399136902079892, "mixed": -19.768520148351367, "none": -22.728292021869333}, "4": {"type-based": -26.74841243442691, "geo-based": -27.629000890188458, "mixed": -24.412988894357817, "none": -30.304389362492444}, "5": {"type-based": -32.54570164138144, "geo-based": -33.537881943339485, "mixed": -28.781936487737305, "none": -37.88048670311555}, "6": {"type-based": -38.34274472761719, "geo-based": -39.26360268108398, "mixed": -33.00568317662402, "none": -45.45658404373866}, "7": {"type-based": -44.13962368603931, "geo-based": -45.602330053395534, "mixed": -37.87665639781463, "none": -53.032681384361766}, "8": {"type-based": -49.93638538711455, "geo-based": -51.199027715643204, "mixed": -42.028281871851085, "none": -60.60877872498487}, "9": {"type-based": -55.733059132491405, "geo-based": -56.480765612910965, "mixed": -45.88695122714643, "none": -68.18487606560798}, "10": {"type-based": -61.52966446036002, "geo-based": -61.533662359802804, "mixed": -49.537459157666106, "none": -75.76097340623109}, "11": {"type-based": -67.32621504948315, "geo-based": -66.50530602839441, "mixed": -53.12472566920341, "none": -83.3370707468542}, "12": {"type-based": -73.12272084922651, "geo-based": -71.35657838055008, "mixed": -56.606242841667665, "none": -90.9131680874773}, "13": {"type-based": -78.91918932233216, "geo-based": -76.19962869191657, "mixed": -60.093398060819915, "none": -98.48926542810041}, "14": {"type-based": -84.71562620982972, "geo-based": -80.9585276803094, "mixed": -63.508032387989246, "none": -106.06536276872352}, "15": {"type-based": -90.51203602283259, "geo-based": -85.73164313255147, "mixed": -66.94759050153061, "none": -113.64146010934662}, "16": {"type-based": -96.30842237043974, "geo-based": -90.64810559894231, "mixed": -70.53913787475572, "none": -121.21755744996973}, "17": {"type-based": -102.10478818519066, "geo-based": -95.63848350677004, "mixed": -74.20913022748277, "none": -128.79365479059285}, "18": {"type-based": -107.90113588222323, "geo-based": -100.59169699412558, "mixed": -77.84437670401984, "none": -136.36975213121596}, "19": {"type-based": -113.69746747422994, "geo-based": -105.7470359022194, "mixed": -81.68650242949953, "none": -143.94584947183907}, "20": {"type-based": -119.49378465616753, "geo-based": -113.02468317170128, "mixed": -87.65246923721584, "none": -151.52194681246218}, "21": {"type-based": -125.29008886879336, "geo-based": -119.26080399862131, "mixed": -92.56148217134066, "none": -159.09804415308528}, "22": {"type-based": -131.08638134707618, "geo-based": -126.03658340288322, "mixed": -98.00270824460127, "none": -166.6741414937084}, "23": {"type-based": -136.8826631576065, "geo-based": -132.47773713515775, "mixed": -103.0979760982132, "none": -174.2502388343315}, "24": {"type-based": -152.72222820010222, "geo-based": -137.9779313040398, "mixed": -117.28751161738965, "none": -181.8263361749546}, "25": {"type-based": -158.66372243278315, "geo-based": -143.39960521338122, "mixed": -121.44645151550479, "none": -189.4024335155777}, "26": {"type-based": -164.59956113843032, "geo-based": -148.3441169491078, "mixed": -125.12310994327122, "none": -196.97853085620082}, "27": {"type-based": -170.5301683397016, "geo-based": -153.35263558756736, "mixed": -128.86074179744904, "none": -204.55462819682393}, "28": {"type-based": -176.45592203151242, "geo-based": -158.70653492893683, "mixed": -132.93999310555571, "none": -212.13072553744703}, "29": {"type-based": -185.67203502051765, "geo-based": -164.07596308370242, "mixed": -140.32428079796878, "none": -219.70682287807014}, "30": {"type-based": -191.7043690555553, "geo-based": -169.8991024281534, "mixed": -144.94057514995208, "none": -227.28292021869325}, "31": {"type-based": -197.72915935141668, "geo-based": -177.52990448273627, "mixed": -151.3531956426366, "none": -234.85901755931636}, "32": {"type-based": -203.74687462049044, "geo-based": -184.17799517825844, "mixed": -156.76204707219577, "none": -242.43511489993946}, "33": {"type-based": -209.75794104614278, "geo-based": -190.98394267991526, "mixed": -162.31264503782458, "none": -250.01121224056257}, "34": {"type-based": -215.7627472946201, "geo-based": -196.80110129249965, "mixed": -166.85679830584778, "none": -257.5873095811857}}