{"0": {"type-based": 0, "geo-based": 0, "mixed": 0, "none": 0}, "1": {"type-based": -7.576097340623111, "geo-based": -7.576097340623111, "mixed": -7.576097340623111, "none": -7.576097340623111}, "2": {"type-based": -15.152194681246222, "geo-based": -15.152194681246222, "mixed": -15.152194681246222, "none": -15.152194681246222}, "3": {"type-based": -16.939362582529427, "geo-based": -24.985865867639816, "mixed": -20.010613101735313, "none": -22.728292021869333}, "4": {"type-based": -18.670743845207546, "geo-based": -32.46882695383382, "mixed": -22.058986260228785, "none": -30.304389362492444}, "5": {"type-based": -20.373012211902452, "geo-based": -40.10236618458513, "mixed": -24.182543968135736, "none": -37.88048670311555}}