{"0": {"type-based": 0, "geo-based": 0, "mixed": 0, "none": 0}, "1": {"type-based": -7.576097340623111, "geo-based": -7.576097340623111, "mixed": -7.576097340623111, "none": -7.576097340623111}, "2": {"type-based": -15.152194681246222, "geo-based": -15.152194681246222, "mixed": -15.152194681246222, "none": -15.152194681246222}, "3": {"type-based": -22.228327928866857, "geo-based": -21.532193304825416, "mixed": -21.065212006088068, "none": -22.728292021869333}, "4": {"type-based": -29.304353096326626, "geo-based": -27.536111023776947, "mixed": -26.608104779875404, "none": -30.304389362492444}, "5": {"type-based": -36.380324205817054, "geo-based": -33.467194703462155, "mixed": -32.081077483719696, "none": -37.88048670311555}, "6": {"type-based": -43.45626287479911, "geo-based": -39.10948292119643, "mixed": -37.26467711824359, "none": -45.45658404373866}, "7": {"type-based": -50.532179914388855, "geo-based": -45.187963239111504, "mixed": -42.88251618155862, "none": -53.032681384361766}, "8": {"type-based": -57.60808150324353, "geo-based": -51.421460995629644, "mixed": -48.65530286468186, "none": -60.60877872498487}, "9": {"type-based": -64.68397150340746, "geo-based": -57.331836415308985, "mixed": -54.10668615754583, "none": -68.18487606560798}, "10": {"type-based": -71.75985248976629, "geo-based": -62.67140954529778, "mixed": -58.988554718263565, "none": -75.76097340623109}, "11": {"type-based": -78.83572626484226, "geo-based": -67.9025292171424, "mixed": -63.760877285287236, "none": -83.3370707468542}, "12": {"type-based": -85.91159413961988, "geo-based": -73.14725341006745, "mixed": -68.54612715913454, "none": -90.9131680874773}, "13": {"type-based": -92.98745709737364, "geo-based": -78.31709026382897, "mixed": -73.25669198191503, "none": -98.48926542810041}, "14": {"type-based": -100.06331589449168, "geo-based": -83.39815880490397, "mixed": -77.87905492205441, "none": -106.06536276872352}, "15": {"type-based": -107.13917112529433, "geo-based": -88.51306764721289, "mixed": -82.53596117355856, "none": -113.64146010934662}, "16": {"type-based": -114.21502326524828, "geo-based": -93.67994505504167, "mixed": -87.24631311794144, "none": -121.21755744996973}, "17": {"type-based": -121.29087270067765, "geo-based": -98.76875877934788, "mixed": -91.88050785011266, "none": -128.79365479059285}, "18": {"type-based": -128.36671974973703, "geo-based": -103.51884512841823, "mixed": -96.17794032938662, "none": -136.36975213121596}, "19": {"type-based": -135.44256467755915, "geo-based": -108.63967413924446, "mixed": -100.84669080593, "none": -143.94584947183907}, "20": {"type-based": -142.51840770741654, "geo-based": -113.87060127400164, "mixed": -105.62870483945859, "none": -151.52194681246218}, "21": {"type-based": -149.5942490290931, "geo-based": -119.22506750705594, "mixed": -110.53806366453405, "none": -159.09804415308528}, "22": {"type-based": -156.67008880526248, "geo-based": -124.75973159773724, "mixed": -115.63187409650175, "none": -166.6741414937084}, "23": {"type-based": -163.74592717641687, "geo-based": -131.2200850839431, "mixed": -121.65618898267654, "none": -174.2502388343315}, "24": {"type-based": -170.82176426472444, "geo-based": -137.26670601844754, "mixed": -127.27308075260942, "none": -181.8263361749546}, "25": {"type-based": -177.8976001770832, "geo-based": -142.8621327843532, "mixed": -132.4428952154363, "none": -189.4024335155777}, "26": {"type-based": -184.97343500756406, "geo-based": -148.77105656663235, "mixed": -137.92917825636954, "none": -196.97853085620082}, "27": {"type-based": -192.04926883938415, "geo-based": -154.60627470999154, "mixed": -143.34452440175957, "none": -204.55462819682393}, "28": {"type-based": -199.12510174651476, "geo-based": -160.49444907297269, "mixed": -148.81478707769548, "none": -212.13072553744703}, "29": {"type-based": -206.20093379500196, "geo-based": -166.40928317407122, "mixed": -154.31336263263466, "none": -219.70682287807014}, "30": {"type-based": -213.27676504405986, "geo-based": -172.53714960900652, "mixed": -160.02639639679657, "none": -227.28292021869325}, "31": {"type-based": -220.3525955469814, "geo-based": -178.65476765311558, "mixed": -165.7303608404641, "none": -234.85901755931636}, "32": {"type-based": -227.42842535190232, "geo-based": -184.97588081175672, "mixed": -171.6386876041208, "none": -242.43511489993946}, "33": {"type-based": -234.5042545024459, "geo-based": -191.34935968895874, "mixed": -177.5997288344912, "none": -250.01121224056257}, "34": {"type-based": -241.5800830382697, "geo-based": -197.554167774945, "mixed": -183.39236583982813, "none": -257.5873095811857}, "35": {"type-based": -248.65591099553237, "geo-based": -203.80465197860386, "mixed": -189.23172264428237, "none": -265.1634069218088}, "36": {"type-based": -255.73173840729328, "geo-based": -209.93610914212192, "mixed": -194.9508896644073, "none": -272.7395042624319}, "37": {"type-based": -262.80756530385696, "geo-based": -216.1083928563299, "mixed": -200.7099938242107, "none": -280.31560160305503}, "38": {"type-based": -269.8833917130709, "geo-based": -221.8977497644771, "mixed": -206.08524218582292, "none": -287.89169894367814}, "39": {"type-based": -276.9592176605843, "geo-based": -227.64756741970027, "mixed": -211.42059814820968, "none": -295.46779628430124}, "40": {"type-based": -284.03504317007315, "geo-based": -233.3480564857756, "mixed": -216.70620526890485, "none": -303.04389362492435}, "41": {"type-based": -291.110868263438, "geo-based": -238.86474889848998, "mixed": -221.80764234541417, "none": -310.61999096554746}, "42": {"type-based": -298.186692960977, "geo-based": -244.48449570902645, "mixed": -227.0119750901121, "none": -318.19608830617057}, "43": {"type-based": -305.2625172815383, "geo-based": -249.70266495259037, "mixed": -231.81442828856277, "none": -325.7721856467937}, "44": {"type-based": -312.3383412426553, "geo-based": -254.92377966349616, "mixed": -236.61998683034327, "none": -333.3482829874168}, "45": {"type-based": -319.41416486066584, "geo-based": -260.06361195082667, "mixed": -241.3444511454026, "none": -340.9243803280399}, "46": {"type-based": -337.2044281415464, "geo-based": -265.22159260725704, "mixed": -256.80161173011925, "none": -348.500477668663}, "47": {"type-based": -344.28641233247026, "geo-based": -270.41444652201335, "mixed": -261.58359360380405, "none": -356.0765750092861}, "48": {"type-based": -351.3682626847649, "geo-based": -275.560273864646, "mixed": -266.3183320470266, "none": -363.6526723499092}, "49": {"type-based": -358.449984876782, "geo-based": -280.6577598212871, "mixed": -271.00450142474125, "none": -371.2287696905323}, "50": {"type-based": -365.53158423300727, "geo-based": -285.82341005111186, "mixed": -275.75870616606153, "none": -378.8048670311554}, "51": {"type-based": -372.613065752865, "geo-based": -291.0233618642045, "mixed": -280.5468880038762, "none": -386.38096437177853}, "52": {"type-based": -379.6944341366507, "geo-based": -296.26279943519296, "mixed": -285.37412307813025, "none": -393.95706171240164}, "53": {"type-based": -386.7756938089281, "geo-based": -301.45960222195623, "mixed": -290.1582185732784, "none": -401.53315905302475}, "54": {"type-based": -393.8568489396823, "geo-based": -306.6170600567513, "mixed": -294.90256780876877, "none": -409.10925639364785}, "55": {"type-based": -400.93790346348294, "geo-based": -311.83759908507994, "mixed": -299.7096381881958, "none": -416.68535373427096}, "56": {"type-based": -408.01886109687706, "geo-based": -317.0410634094485, "mixed": -304.49911424756004, "none": -424.26145107489407}, "57": {"type-based": -415.0997253542054, "geo-based": -322.2271237184526, "mixed": -309.2708239453298, "none": -431.8375484155172}, "58": {"type-based": -422.18049956200963, "geo-based": -327.39945373211657, "mixed": -314.02846540400003, "none": -439.4136457561403}, "59": {"type-based": -429.2611868721789, "geo-based": -332.47920921880706, "mixed": -318.6931886116033, "none": -446.9897430967634},