{"0": {"type-based": 0, "geo-based": 0, "mixed": 0, "none": 0}, "1": {"type-based": -7.576097340623111, "geo-based": -7.576097340623111, "mixed": -7.576097340623111, "none": -7.576097340623111}, "2": {"type-based": -15.152194681246222, "geo-based": -15.152194681246222, "mixed": -15.152194681246222, "none": -15.152194681246222}, "3": {"type-based": -29.185193630205795, "geo-based": -21.26524711238867, "mixed": -27.75155993381634, "none": -22.728292021869333}, "4": {"type-based": -36.50336411627767, "geo-based": -27.12530423354908, "mixed": -33.363369856187624, "none": -30.304389362492444}, "5": {"type-based": -43.707738549194794, "geo-based": -32.719402517832656, "mixed": -38.619965359507255, "none": -37.88048670311555}, "6": {"type-based": -50.87108127928278, "geo-based": -38.03734154677758, "mixed": -43.57017889902038, "none": -45.45658404373866}, "7": {"type-based": -58.013253688967104, "geo-based": -43.073839402029, "mixed": -48.22359939745091, "none": -53.032681384361766}, "8": {"type-based": -65.14250365012768, "geo-based": -47.96978684460592, "mixed": -52.72685530035837, "none": -60.60877872498487}, "9": {"type-based": -80.96272560333853, "geo-based": -52.74489768369692, "mixed": -65.80146356683458, "none": -68.18487606560798}, "10": {"type-based": -89.91755492707027, "geo-based": -57.410208579425294, "mixed": -71.8922543377775, "none": -75.76097340623109}, "11": {"type-based": -97.12301738782719, "geo-based": -62.003769300009075, "mixed": -76.15275448194184, "none": -83.3370707468542}, "12": {"type-based": -105.56336418221007, "geo-based": -66.52581911761511, "mixed": -81.57689367895857, "none": -90.9131680874773}, "13": {"type-based": -113.63330669044204, "geo-based": -70.96785521628176, "mixed": -86.54279905270266, "none": -98.48926542810041}, "14": {"type-based": -120.88985933032626, "geo-based": -75.31078158282425, "mixed": -90.58884101534923, "none": -106.06536276872352}, "15": {"type-based": -128.12552916622056, "geo-based": -79.70963258022647, "mixed": -94.66977330126677, "none": -113.64146010934662}, "16": {"type-based": -136.15544068131638, "geo-based": -84.05923922821857, "mixed": -99.49527726617144, "none": -121.21755744996973}, "17": {"type-based": -145.59731694256524, "geo-based": -88.42151517065963, "mixed": -105.7396537212925, "none": -128.79365479059285}, "18": {"type-based": -154.36740759424077, "geo-based": -92.80844488687319, "mixed": -111.33223312332743, "none": -136.36975213121596}, "19": {"type-based": -161.65424522332904, "geo-based": -97.14214397815299, "mixed": -115.38511475787577, "none": -143.94584947183907}, "20": {"type-based": -168.92187656656787, "geo-based": -101.41833025033489, "mixed": -119.36239899587628, "none": -151.52194681246218}, "21": {"type-based": -176.17351425933504, "geo-based": -105.64097885348694, "mixed": -123.27072063992794, "none": -159.09804415308528}, "22": {"type-based": -183.4116254617464, "geo-based": -109.81350603713763, "mixed": -127.11553557503588, "none": -166.6741414937084}, "23": {"type-based": -190.6381463432722, "geo-based": -113.97405745115162, "mixed": -130.93659211390272, "none": -174.2502388343315}, "24": {"type-based": -199.3948076789476, "geo-based": -118.52084219705213, "mixed": -136.67366076544633, "none": -181.8263361749546}, "25": {"type-based": -206.6251416924416, "geo-based": -122.76577437427822, "mixed": -140.58180290717505, "none": -189.4024335155777}, "26": {"type-based": -213.84588529714668, "geo-based": -127.38494467581108, "mixed": -144.85492917210013, "none": -196.97853085620082}, "27": {"type-based": -222.221174427454, "geo-based": -132.15063542590912, "mixed": -150.43160468286726, "none": -204.55462819682393}, "28": {"type-based": -230.42922493352543, "geo-based": -136.57373533293296, "mixed": -155.50015192013672, "none": -212.13072553744703}, "29": {"type-based": -237.671376810001, "geo-based": -140.7685633806004, "mixed": -159.37539823632142, "none": -219.70682287807014}, "30": {"type-based": -244.90447397784067, "geo-based": -144.9832472772557, "mixed": -163.2624395691674, "none": -227.28292021869325}, "31": {"type-based": -252.12945304763753, "geo-based": -149.1549100823969, "mixed": -167.09935000556382, "none": -234.85901755931636}, "32": {"type-based": -259.347112222593, "geo-based": -153.22706120961297, "mixed": -170.8303213733128, "none": -242.43511489993946}, "33": {"type-based": -266.5581373282771, "geo-based": -157.2772847553577, "mixed": -174.53339285676446, "none": -250.01121224056257}, "34": {"type-based": -273.76312199003974, "geo-based": -161.35396168135594, "mixed": -178.25736815377124, "none": -257.5873095811857}, "35": {"type-based": -280.9625834709638, "geo-based": -165.33539364221167, "mixed": -181.88116339980854, "none": -265.1634069218088}}