{"0": {"type-based": 0, "geo-based": 0, "mixed": 0, "none": 0}, "1": {"type-based": -7.576097340623111, "geo-based": -7.576097340623111, "mixed": -7.576097340623111, "none": -7.576097340623111}, "2": {"type-based": -15.152194681246222, "geo-based": -15.152194681246222, "mixed": -15.152194681246222, "none": -15.152194681246222}, "3": {"type-based": -22.228327928866857, "geo-based": -21.49698917677408, "mixed": -21.02875500769005, "none": -22.728292021869333}, "4": {"type-based": -29.304353096326626, "geo-based": -27.747967102510614, "mixed": -26.81809879852888, "none": -30.304389362492444}, "5": {"type-based": -36.380324205817054, "geo-based": -33.64762237425265, "mixed": -32.260515341888876, "none": -37.88048670311555}, "6": {"type-based": -43.45626287479911, "geo-based": -39.30108101686872, "mixed": -37.45863668550241, "none": -45.45658404373866}, "7": {"type-based": -50.532179914388855, "geo-based": -44.887958243812264, "mixed": -42.59027522324489, "none": -53.032681384361766}, "8": {"type-based": -57.60808150324353, "geo-based": -50.373011935249366, "mixed": -47.61733414663368, "none": -60.60877872498487}, "9": {"type-based": -64.68397150340746, "geo-based": -55.68541695854925, "mixed": -52.46863412573766, "none": -68.18487606560798}, "10": {"type-based": -71.75985248976629, "geo-based": -61.4892509336113, "mixed": -57.80789492695089, "none": -75.76097340623109}, "11": {"type-based": -78.83572626484226, "geo-based": -67.58956706799428, "mixed": -63.44304326646758, "none": -83.3370707468542}, "12": {"type-based": -85.91159413961988, "geo-based": -73.37691943597578, "mixed": -68.76713130271072, "none": -90.9131680874773}, "13": {"type-based": -92.98745709737364, "geo-based": -80.98595240844189, "mixed": -75.91429428485115, "none": -98.48926542810041}, "14": {"type-based": -100.06331589449168, "geo-based": -87.86559282523503, "mixed": -82.34240926921298, "none": -106.06536276872352}, "15": {"type-based": -107.13917112529433, "geo-based": -94.1514711957453, "mixed": -88.18135469737285, "none": -113.64146010934662}, "16": {"type-based": -114.21502326524828, "geo-based": -100.45427291153703, "mixed": -94.03925623668395, "none": -121.21755744996973}, "17": {"type-based": -121.29087270067765, "geo-based": -106.5889190144249, "mixed": -99.73010645256146, "none": -128.79365479059285}, "18": {"type-based": -128.36671974973703, "geo-based": -112.59828370850057, "mixed": -105.29608570858011, "none": -136.36975213121596}, "19": {"type-based": -135.44256467755915, "geo-based": -118.50869369481974, "mixed": -110.76314961333948, "none": -143.94584947183907}, "20": {"type-based": -142.51840770741654, "geo-based": -124.41929668166345, "mixed": -116.23024955213475, "none": -151.52194681246218}, "21": {"type-based": -149.5942490290931, "geo-based": -130.3021244677589, "mixed": -121.6694809766567, "none": -159.09804415308528}, "22": {"type-based": -156.67008880526248, "geo-based": -136.1821690771509, "mixed": -127.10581768782686, "none": -166.6741414937084}, "23": {"type-based": -163.74592717641687, "geo-based": -141.93069191181755, "mixed": -132.41026882470325, "none": -174.2502388343315}, "24": {"type-based": -170.82176426472444, "geo-based": -147.51996483931404, "mixed": -137.5552686106805, "none": -181.8263361749546}, "25": {"type-based": -177.8976001770832, "geo-based": -153.08924230658317, "mixed": -142.67995541938842, "none": -189.4024335155777}, "26": {"type-based": -184.97343500756406, "geo-based": -158.6877345531484, "mixed": -147.83356676898103, "none": -196.97853085620082}, "27": {"type-based": -192.04926883938415, "geo-based": -164.43577899483805, "mixed": -153.13661854285928, "none": -204.55462819682393}, "28": {"type-based": -199.12510174651476, "geo-based": -170.31610243015635, "mixed": -158.571483867216, "none": -212.13072553744703}, "29": {"type-based": -206.20093379500196, "geo-based": -176.07610504514804, "mixed": -163.8854345880386, "none": -219.70682287807014}, "30": {"type-based": -213.27676504405986, "geo-based": -181.63376128440055, "mixed": -168.99688005302792, "none": -227.28292021869325}, "31": {"type-based": -220.3525955469814, "geo-based": -187.06381581286752, "mixed": -173.98069568767923, "none": -234.85901755931636}, "32": {"type-based": -227.42842535190232, "geo-based": -192.4518185851336, "mixed": -178.92260041049377, "none": -242.43511489993946}, "33": {"type-based": -234.5042545024459, "geo-based": -197.8130280344825, "mixed": -183.83801811079445, "none": -250.01121224056257}, "34": {"type-based": -241.5800830382697, "geo-based": -203.74340783056982, "mixed": -189.32301885844888, "none": -257.5873095811857}, "35": {"type-based": -248.65591099553237, "geo-based": -209.97402793661797, "mixed": -195.10756331532545, "none": -265.1634069218088}, "36": {"type-based": -255.73173840729328, "geo-based": -216.12302031522262, "mixed": -200.8096623970602, "none": -272.7395042624319}, "37": {"type-based": -262.80756530385696, "geo-based": -221.5378974330845, "mixed": -205.77723916070863, "none": -280.31560160305503}, "38": {"type-based": -269.8833917130709, "geo-based": -227.03925641831117, "mixed": -210.83193704333905, "none": -287.89169894367814}, "39": {"type-based": -276.9592176605843, "geo-based": -232.56930337963482, "mixed": -215.9160112290419, "none": -295.46779628430124}, "40": {"type-based": -284.03504317007315, "geo-based": -238.30441948127182, "mixed": -221.2058617783366, "none": -303.04389362492435}, "41": {"type-based": -291.110868263438, "geo-based": -244.10308371151027, "mixed": -226.5596866461522, "none": -310.61999096554746}, "42": {"type-based": -298.186692960977, "geo-based": -249.8599748039152, "mixed": -231.87208665165963, "none": -318.19608830617057}, "43": {"type-based": -305.2625172815383, "geo-based": -255.57830211804324, "mixed": -237.14628518268236, "none": -325.7721856467937}, "44": {"type-based": -312.3383412426553, "geo-based": -261.30560462671497, "mixed": -242.42983187297747, "none": -333.3482829874168}, "45": {"type-based": -319.41416486066584, "geo-based": -266.99719420430625, "mixed": -247.67799549884285, "none": -340.9243803280399}, "46": {"type-based": -326.4899881508186, "geo-based": -272.6554205281862, "mixed": -252.89313500352677, "none": -348.500477668663}, "47": {"type-based": -333.5658111273679, "geo-based": -278.28232673291274, "mixed": -258.0773001029085, "none": -356.0765750092861}, "48": {"type-based": -340.64163380365824, "geo-based": -283.8939629280908, "mixed": -263.24654517954207, "none": -363.6526723499092}, "49": {"type-based": -347.7174561922, "geo-based": -289.53169168813173, "mixed": -268.4423117347408, "none": -371.2287696905323}, "50": {"type-based": -354.7932783047378, "geo-based": -295.1407110434507, "mixed": -273.6094864961763, "none": -378.8048670311554}, "51": {"type-based": -361.8691001523113, "geo-based": -300.7225703653091, "mixed": -278.749629990959, "none": -386.38096437177853}, "52": {"type-based": -368.9449217453112, "geo-based": -306.2786472495541, "mixed": -283.8641286598549, "none": -393.95706171240164}, "53": {"type-based": -376.02074309352844, "geo-based": -311.8101737076119, "mixed": -288.95422135734975, "none": -401.53315905302475}, "54": {"type-based": -383.0965642061999, "geo-based": -317.3513140908399, "mixed": -294.05407754253656, "none": -409.10925639364785}, "55": {"type-based": -390.1723850920493, "geo-based": -322.97116003287056, "mixed": -299.2328965378113, "none": -416.68535373427096}, "56": {"type-based": -397.24820575932443, "geo-based": -328.85086938124266, "mixed": -304.6718039401197, "none": -424.26145107489407}, "57": {"type-based": -404.3240262158314, "geo-based": -334.70764286351255, "mixed": -310.08749239291024, "none": -431.8375484155172}, "58": {"type-based": -411.3998464689654, "geo-based": -340.55318175891796, "mixed": -315.4918577155519, "none": -439.4136457561403}, "59": {"type-based": -418.47566652573914, "geo-based": -346.3957441404601, "mixed": -320.89329153268255, "none": -446.9897430967634}, "60": {"type-based": -425.5514863928088,