{"0": {"type-based": 0, "geo-based": 0, "mixed": 0, "none": 0}, "1": {"type-based": -7.576097340623111, "geo-based": -7.576097340623111, "mixed": -7.576097340623111, "none": -7.576097340623111}, "2": {"type-based": -15.152194681246222, "geo-based": -15.152194681246222, "mixed": -15.152194681246222, "none": -15.152194681246222}, "3": {"type-based": -20.950713215484743, "geo-based": -21.500957273856596, "mixed": -19.780331589118504, "none": -22.728292021869333}, "4": {"type-based": -26.74841243442691, "geo-based": -27.659827140090393, "mixed": -24.215967450241212, "none": -30.304389362492444}, "5": {"type-based": -32.54570164138144, "geo-based": -33.27138770880819, "mixed": -28.09400047680561, "none": -37.88048670311555}, "6": {"type-based": -38.34274472761719, "geo-based": -38.97816073710461, "mixed": -32.05961086050999, "none": -45.45658404373866}, "7": {"type-based": -44.13962368603931, "geo-based": -44.511417370598885, "mixed": -35.85587522820331, "none": -53.032681384361766}, "8": {"type-based": -49.93638538711455, "geo-based": -49.941516212736445, "mixed": -39.56485337111298, "none": -60.60877872498487}, "9": {"type-based": -55.733059132491405, "geo-based": -55.26406670538004, "mixed": -43.17985327609108, "none": -68.18487606560798}, "10": {"type-based": -61.52966446036002, "geo-based": -60.52589713905073, "mixed": -46.74490673344149, "none": -75.76097340623109}, "11": {"type-based": -67.32621504948315, "geo-based": -65.69825125386215, "mixed": -50.23127260699755, "none": -83.3370707468542}, "12": {"type-based": -73.12272084922651, "geo-based": -71.00824138471602, "mixed": -53.864097001962286, "none": -90.9131680874773}, "13": {"type-based": -78.91918932233216, "geo-based": -76.36848591006225, "mixed": -57.548256889035144, "none": -98.48926542810041}, "14": {"type-based": -84.71562620982972, "geo-based": -81.58975469239721, "mixed": -61.10325813879638, "none": -106.06536276872352}, "15": {"type-based": -90.51203602283259, "geo-based": -86.84475333557663, "mixed": -64.70437191214187, "none": -113.64146010934662}, "16": {"type-based": -96.30842237043974, "geo-based": -92.0130020167879, "mixed": -68.23225658644105, "none": -121.21755744996973}, "17": {"type-based": -102.10478818519066, "geo-based": -97.05557695086759, "mixed": -71.64654013321953, "none": -128.79365479059285}, "18": {"type-based": -107.90113588222323, "geo-based": -102.34858553030209, "mixed": -75.32205207159322, "none": -136.36975213121596}, "19": {"type-based": -113.69746747422994, "geo-based": -107.60181307672865, "mixed": -78.97258813444336, "none": -143.94584947183907}, "20": {"type-based": -119.49378465616753, "geo-based": -113.24652111655273, "mixed": -83.02654865228938, "none": -151.52194681246218}, "21": {"type-based": -125.29008886879336, "geo-based": -119.24273411578324, "mixed": -87.44724601681455, "none": -159.09804415308528}, "22": {"type-based": -131.08638134707618, "geo-based": -125.37960338697815, "mixed": -92.02211707164436, "none": -166.6741414937084}, "23": {"type-based": -136.8826631576065, "geo-based": -132.00067152464845, "mixed": -97.09263713578571, "none": -174.2502388343315}, "24": {"type-based": -142.67893522787523, "geo-based": -138.36522461715418, "mixed": -101.91599233562538, "none": -181.8263361749546}, "25": {"type-based": -148.47519836945366, "geo-based": -144.66280846455007, "mixed": -106.67964367110737, "none": -189.4024335155777}, "26": {"type-based": -154.27145329653808, "geo-based": -150.7880528020607, "mixed": -111.27780172005929, "none": -196.97853085620082}, "27": {"type-based": -160.0677006409284, "geo-based": -157.8899745875974, "mixed": -116.8595520484126, "none": -204.55462819682393}, "28": {"type-based": -165.86394096423365, "geo-based": -164.53518202297337, "mixed": -121.99296641334675, "none": -212.13072553744703}, "29": {"type-based": -171.66017476789784, "geo-based": -170.57897812209202, "mixed": -126.53233751190287, "none": -219.70682287807014}, "30": {"type-based": -177.45640250149768, "geo-based": -175.88445940968364, "mixed": -130.34078133956532, "none": -227.28292021869325}, "31": {"type-based": -183.25262456965737, "geo-based": -180.91399735899384, "mixed": -133.87993429900015, "none": -234.85901755931636}, "32": {"type-based": -189.04884133784833, "geo-based": -185.9512399973617, "mixed": -137.43257921116836, "none": -242.43511489993946}, "33": {"type-based": -194.84505313728275, "geo-based": -190.9190716047044, "mixed": -140.9214473942816, "none": -250.01121224056257}, "34": {"type-based": -200.64126026906578, "geo-based": -195.95686198338078, "mixed": -144.48573963851757, "none": -257.5873095811857}, "35": {"type-based": -206.4374630077372, "geo-based": -201.0305653244219, "mixed": -148.0912659787251, "none": -265.1634069218088}, "36": {"type-based": -212.23366160430703, "geo-based": -206.5056703802181, "mixed": -152.1030086569621, "none": -272.7395042624319}, "37": {"type-based": -218.02985628886992, "geo-based": -212.13606704325005, "mixed": -156.2761099708684, "none": -280.31560160305503}, "38": {"type-based": -223.82604727286594, "geo-based": -218.41642328814797, "mixed": -161.1050420418864, "none": -287.89169894367814}, "39": {"type-based": -229.62223475104395, "geo-based": -224.85599605140285, "mixed": -166.09870330540076, "none": -295.46779628430124}, "40": {"type-based": -235.41841890317357, "geo-based": -231.13503840958882, "mixed": -170.93374989096927, "none": -303.04389362492435}, "41": {"type-based": -241.21459989554282, "geo-based": -237.25601644325033, "mixed": -175.6111614935659, "none": -310.61999096554746}, "42": {"type-based": -247.01077788227326, "geo-based": -242.801882801927, "mixed": -179.71383819494073, "none": -318.19608830617057}, "43": {"type-based": -252.8069530064788, "geo-based": -248.06506559221754, "mixed": -183.53593004975306, "none": -325.7721856467937}}