{"0": {"type-based": 0, "geo-based": 0, "mixed": 0, "none": 0}, "1": {"type-based": -7.576097340623111, "geo-based": -7.576097340623111, "mixed": -7.576097340623111, "none": -7.576097340623111}, "2": {"type-based": -15.152194681246222, "geo-based": -15.152194681246222, "mixed": -15.152194681246222, "none": -15.152194681246222}, "3": {"type-based": -20.950713215484743, "geo-based": -21.500957273856596, "mixed": -19.780331589118504, "none": -22.728292021869333}, "4": {"type-based": -26.74841243442691, "geo-based": -27.659827140090393, "mixed": -24.215967450241212, "none": -30.304389362492444}, "5": {"type-based": -32.54570164138144, "geo-based": -33.27138770880819, "mixed": -28.09400047680561, "none": -37.88048670311555}, "6": {"type-based": -38.34274472761719, "geo-based": -38.97816073710461, "mixed": -32.05961086050999, "none": -45.45658404373866}, "7": {"type-based": -44.13962368603931, "geo-based": -45.23334780529664, "mixed": -36.57780566290107, "none": -53.032681384361766}, "8": {"type-based": -49.93638538711455, "geo-based": -51.16907086978357, "mixed": -40.79004659767349, "none": -60.60877872498487}, "9": {"type-based": -55.733059132491405, "geo-based": -57.145629990846565, "mixed": -45.053419622072575, "none": -68.18487606560798}, "10": {"type-based": -61.52966446036002, "geo-based": -62.7911868102831, "mixed": -49.001098395390535, "none": -75.76097340623109}, "11": {"type-based": -67.32621504948315, "geo-based": -68.17062202174395, "mixed": -52.6975357719964, "none": -83.3370707468542}, "12": {"type-based": -73.12272084922651, "geo-based": -73.47194136811389, "mixed": -56.32776393193099, "none": -90.9131680874773}, "13": {"type-based": -78.91918932233216, "geo-based": -78.7186898178474, "mixed": -59.91369610433263, "none": -98.48926542810041}, "14": {"type-based": -84.71562620982972, "geo-based": -83.8874891759696, "mixed": -63.430789324004465, "none": -106.06536276872352}, "15": {"type-based": -90.51203602283259, "geo-based": -89.12822078116372, "mixed": -67.03200277474237, "none": -113.64146010934662}, "16": {"type-based": -96.30842237043974, "geo-based": -94.28183174376346, "mixed": -70.55961169190928, "none": -121.21755744996973}, "17": {"type-based": -102.10478818519066, "geo-based": -99.38688138551174, "mixed": -74.05093168853413, "none": -128.79365479059285}, "18": {"type-based": -107.90113588222323, "geo-based": -104.30726960549751, "mixed": -77.36884430748644, "none": -136.36975213121596}, "19": {"type-based": -113.69746747422994, "geo-based": -109.73313161281021, "mixed": -81.19786137152813, "none": -143.94584947183907}, "20": {"type-based": -119.49378465616753, "geo-based": -115.23492055881718, "mixed": -85.11595210495294, "none": -151.52194681246218}, "21": {"type-based": -125.29008886879336, "geo-based": -120.37252069538567, "mixed": -88.68329581293027, "none": -159.09804415308528}, "22": {"type-based": -131.08638134707618, "geo-based": -125.67161091128025, "mixed": -92.42304584583383, "none": -166.6741414937084}, "23": {"type-based": -136.8826631576065, "geo-based": -131.35410280825593, "mixed": -96.55745219392146, "none": -174.2502388343315}, "24": {"type-based": -142.67893522787523, "geo-based": -137.26755027152356, "mixed": -100.93651582140514, "none": -181.8263361749546}, "25": {"type-based": -148.47519836945366, "geo-based": -143.32378819011612, "mixed": -105.47087794528794, "none": -189.4024335155777}, "26": {"type-based": -154.27145329653808, "geo-based": -148.82007335212637, "mixed": -109.45608033892486, "none": -196.97853085620082}, "27": {"type-based": -160.0677006409284, "geo-based": -154.11477637897002, "mixed": -113.24798683089476, "none": -204.55462819682393}, "28": {"type-based": -165.86394096423365, "geo-based": -159.65019180730076, "mixed": -117.28792184516875, "none": -212.13072553744703}, "29": {"type-based": -171.66017476789784, "geo-based": -165.38460046788452, "mixed": -121.53365610126383, "none": -219.70682287807014}, "30": {"type-based": -177.45640250149768, "geo-based": -171.0688132321761, "mixed": -125.73537433331481, "none": -227.28292021869325}, "31": {"type-based": -183.25262456965737, "geo-based": -177.05477951880115, "mixed": -130.24473140739502, "none": -234.85901755931636}, "32": {"type-based": -189.04884133784833, "geo-based": -183.03367118274844, "mixed": -134.75241377573172, "none": -242.43511489993946}, "33": {"type-based": -194.84505313728275, "geo-based": -189.3420544718162, "mixed": -139.59484564396405, "none": -250.01121224056257}, "34": {"type-based": -200.64126026906578, "geo-based": -195.47441930752984, "mixed": -144.26573572140074, "none": -257.5873095811857}, "35": {"type-based": -206.4374630077372, "geo-based": -201.68243368901207, "mixed": -149.0168063895456, "none": -265.1634069218088}, "36": {"type-based": -212.23366160430703, "geo-based": -207.7570797741809, "mixed": -153.6401911691097, "none": -272.7395042624319}, "37": {"type-based": -218.02985628886992, "geo-based": -213.72050182930897, "mixed": -158.15706066257138, "none": -280.31560160305503}, "38": {"type-based": -223.82604727286594, "geo-based": -218.88701183262452, "mixed": -161.88099136303646, "none": -287.89169894367814}, "39": {"type-based": -229.62223475104395, "geo-based": -224.37971245164468, "mixed": -165.9300456389573, "none": -295.46779628430124}, "40": {"type-based": -235.41841890317357, "geo-based": -229.9011795112224, "mixed": -170.01192432905015, "none": -303.04389362492435}}