{"0": {"type-based": 0, "geo-based": 0, "mixed": 0, "none": 0}, "1": {"type-based": -7.576097340623111, "geo-based": -7.576097340623111, "mixed": -7.576097340623111, "none": -7.576097340623111}, "2": {"type-based": -15.152194681246222, "geo-based": -15.152194681246222, "mixed": -15.152194681246222, "none": -15.152194681246222}, "3": {"type-based": -27.846697023549414, "geo-based": -21.169449441883515, "mixed": -26.142507519969044, "none": -22.728292021869333}, "4": {"type-based": -35.164867509621295, "geo-based": -26.810022681390727, "mixed": -31.53483356068713, "none": -30.304389362492444}, "5": {"type-based": -42.369241942538416, "geo-based": -32.217174017034225, "mixed": -36.60492661894843, "none": -37.88048670311555}, "6": {"type-based": -57.53928551806676, "geo-based": -37.44117985893081, "mixed": -49.46975779712981, "none": -45.45658404373866}, "7": {"type-based": -65.88206609409647, "geo-based": -42.497889312769686, "mixed": -55.33206295461973, "none": -53.032681384361766}, "8": {"type-based": -73.20224896890232, "geo-based": -47.43925737776546, "mixed": -60.04614459667641, "none": -60.60877872498487}, "9": {"type-based": -81.15961787988547, "geo-based": -52.269523863644906, "mixed": -65.29339389260635, "none": -68.18487606560798}, "10": {"type-based": -88.76765097057067, "geo-based": -56.99039783385482, "mixed": -70.0722144253981, "none": -75.76097340623109}, "11": {"type-based": -96.14108144816292, "geo-based": -61.58973004035938, "mixed": -74.48532154857219, "none": -83.3370707468542}, "12": {"type-based": -103.46166663667132, "geo-based": -66.18897612684833, "mixed": -78.85041871734299, "none": -90.9131680874773}, "13": {"type-based": -110.74540037689047, "geo-based": -70.79780848166925, "mixed": -83.19052635035283, "none": -98.48926542810041}, "14": {"type-based": -118.00195301677469, "geo-based": -75.26920360394101, "mixed": -87.36603693845586, "none": -106.06536276872352}, "15": {"type-based": -125.93064505666189, "geo-based": -79.68675316463711, "mixed": -92.16025194710039, "none": -113.64146010934662}, "16": {"type-based": -135.27407537768687, "geo-based": -84.10872762863355, "mixed": -98.36736421345374, "none": -121.21755744996973}, "17": {"type-based": -143.9478537216192, "geo-based": -88.54293734523343, "mixed": -103.91201521662441, "none": -128.79365479059285}, "18": {"type-based": -151.25819123372287, "geo-based": -92.92168920379875, "mixed": -108.03421659646162, "none": -136.36975213121596}, "19": {"type-based": -158.54502886281114, "geo-based": -97.27591900745585, "mixed": -112.11025559805464, "none": -143.94584947183907}, "20": {"type-based": -165.81266020604997, "geo-based": -101.75719464780249, "mixed": -116.2953670767574, "none": -151.52194681246218}, "21": {"type-based": -174.3633385101162, "geo-based": -106.40216816566114, "mixed": -121.92873332399063, "none": -159.09804415308528}, "22": {"type-based": -181.63197455663212, "geo-based": -110.92738538421331, "mixed": -126.15908823781744, "none": -166.6741414937084}, "23": {"type-based": -188.88588936589753, "geo-based": -115.36780529411448, "mixed": -130.29199478286424, "none": -174.2502388343315}, "24": {"type-based": -196.12717602907566, "geo-based": -119.9562612284919, "mixed": -134.56206235309483, "none": -181.8263361749546}, "25": {"type-based": -204.38700090576867, "geo-based": -124.67903542940591, "mixed": -139.98754067475343, "none": -189.4024335155777}, "26": {"type-based": -212.48141368508905, "geo-based": -129.09668090324826, "mixed": -144.94328676910652, "none": -196.97853085620082}, "27": {"type-based": -219.74521987933267, "geo-based": -133.3223789311191, "mixed": -148.87662472777117, "none": -204.55462819682393}, "28": {"type-based": -226.99753553238364, "geo-based": -137.5048384182632, "mixed": -152.7564260434963, "none": -212.13072553744703}, "29": {"type-based": -234.2396874088592, "geo-based": -141.68586311819215, "mixed": -156.62562606003246, "none": -219.70682287807014}, "30": {"type-based": -241.47278457669887, "geo-based": -145.843778874291, "mixed": -160.46372083988078, "none": -227.28292021869325}, "31": {"type-based": -248.69776364649573, "geo-based": -149.96243707345968, "mixed": -164.25529944733088, "none": -234.85901755931636}, "32": {"type-based": -255.91542282145122, "geo-based": -154.04379020973553, "mixed": -168.00300097504834, "none": -242.43511489993946}, "33": {"type-based": -263.1264479271353, "geo-based": -158.03674565829542, "mixed": -171.6563270948434, "none": -250.01121224056257}, "34": {"type-based": -270.33143258889794, "geo-based": -162.0051733641502, "mixed": -175.27952192201363, "none": -257.5873095811857}}