{"0": {"type-based": 0, "geo-based": 0, "mixed": 0, "none": 0}, "1": {"type-based": -7.576097340623111, "geo-based": -7.576097340623111, "mixed": -7.576097340623111, "none": -7.576097340623111}, "2": {"type-based": -15.152194681246222, "geo-based": -15.152194681246222, "mixed": -15.152194681246222, "none": -15.152194681246222}, "3": {"type-based": -27.846697023549414, "geo-based": -21.169449441883515, "mixed": -26.142507519969044, "none": -22.728292021869333}, "4": {"type-based": -35.164867509621295, "geo-based": -26.82715026281284, "mixed": -31.551961142109242, "none": -30.304389362492444}, "5": {"type-based": -42.369241942538416, "geo-based": -32.23228870024383, "mixed": -36.62006951730767, "none": -37.88048670311555}, "6": {"type-based": -49.5325846726264, "geo-based": -37.409780980948334, "mixed": -41.431627763151134, "none": -45.45658404373866}, "7": {"type-based": -64.96905669116796, "geo-based": -42.468514929187606, "mixed": -54.40454122940248, "none": -53.032681384361766}, "8": {"type-based": -72.17424718796025, "geo-based": -47.41859062459799, "mixed": -59.02904668243614, "none": -60.60877872498487}, "9": {"type-based": -80.96350934093492, "geo-based": -52.259215394602606, "mixed": -65.13130340474453, "none": -68.18487606560798}, "10": {"type-based": -89.10898693537558, "geo-based": -56.976923152414194, "mixed": -70.4577959177001, "none": -75.76097340623109}, "11": {"type-based": -96.38505991543593, "geo-based": -61.57104711131295, "mixed": -74.78224949939718, "none": -83.3370707468542}, "12": {"type-based": -103.63042361966957, "geo-based": -66.17558071385177, "mixed": -79.08889921816768, "none": -90.9131680874773}, "13": {"type-based": -110.85325869836473, "geo-based": -70.79071489880184, "mixed": -83.38371470229451, "none": -98.48926542810041}, "14": {"type-based": -118.05885713036336, "geo-based": -75.22318119355342, "mixed": -87.47692841534064, "none": -106.06536276872352}, "15": {"type-based": -126.34923049441139, "geo-based": -79.64812262764339, "mixed": -92.64557906495192, "none": -113.64146010934662}, "16": {"type-based": -133.56835065710737, "geo-based": -83.98397528392209, "mixed": -96.64735254538701, "none": -121.21755744996973}, "17": {"type-based": -140.7740306684151, "geo-based": -88.25650604917094, "mixed": -100.57136410738424, "none": -128.79365479059285}, "18": {"type-based": -150.36556467765266, "geo-based": -92.5659213028734, "mixed": -106.91665349956415, "none": -136.36975213121596}, "19": {"type-based": -159.2824392337239, "geo-based": -96.90395554710767, "mixed": -112.61112543490567, "none": -143.94584947183907}, "20": {"type-based": -166.512644907248, "geo-based": -101.19256894917186, "mixed": -116.56617769120284, "none": -151.52194681246218}, "21": {"type-based": -173.730857604679, "geo-based": -105.42660000692722, "mixed": -120.45461225114491, "none": -159.09804415308528}, "22": {"type-based": -180.9388086900058, "geo-based": -110.27811352644284, "mixed": -124.94989549009877, "none": -166.6741414937084}, "23": {"type-based": -188.137879404918, "geo-based": -116.03812679241969, "mixed": -130.34791257873474, "none": -174.2502388343315}, "24": {"type-based": -195.32918940848066, "geo-based": -121.66051581668053, "mixed": -135.6066238790985, "none": -181.8263361749546}, "25": {"type-based": -204.18736462166697, "geo-based": -126.05463148453269, "mixed": -141.30754283177225, "none": -189.4024335155777}, "26": {"type-based": -212.7704677534304, "geo-based": -130.3978985884406, "mixed": -146.68104790999428, "none": -196.97853085620082}, "27": {"type-based": -221.36594258878966, "geo-based": -134.99149397623577, "mixed": -152.31601347595105, "none": -204.55462819682393}, "28": {"type-based": -229.75341696364026, "geo-based": -139.3256516587578, "mixed": -157.48398240492287, "none": -212.13072553744703}, "29": {"type-based": -236.99274669394256, "geo-based": -143.48308135125995, "mixed": -161.3269406258402, "none": -219.70682287807014}, "30": {"type-based": -244.22316374483432, "geo-based": -147.60315600358297, "mixed": -165.12446222691298, "none": -227.28292021869325}, "31": {"type-based": -251.4455911161676, "geo-based": -151.69758995927606, "mixed": -168.889059731675, "none": -234.85901755931636}, "32": {"type-based": -258.6608152674321, "geo-based": -155.65005437250696, "mixed": -172.50500988528458, "none": -242.43511489993946}, "33": {"type-based": -265.8695118209709, "geo-based": -159.4749092181702, "mixed": -175.98660553301548, "none": -250.01121224056257}}