{"0": {"type-based": 0, "geo-based": 0, "mixed": 0, "none": 0}, "1": {"type-based": -7.576097340623111, "geo-based": -7.576097340623111, "mixed": -7.576097340623111, "none": -7.576097340623111}, "2": {"type-based": -15.152194681246222, "geo-based": -15.152194681246222, "mixed": -15.152194681246222, "none": -15.152194681246222}, "3": {"type-based": -22.473673249789684, "geo-based": -21.88704015531909, "mixed": -21.63080076978914, "none": -22.728292021869333}, "4": {"type-based": -29.679903348827583, "geo-based": -28.358835091253926, "mixed": -27.71657050272681, "none": -30.304389362492444}, "5": {"type-based": -36.844535586040955, "geo-based": -34.67554844327933, "mixed": -33.59556518857689, "none": -37.88048670311555}, "6": {"type-based": -43.987696050032454, "geo-based": -40.81096926293886, "mixed": -39.26552103608386, "none": -45.45658404373866}, "7": {"type-based": -51.11774685038712, "geo-based": -46.810987954045665, "mixed": -44.78215020762343, "none": -53.032681384361766}, "8": {"type-based": -58.23896067173646, "geo-based": -52.67552876241948, "mixed": -50.1505355089795, "none": -60.60877872498487}, "9": {"type-based": -65.3538138444742, "geo-based": -58.42960652267462, "mixed": -55.398241503938365, "none": -68.18487606560798}, "10": {"type-based": -81.45119145127015, "geo-based": -64.08809077877078, "mixed": -69.52939240131853, "none": -75.76097340623109}, "11": {"type-based": -88.58804188939112, "geo-based": -69.66449299425234, "mixed": -74.61467505432483, "none": -83.3370707468542}, "12": {"type-based": -97.91462796319522, "geo-based": -75.18561059765645, "mixed": -81.83225737693493, "none": -90.9131680874773}, "13": {"type-based": -105.06825952545945, "geo-based": -80.63593358940228, "mixed": -86.80326123015294, "none": -98.48926542810041}, "14": {"type-based": -121.42481688342683, "geo-based": -86.04343612542397, "mixed": -100.93282746797695, "none": -106.06536276872352}, "15": {"type-based": -128.57549293147275, "geo-based": -91.41103919697758, "mixed": -105.82882191641407, "none": -113.64146010934662}, "16": {"type-based": -145.02533186946062, "geo-based": -96.75097496386678, "mixed": -119.99429566061146, "none": -121.21755744996973}, "17": {"type-based": -152.16978812211028, "geo-based": -102.10640118416649, "mixed": -124.8695933661585, "none": -128.79365479059285}, "18": {"type-based": -159.3087008182618, "geo-based": -107.41626410526798, "mixed": -129.69251075282617, "none": -136.36975213121596}, "19": {"type-based": -166.44289862368754, "geo-based": -112.69767765712699, "mixed": -134.4811093517903, "none": -143.94584947183907}, "20": {"type-based": -173.57303727654283, "geo-based": -117.95603267000259, "mixed": -139.24154714622858, "none": -151.52194681246218}, "21": {"type-based": -183.40676194878088, "geo-based": -123.10373400805757, "mixed": -146.59393351136666, "none": -159.09804415308528}, "22": {"type-based": -200.1667089069609, "geo-based": -128.2078116606016, "mixed": -160.82802648268816, "none": -166.6741414937084}, "23": {"type-based": -210.02037172187946, "geo-based": -133.27974331659738, "mixed": -168.12174132936633, "none": -174.2502388343315}, "24": {"type-based": -219.18385152858136, "geo-based": -138.32070790355306, "mixed": -174.69237719043795, "none": -181.8263361749546}, "25": {"type-based": -228.34978982327274, "geo-based": -143.3245134111177, "mixed": -181.2264054016822, "none": -189.4024335155777}, "26": {"type-based": -235.51505953757274, "geo-based": -148.30383010862394, "mixed": -185.7349043729537, "none": -196.97853085620082}, "27": {"type-based": -244.3486723913375, "geo-based": -153.242063804885, "mixed": -191.869696448387, "none": -204.55462819682393}, "28": {"type-based": -253.60041994190266, "geo-based": -158.16130275008132, "mixed": -198.4032441307536, "none": -212.13072553744703}, "29": {"type-based": -270.4692215709855, "geo-based": -163.14989266984483, "mixed": -212.62243701151186, "none": -219.70682287807014}, "30": {"type-based": -277.65992699264973, "geo-based": -168.05143407005596, "mixed": -217.07610531147162, "none": -227.28292021869325}, "31": {"type-based": -284.8442275195245, "geo-based": -173.08635555699956, "mixed": -221.65645507611458, "none": -234.85901755931636}, "32": {"type-based": -294.9122279339318, "geo-based": -178.17510298296142, "mixed": -229.1743755400123, "none": -242.43511489993946}, "33": {"type-based": -303.8847368993961, "geo-based": -183.0918629780412, "mixed": -235.43243035709284, "none": -250.01121224056257}, "34": {"type-based": -311.0795748406213, "geo-based": -188.0584021631157, "mixed": -239.96221186702456, "none": -257.5873095811857}, "35": {"type-based": -318.2684893726264, "geo-based": -192.850503321551, "mixed": -244.31135541646685, "none": -265.1634069218088}, "36": {"type-based": -325.45204264043105, "geo-based": -197.89753252843536, "mixed": -248.9094071305796, "none": -272.7395042624319}, "37": {"type-based": -332.6307203237548, "geo-based": -202.9136790059175, "mixed": -253.47180279484394, "none": -280.31560160305503}, "38": {"type-based": -339.80494491430954, "geo-based": -207.88129202103187, "mixed": -257.98132587597433, "none": -287.89169894367814}, "39": {"type-based": -346.97508622915086, "geo-based": -212.82101534152326, "mixed": -262.4589895583637, "none": -295.46779628430124}, "40": {"type-based": -354.1414698233835, "geo-based": -217.62306923150288, "mixed": -266.79535048721146, "none": -303.04389362492435}, "41": {"type-based": -361.3043837868387, "geo-based": -222.47016018501077, "mixed": -271.1731981443028, "none": -310.61999096554746}, "42": {"type-based": -368.46408428366385, "geo-based": -227.88876779497053, "mixed": -276.1194308803473, "none": -318.19608830617057}, "43": {"type-based": -377.53012967650517, "geo-based": -233.30505035095334, "mixed": -282.97045537724966, "none": -325.7721856467937}, "44": {"type-based": -384.6944964783277, "geo-based": -238.86041239029777, "mixed": -288.06064473939983, "none": -333.3482829874168}, "45": {"type-based": -391.8558320158021, "geo-based": -244.7421693184489, "mixed": -293.4757913116391, "none": -340.9243803280399}, "46": {"type-based": -401.68802030711555, "geo-based": -250.8789821889813, "mixed": -301.8186457641887, "none": -348.500477668663}, "47": {"type-based": -408.8480805124898, "geo-based": -257.1003745792277, "mixed": -307.5793563560261, "none": -356.0765750092861}, "48": {"type-based": -416.0054438474839, "geo-based": -263.4153266286396, "mixed": -313.4322540979634, "none": -363.6526723499092}, "49": {"type-based": -425.20775282881726, "geo-based": -269.7283320394313, "mixed": -321.3306004438696, "none": -371.2287696905323}}