{"0": {"type-based": 0, "geo-based": 0, "mixed": 0, "none": 0}, "1": {"type-based": -7.576097340623111, "geo-based": -7.576097340623111, "mixed": -7.576097340623111, "none": -7.576097340623111}, "2": {"type-based": -15.152194681246222, "geo-based": -15.152194681246222, "mixed": -15.152194681246222, "none": -15.152194681246222}, "3": {"type-based": -22.228327928866857, "geo-based": -21.532193304825416, "mixed": -21.065212006088068, "none": -22.728292021869333}, "4": {"type-based": -29.304353096326626, "geo-based": -27.536111023776947, "mixed": -26.608104779875404, "none": -30.304389362492444}, "5": {"type-based": -36.380324205817054, "geo-based": -33.42830288932316, "mixed": -32.04218566958071, "none": -37.88048670311555}, "6": {"type-based": -43.45626287479911, "geo-based": -39.11971240210174, "mixed": -37.27463291300926, "none": -45.45658404373866}, "7": {"type-based": -50.532179914388855, "geo-based": -45.19819272001718, "mixed": -42.89247197632467, "none": -53.032681384361766}, "8": {"type-based": -57.60808150324353, "geo-based": -51.43169047653964, "mixed": -48.66525865945228, "none": -60.60877872498487}, "9": {"type-based": -64.68397150340746, "geo-based": -57.753627405196106, "mixed": -54.52820346129338, "none": -68.18487606560798}, "10": {"type-based": -71.75985248976629, "geo-based": -63.87672626231545, "mixed": -60.19498232620728, "none": -75.76097340623109}, "11": {"type-based": -78.83572626484226, "geo-based": -69.79945063566895, "mixed": -65.66318960626437, "none": -83.3370707468542}, "12": {"type-based": -85.91159413961988, "geo-based": -76.25960877077073, "mixed": -71.66970374385924, "none": -90.9131680874773}, "13": {"type-based": -92.98745709737364, "geo-based": -82.52901128419303, "mixed": -77.48867165603002, "none": -98.48926542810041}, "14": {"type-based": -100.06331589449168, "geo-based": -87.85307158995253, "mixed": -82.36483878546366, "none": -106.06536276872352}, "15": {"type-based": -107.13917112529433, "geo-based": -92.995054247634, "mixed": -87.05884550384742, "none": -113.64146010934662}, "16": {"type-based": -114.21502326524828, "geo-based": -98.05150033241655, "mixed": -91.66701184299757, "none": -121.21755744996973}, "17": {"type-based": -121.29087270067765, "geo-based": -103.06922234561313, "mixed": -96.23649506893238, "none": -128.79365479059285}, "18": {"type-based": -128.36671974973703, "geo-based": -108.14419295307593, "mixed": -100.86361811343683, "none": -136.36975213121596}, "19": {"type-based": -135.44256467755915, "geo-based": -113.17011938740119, "mixed": -105.44277746778889, "none": -143.94584947183907}, "20": {"type-based": -142.51840770741654, "geo-based": -118.03466319202114, "mixed": -109.86180710585833, "none": -151.52194681246218}, "21": {"type-based": -149.5942490290931, "geo-based": -122.90204672231954, "mixed": -114.28444460755162, "none": -159.09804415308528}, "22": {"type-based": -156.67008880526248, "geo-based": -127.6731883133499, "mixed": -118.61205901964621, "none": -166.6741414937084}, "23": {"type-based": -163.74592717641687, "geo-based": -132.63521498067382, "mixed": -123.13150474251916, "none": -174.2502388343315}, "24": {"type-based": -170.82176426472444, "geo-based": -137.68009481487576, "mixed": -127.73599217292684, "none": -181.8263361749546}, "25": {"type-based": -177.8976001770832, "geo-based": -142.8318214383837, "mixed": -132.4499115914087, "none": -189.4024335155777}, "26": {"type-based": -184.97343500756406, "geo-based": -148.1904068091717, "mixed": -137.37359111874244, "none": -196.97853085620082}, "27": {"type-based": -192.04926883938415, "geo-based": -152.8322583517244, "mixed": -141.58393211240463, "none": -204.55462819682393}, "28": {"type-based": -199.12510174651476, "geo-based": -158.48826352250714, "mixed": -146.80946094504898, "none": -212.13072553744703}, "29": {"type-based": -206.20093379500196, "geo-based": -164.36819375299234, "mixed": -152.26207573220645, "none": -219.70682287807014}, "30": {"type-based": -213.27676504405986, "geo-based": -170.26067315311604, "mixed": -157.7302845788907, "none": -227.28292021869325}, "31": {"type-based": -220.3525955469814, "geo-based": -176.12278556057456, "mixed": -163.17062144837297, "none": -234.85901755931636}, "32": {"type-based": -227.42842535190232, "geo-based": -182.61263501063127, "mixed": -169.24155000113237, "none": -242.43511489993946}, "33": {"type-based": -234.5042545024459, "geo-based": -189.05864611903627, "mixed": -175.27023589530037, "none": -250.01121224056257}, "34": {"type-based": -241.5800830382697, "geo-based": -195.71967326270686, "mixed": -181.51508403205003, "none": -257.5873095811857}, "35": {"type-based": -248.65591099553237, "geo-based": -202.42647873199843, "mixed": -187.8062248176081, "none": -265.1634069218088}, "36": {"type-based": -255.73173840729328, "geo-based": -208.94219933704716, "mixed": -193.90661470486984, "none": -272.7395042624319}, "37": {"type-based": -262.80756530385696, "geo-based": -214.52632635682866, "mixed": -199.07645972183187, "none": -280.31560160305503}, "38": {"type-based": -269.8833917130709, "geo-based": -220.1187924123165, "mixed": -204.2548104754995, "none": -287.89169894367814}, "39": {"type-based": -276.9592176605843, "geo-based": -225.42474567156415, "mixed": -209.1468064792653, "none": -295.46779628430124}, "40": {"type-based": -284.03504317007315, "geo-based": -230.79075463203233, "mixed": -214.0995890310898, "none": -303.04389362492435}, "41": {"type-based": -291.110868263438, "geo-based": -235.94273125701616, "mixed": -218.83906314961814, "none": -310.61999096554746}, "42": {"type-based": -298.186692960977, "geo-based": -241.50174573940697, "mixed": -223.98630530777314, "none": -318.19608830617057}, "43": {"type-based": -305.2625172815383, "geo-based": -247.19247338519259, "mixed": -229.2645534076831, "none": -325.7721856467937}, "44": {"type-based": -312.3383412426553, "geo-based": -253.1013624764686, "mixed": -234.75979545361395, "none": -333.3482829874168}, "45": {"type-based": -319.41416486066584, "geo-based": -258.46070245106046, "mixed": -239.7040553251003, "none": -340.9243803280399}, "46": {"type-based": -326.4899881508186, "geo-based": -263.8998664623115, "mixed": -244.72754780968222, "none": -348.500477668663}, "47": {"type-based": -333.5658111273679, "geo-based": -269.13085469597746, "mixed": -249.5420895596122, "none": -356.0765750092861}, "48": {"type-based": -340.64163380365824, "geo-based": -274.3546101807667, "mixed": -254.34906951903574, "none": -363.6526723499092}, "49": {"type-based": -347.7174561922, "geo-based": -279.53663775227307, "mixed": -259.1139851792185, "none": -371.2287696905323}, "50": {"type-based": -354.7932783047378, "geo-based": -284.70460554453103, "mixed": -263.864590212646, "none": -378.8048670311554}, "51": {"type-based": -361.8691001523113, "geo-based": -289.8214315766381, "mixed": -268.56382974013223, "none": -386.38096437177853}, "52": {"type-based": -368.9449217453112, "geo-based": -295.0059847024197, "mixed": -273.33070614293763, "none": -393.95706171240164}, "53": {"type-based": -376.02074309352844, "geo-based": -300.0487821329119, "mixed": -277.95558408943185, "none": -401.53315905302475}, "54": {"type-based": -383.0965642061999, "geo-based": -305.0573453667304, "mixed": -282.5462885810222, "none": -409.10925639364785}, "55": {"type-based": -390.1723850920493, "geo-based": -311.0367525058127, "mixed": -288.1079753851591, "none": -416.68535373427096}, "56": {"type-based": -397.24820575932443, "geo-based": -316.90335275258707, "mixed": -293.55553336394496, "none": -424.26145107489407}, "57": {"type-based": -404.3240262158314, "geo-based": -322.6711285198999, "mixed": -298.90334471339884, "none": -431.8375484155172}, "58": {"type-based": -411.3998464689654, "geo-based": -328.42410457064966, "mixed": -304.2357939725832, "none": -439.4136457561403}, "59": {"type-based": -418.47566652573914, "geo-based": -334.2844464065206, "mixed": -309.67520656086543, "none": -446.9897430967634}, "60": {"type-based": -425.5514863928088,