{"0": {"type-based": 0, "geo-based": 0, "mixed": 0, "none": 0}, "1": {"type-based": -7.576097340623111, "geo-based": -7.576097340623111, "mixed": -7.576097340623111, "none": -7.576097340623111}, "2": {"type-based": -15.152194681246222, "geo-based": -15.152194681246222, "mixed": -15.152194681246222, "none": -15.152194681246222}, "3": {"type-based": -22.228327928866857, "geo-based": -21.495653155247574, "mixed": -21.030060722788853, "none": -22.728292021869333}, "4": {"type-based": -29.304353096326626, "geo-based": -27.48360222547732, "mixed": -26.558166665053, "none": -30.304389362492444}, "5": {"type-based": -36.380324205817054, "geo-based": -33.18744395076883, "mixed": -31.805294567891146, "none": -37.88048670311555}, "6": {"type-based": -43.45626287479911, "geo-based": -38.631182032507546, "mixed": -36.79294547698846, "none": -45.45658404373866}, "7": {"type-based": -50.532179914388855, "geo-based": -44.16466417742869, "mixed": -41.8690783697907, "none": -53.032681384361766}, "8": {"type-based": -57.60808150324353, "geo-based": -49.49824946810301, "mixed": -46.74207988659359, "none": -60.60877872498487}, "9": {"type-based": -64.68397150340746, "geo-based": -55.54626326701888, "mixed": -52.32562919165091, "none": -68.18487606560798}, "10": {"type-based": -71.75985248976629, "geo-based": -61.783548740707, "mixed": -58.09824355703204, "none": -75.76097340623109}, "11": {"type-based": -78.83572626484226, "geo-based": -67.15296103801248, "mixed": -63.00575153698061, "none": -83.3370707468542}, "12": {"type-based": -85.91159413961988, "geo-based": -72.41083980832796, "mixed": -67.80026400734143, "none": -90.9131680874773}, "13": {"type-based": -92.98745709737364, "geo-based": -77.72143212099424, "mixed": -72.64648277410554, "none": -98.48926542810041}, "14": {"type-based": -100.06331589449168, "geo-based": -83.27894168727948, "mixed": -77.73976336676125, "none": -106.06536276872352}, "15": {"type-based": -107.13917112529433, "geo-based": -88.70409036656808, "mixed": -82.70306774688619, "none": -113.64146010934662}, "16": {"type-based": -114.21502326524828, "geo-based": -93.73773199410908, "mixed": -87.27700570151976, "none": -121.21755744996973}, "17": {"type-based": -121.29087270067765, "geo-based": -98.81931804410587, "mixed": -91.89915536459637, "none": -128.79365479059285}, "18": {"type-based": -128.36671974973703, "geo-based": -103.70604829418913, "mixed": -96.32765181683843, "none": -136.36975213121596}, "19": {"type-based": -135.44256467755915, "geo-based": -108.41096400329121, "mixed": -100.57478637469208, "none": -143.94584947183907}, "20": {"type-based": -142.51840770741654, "geo-based": -113.13354099778225, "mixed": -104.83673702156285, "none": -151.52194681246218}, "21": {"type-based": -149.5942490290931, "geo-based": -118.32643255328873, "mixed": -109.56921156610734, "none": -159.09804415308528}, "22": {"type-based": -156.67008880526248, "geo-based": -123.64005918906089, "mixed": -114.42578267303035, "none": -166.6741414937084}, "23": {"type-based": -163.74592717641687, "geo-based": -129.08123193162203, "mixed": -119.41398201186041, "none": -174.2502388343315}, "24": {"type-based": -170.82176426472444, "geo-based": -134.69495695084453, "mixed": -124.57933078368666, "none": -181.8263361749546}, "25": {"type-based": -177.8976001770832, "geo-based": -140.73574432073042, "mixed": -130.1769403851466, "none": -189.4024335155777}, "26": {"type-based": -184.97343500756406, "geo-based": -146.91478714575283, "mixed": -135.91834332068242, "none": -196.97853085620082}, "27": {"type-based": -192.04926883938415, "geo-based": -153.02287698232487, "mixed": -141.5939454501216, "none": -204.55462819682393}, "28": {"type-based": -199.12510174651476, "geo-based": -158.99235758421747, "mixed": -147.1356873051176, "none": -212.13072553744703}, "29": {"type-based": -206.20093379500196, "geo-based": -164.88886469195316, "mixed": -152.60772064006272, "none": -219.70682287807014}, "30": {"type-based": -213.27676504405986, "geo-based": -170.82703021555014, "mixed": -158.1237912502814, "none": -227.28292021869325}, "31": {"type-based": -220.3525955469814, "geo-based": -176.7809194734742, "mixed": -163.65764204787547, "none": -234.85901755931636}, "32": {"type-based": -227.42842535190232, "geo-based": -182.93310087318716, "mixed": -169.3915862427894, "none": -242.43511489993946}, "33": {"type-based": -234.5042545024459, "geo-based": -189.07069240108058, "mixed": -175.11256672273876, "none": -250.01121224056257}, "34": {"type-based": -241.5800830382697, "geo-based": -194.91175521980452, "mixed": -180.5382925864554, "none": -257.5873095811857}, "35": {"type-based": -248.65591099553237, "geo-based": -200.61640062437175, "mixed": -185.82803117087497, "none": -265.1634069218088}, "36": {"type-based": -255.73173840729328, "geo-based": -206.1557740196571, "mixed": -190.95278252670423, "none": -272.7395042624319}, "37": {"type-based": -262.80756530385696, "geo-based": -211.57405335922084, "mixed": -195.95658681845433, "none": -280.31560160305503}, "38": {"type-based": -269.8833917130709, "geo-based": -217.04785480110286, "mixed": -201.01576353135945, "none": -287.89169894367814}, "39": {"type-based": -276.9592176605843, "geo-based": -222.52779342577753, "mixed": -206.08065490829878, "none": -295.46779628430124}, "40": {"type-based": -284.03504317007315, "geo-based": -227.79018706149444, "mixed": -210.92743683691617, "none": -303.04389362492435}, "41": {"type-based": -291.110868263438, "geo-based": -232.78281571081624, "mixed": -215.5046346029469, "none": -310.61999096554746}, "42": {"type-based": -298.186692960977, "geo-based": -238.18107742255694, "mixed": -220.48795129371783, "none": -318.19608830617057}, "43": {"type-based": -305.2625172815383, "geo-based": -243.5466569146992, "mixed": -225.43803759872858, "none": -325.7721856467937}, "44": {"type-based": -312.3383412426553, "geo-based": -248.69033454410015, "mixed": -230.16571400762518, "none": -333.3482829874168}, "45": {"type-based": -319.41416486066584, "geo-based": -254.0091077856619, "mixed": -235.0684549189783, "none": -340.9243803280399}, "46": {"type-based": -326.4899881508186, "geo-based": -259.3152496263231, "mixed": -239.95816170379607, "none": -348.500477668663}, "47": {"type-based": -333.5658111273679, "geo-based": -264.5954819727632, "mixed": -244.82160003584974, "none": -356.0765750092861}, "48": {"type-based": -340.64163380365824, "geo-based": -269.818533164295, "mixed": -249.627522463498, "none": -363.6526723499092}, "49": {"type-based": -347.7174561922, "geo-based": -275.12660038049, "mixed": -254.5182802044025, "none": -371.2287696905323}, "50": {"type-based": -354.7932783047378, "geo-based": -280.5579896446936, "mixed": -259.5320289289593, "none": -378.8048670311554}, "51": {"type-based": -361.8691001523113, "geo-based": -285.8363690501505, "mixed": -264.39230925599276, "none": -386.38096437177853}, "52": {"type-based": -368.9449217453112, "geo-based": -291.20559001578994, "mixed": -269.34296611785095, "none": -393.95706171240164}, "53": {"type-based": -376.02074309352844, "geo-based": -296.6990619096525, "mixed": -274.41723465031356, "none": -401.53315905302475}, "54": {"type-based": -383.0965642061999, "geo-based": -302.43873553301, "mixed": -279.7369091614347, "none": -409.10925639364785}, "55": {"type-based": -390.1723850920493, "geo-based": -308.05895539701777, "mixed": -284.93610416680673, "none": -416.68535373427096}, "56": {"type-based": -397.24820575932443, "geo-based": -313.3403858919262, "mixed": -289.79645720886515, "none": -424.26145107489407}, "57": {"type-based": -404.3240262158314, "geo-based": -318.54170070692834, "mixed": -294.57697997072637, "none": -431.8375484155172}, "58": {"type-based": -411.3998464689654, "geo-based": -323.61880398875434, "mixed": -299.2335649472833, "none": -439.4136457561403}, "59": {"type-based": -418.47566652573914, "geo-based": -329.0581883675447, "mixed": -304.25268460287816, "none": -446.9897430967634}, "60": {"type-based": -425.5514863928088,