{"0": {"type-based": 0, "geo-based": 0, "mixed": 0, "none": 0}, "1": {"type-based": -7.576097340623111, "geo-based": -7.576097340623111, "mixed": -7.576097340623111, "none": -7.576097340623111}, "2": {"type-based": -15.152194681246222, "geo-based": -15.152194681246222, "mixed": -15.152194681246222, "none": -15.152194681246222}, "3": {"type-based": -29.829730263450593, "geo-based": -21.423272077768978, "mixed": -28.522573990385776, "none": -22.728292021869333}, "4": {"type-based": -37.03596036248849, "geo-based": -27.439874815128995, "mixed": -34.1797643217198, "none": -30.304389362492444}, "5": {"type-based": -44.20059259970186, "geo-based": -33.34264852595534, "mixed": -39.685218827199314, "none": -37.88048670311555}, "6": {"type-based": -51.343753063693356, "geo-based": -39.01743916868112, "mixed": -44.942229955681746, "none": -45.45658404373866}, "7": {"type-based": -58.47380386404802, "geo-based": -44.56044779124134, "mixed": -50.0579092270317, "none": -53.032681384361766}, "8": {"type-based": -74.29469908638687, "geo-based": -49.9368722778901, "mixed": -63.70348589638947, "none": -60.60877872498487}, "9": {"type-based": -90.12337128290082, "geo-based": -55.23107310134681, "mixed": -77.28093427782507, "none": -68.18487606560798}, "10": {"type-based": -97.28727398495828, "geo-based": -60.5607002712334, "mixed": -82.2313743745365, "none": -75.76097340623109}, "11": {"type-based": -104.43905884625944, "geo-based": -66.05756840044344, "mixed": -87.33815657555222, "none": -83.3370707468542}, "12": {"type-based": -111.58165759373375, "geo-based": -71.44055461200973, "mixed": -92.31961257080167, "none": -90.9131680874773}, "13": {"type-based": -118.71705255612336, "geo-based": -76.72834567207688, "mixed": -97.19654833653672, "none": -98.48926542810041}, "14": {"type-based": -125.84664674612551, "geo-based": -82.04325122608091, "mixed": -102.09284901497462, "none": -106.06536276872352}, "15": {"type-based": -132.97146959658087, "geo-based": -87.20400288324008, "mixed": -106.82692132518166, "none": -113.64146010934662}, "16": {"type-based": -140.09229879951596, "geo-based": -92.69751967656943, "mixed": -111.88728893015556, "none": -121.21755744996973}, "17": {"type-based": -147.20973621252818, "geo-based": -97.91311502647422, "mixed": -116.66123617097273, "none": -128.79365479059285}, "18": {"type-based": -156.96238641294323, "geo-based": -103.12977763283857, "mixed": -124.06930588645498, "none": -136.36975213121596}, "19": {"type-based": -164.0802704694704, "geo-based": -108.33481141919454, "mixed": -128.83227055144272, "none": -143.94584947183907}, "20": {"type-based": -173.90252147428384, "geo-based": -113.47310871030807, "mixed": -136.23064472324285, "none": -151.52194681246218}, "21": {"type-based": -181.03532242081448, "geo-based": -118.73241340080713, "mixed": -141.0578439517824, "none": -159.09804415308528}, "22": {"type-based": -190.24365933793922, "geo-based": -124.07135062113656, "mixed": -148.0371105217215, "none": -166.6741414937084}, "23": {"type-based": -200.16098432642397, "geo-based": -129.3956521966896, "mixed": -155.7068527080486, "none": -174.2502388343315}, "24": {"type-based": -207.31967660410987, "geo-based": -134.82959320929695, "mixed": -160.7253910900497, "none": -181.8263361749546}, "25": {"type-based": -224.21470670827455, "geo-based": -139.947223699672, "mixed": -175.16011496020568, "none": -189.4024335155777}, "26": {"type-based": -241.1119873638669, "geo-based": -145.13763228315148, "mixed": -189.66751756803475, "none": -196.97853085620082}, "27": {"type-based": -250.4100196283559, "geo-based": -150.30393312814883, "mixed": -196.54816828958772, "none": -204.55462819682393}, "28": {"type-based": -259.3148571195549, "geo-based": -155.895861174301, "mixed": -203.46018497038915, "none": -212.13072553744703}, "29": {"type-based": -266.49732699873243, "geo-based": -161.2233362809107, "mixed": -208.382789791927, "none": -219.70682287807014}, "30": {"type-based": -275.8709410552871, "geo-based": -166.49987941900795, "mixed": -215.44299457884182, "none": -227.28292021869325}, "31": {"type-based": -283.0502337392769, "geo-based": -171.80101107260015, "mixed": -220.33579573022428, "none": -234.85901755931636}, "32": {"type-based": -291.7822863657465, "geo-based": -177.17567526696135, "mixed": -226.8526289732053, "none": -242.43511489993946}, "33": {"type-based": -298.96706042671644, "geo-based": -182.60038033239925, "mixed": -231.87087557004767, "none": -250.01121224056257}, "34": {"type-based": -316.0501970110151, "geo-based": -187.75504526512967, "mixed": -246.51517477928522, "none": -257.5873095811857}, "35": {"type-based": -325.1268232155362, "geo-based": -192.7721200168616, "mixed": -253.01450440739598, "none": -265.1634069218088}, "36": {"type-based": -332.31906629266257, "geo-based": -197.83958239475058, "mixed": -257.6784360181572, "none": -272.7395042624319}, "37": {"type-based": -339.5060620018702, "geo-based": -202.89471283952585, "mixed": -262.32355137569635, "none": -280.31560160305503}, "38": {"type-based": -346.68826334245637, "geo-based": -207.96572026918275, "mixed": -266.9785970722623, "none": -287.89169894367814}, "39": {"type-based": -353.8660670319776, "geo-based": -213.14708731821935, "mixed": -271.7385105377457, "none": -295.46779628430124}, "40": {"type-based": -361.039822466044, "geo-based": -218.3762542073581, "mixed": -276.54091649447884, "none": -303.04389362492435}, "41": {"type-based": -370.04221045634534, "geo-based": -223.98273944535796, "mixed": -283.5480538146343, "none": -310.61999096554746}, "42": {"type-based": -377.222299766087, "geo-based": -229.20217296434657, "mixed": -288.34445903002324, "none": -318.19608830617057}, "43": {"type-based": -384.3985732045142, "geo-based": -234.29393002112218, "mixed": -293.00803577743255, "none": -325.7721856467937}, "44": {"type-based": -393.257536397928, "geo-based": -239.51962964850506, "mixed": -299.4870526803734, "none": -333.3482829874168}, "45": {"type-based": -400.439568617972, "geo-based": -245.27511448335156, "mixed": -304.8175233664085, "none": -340.9243803280399}, "46": {"type-based": -407.6179953237248, "geo-based": -250.63638624340877, "mixed": -309.74845737805606, "none": -348.500477668663}}