{"0": {"type-based": 0, "geo-based": 0, "mixed": 0, "none": 0}, "1": {"type-based": -7.576097340623111, "geo-based": -7.576097340623111, "mixed": -7.576097340623111, "none": -7.576097340623111}, "2": {"type-based": -15.152194681246222, "geo-based": -15.152194681246222, "mixed": -15.152194681246222, "none": -15.152194681246222}, "3": {"type-based": -20.950713215484743, "geo-based": -21.362242555135413, "mixed": -19.742553580192993, "none": -22.728292021869333}, "4": {"type-based": -26.74841243442691, "geo-based": -27.15434992743773, "mixed": -23.964168285167368, "none": -30.304389362492444}, "5": {"type-based": -32.54570164138144, "geo-based": -32.72172581050149, "mixed": -28.0037276032394, "none": -37.88048670311555}, "6": {"type-based": -38.34274472761719, "geo-based": -38.221725458255364, "mixed": -32.011597733387845, "none": -45.45658404373866}, "7": {"type-based": -44.13962368603931, "geo-based": -43.56194471921548, "mixed": -35.88406284322702, "none": -53.032681384361766}, "8": {"type-based": -49.93638538711455, "geo-based": -49.01822460572777, "mixed": -39.89181655352705, "none": -60.60877872498487}, "9": {"type-based": -55.733059132491405, "geo-based": -54.23227112694355, "mixed": -43.68356565926776, "none": -68.18487606560798}, "10": {"type-based": -61.52966446036002, "geo-based": -59.311459990443986, "mixed": -47.36274433436805, "none": -75.76097340623109}, "11": {"type-based": -67.32621504948315, "geo-based": -64.28862514114628, "mixed": -50.95973238317095, "none": -83.3370707468542}, "12": {"type-based": -73.12272084922651, "geo-based": -68.98632837003748, "mixed": -54.29541780256494, "none": -90.9131680874773}, "13": {"type-based": -78.91918932233216, "geo-based": -73.62550544918757, "mixed": -57.58640838589564, "none": -98.48926542810041}, "14": {"type-based": -84.71562620982972, "geo-based": -78.48866767307692, "mixed": -61.11211431964947, "none": -106.06536276872352}, "15": {"type-based": -90.51203602283259, "geo-based": -83.2739458148804, "mixed": -64.56225473950717, "none": -113.64146010934662}, "16": {"type-based": -96.30842237043974, "geo-based": -87.9882950678145, "mixed": -67.94285462740204, "none": -121.21755744996973}, "17": {"type-based": -102.10478818519066, "geo-based": -92.63740553590011, "mixed": -71.25881217444565, "none": -128.79365479059285}, "18": {"type-based": -107.90113588222323, "geo-based": -97.26097568871185, "mixed": -74.54914994117388, "none": -136.36975213121596}, "19": {"type-based": -113.69746747422994, "geo-based": -103.96068924482245, "mixed": -79.91435599723485, "none": -143.94584947183907}, "20": {"type-based": -119.49378465616753, "geo-based": -109.40241237571767, "mixed": -84.02568386211344, "none": -151.52194681246218}, "21": {"type-based": -125.29008886879336, "geo-based": -114.35692173863339, "mixed": -87.65618392709695, "none": -159.09804415308528}, "22": {"type-based": -131.08638134707618, "geo-based": -119.02405936762018, "mixed": -91.00636114924329, "none": -166.6741414937084}, "23": {"type-based": -136.8826631576065, "geo-based": -123.71276535981283, "mixed": -94.38469357340944, "none": -174.2502388343315}, "24": {"type-based": -142.67893522787523, "geo-based": -128.20297671313688, "mixed": -97.56998258254211, "none": -181.8263361749546}, "25": {"type-based": -148.47519836945366, "geo-based": -132.59523709586057, "mixed": -100.66289374768144, "none": -189.4024335155777}, "26": {"type-based": -154.27145329653808, "geo-based": -136.91166510562772, "mixed": -103.68427990934853, "none": -196.97853085620082}, "27": {"type-based": -160.0677006409284, "geo-based": -141.48395365394833, "mixed": -106.9651208935455, "none": -204.55462819682393}, "28": {"type-based": -165.86394096423365, "geo-based": -146.51097999352197, "mixed": -110.70423177575846, "none": -212.13072553744703}, "29": {"type-based": -171.66017476789784, "geo-based": -151.68339960089088, "mixed": -114.59079739733946, "none": -219.70682287807014}, "30": {"type-based": -177.45640250149768, "geo-based": -156.725376537833, "mixed": -118.34749167350256, "none": -227.28292021869325}, "31": {"type-based": -183.25262456965737, "geo-based": -162.09715749563782, "mixed": -122.43561039702304, "none": -234.85901755931636}, "32": {"type-based": -189.04884133784833, "geo-based": -170.24955386313064, "mixed": -129.30382418858005, "none": -242.43511489993946}, "33": {"type-based": -194.84505313728275, "geo-based": -177.07587083568893, "mixed": -134.8311296570509, "none": -250.01121224056257}, "34": {"type-based": -200.64126026906578, "geo-based": -183.50649425218165, "mixed": -139.95448342179844, "none": -257.5873095811857}, "35": {"type-based": -206.4374630077372, "geo-based": -190.69639133446373, "mixed": -145.83033015547082, "none": -265.1634069218088}, "36": {"type-based": -212.23366160430703, "geo-based": -197.5411587342211, "mixed": -151.35140963787777, "none": -272.7395042624319}, "37": {"type-based": -218.02985628886992, "geo-based": -203.13859040992295, "mixed": -155.61768012454993, "none": -280.31560160305503}, "38": {"type-based": -223.82604727286594, "geo-based": -208.38019840816324, "mixed": -159.52531465970992, "none": -287.89169894367814}, "39": {"type-based": -229.62223475104395, "geo-based": -213.43674804064858, "mixed": -163.24682620533696, "none": -295.46779628430124}, "40": {"type-based": -235.41841890317357, "geo-based": -218.44708343959962, "mixed": -166.9218635721159, "none": -303.04389362492435}, "41": {"type-based": -241.21459989554282, "geo-based": -223.56868849453946, "mixed": -170.70797138675334, "none": -310.61999096554746}, "42": {"type-based": -247.01077788227326, "geo-based": -229.80544731984625, "mixed": -175.60875365433196, "none": -318.19608830617057}, "43": {"type-based": -252.8069530064788, "geo-based": -235.3917099868331, "mixed": -179.8523744767454, "none": -325.7721856467937}, "44": {"type-based": -258.6031254012894, "geo-based": -240.85364778145217, "mixed": -183.96925157568188, "none": -333.3482829874168}, "45": {"type-based": -264.39929519075866, "geo-based": -247.51436095682982, "mixed": -189.28284013123618, "none": -340.9243803280399}, "46": {"type-based": -270.19546249067065, "geo-based": -254.8408738006747, "mixed": -195.25331566244498, "none": -348.500477668663}, "47": {"type-based": -275.9916274092588, "geo-based": -262.474023538109, "mixed": -201.51769624276272, "none": -356.0765750092861}, "48": {"type-based": -281.7877900478486, "geo-based": -269.5993386028751, "mixed": -207.26089767545147, "none": -363.6526723499092}}