{"0": {"type-based": 0, "geo-based": 0, "mixed": 0, "none": 0}, "1": {"type-based": -7.576097340623111, "geo-based": -7.576097340623111, "mixed": -7.576097340623111, "none": -7.576097340623111}, "2": {"type-based": -15.152194681246222, "geo-based": -15.152194681246222, "mixed": -15.152194681246222, "none": -15.152194681246222}, "3": {"type-based": -17.858110338630347, "geo-based": -22.18296474012084, "mixed": -18.08747716174306, "none": -22.728292021869333}, "4": {"type-based": -20.54224014917301, "geo-based": -28.52886980635096, "mixed": -20.418985297562237, "none": -30.304389362492444}, "5": {"type-based": -23.215293645190165, "geo-based": -34.70871107361346, "mixed": -22.652992611877384, "none": -37.88048670311555}, "6": {"type-based": -25.88164108453087, "geo-based": -41.38230921497429, "mixed": -25.42921201499938, "none": -45.45658404373866}, "7": {"type-based": -28.543492328955992, "geo-based": -47.81498120213611, "mixed": -27.983935055426894, "none": -53.032681384361766}, "8": {"type-based": -31.202119398859825, "geo-based": -53.9587723188198, "mixed": -30.274074142184272, "none": -60.60877872498487}, "9": {"type-based": -33.85832139642387, "geo-based": -60.53195316277988, "mixed": -33.0255896695954, "none": -68.18487606560798}, "10": {"type-based": -36.512633092277106, "geo-based": -66.87101397318762, "mixed": -35.56289570298622, "none": -75.76097340623109}, "11": {"type-based": -39.16542993191091, "geo-based": -72.52988140435988, "mixed": -37.43829578669011, "none": -83.3370707468542}, "12": {"type-based": -41.81698560949853, "geo-based": -85.50137322157202, "mixed": -46.650796365017804, "none": -90.9131680874773}}