{"0": {"type-based": 0, "geo-based": 0, "mixed": 0, "none": 0}, "1": {"type-based": -7.576097340623111, "geo-based": -7.576097340623111, "mixed": -7.576097340623111, "none": -7.576097340623111}, "2": {"type-based": -15.152194681246222, "geo-based": -15.152194681246222, "mixed": -15.152194681246222, "none": -15.152194681246222}, "3": {"type-based": -17.858110338630347, "geo-based": -21.78279418771129, "mixed": -17.18148876161914, "none": -22.728292021869333}, "4": {"type-based": -20.54224014917301, "geo-based": -28.114875164260457, "mixed": -18.889900679661192, "none": -30.304389362492444}, "5": {"type-based": -23.215293645190165, "geo-based": -34.20825121285095, "mixed": -20.344438990214655, "none": -37.88048670311555}, "6": {"type-based": -25.88164108453087, "geo-based": -42.68049867056469, "mixed": -24.170615443259035, "none": -45.45658404373866}, "7": {"type-based": -28.543492328955992, "geo-based": -49.854688941707714, "mixed": -26.762933295962814, "none": -53.032681384361766}, "8": {"type-based": -31.202119398859825, "geo-based": -56.44610761494743, "mixed": -28.851515186478853, "none": -60.60877872498487}, "9": {"type-based": -33.85832139642387, "geo-based": -62.92421886882941, "mixed": -30.883164527373886, "none": -68.18487606560798}, "10": {"type-based": -36.512633092277106, "geo-based": -69.26443795326055, "mixed": -32.81364975948682, "none": -75.76097340623109}, "11": {"type-based": -39.16542993191091, "geo-based": -76.92909687998518, "mixed": -36.09780201820472, "none": -83.3370707468542}, "12": {"type-based": -41.81698560949853, "geo-based": -84.13792649001616, "mixed": -38.9173071344914, "none": -90.9131680874773}, "13": {"type-based": -44.467505790057636, "geo-based": -91.07492640866455, "mixed": -41.47094434498058, "none": -98.48926542810041}, "14": {"type-based": -47.11714893027345, "geo-based": -99.24426550466592, "mixed": -45.26757974699867, "none": -106.06536276872352}, "15": {"type-based": -49.76603969995777, "geo-based": -106.65868230630699, "mixed": -48.30398998647725, "none": -113.64146010934662}, "16": {"type-based": -52.41427795029247, "geo-based": -113.80921974551568, "mixed": -51.075865493980665, "none": -121.21755744996973}, "17": {"type-based": -55.06194489161114, "geo-based": -120.54921677468084, "mixed": -53.439305169668835, "none": -128.79365479059285}, "18": {"type-based": -57.70910746158601, "geo-based": -127.54217551203259, "mixed": -56.09163782796354, "none": -136.36975213121596}, "19": {"type-based": -60.35582148469998, "geo-based": -135.53490220877177, "mixed": -59.781443405640886, "none": -143.94584947183907}}