{"0": {"type-based": 0, "geo-based": 0, "mixed": 0, "none": 0}, "1": {"type-based": -7.576097340623111, "geo-based": -7.576097340623111, "mixed": -7.576097340623111, "none": -7.576097340623111}, "2": {"type-based": -15.152194681246222, "geo-based": -15.152194681246222, "mixed": -15.152194681246222, "none": -15.152194681246222}, "3": {"type-based": -17.858110338630347, "geo-based": -21.075445911633985, "mixed": -16.90913570039887, "none": -22.728292021869333}, "4": {"type-based": -20.54224014917301, "geo-based": -26.74081250793111, "mixed": -18.557801271950186, "none": -30.304389362492444}, "5": {"type-based": -23.215293645190165, "geo-based": -33.12940014669928, "mixed": -21.05585335900994, "none": -37.88048670311555}, "6": {"type-based": -25.88164108453087, "geo-based": -40.49211876951268, "mixed": -24.603613730111018, "none": -45.45658404373866}, "7": {"type-based": -28.543492328955992, "geo-based": -47.44083786879746, "mixed": -27.74157558737489, "none": -53.032681384361766}, "8": {"type-based": -31.202119398859825, "geo-based": -54.85413307437884, "mixed": -31.37719109301813, "none": -60.60877872498487}, "9": {"type-based": -33.85832139642387, "geo-based": -64.07458374054025, "mixed": -36.797603333508256, "none": -68.18487606560798}, "10": {"type-based": -36.512633092277106, "geo-based": -71.03529662578129, "mixed": -39.90517871173931, "none": -75.76097340623109}, "11": {"type-based": -39.16542993191091, "geo-based": -77.6765059713608, "mixed": -42.693961916083644, "none": -83.3370707468542}}