{"0": {"type-based": 0, "geo-based": 0, "mixed": 0, "none": 0}, "1": {"type-based": -7.576097340623111, "geo-based": -7.576097340623111, "mixed": -7.576097340623111, "none": -7.576097340623111}, "2": {"type-based": -15.152194681246222, "geo-based": -15.152194681246222, "mixed": -15.152194681246222, "none": -15.152194681246222}, "3": {"type-based": -29.185193630205795, "geo-based": -21.26524711238867, "mixed": -27.75155993381634, "none": -22.728292021869333}, "4": {"type-based": -36.50336411627767, "geo-based": -26.905820351895883, "mixed": -33.14388597453443, "none": -30.304389362492444}, "5": {"type-based": -43.707738549194794, "geo-based": -32.31297168753938, "mixed": -38.213979032795734, "none": -37.88048670311555}, "6": {"type-based": -58.87778212472314, "geo-based": -37.536977529435966, "mixed": -51.07881021097711, "none": -45.45658404373866}, "7": {"type-based": -67.22056270075285, "geo-based": -42.59368698327484, "mixed": -56.94111536846703, "none": -53.032681384361766}, "8": {"type-based": -74.5407455755587, "geo-based": -47.535055048270614, "mixed": -61.655197010523715, "none": -60.60877872498487}, "9": {"type-based": -82.49811448654185, "geo-based": -52.36532153415006, "mixed": -66.90244630645365, "none": -68.18487606560798}, "10": {"type-based": -89.81854881381018, "geo-based": -57.05931390964993, "mixed": -71.3667864811185, "none": -75.76097340623109}, "11": {"type-based": -97.60531411984906, "geo-based": -61.67800070174186, "mixed": -76.22675486817313, "none": -83.3370707468542}, "12": {"type-based": -104.92589930835746, "geo-based": -66.18675895131058, "mixed": -80.50184735286282, "none": -90.9131680874773}, "13": {"type-based": -112.2096330485766, "geo-based": -70.70594761812549, "mixed": -84.75319488677417, "none": -98.48926542810041}, "14": {"type-based": -119.46618568846083, "geo-based": -75.24671447574558, "mixed": -88.9996540196779, "none": -106.06536276872352}, "15": {"type-based": -127.39487772834802, "geo-based": -79.67216293145925, "mixed": -93.80182073920457, "none": -113.64146010934662}, "16": {"type-based": -134.6597410158381, "geo-based": -84.00769006986575, "mixed": -97.84397346850457, "none": -121.21755744996973}, "17": {"type-based": -144.10161727708697, "geo-based": -88.37592391940635, "mixed": -104.09594158494902, "none": -128.79365479059285}, "18": {"type-based": -152.8717079287625, "geo-based": -92.76384753635107, "mixed": -109.69102446780157, "none": -136.36975213121596}, "19": {"type-based": -160.15854555785077, "geo-based": -97.09987088270648, "mixed": -113.74761598676227, "none": -143.94584947183907}, "20": {"type-based": -167.4261769010896, "geo-based": -101.37809145950824, "mixed": -117.72838450162911, "none": -151.52194681246218}, "21": {"type-based": -174.67781459385677, "geo-based": -105.63943587707271, "mixed": -121.6769047664002, "none": -159.09804415308528}, "22": {"type-based": -181.91592579626814, "geo-based": -110.04039502627636, "mixed": -125.7517950679025, "none": -166.6741414937084}, "23": {"type-based": -190.60852738891575, "geo-based": -114.62112070625513, "mixed": -131.46172739499232, "none": -174.2502388343315}, "24": {"type-based": -197.84981405209388, "geo-based": -119.30129806839328, "mixed": -135.81879849695719, "none": -181.8263361749546}, "25": {"type-based": -206.1096389287869, "geo-based": -124.12644349419647, "mixed": -141.34220660270526, "none": -189.4024335155777}, "26": {"type-based": -214.20405170810727, "geo-based": -128.61004729855057, "mixed": -146.3599656775238, "none": -196.97853085620082}, "27": {"type-based": -221.4678579023509, "geo-based": -132.92665331174564, "mixed": -150.38062499325443, "none": -204.55462819682393}, "28": {"type-based": -228.72017355540186, "geo-based": -137.13364950816083, "mixed": -154.28166397535583, "none": -212.13072553744703}, "29": {"type-based": -235.96232543187742, "geo-based": -141.3226387850948, "mixed": -158.1556652226661, "none": -219.70682287807014}, "30": {"type-based": -243.1954225997171, "geo-based": -145.52309837559974, "mixed": -162.03291874042623, "none": -227.28292021869325}, "31": {"type-based": -250.42040166951395, "geo-based": -149.62195976427964, "mixed": -165.80136377798473, "none": -234.85901755931636}}