{"0": {"type-based": 0, "geo-based": 0, "mixed": 0, "none": 0}, "1": {"type-based": -7.576097340623111, "geo-based": -7.576097340623111, "mixed": -7.576097340623111, "none": -7.576097340623111}, "2": {"type-based": -15.152194681246222, "geo-based": -15.152194681246222, "mixed": -15.152194681246222, "none": -15.152194681246222}, "3": {"type-based": -16.939362582529427, "geo-based": -25.007910535155265, "mixed": -20.097630427677796, "none": -22.728292021869333}, "4": {"type-based": -18.670743845207546, "geo-based": -31.580952068303667, "mixed": -21.292270647755675, "none": -30.304389362492444}, "5": {"type-based": -20.373012211902452, "geo-based": -37.95542589380361, "mixed": -22.35973450858651, "none": -37.88048670311555}, "6": {"type-based": -22.057394721883703, "geo-based": -44.60686339000477, "mixed": -23.771908002391363, "none": -45.45658404373866}, "7": {"type-based": -23.72967207911461, "geo-based": -51.03440431956924, "mixed": -25.10726110925408, "none": -53.032681384361766}, "8": {"type-based": -25.393211793747046, "geo-based": -57.284034057488086, "mixed": -26.389794112199606, "none": -60.60877872498487}, "9": {"type-based": -27.05014753041041, "geo-based": -63.38464680493161, "mixed": -27.632205415310942, "none": -68.18487606560798}, "10": {"type-based": -28.701916352817467, "geo-based": -69.24901457587058, "mixed": -28.73438965790422, "none": -75.76097340623109}, "11": {"type-based": -30.349532231461218, "geo-based": -75.01687125165641, "mixed": -29.774509848944994, "none": -83.3370707468542}}