{"0": {"type-based": 0, "geo-based": 0, "mixed": 0, "none": 0}, "1": {"type-based": -7.576097340623111, "geo-based": -7.576097340623111, "mixed": -7.576097340623111, "none": -7.576097340623111}, "2": {"type-based": -15.152194681246222, "geo-based": -15.152194681246222, "mixed": -15.152194681246222, "none": -15.152194681246222}, "3": {"type-based": -20.950713215484743, "geo-based": -21.688299566795962, "mixed": -20.060822662066837, "none": -22.728292021869333}, "4": {"type-based": -26.74841243442691, "geo-based": -27.830242027742614, "mixed": -24.619290914670596, "none": -30.304389362492444}, "5": {"type-based": -32.54570164138144, "geo-based": -33.613654025692256, "mixed": -28.858983699101604, "none": -37.88048670311555}, "6": {"type-based": -38.34274472761719, "geo-based": -39.16829553739303, "mixed": -32.90730863924528, "none": -45.45658404373866}, "7": {"type-based": -44.13962368603931, "geo-based": -44.605166611459474, "mixed": -36.868700842443744, "none": -53.032681384361766}, "8": {"type-based": -49.93638538711455, "geo-based": -50.12083296342775, "mixed": -40.93411206921911, "none": -60.60877872498487}, "9": {"type-based": -55.733059132491405, "geo-based": -55.529909174251195, "mixed": -44.9093256343629, "none": -68.18487606560798}, "10": {"type-based": -61.52966446036002, "geo-based": -60.55487027612542, "mixed": -48.51315608809965, "none": -75.76097340623109}, "11": {"type-based": -67.32621504948315, "geo-based": -65.48156265807035, "mixed": -52.03534800727996, "none": -83.3370707468542}, "12": {"type-based": -73.12272084922651, "geo-based": -70.40243698515778, "mixed": -55.56662508692389, "none": -90.9131680874773}, "13": {"type-based": -78.91918932233216, "geo-based": -75.34415250461666, "mixed": -59.13295651596046, "none": -98.48926542810041}, "14": {"type-based": -84.71562620982972, "geo-based": -80.2616034411454, "mixed": -62.68707938981547, "none": -106.06536276872352}, "15": {"type-based": -90.51203602283259, "geo-based": -85.34604230529553, "mixed": -66.42071092009952, "none": -113.64146010934662}, "16": {"type-based": -96.30842237043974, "geo-based": -90.61056277411411, "mixed": -70.34615751919779, "none": -121.21755744996973}, "17": {"type-based": -102.10478818519066, "geo-based": -96.37819497262274, "mixed": -74.78400687484586, "none": -128.79365479059285}, "18": {"type-based": -107.90113588222323, "geo-based": -103.49236677616751, "mixed": -80.57424751881025, "none": -136.36975213121596}, "19": {"type-based": -113.69746747422994, "geo-based": -109.6664563074799, "mixed": -85.41030450856856, "none": -143.94584947183907}, "20": {"type-based": -119.49378465616753, "geo-based": -115.56457771790281, "mixed": -89.96409399233497, "none": -151.52194681246218}, "21": {"type-based": -125.29008886879336, "geo-based": -120.45347668930165, "mixed": -93.50333178885909, "none": -159.09804415308528}, "22": {"type-based": -131.08638134707618, "geo-based": -125.18504827996729, "mixed": -96.88921367844225, "none": -166.6741414937084}, "23": {"type-based": -136.8826631576065, "geo-based": -130.008520600132, "mixed": -100.37179869945587, "none": -174.2502388343315}, "24": {"type-based": -142.67893522787523, "geo-based": -134.9502623421665, "mixed": -103.97494044502362, "none": -181.8263361749546}, "25": {"type-based": -148.47519836945366, "geo-based": -140.01319576445772, "mixed": -107.70134997307612, "none": -189.4024335155777}, "26": {"type-based": -154.27145329653808, "geo-based": -144.97418161475377, "mixed": -111.32519490221777, "none": -196.97853085620082}, "27": {"type-based": -160.0677006409284, "geo-based": -149.89333904724367, "mixed": -114.90677558344393, "none": -204.55462819682393}, "28": {"type-based": -165.86394096423365, "geo-based": -154.91765077040517, "mixed": -118.5931490960252, "none": -212.13072553744703}, "29": {"type-based": -171.66017476789784, "geo-based": -160.21794291682224, "mixed": -122.55382434886964, "none": -219.70682287807014}, "30": {"type-based": -177.45640250149768, "geo-based": -165.5185571153864, "mixed": -126.51151300807076, "none": -227.28292021869325}, "31": {"type-based": -183.25262456965737, "geo-based": -170.79859100129124, "mixed": -130.4450777797682, "none": -234.85901755931636}, "32": {"type-based": -189.04884133784833, "geo-based": -177.35300233949505, "mixed": -135.64938469397867, "none": -242.43511489993946}, "33": {"type-based": -194.84505313728275, "geo-based": -183.63896596693274, "mixed": -140.57905419972406, "none": -250.01121224056257}, "34": {"type-based": -200.64126026906578, "geo-based": -189.44278698090096, "mixed": -145.02235420981242, "none": -257.5873095811857}, "35": {"type-based": -206.4374630077372, "geo-based": -197.1760368321246, "mixed": -151.3879751089483, "none": -265.1634069218088}, "36": {"type-based": -212.23366160430703, "geo-based": -203.88019689385632, "mixed": -156.70679678048248, "none": -272.7395042624319}, "37": {"type-based": -218.02985628886992, "geo-based": -210.7575176652646, "mixed": -162.18588220019748, "none": -280.31560160305503}, "38": {"type-based": -223.82604727286594, "geo-based": -216.5868515526582, "mixed": -166.60196512580802, "none": -287.89169894367814}}