{"0": {"type-based": 0, "geo-based": 0, "mixed": 0, "none": 0}, "1": {"type-based": -7.576097340623111, "geo-based": -7.576097340623111, "mixed": -7.576097340623111, "none": -7.576097340623111}, "2": {"type-based": -15.152194681246222, "geo-based": -15.152194681246222, "mixed": -15.152194681246222, "none": -15.152194681246222}, "3": {"type-based": -29.829730263450593, "geo-based": -22.86802833814874, "mixed": -30.024382435871054, "none": -22.728292021869333}, "4": {"type-based": -37.03596036248849, "geo-based": -29.889496578452135, "mixed": -36.72005082555217, "none": -30.304389362492444}, "5": {"type-based": -44.20059259970186, "geo-based": -36.81758689851711, "mixed": -43.28304767523804, "none": -37.88048670311555}, "6": {"type-based": -51.343753063693356, "geo-based": -43.45293026906567, "mixed": -49.53236082635949, "none": -45.45658404373866}, "7": {"type-based": -66.99119703546693, "geo-based": -49.99607719844262, "mixed": -64.193776636475, "none": -53.032681384361766}, "8": {"type-based": -74.13049100169502, "geo-based": -56.35931735520144, "mixed": -70.1707575944162, "none": -60.60877872498487}, "9": {"type-based": -89.95916319820897, "geo-based": -62.598645972290676, "mixed": -84.71471871867399, "none": -68.18487606560798}, "10": {"type-based": -97.12306590026643, "geo-based": -68.88730043458737, "mixed": -90.63849532585033, "none": -75.76097340623109}, "11": {"type-based": -104.27485076156759, "geo-based": -75.11333122597136, "mixed": -96.48745502762236, "none": -83.3370707468542}, "12": {"type-based": -111.4174495090419, "geo-based": -81.28603082751333, "mixed": -102.2716447883322, "none": -90.9131680874773}, "13": {"type-based": -118.55284447143151, "geo-based": -87.35597492878671, "mixed": -107.94412990057866, "none": -98.48926542810041}, "14": {"type-based": -125.68243866143366, "geo-based": -93.3586315733925, "mixed": -113.54161256387928, "none": -106.06536276872352}, "15": {"type-based": -132.807261511889, "geo-based": -99.39615529653915, "mixed": -119.16665926447142, "none": -113.64146010934662}, "16": {"type-based": -139.9280907148241, "geo-based": -105.37228355892412, "mixed": -124.72426423044767, "none": -121.21755744996973}, "17": {"type-based": -149.60955490508326, "geo-based": -111.31247190251503, "mixed": -132.80344810035788, "none": -128.79365479059285}, "18": {"type-based": -156.74730360036673, "geo-based": -117.22441369474839, "mixed": -138.30541664765173, "none": -136.36975213121596}, "19": {"type-based": -166.51888259005878, "geo-based": -123.06851911992322, "mixed": -146.37174384146095, "none": -143.94584947183907}, "20": {"type-based": -183.20251651350972, "geo-based": -128.93026265156763, "mixed": -161.37111936041845, "none": -151.52194681246218}, "21": {"type-based": -190.3420460017272, "geo-based": -134.6818785165068, "mixed": -166.7136769434396, "none": -159.09804415308528}, "22": {"type-based": -200.1845691113526, "geo-based": -140.4294542994563, "mixed": -174.7530439676081, "none": -166.6741414937084}, "23": {"type-based": -209.34846781116596, "geo-based": -146.1241733381885, "mixed": -182.05758613404774, "none": -174.2502388343315}, "24": {"type-based": -216.51497343172346, "geo-based": -151.82137412750282, "mixed": -187.36260344073224, "none": -181.8263361749546}, "25": {"type-based": -225.75504973469046, "geo-based": -157.59812124286498, "mixed": -194.81838183098566, "none": -189.4024335155777}, "26": {"type-based": -232.92894320965425, "geo-based": -163.36191392913034, "mixed": -200.1916124787934, "none": -196.97853085620082}, "27": {"type-based": -240.09732609919172, "geo-based": -169.00863967380087, "mixed": -205.43977580796684, "none": -204.55462819682393}, "28": {"type-based": -249.45756528890203, "geo-based": -174.63139023820958, "mixed": -212.85396362353544, "none": -212.13072553744703}, "29": {"type-based": -256.6235161729872, "geo-based": -180.2459683490852, "mixed": -218.06932066258827, "none": -219.70682287807014}, "30": {"type-based": -263.78492020602647, "geo-based": -185.8256798700478, "mixed": -223.24349472468694, "none": -227.28292021869325}, "31": {"type-based": -280.845751850029, "geo-based": -191.29597996473373, "mixed": -238.2059812902388, "none": -234.85901755931636}, "32": {"type-based": -289.9017119090165, "geo-based": -196.73426849880477, "mixed": -245.12909149219595, "none": -242.43511489993946}, "33": {"type-based": -306.9746630591476, "geo-based": -202.23623868915618, "mixed": -260.1309627056063, "none": -250.01121224056257}, "34": {"type-based": -314.1442690733566, "geo-based": -207.69167923709645, "mixed": -265.18197229139076, "none": -257.5873095811857}, "35": {"type-based": -321.3096027213674, "geo-based": -213.11930082686771, "mixed": -270.1994688033364, "none": -265.1634069218088}, "36": {"type-based": -328.4710364790215, "geo-based": -218.52800423154505, "mixed": -275.19277589348746, "none": -272.7395042624319}, "37": {"type-based": -337.3778894839263, "geo-based": -223.93993131843217, "mixed": -281.9333842637348, "none": -280.31560160305503}, "38": {"type-based": -344.54471448511777, "geo-based": -229.36583853023043, "mixed": -286.94609016951046, "none": -287.89169894367814}, "39": {"type-based": -351.7079081761668, "geo-based": -234.78680982040171, "mixed": -291.9492922897995, "none": -295.46779628430124}, "40": {"type-based": -358.86774936378015, "geo-based": -240.223168578683, "mixed": -296.9636346774888, "none": -303.04389362492435}, "41": {"type-based": -366.0244859153421, "geo-based": -245.65976882997003, "mixed": -301.97425775717994, "none": -310.61999096554746}, "42": {"type-based": -373.1783391756582, "geo-based": -251.11325563505068, "mixed": -306.9979559194375, "none": -318.19608830617057}, "43": {"type-based": -380.3295076223582, "geo-based": -256.4737397867813, "mixed": -311.9250618838892, "none": -325.7721856467937}, "44": {"type-based": -387.4781699122619, "geo-based": -261.7680009346518, "mixed": -316.78237873950445, "none": -333.3482829874168}, "45": {"type-based": -394.6244874365971, "geo-based": -267.01009987449595, "mixed": -321.5841844257271, "none": -340.9243803280399}, "46": {"type-based": -404.10368037273076, "geo-based": -272.30116612495357, "mixed": -328.7667795318888, "none": -348.500477668663}, "47": {"type-based": -411.2561430552416, "geo-based": -277.6262625943658, "mixed": -333.6547228721383, "none": -356.0765750092861}, "48": {"type-based": -418.40629722333387, "geo-based": -283.06277005929144, "mixed": -338.65061526953053, "none": -363.6526723499092}}