{"0": {"type-based": 0.25, "geo-based": 0.25, "mixed": 0.25, "none": 0.25}, "1": {"type-based": 0.25, "geo-based": 0.25, "mixed": 0.25, "none": 0.25}, "2": {"type-based": 0.25, "geo-based": 0.25, "mixed": 0.25, "none": 0.25}, "3": {"type-based": 0.19308740449481976, "geo-based": 0.12794668065700263, "mixed": 0.6463250785047501, "none": 0.032640836343427494}, "4": {"type-based": 0.05626987805998652, "geo-based": 0.03724862193940006, "mixed": 0.9048747999166501, "none": 0.0016067000839632515}, "5": {"type-based": 0.010454323525260356, "geo-based": 0.008750871782221833, "mixed": 0.9807444049611745, "none": 5.039973134309731e-05}, "6": {"type-based": 0.001774473808245201, "geo-based": 0.0019990759958735532, "mixed": 0.9962250061917584, "none": 1.4440041230728771e-06}, "7": {"type-based": 0.0002597982379859797, "geo-based": 0.00046208375304673983, "mixed": 0.9992780823285179, "none": 3.5680449391263166e-08}, "8": {"type-based": 2.9467245637484394e-05, "geo-based": 0.00010861440795106738, "mixed": 0.9998619176634784, "none": 6.82932857322221e-10}, "9": {"type-based": 3.1046090451908446e-06, "geo-based": 2.6074118521895655e-05, "mixed": 0.9999708212602921, "none": 1.2140918247298816e-11}, "10": {"type-based": 3.252419313432835e-07, "geo-based": 6.377825062786909e-06, "mixed": 0.9999932969327914, "none": 2.1459894662307487e-13}, "11": {"type-based": 4.229433150450351e-08, "geo-based": 1.5833585939335226e-06, "mixed": 0.99999837434707, "none": 4.708210646667748e-15}, "12": {"type-based": 7.107515420960628e-09, "geo-based": 3.9648416708792116e-07, "mixed": 0.9999995964083171, "none": 1.3348262678243503e-16}, "13": {"type-based": 7.136371510792213e-10, "geo-based": 9.986490109026508e-08, "mixed": 0.9999998994214617, "none": 2.2610042965841404e-18}, "14": {"type-based": 7.713797012634319e-11, "geo-based": 2.549899663894269e-08, "mixed": 0.9999999744238655, "none": 4.122830010631299e-20}, "15": {"type-based": 8.529748187811037e-12, "geo-based": 6.585677675486645e-09, "mixed": 0.9999999934057926, "none": 7.690506789269368e-22}, "16": {"type-based": 1.3241862797071849e-12, "geo-based": 1.7214781072180822e-09, "mixed": 0.9999999982771977, "none": 2.0139522513837702e-23}, "17": {"type-based": 2.5751479817851873e-13, "geo-based": 4.5265453113572963e-10, "mixed": 0.9999999995470878, "none": 6.606549540830219e-25}, "18": {"type-based": 4.4293956745157854e-14, "geo-based": 1.19298521018218e-10, "mixed": 0.9999999998806572, "none": 1.916820885874081e-26}, "19": {"type-based": 6.941685159727932e-15, "geo-based": 3.1519050924341104e-11, "mixed": 0.9999999999684741, "none": 5.067100572168944e-28}, "20": {"type-based": 7.620155941069048e-16, "geo-based": 8.394573346703562e-12, "mixed": 0.9999999999916047, "none": 9.382309797930156e-30}, "21": {"type-based": 2.0151638793002455e-16, "geo-based": 2.2545891923987634e-12, "mixed": 0.9999999999977451, "none": 4.185062476014659e-31}, "22": {"type-based": 2.2437263333477824e-16, "geo-based": 6.081749553416158e-13, "mixed": 0.9999999999993916, "none": 7.859628704088704e-32}, "23": {"type-based": 2.1874940971478553e-16, "geo-based": 1.618318018613385e-13, "mixed": 0.9999999999998379, "none": 1.2924536318495453e-32}, "24": {"type-based": 1.3764225664666862e-16, "geo-based": 4.2472184283145276e-14, "mixed": 0.9999999999999574, "none": 1.371676101636486e-33}, "25": {"type-based": 3.016957849962349e-17, "geo-based": 1.1039639223203886e-14, "mixed": 0.9999999999999889, "none": 5.071037932189374e-35}, "26": {"type-based": 6.259037115499451e-18, "geo-based": 2.861129534183531e-15, "mixed": 0.9999999999999971, "none": 1.7744321781164507e-36}, "27": {"type-based": 7.844112971224919e-19, "geo-based": 7.406929438799377e-16, "mixed": 0.9999999999999993, "none": 3.750737628110268e-38}, "28": {"type-based": 8.605248030937209e-20, "geo-based": 1.9168731623125238e-16, "mixed": 0.9999999999999998, "none": 6.9399150927104606e-40}, "29": {"type-based": 9.05639590432138e-21, "geo-based": 4.960870206116789e-17, "mixed": 1.0, "none": 1.231859710849541e-41}, "30": {"type-based": 1.0410970939809841e-21, "geo-based": 1.283971036819973e-17, "mixed": 1.0, "none": 2.3884136095735286e-43}, "31": {"type-based": 1.781204446093552e-22, "geo-based": 3.3198568183875705e-18, "mixed": 1.0, "none": 6.891949144969164e-45}, "32": {"type-based": 2.726868709563167e-23, "geo-based": 8.556846564631982e-19, "mixed": 1.0, "none": 1.779509091251987e-46}, "33": {"type-based": 3.67651302194217e-24, "geo-based": 2.1997380910645276e-19, "mixed": 1.0, "none": 4.0464820870398e-48}, "34": {"type-based": 9.774796774114091e-25, "geo-based": 5.641440858590119e-20, "mixed": 1.0, "none": 1.8144823764813086e-49}, "35": {"type-based": 4.043968120251341e-25, "geo-based": 1.4364819676237154e-20, "mixed": 1.0, "none": 1.2660601427116386e-50}}