{"0": {"type-based": 0.25, "geo-based": 0.25, "mixed": 0.25, "none": 0.25}, "1": {"type-based": 0.25, "geo-based": 0.25, "mixed": 0.25, "none": 0.25}, "2": {"type-based": 0.25, "geo-based": 0.25, "mixed": 0.25, "none": 0.25}, "3": {"type-based": 0.113237358358, "geo-based": 0.35219243209123885, "mixed": 0.4467872534379601, "none": 0.087782956112801}, "4": {"type-based": 0.029770354275884776, "geo-based": 0.34217789653570013, "mixed": 0.6121086343936253, "none": 0.015943114794789763}, "5": {"type-based": 0.00666803411479952, "geo-based": 0.27391456139192094, "mixed": 0.717050994670278, "none": 0.0023664098230015795}, "6": {"type-based": 0.0018794116882417356, "geo-based": 0.20312837578019982, "mixed": 0.7945596070946769, "none": 0.0004326054368813824}, "7": {"type-based": 0.0005252644433049845, "geo-based": 0.1445154015519592, "mixed": 0.8548819355122611, "none": 7.739849247472377e-05}, "8": {"type-based": 0.00011685196320481344, "geo-based": 0.09998474821051309, "mixed": 0.8998874744322354, "none": 1.0925394046529924e-05}, "9": {"type-based": 1.441451214183867e-05, "geo-based": 0.06773070398443026, "mixed": 0.9322540317650218, "none": 8.497384060941281e-07}, "10": {"type-based": 1.546453759240584e-06, "geo-based": 0.04513877375044626, "mixed": 0.9548596225922463, "none": 5.720354795241661e-08}, "11": {"type-based": 1.6268771171272835e-07, "geo-based": 0.029735317542411394, "mixed": 0.9702645160079182, "none": 3.76195879932626e-09}, "12": {"type-based": 1.5644676046489782e-08, "geo-based": 0.019437753493403452, "mixed": 0.9805622306364484, "none": 2.2547204343704162e-10}, "13": {"type-based": 1.3648388167422957e-09, "geo-based": 0.012641731667861285, "mixed": 0.9873582669550707, "none": 1.2229325266567735e-11}, "14": {"type-based": 1.2129202663465616e-10, "geo-based": 0.008194157831670445, "mixed": 0.9918058420463632, "none": 6.742999845836709e-13}, "15": {"type-based": 1.3216957289634634e-11, "geo-based": 0.005303034736725259, "mixed": 0.9946969652500124, "none": 4.5508569733073563e-14}, "16": {"type-based": 1.567727957098356e-12, "geo-based": 0.003435557004856686, "mixed": 0.9965644429935722, "none": 3.3382710821195773e-15}, "17": {"type-based": 2.0487185187165898e-13, "geo-based": 0.002230632113793822, "mixed": 0.9977693678860011, "none": 2.6943677108676874e-16}, "18": {"type-based": 3.10895876480228e-14, "geo-based": 0.0014526435256597664, "mixed": 0.998547356474309, "none": 2.5224221282333992e-17}, "19": {"type-based": 7.572522403532636e-15, "geo-based": 0.0009495803797103254, "mixed": 0.9990504196202821, "none": 3.786465279263043e-18}, "20": {"type-based": 2.033016834207569e-15, "geo-based": 0.0006221118476760983, "mixed": 0.9993778881523219, "none": 6.2594419696856e-19}, "21": {"type-based": 5.125275529990289e-16, "geo-based": 0.0004081040191418597, "mixed": 0.9995918959808577, "none": 9.708774280086636e-20}, "22": {"type-based": 1.182747765026475e-16, "geo-based": 0.0002679499342069418, "mixed": 0.999732050065793, "none": 1.3774562286283914e-20}, "23": {"type-based": 2.2629373329044974e-17, "geo-based": 0.00017600673127006133, "mixed": 0.9998239932687298, "none": 1.6192441496335985e-21}, "24": {"type-based": 3.919815921047877e-18, "geo-based": 0.00011567091941669617, "mixed": 0.9998843290805832, "none": 1.7222689050472266e-22}, "25": {"type-based": 6.566859993487002e-19, "geo-based": 7.603871385916672e-05, "mixed": 0.9999239612861408, "none": 1.7707294937729344e-23}, "26": {"type-based": 1.5370360451513798e-19, "geo-based": 4.9978172053340516e-05, "mixed": 0.9999500218279467, "none": 2.542265870812281e-24}, "27": {"type-based": 3.65269184692217e-20, "geo-based": 3.28308344200964e-05, "mixed": 0.99996716916558, "none": 3.704187126621012e-25}, "28": {"type-based": 1.1560631648247356e-20, "geo-based": 2.1541054506156718e-05, "mixed": 0.9999784589454939, "none": 7.184891169095388e-26}, "29": {"type-based": 1.7178006423370447e-21, "geo-based": 1.4110617653403397e-05, "mixed": 0.9999858893823467, "none": 6.540327482534821e-27}, "30": {"type-based": 2.143460950765879e-22, "geo-based": 9.249233686942947e-06, "mixed": 0.999990750766313, "none": 4.997719724015427e-28}, "31": {"type-based": 2.624923409892728e-23, "geo-based": 6.06680585331298e-06, "mixed": 0.9999939331941468, "none": 3.7467516545925667e-29}, "32": {"type-based": 2.9373957850736056e-24, "geo-based": 3.9832193684986985e-06, "mixed": 0.9999960167806315, "none": 2.565930271320964e-30}, "33": {"type-based": 2.726493813455498e-25, "geo-based": 2.618196332304904e-06, "mixed": 0.9999973818036676, "none": 1.4571424964849305e-31}, "34": {"type-based": 3.7238502868133764e-26, "geo-based": 1.7229112374857447e-06, "mixed": 0.9999982770887624, "none": 1.2172614958893816e-32}, "35": {"type-based": 6.460600838564757e-27, "geo-based": 1.13448699532072e-06, "mixed": 0.9999988655130047, "none": 1.2913533294256725e-33}, "36": {"type-based": 1.1677716580870279e-27, "geo-based": 7.474337730014353e-07, "mixed": 0.9999992525662269, "none": 1.4269330963311912e-34}, "37": {"type-based": 2.5980307543307192e-28, "geo-based": 4.92651981865133e-07, "mixed": 0.9999995073480181, "none": 1.9402717480297962e-35}, "38": {"type-based": 6.619550743935476e-29, "geo-based": 3.247549753950329e-07, "mixed": 0.9999996752450246, "none": 3.020814469891102e-36}, "39": {"type-based": 1.536858926642711e-29, "geo-based": 2.1410624465504571e-07, "mixed": 0.9999997858937554, "none": 4.2846624416459674e-37}, "40": {"type-based": 2.2740891373358128e-30, "geo-based": 1.411847504468187e-07, "mixed": 0.9999998588152497, "none": 3.872502437517933e-38}, "41": {"type-based": 3.8179268815843073e-31, "geo-based": 9.30727082474025e-08, "mixed": 0.9999999069272918, "none": 3.9703823685443347e-39}, "42": {"type-based": 6.121868842124651e-32, "geo-based": 6.132727079974648e-08, "mixed": 0.9999999386727292, "none": 3.887158076987766e-40}, "43": {"type-based": 9.413218893948525e-33, "geo-based": 4.039295929688113e-08, "mixed": 0.9999999596070407, "none": 3.6488539774098877e-41}, "44": {"type-based": 1.5660142721301904e-33, "geo-based": 2.6594972185151918e-08, "mixed": 0.9999999734050278, "none": 3.70522303699466e-42}, "45": {"type-based": 2.5413124893704167e-34, "geo-based": 1.749876928179736e-08, "mixed": 0.9999999825012308, "none": 3.669529904283755e-43}, "46": {"type-based": 3.962165964352127e-35, "geo-based": 1.150836731917663e-08, "mixed": 0.9999999884916327, "none": 3.491042758871754e-44}, "47": {"type-based": 6.709961814427925e-36, "geo-based": 7.56554766724855e-09, "mixed": 0.9999999924344524, "none": 3.6070481481178497e-45}, "48": {"type-based": 1.0052403879595428e-36, "geo-based": 4.971312742342947e-09, "mixed": 0.9999999950286873, "none": 3.2965000007747913e-46}, "49": {"type-based": 1.5410178556330939e-37, "geo-based": 3.2642253112784043e-09, "mixed": 0.9999999967357747, "none": 3.0823817376832205e-47}, "50": {"type-based": 4.928306968561383e-38, "geo-based": 2.141224993601886e-09, "mixed": 0.999999997858775, "none": 6.011997024015743e-48}, "51": {"type-based": 1.6787211099466104e-38, "geo-based": 1.402390518781615e-09, "mixed": 0.9999999985976096, "none": 1.2487935191838732e-48}, "52": {"type-based": 3.26252593465171e-39, "geo-based": 9.173731206244618e-10, "mixed": 0.9999999990826269, "none": 1.4798169626263673e-49}, "53": {"type-based": 6.049077445459433e-40, "geo-based": 5.996551713321939e-10, "mixed": 0.9999999994003448, "none": 1.6727764452588019e-50}, "54": {"type-based": 1.0903502400147034e-40, "geo-based": 3.917823665781268e-10, "mixed": 0.9999999996082176, "none": 1.8380787432236672e-51}, "55": {"type-based": 4.4459466619672025e-41, "geo-based": 2.5588974087401947e-10, "mixed": 0.9999999997441102, "none": 4.568440506652462e-52}, "56": {"type-based": 1.6911265993780478e-41, "geo-based": 1.670544732709464e-10, "mixed": 0.9999999998329456, "none": 1.05911569369094e-52}, "57": {"type-based": 4.5775552604675004e-42, "geo-based": 1.0906896740750941e-10, "mixed": 0.999999999890931, "none": 1.74712461840826e-53},