{"0": {"type-based": 0.25, "geo-based": 0.25, "mixed": 0.25, "none": 0.25}, "1": {"type-based": 0.25, "geo-based": 0.25, "mixed": 0.25, "none": 0.25}, "2": {"type-based": 0.25, "geo-based": 0.25, "mixed": 0.25, "none": 0.25}, "3": {"type-based": 0.19308740449481976, "geo-based": 0.12794668065700263, "mixed": 0.6463250785047501, "none": 0.032640836343427494}, "4": {"type-based": 0.05592064547146589, "geo-based": 0.037262823760728155, "mixed": 0.9052198024848959, "none": 0.0015967282829101087}, "5": {"type-based": 0.01044720835528134, "geo-based": 0.008761005054066502, "mixed": 0.9807414211611607, "none": 5.036542949137669e-05}, "6": {"type-based": 0.0017732695216242376, "geo-based": 0.002001394723674355, "mixed": 0.9962238927305843, "none": 1.4430241171477671e-06}, "7": {"type-based": 0.0002596221166571799, "geo-based": 0.0004626200742052817, "mixed": 0.9992777221528767, "none": 3.565626105108165e-08}, "8": {"type-based": 4.3414329459243634e-05, "geo-based": 0.00010873898091008925, "mixed": 0.9998478456834604, "none": 1.006170458925209e-09}, "9": {"type-based": 5.847329201861553e-06, "geo-based": 2.6226569916655165e-05, "mixed": 0.999967926078015, "none": 2.286662983051387e-11}, "10": {"type-based": 7.036904373292038e-07, "geo-based": 6.4674876833435055e-06, "mixed": 0.999992828821415, "none": 4.643042979602468e-13}, "11": {"type-based": 7.800566605835825e-08, "geo-based": 1.626801952370914e-06, "mixed": 0.9999982951923729, "none": 8.683601191267549e-15}, "12": {"type-based": 6.658953678839861e-09, "geo-based": 4.1669512784344383e-07, "mixed": 0.9999995766459182, "none": 1.2505841718651794e-16}, "13": {"type-based": 5.436143449513154e-10, "geo-based": 1.0822026759332764e-07, "mixed": 0.9999998912361182, "none": 1.7223239678048266e-18}, "14": {"type-based": 5.6120950795829067e-11, "geo-based": 2.840918348525237e-08, "mixed": 0.9999999715346956, "none": 2.999523318895185e-20}, "15": {"type-based": 5.3722124477929165e-12, "geo-based": 7.475079495672091e-09, "mixed": 0.9999999925195483, "none": 4.843640796124297e-22}, "16": {"type-based": 4.797229020938163e-13, "geo-based": 1.969589990746365e-09, "mixed": 0.9999999980299303, "none": 7.296095976208409e-24}, "17": {"type-based": 4.015714505732045e-14, "geo-based": 5.192719601692054e-10, "mixed": 0.9999999994806879, "none": 1.0302327094056053e-25}, "18": {"type-based": 3.27654808045762e-15, "geo-based": 1.3689242087263254e-10, "mixed": 0.9999999998631044, "none": 1.4179261135613893e-27}, "19": {"type-based": 2.1290266807274998e-15, "geo-based": 3.604210607928866e-11, "mixed": 0.9999999999639557, "none": 1.5540883897563686e-28}, "20": {"type-based": 3.9482036125717894e-16, "geo-based": 9.528550450953988e-12, "mixed": 0.999999999990471, "none": 4.861221965131944e-30}, "21": {"type-based": 4.526919287686688e-17, "geo-based": 2.5352273169144864e-12, "mixed": 0.9999999999974647, "none": 9.401438879215754e-32}, "22": {"type-based": 3.9216460487467335e-18, "geo-based": 6.793104071838682e-13, "mixed": 0.9999999999993208, "none": 1.3737273300178489e-33}, "23": {"type-based": 3.494349316056768e-19, "geo-based": 1.8322311328604012e-13, "mixed": 0.9999999999998168, "none": 2.0645927549596868e-35}, "24": {"type-based": 2.567029039759248e-20, "geo-based": 4.968893459330634e-14, "mixed": 0.9999999999999503, "none": 2.5581768795635624e-37}, "25": {"type-based": 1.7194119298309398e-21, "geo-based": 1.3550630081598101e-14, "mixed": 0.9999999999999865, "none": 2.890064611721521e-39}, "26": {"type-based": 1.0721850389130917e-22, "geo-based": 3.711333324197101e-15, "mixed": 0.9999999999999962, "none": 3.039636287235235e-41}, "27": {"type-based": 8.666478039766611e-24, "geo-based": 1.0201438374967315e-15, "mixed": 0.9999999999999989, "none": 4.143959349666013e-43}, "28": {"type-based": 1.107752339885564e-24, "geo-based": 2.814017760473591e-16, "mixed": 0.9999999999999998, "none": 8.933742705519523e-45}, "29": {"type-based": 1.6409083398852527e-25, "geo-based": 7.778351119397115e-17, "mixed": 1.0, "none": 2.2319793596226556e-46}, "30": {"type-based": 2.1346476327479556e-26, "geo-based": 2.15127720923526e-17, "mixed": 1.0, "none": 4.8971623176889354e-48}, "31": {"type-based": 3.8681770061043156e-27, "geo-based": 5.959488023427892e-18, "mixed": 1.0, "none": 1.4966995657504561e-49}, "32": {"type-based": 1.1299747287960915e-26, "geo-based": 1.6500440744477168e-18, "mixed": 1.0, "none": 7.374026830575811e-50}, "33": {"type-based": 8.635434515572566e-27, "geo-based": 4.50134206171224e-19, "mixed": 1.0, "none": 9.504421954314306e-51}, "34": {"type-based": 4.406235353620493e-27, "geo-based": 1.2178730510852644e-19, "mixed": 1.0, "none": 8.179235415866614e-52}, "35": {"type-based": 4.771518788761507e-27, "geo-based": 3.2727829594091767e-20, "mixed": 1.0, "none": 1.493837136944392e-52}, "36": {"type-based": 3.6238809761293544e-27, "geo-based": 8.710575450969874e-21, "mixed": 1.0, "none": 1.9134641762602974e-53}, "37": {"type-based": 7.847589695705815e-28, "geo-based": 2.3010756039305144e-21, "mixed": 1.0, "none": 6.98844895076353e-55}, "38": {"type-based": 1.1872622076405304e-28, "geo-based": 6.061687928877788e-22, "mixed": 1.0, "none": 1.7831490379578836e-56}, "39": {"type-based": 1.4911671733397346e-29, "geo-based": 1.595121981205472e-22, "mixed": 1.0, "none": 3.777133220765487e-58}, "40": {"type-based": 1.7878208192168618e-30, "geo-based": 4.196443040614713e-23, "mixed": 1.0, "none": 7.637539732949031e-60}, "41": {"type-based": 2.395302131931072e-31, "geo-based": 1.1037793139372815e-23, "mixed": 1.0, "none": 1.7257661448830604e-61}, "42": {"type-based": 9.783514231403977e-32, "geo-based": 2.9018502951396443e-24, "mixed": 1.0, "none": 1.1887960993287638e-62}, "43": {"type-based": 2.0712337538361916e-32, "geo-based": 7.578322088266591e-25, "mixed": 1.0, "none": 4.244545647189188e-64}, "44": {"type-based": 3.86296198638133e-33, "geo-based": 1.9743339857600587e-25, "mixed": 1.0, "none": 1.3350912383871458e-65}, "45": {"type-based": 2.384174658423439e-33, "geo-based": 5.133006717424894e-26, "mixed": 1.0, "none": 1.3896833852531817e-66}, "46": {"type-based": 2.8381750016972787e-33, "geo-based": 1.32267245845276e-26, "mixed": 1.0, "none": 2.7899933836616958e-67}, "47": {"type-based": 4.5329679533840404e-33, "geo-based": 3.3651421823171594e-27, "mixed": 1.0, "none": 7.515049102169344e-68}, "48": {"type-based": 4.299142982355421e-33, "geo-based": 8.448100949520878e-28, "mixed": 1.0, "none": 1.202029825625305e-68}}