{"0": {"type-based": 0.25, "geo-based": 0.25, "mixed": 0.25, "none": 0.25}, "1": {"type-based": 0.25, "geo-based": 0.25, "mixed": 0.25, "none": 0.25}, "2": {"type-based": 0.25, "geo-based": 0.25, "mixed": 0.25, "none": 0.25}, "3": {"type-based": 0.14679061499385787, "geo-based": 0.2944595987047077, "mixed": 0.4697135807841726, "none": 0.08903620551726184}, "4": {"type-based": 0.04534649658574501, "geo-based": 0.26575504294896796, "mixed": 0.6722170216250377, "none": 0.01668143884024939}, "5": {"type-based": 0.010316447779895791, "geo-based": 0.19750438960058103, "mixed": 0.7898776259981036, "none": 0.0023015366214195775}, "6": {"type-based": 0.001781392693828994, "geo-based": 0.13617569722734318, "mixed": 0.8618019022107254, "none": 0.00024100786810230787}, "7": {"type-based": 0.00043716205119231775, "geo-based": 0.0906073982653503, "mixed": 0.9089195732275481, "none": 3.5866455909407874e-05}, "8": {"type-based": 0.00012292455848493013, "geo-based": 0.05915768874838241, "mixed": 0.9407132709052825, "none": 6.115787850280773e-06}, "9": {"type-based": 3.7364997449422086e-05, "geo-based": 0.038218633641773844, "mixed": 0.9617428740558012, "none": 1.1273049757466042e-06}, "10": {"type-based": 9.260552458467055e-06, "geo-based": 0.02456038197997907, "mixed": 0.9754301880446431, "none": 1.6942291932386913e-07}, "11": {"type-based": 1.872203133707873e-06, "geo-based": 0.01573104634540871, "mixed": 0.9842670606811036, "none": 2.0770353982942692e-08}, "12": {"type-based": 6.463054155874535e-07, "geo-based": 0.010051752349999143, "mixed": 0.9899475969966622, "none": 4.347922843199811e-09}, "13": {"type-based": 1.8457013206123846e-07, "geo-based": 0.006429937165018253, "mixed": 0.9935698775119164, "none": 7.529331601220478e-10}, "14": {"type-based": 2.0504863219889743e-08, "geo-based": 0.0041181162372041944, "mixed": 0.99588186320721, "none": 5.072254533901039e-11}, "15": {"type-based": 1.897053077618785e-09, "geo-based": 0.0026350653699740837, "mixed": 0.9973649327301273, "none": 2.845582993625744e-12}, "16": {"type-based": 1.6098699484040058e-10, "geo-based": 0.001684688499954044, "mixed": 0.9983153113389124, "none": 1.4642958707186176e-13}, "17": {"type-based": 1.3138753563396084e-11, "geo-based": 0.0010767536862966941, "mixed": 0.9989232463005572, "none": 7.246650335670188e-15}, "18": {"type-based": 1.1356792467621698e-12, "geo-based": 0.0006883154019310233, "mixed": 0.9993116845969328, "none": 3.798244239513797e-16}, "19": {"type-based": 9.355492232947175e-14, "geo-based": 0.00044041969371745094, "mixed": 0.999559580306189, "none": 1.8973042447459923e-17}, "20": {"type-based": 6.565926482493501e-15, "geo-based": 0.0002821312253350886, "mixed": 0.9997178687746584, "none": 8.074370337201205e-19}, "21": {"type-based": 4.624536682666434e-16, "geo-based": 0.00018086078036671209, "mixed": 0.999819139219633, "none": 3.4484382148838655e-20}, "22": {"type-based": 2.9618104214036103e-17, "geo-based": 0.00011607832504988547, "mixed": 0.9998839216749501, "none": 1.3392213912084839e-21}, "23": {"type-based": 2.2979896331082774e-18, "geo-based": 7.456906537591033e-05, "mixed": 0.9999254309346239, "none": 6.300622734162413e-23}, "24": {"type-based": 1.9411812243391295e-19, "geo-based": 4.800762762970197e-05, "mixed": 0.9999519923723703, "none": 3.2273140281282428e-24}, "25": {"type-based": 1.8293894671233047e-20, "geo-based": 3.098706078898505e-05, "mixed": 0.9999690129392109, "none": 1.8442531764632293e-25}, "26": {"type-based": 2.126384256060723e-21, "geo-based": 2.00589373669517e-05, "mixed": 0.9999799410626331, "none": 1.29985487191643e-26}, "27": {"type-based": 1.2110918279395706e-22, "geo-based": 1.302891723251897e-05, "mixed": 0.9999869710827676, "none": 4.48919541317079e-28}, "28": {"type-based": 1.903716191037794e-23, "geo-based": 8.47143155413704e-06, "mixed": 0.9999915285684459, "none": 4.2788942908664514e-29}, "29": {"type-based": 3.7553393105841924e-24, "geo-based": 5.52557332687242e-06, "mixed": 0.9999944744266732, "none": 5.118186199458991e-30}, "30": {"type-based": 7.524341094282833e-25, "geo-based": 3.6150958458588795e-06, "mixed": 0.9999963849041541, "none": 6.21831287446247e-31}, "31": {"type-based": 1.466166036392403e-25, "geo-based": 2.3710765077141916e-06, "mixed": 0.9999976289234923, "none": 7.34723824612368e-32}, "32": {"type-based": 5.367356457319059e-26, "geo-based": 1.5595915949425146e-06, "mixed": 0.999998440408405, "none": 1.630939970144718e-32}, "33": {"type-based": 1.8836149630803173e-26, "geo-based": 1.0274698323953073e-06, "mixed": 0.9999989725301676, "none": 3.47061112813817e-33}, "34": {"type-based": 8.205443922174188e-27, "geo-based": 6.776804936802716e-07, "mixed": 0.9999993223195064, "none": 9.167521213782775e-34}, "35": {"type-based": 3.743836492221755e-27, "geo-based": 4.472024835377335e-07, "mixed": 0.9999995527975164, "none": 2.536310866257319e-34}, "36": {"type-based": 1.4115289988541721e-27, "geo-based": 2.9520821164376074e-07, "mixed": 0.9999997047917885, "none": 5.798437020552622e-35}, "37": {"type-based": 2.0986133701992337e-28, "geo-based": 1.950779079791181e-07, "mixed": 0.9999998049220921, "none": 5.2274378932982486e-36}, "38": {"type-based": 3.146800839727253e-29, "geo-based": 1.2893182434337636e-07, "mixed": 0.9999998710681757, "none": 4.752923220835716e-37}, "39": {"type-based": 3.54359420167924e-30, "geo-based": 8.522770520339798e-08, "mixed": 0.9999999147722948, "none": 3.2454163386400233e-38}, "40": {"type-based": 4.240510603948588e-31, "geo-based": 5.637919343003469e-08, "mixed": 0.9999999436208066, "none": 2.3549370024393557e-39}, "41": {"type-based": 4.0997164987247876e-32, "geo-based": 3.732254964941693e-08, "mixed": 0.9999999626774504, "none": 1.3805415731712328e-40}, "42": {"type-based": 5.9591055295182715e-33, "geo-based": 2.4725259689980695e-08, "mixed": 0.9999999752747404, "none": 1.2167772797212662e-41}, "43": {"type-based": 9.874239267074095e-34, "geo-based": 1.6368288633555125e-08, "mixed": 0.9999999836317113, "none": 1.222553434080593e-42}, "44": {"type-based": 2.032664231604539e-34, "geo-based": 1.082327386817497e-08, "mixed": 0.9999999891767261, "none": 1.5260328417894295e-43}, "45": {"type-based": 2.4117887981610444e-35, "geo-based": 7.146471253066926e-09, "mixed": 0.9999999928535286, "none": 1.0979217577318198e-44}, "46": {"type-based": 3.0975857009947856e-36, "geo-based": 4.715934905152714e-09, "mixed": 0.999999995284065, "none": 8.550454282808349e-46}, "47": {"type-based": 3.2282069844033193e-37, "geo-based": 3.109620513836602e-09, "mixed": 0.9999999968903794, "none": 5.403321828877086e-47}, "48": {"type-based": 3.3389929418287633e-38, "geo-based": 2.0497650424971452e-09, "mixed": 0.999999997950235, "none": 3.388819500451623e-48}, "49": {"type-based": 3.311322354356094e-39, "geo-based": 1.3506868793052797e-09, "mixed": 0.9999999986493131, "none": 2.037829037808824e-49}, "50": {"type-based": 3.2372222336219065e-40, "geo-based": 8.898080658793906e-10, "mixed": 0.999999999110192, "none": 1.2080141708779808e-50}, "51": {"type-based": 3.006324992198723e-41, "geo-based": 5.860583036063897e-10, "mixed": 0.9999999994139417, "none": 6.802500080152195e-52}, "52": {"type-based": 2.987265149108026e-42, "geo-based": 3.8596340376086426e-10, "mixed": 0.9999999996140365, "none": 4.0986365057809605e-53}, "53": {"type-based": 2.575387464362971e-43, "geo-based": 2.541241868637753e-10, "mixed": 0.9999999997458757, "none": 2.142600027821934e-54}, "54": {"type-based": 2.1457056365984584e-44, "geo-based": 1.6732940088380303e-10, "mixed": 0.9999999998326705, "none": 1.0824341004722817e-55}, "55": {"type-based": 4.720522429703572e-45, "geo-based": 1.1019417040294219e-10, "mixed": 0.9999999998898059, "none": 1.4439564178119388e-56}, "56": {"type-based": 9.264981678821858e-46, "geo-based": 7.24721048559703e-11, "mixed": 0.999999999927528, "none": 1.718466957568956e-57}, "57": {"type-based": 1.6458101826890039e-46, "geo-based": 4.761926038719576e-11, "mixed": 0.9999999999523808, "none": 1.851010472797587e-58},