{"0": {"type-based": 0.25, "geo-based": 0.25, "mixed": 0.25, "none": 0.25}, "1": {"type-based": 0.25, "geo-based": 0.25, "mixed": 0.25, "none": 0.25}, "2": {"type-based": 0.25, "geo-based": 0.25, "mixed": 0.25, "none": 0.25}, "3": {"type-based": 0.17395545044134206, "geo-based": 0.27673664031622514, "mixed": 0.44379480653493836, "none": 0.10551310270749438}, "4": {"type-based": 0.0600604211742011, "geo-based": 0.25847353461709827, "mixed": 0.6593718513168069, "none": 0.022094192891893828}, "5": {"type-based": 0.017511821474461123, "geo-based": 0.19424941713219268, "mixed": 0.7843319807561411, "none": 0.003906780637205065}, "6": {"type-based": 0.003413045659569551, "geo-based": 0.13516413420828918, "mixed": 0.8609610629569838, "none": 0.000461757175157504}, "7": {"type-based": 0.000632759174730482, "geo-based": 0.0905453106115886, "mixed": 0.9087700162175326, "none": 5.191399614821591e-05}, "8": {"type-based": 8.217842117997941e-05, "geo-based": 0.05937446957032263, "mixed": 0.9405392634374583, "none": 4.088571039036016e-06}, "9": {"type-based": 1.3042271797828256e-05, "geo-based": 0.038358254734006905, "mixed": 0.961628309507807, "none": 3.934863882336169e-07}, "10": {"type-based": 1.4759480661074328e-06, "geo-based": 0.024556120464937128, "mixed": 0.9754423765843496, "none": 2.7002647115476068e-08}, "11": {"type-based": 1.72033535708345e-07, "geo-based": 0.01563154292568051, "mixed": 0.9843682831322315, "none": 1.9085522127734445e-09}, "12": {"type-based": 1.6025833515792412e-08, "geo-based": 0.009925939331954162, "mixed": 0.990074044534401, "none": 1.0781139372211011e-10}, "13": {"type-based": 1.4903005410577022e-09, "geo-based": 0.006292154688822503, "mixed": 0.9937078438147974, "none": 6.0795139678280845e-12}, "14": {"type-based": 1.4407571200155077e-10, "geo-based": 0.003986448256932208, "mixed": 0.9960135515986358, "none": 3.5639773627751887e-13}, "15": {"type-based": 1.492483442477085e-11, "geo-based": 0.002527623000879209, "mixed": 0.9974723769841736, "none": 2.238727820684749e-14}, "16": {"type-based": 1.4079632962410575e-12, "geo-based": 0.0016054638224273182, "mixed": 0.9983945361761635, "none": 1.2806468266912237e-15}, "17": {"type-based": 1.290668293310579e-13, "geo-based": 0.00102141092817342, "mixed": 0.9989785890716975, "none": 7.118652295157609e-17}, "18": {"type-based": 1.1988698802204316e-14, "geo-based": 0.0006501202272015293, "mixed": 0.9993498797727864, "none": 4.009583365599222e-18}, "19": {"type-based": 6.4724579122079166e-15, "geo-based": 0.0004137720632664037, "mixed": 0.9995862279367271, "none": 1.3126216734513111e-18}, "20": {"type-based": 2.2947784654780813e-15, "geo-based": 0.00026507439030348253, "mixed": 0.9997349256096942, "none": 2.8219766428252356e-19}, "21": {"type-based": 6.238838964864034e-16, "geo-based": 0.00017046652830855072, "mixed": 0.9998295334716908, "none": 4.6521959234495364e-20}, "22": {"type-based": 1.410339441446408e-16, "geo-based": 0.00010988312636631665, "mixed": 0.9998901168736335, "none": 6.377034583985856e-21}, "23": {"type-based": 2.2243383621153857e-17, "geo-based": 7.093544268821082e-05, "mixed": 0.9999290645573118, "none": 6.098685847358406e-22}, "24": {"type-based": 3.991276634721442e-18, "geo-based": 4.58456793979769e-05, "mixed": 0.9999541543206019, "none": 6.63570351488555e-23}, "25": {"type-based": 6.542556817875062e-19, "geo-based": 2.9649431921238698e-05, "mixed": 0.9999703505680787, "none": 6.5957148056237046e-24}, "26": {"type-based": 9.945300253597233e-20, "geo-based": 1.9182954433663678e-05, "mixed": 0.9999808170455662, "none": 6.0795441606866865e-25}, "27": {"type-based": 1.5709319970770617e-20, "geo-based": 1.2414550379722444e-05, "mixed": 0.9999875854496203, "none": 5.823027249452678e-26}, "28": {"type-based": 2.4797484311406954e-21, "geo-based": 8.036526644103024e-06, "mixed": 0.999991963473356, "none": 5.573615150590644e-27}, "29": {"type-based": 3.722062962643755e-22, "geo-based": 5.203567981184282e-06, "mixed": 0.9999947964320188, "none": 5.07283356133196e-28}, "30": {"type-based": 5.140948435582092e-23, "geo-based": 3.3702021764268705e-06, "mixed": 0.9999966297978236, "none": 4.2486146552045407e-29}, "31": {"type-based": 6.77742053317812e-24, "geo-based": 2.1838004558617737e-06, "mixed": 0.9999978161995441, "none": 3.3962949703810395e-30}, "32": {"type-based": 5.1066300653135735e-25, "geo-based": 1.4155108737831395e-06, "mixed": 0.9999985844891263, "none": 1.5517149182267453e-31}, "33": {"type-based": 3.9031692500267173e-26, "geo-based": 9.189865289863969e-07, "mixed": 0.999999081013471, "none": 7.191694109286932e-33}, "34": {"type-based": 3.100022828762128e-27, "geo-based": 5.976310037793695e-07, "mixed": 0.9999994023689963, "none": 3.463496346503262e-34}, "35": {"type-based": 2.8884535865118905e-28, "geo-based": 3.893212466368595e-07, "mixed": 0.9999996106787533, "none": 1.9568205591698953e-35}, "36": {"type-based": 3.674322122031601e-29, "geo-based": 2.541059661896991e-07, "mixed": 0.999999745894034, "none": 1.5093792217601192e-36}, "37": {"type-based": 3.5845984638700465e-30, "geo-based": 1.6610069181418546e-07, "mixed": 0.9999998338993082, "none": 8.928879472693934e-38}, "38": {"type-based": 5.614108204649294e-31, "geo-based": 1.0873285161453592e-07, "mixed": 0.9999998912671484, "none": 8.479540526776621e-39}, "39": {"type-based": 6.721260112518982e-32, "geo-based": 7.13072329144e-08, "mixed": 0.9999999286927672, "none": 6.155695642317535e-40}, "40": {"type-based": 7.538112490044756e-33, "geo-based": 4.6818927798104086e-08, "mixed": 0.9999999531810722, "none": 4.1862364439855295e-41}, "41": {"type-based": 9.44044058445911e-34, "geo-based": 3.0767868928538394e-08, "mixed": 0.9999999692321312, "none": 3.178980961232956e-42}, "42": {"type-based": 1.1351241725803228e-34, "geo-based": 2.023584654517903e-08, "mixed": 0.9999999797641534, "none": 2.3177862785218916e-43}, "43": {"type-based": 1.5464071017795243e-35, "geo-based": 1.3312168920451193e-08, "mixed": 0.9999999866878311, "none": 1.9146440162446874e-44}, "44": {"type-based": 2.091302879376373e-36, "geo-based": 0.00037650840167836825, "mixed": 0.9996234915983215, "none": 6.751398235556248e-41}, "45": {"type-based": 2.6860582978904177e-37, "geo-based": 0.010585936273219165, "mixed": 0.9894140637267809, "none": 2.273371563187932e-40}, "46": {"type-based": 3.512419717381083e-38, "geo-based": 0.007059983114735253, "mixed": 0.9929400168852648, "none": 1.825899509996716e-41}, "47": {"type-based": 4.0885656701632434e-39, "geo-based": 0.004702804795783792, "mixed": 0.9952971952042162, "none": 1.3050607191479515e-42}, "48": {"type-based": 6.257083261190533e-40, "geo-based": 0.0031317157658806993, "mixed": 0.9968682842341192, "none": 1.2260278110102968e-43}, "49": {"type-based": 9.132760339191666e-41, "geo-based": 0.002085198127919988, "mixed": 0.9979148018720799, "none": 1.098205670909635e-44}, "50": {"type-based": 1.2764878378577868e-41, "geo-based": 0.0013884456191794838, "mixed": 0.9986115543808205, "none": 9.417616548787507e-46}, "51": {"type-based": 1.9010026490725607e-42, "geo-based": 0.0009246510801479916, "mixed": 0.9990753489198521, "none": 8.602878571716017e-47}, "52": {"type-based": 3.5855579225652874e-43, "geo-based": 0.0006158701603435807, "mixed": 0.9993841298396565, "none": 9.950683423368847e-48}, "53": {"type-based": 8.064816953736898e-44, "geo-based": 0.00041016293545192897, "mixed": 0.9995898370645482, "none": 1.3722339778774263e-48}, "54": {"type-based": 3.3197810004898903e-44, "geo-based": 0.0002731431601298702, "mixed": 0.9997268568398701, "none": 3.462476019703896e-49}, "55": {"type-based": 1.1965920636549036e-44, "geo-based": 0.00018188459126450507, "mixed": 0.9998181154087356, "none": 7.648511590406719e-50}, "56": {"type-based": 4.08659198876353e-45, "geo-based": 0.00012111941661397465, "mixed": 0.999878880583386, "none": 1.6005112659092759e-50}, "57": {"type-based": 1.2110940489067822e-45, "geo-based": 8.06535116002267e-05, "mixed": 0.9999193464883996, "none": 2.905750652037785e-51},