{"0": {"type-based": 0.25, "geo-based": 0.25, "mixed": 0.25, "none": 0.25}, "1": {"type-based": 0.25, "geo-based": 0.25, "mixed": 0.25, "none": 0.25}, "2": {"type-based": 0.25, "geo-based": 0.25, "mixed": 0.25, "none": 0.25}, "3": {"type-based": 0.2012445592950548, "geo-based": 0.11607967665110329, "mixed": 0.6486559855906056, "none": 0.03401977846323634}, "4": {"type-based": 0.07135341867836326, "geo-based": 0.02868087577388587, "mixed": 0.8979283180904799, "none": 0.0020373874572711084}, "5": {"type-based": 0.011459801437590386, "geo-based": 0.00554645684257611, "mixed": 0.9829384946335631, "none": 5.524708627050184e-05}, "6": {"type-based": 0.0018622159826789464, "geo-based": 0.0009864438807497997, "mixed": 0.9971498247309653, "none": 1.5154056061835255e-06}, "7": {"type-based": 0.0005195684775228515, "geo-based": 0.00017403814457487776, "mixed": 0.9993063220208488, "none": 7.13570535014568e-08}, "8": {"type-based": 0.00010659473161941806, "geo-based": 3.1073289942817496e-05, "mixed": 0.9998623295079985, "none": 2.4704394002723333e-09}, "9": {"type-based": 2.300801046101448e-05, "geo-based": 5.6028286027546625e-06, "mixed": 0.9999713890709607, "none": 8.997537853369276e-11}, "10": {"type-based": 3.6216866601739207e-06, "geo-based": 1.0257432744751523e-06, "mixed": 0.9999953525676757, "none": 2.3896369667410525e-12}, "11": {"type-based": 4.4345038561816204e-07, "geo-based": 1.9060037394379535e-07, "mixed": 0.9999993659491911, "none": 4.936495630895675e-14}, "12": {"type-based": 5.082095822506616e-08, "geo-based": 3.58408503497473e-08, "mixed": 0.9999999133381905, "none": 9.54442529871481e-16}, "13": {"type-based": 5.572103365169603e-09, "geo-based": 6.8091827869910855e-09, "mixed": 0.9999999876187139, "none": 1.7653999137526467e-17}, "14": {"type-based": 5.703123699782286e-10, "geo-based": 1.3054737257040854e-09, "mixed": 0.9999999981242138, "none": 3.0481758212321874e-19}, "15": {"type-based": 6.349669564902666e-11, "geo-based": 2.533578988840869e-10, "mixed": 0.9999999996831455, "none": 5.7249259677187116e-21}, "16": {"type-based": 6.568006996181847e-12, "geo-based": 4.9839162173654123e-11, "mixed": 0.9999999999435929, "none": 9.989268639748929e-23}, "17": {"type-based": 6.551864805492173e-13, "geo-based": 9.925144830300235e-12, "mixed": 0.9999999999894196, "none": 1.680882796968394e-24}, "18": {"type-based": 5.495335970845967e-14, "geo-based": 1.998897578655862e-12, "mixed": 0.9999999999979461, "none": 2.3781065269054302e-26}, "19": {"type-based": 7.68423088693853e-15, "geo-based": 4.048457594192937e-13, "mixed": 0.9999999999995874, "none": 5.609123696617e-28}, "20": {"type-based": 1.174619004699833e-15, "geo-based": 8.308032750519982e-14, "mixed": 0.9999999999999158, "none": 1.4462485389877864e-29}, "21": {"type-based": 1.2643629924162893e-16, "geo-based": 1.7280030224117643e-14, "mixed": 0.9999999999999827, "none": 2.6258103224142953e-31}, "22": {"type-based": 1.6170622541807133e-17, "geo-based": 3.633554351715482e-15, "mixed": 0.9999999999999964, "none": 5.6644648326133966e-33}, "23": {"type-based": 3.0689046616768114e-18, "geo-based": 7.726924156921807e-16, "mixed": 0.9999999999999993, "none": 1.813224081818448e-34}, "24": {"type-based": 7.438709358052972e-19, "geo-based": 1.6658358971560862e-16, "mixed": 0.9999999999999998, "none": 7.413057662701365e-36}, "25": {"type-based": 2.106012486530724e-19, "geo-based": 3.636553294964048e-17, "mixed": 1.0, "none": 3.5398801494674663e-37}, "26": {"type-based": 3.4429508271197743e-20, "geo-based": 8.024815360317891e-18, "mixed": 1.0, "none": 9.7607389484644e-39}, "27": {"type-based": 4.639344769706686e-21, "geo-based": 1.785577916929805e-18, "mixed": 1.0, "none": 2.2183470663092883e-40}, "28": {"type-based": 8.011299052776043e-22, "geo-based": 4.0022103850402514e-19, "mixed": 1.0, "none": 6.460910250197896e-42}, "29": {"type-based": 1.6995327821092564e-22, "geo-based": 9.031852476245732e-20, "mixed": 1.0, "none": 2.311720891695384e-43}, "30": {"type-based": 3.4501888569162834e-23, "geo-based": 2.050867677705797e-20, "mixed": 1.0, "none": 7.915186843858677e-45}, "31": {"type-based": 9.52718289033695e-24, "geo-based": 4.684404695096753e-21, "mixed": 1.0, "none": 3.686317992245454e-46}, "32": {"type-based": 2.626401529971014e-24, "geo-based": 1.0757623207661998e-21, "mixed": 1.0, "none": 1.7139458835956406e-47}, "33": {"type-based": 1.011905046140143e-24, "geo-based": 2.4834859991879854e-22, "mixed": 1.0, "none": 1.1137334802171355e-48}, "34": {"type-based": 3.2841332858017346e-25, "geo-based": 5.759055886813204e-23, "mixed": 1.0, "none": 6.096292441479404e-50}, "35": {"type-based": 1.154850278607031e-25, "geo-based": 1.3415556043325802e-23, "mixed": 1.0, "none": 3.615532726931883e-51}, "36": {"type-based": 3.574202172282529e-26, "geo-based": 3.142924157089229e-24, "mixed": 1.0, "none": 1.887233013563035e-52}, "37": {"type-based": 9.944323486885766e-27, "geo-based": 7.397825887923835e-25, "mixed": 1.0, "none": 8.85563590002771e-54}, "38": {"type-based": 1.2519991590717576e-27, "geo-based": 1.748235258225912e-25, "mixed": 1.0, "none": 1.8803774614030522e-55}, "39": {"type-based": 2.1818944032158363e-28, "geo-based": 4.1269787641112714e-26, "mixed": 1.0, "none": 5.526748430312444e-57}, "40": {"type-based": 3.929346482855811e-29, "geo-based": 9.781984021603239e-27, "mixed": 1.0, "none": 1.678610046642181e-58}}