{"0": {"type-based": 0.25, "geo-based": 0.25, "mixed": 0.25, "none": 0.25}, "1": {"type-based": 0.25, "geo-based": 0.25, "mixed": 0.25, "none": 0.25}, "2": {"type-based": 0.25, "geo-based": 0.25, "mixed": 0.25, "none": 0.25}, "3": {"type-based": 0.19308740449481976, "geo-based": 0.12794668065700263, "mixed": 0.6463250785047501, "none": 0.032640836343427494}, "4": {"type-based": 0.0664553990919776, "geo-based": 0.03683441961526238, "mixed": 0.8948126492741716, "none": 0.0018975320185884437}, "5": {"type-based": 0.016608228298045685, "geo-based": 0.008707688805864009, "mixed": 0.9746040155208764, "none": 8.006737521407277e-05}, "6": {"type-based": 0.004314561923642924, "geo-based": 0.0019972630046584706, "mixed": 0.9936846640335655, "none": 3.5110381331324316e-06}, "7": {"type-based": 0.0005972515350666274, "geo-based": 0.0004645360550610825, "mixed": 0.9989381303838998, "none": 8.202597267787885e-08}, "8": {"type-based": 8.61156411004562e-05, "geo-based": 0.0001105860343339282, "mixed": 0.9998032963287494, "none": 1.9958160175668907e-09}, "9": {"type-based": 1.2081301255298785e-05, "geo-based": 2.6916949690682467e-05, "mixed": 0.9999610017018089, "none": 4.7245269445046855e-11}, "10": {"type-based": 2.112256280160528e-06, "geo-based": 6.672275988716051e-06, "mixed": 0.9999912154663373, "none": 1.3936947516216517e-12}, "11": {"type-based": 3.3014534102576835e-07, "geo-based": 1.6712814299421421e-06, "mixed": 0.9999979985731922, "none": 3.675182357238025e-14}, "12": {"type-based": 3.4011161471114565e-08, "geo-based": 4.2212828618574047e-07, "mixed": 0.9999995438605516, "none": 6.387462994026571e-16}, "13": {"type-based": 3.2650879394677786e-09, "geo-based": 1.0798340582134782e-07, "mixed": 0.9999998887515061, "none": 1.034472189220735e-17}, "14": {"type-based": 3.253455212111548e-10, "geo-based": 2.794450807598328e-08, "mixed": 0.9999999717301463, "none": 1.7388897795428916e-19}, "15": {"type-based": 2.8966422879140655e-11, "geo-based": 7.29928550474657e-09, "mixed": 0.999999992671748, "none": 2.6116418317156282e-21}, "16": {"type-based": 2.685446539500603e-12, "geo-based": 1.926388566481173e-09, "mixed": 0.999999998070926, "none": 4.084290244567355e-23}, "17": {"type-based": 3.376599831516935e-13, "geo-based": 5.128275640990656e-10, "mixed": 0.9999999994868347, "none": 8.662676562381906e-25}, "18": {"type-based": 5.215439287281133e-14, "geo-based": 1.37183989130818e-10, "mixed": 0.9999999998627638, "none": 2.256981242923522e-26}, "19": {"type-based": 5.964823844228598e-15, "geo-based": 3.675793090008751e-11, "mixed": 0.9999999999632361, "none": 4.354038193682972e-28}, "20": {"type-based": 6.156208880627189e-16, "geo-based": 9.869642726453678e-12, "mixed": 0.9999999999901297, "none": 7.579826363856526e-30}, "21": {"type-based": 9.515165047722432e-17, "geo-based": 2.658538103236009e-12, "mixed": 0.9999999999973415, "none": 1.9760953738480662e-31}, "22": {"type-based": 1.3521289833117962e-17, "geo-based": 7.141820162955688e-13, "mixed": 0.9999999999992859, "none": 4.7364206636605105e-33}, "23": {"type-based": 2.4389254926770085e-18, "geo-based": 1.9143134652909198e-13, "mixed": 0.9999999999998086, "none": 1.441008739146225e-34}, "24": {"type-based": 3.781270288537382e-19, "geo-based": 5.128489807701898e-14, "mixed": 0.9999999999999487, "none": 3.768230930657559e-36}, "25": {"type-based": 5.404864228910418e-20, "geo-based": 1.3735580970053708e-14, "mixed": 0.9999999999999862, "none": 9.084737966584538e-38}, "26": {"type-based": 7.188494787711598e-21, "geo-based": 3.677191643376596e-15, "mixed": 0.9999999999999962, "none": 2.0379327088428677e-39}, "27": {"type-based": 9.36185113812478e-22, "geo-based": 9.838722878067605e-16, "mixed": 0.9999999999999991, "none": 4.476458646292068e-41}, "28": {"type-based": 1.3631468915219564e-21, "geo-based": 2.6296480080442657e-16, "mixed": 0.9999999999999998, "none": 1.0993435229343713e-41}, "29": {"type-based": 1.685747292136463e-21, "geo-based": 6.958303162377689e-17, "mixed": 1.0, "none": 2.292969735196471e-42}, "30": {"type-based": 1.3384308649149024e-21, "geo-based": 1.821298768441863e-17, "mixed": 1.0, "none": 3.0705363714082276e-43}, "31": {"type-based": 3.428460399267683e-22, "geo-based": 4.7291043901433535e-18, "mixed": 1.0, "none": 1.3265616290771665e-44}, "32": {"type-based": 8.499628769798895e-23, "geo-based": 1.2248183510438034e-18, "mixed": 1.0, "none": 5.546716134546523e-46}, "33": {"type-based": 1.8920305302265916e-23, "geo-based": 3.1687017309858463e-19, "mixed": 1.0, "none": 2.082426365145823e-47}, "34": {"type-based": 3.125298988493512e-24, "geo-based": 8.191807556420126e-20, "mixed": 1.0, "none": 5.801450471966761e-49}, "35": {"type-based": 3.9624882936210117e-25, "geo-based": 2.1134968778300583e-20, "mixed": 1.0, "none": 1.2405509502887016e-50}, "36": {"type-based": 4.91668176185154e-26, "geo-based": 5.4493339810518174e-21, "mixed": 1.0, "none": 2.596082619530126e-52}, "37": {"type-based": 9.18699302038964e-27, "geo-based": 1.404734043088847e-21, "mixed": 1.0, "none": 8.181216682256657e-54}, "38": {"type-based": 1.7258559381086618e-27, "geo-based": 3.6138397565427864e-22, "mixed": 1.0, "none": 2.5920629292229007e-55}, "39": {"type-based": 4.980857934837582e-28, "geo-based": 9.27641595008959e-23, "mixed": 1.0, "none": 1.2616535764700698e-56}, "40": {"type-based": 2.551234706748274e-28, "geo-based": 2.367457586513752e-23, "mixed": 1.0, "none": 1.0898830705754842e-57}, "41": {"type-based": 2.126167530510634e-28, "geo-based": 5.988375993537709e-24, "mixed": 1.0, "none": 1.531860174794209e-58}, "42": {"type-based": 2.2725197858754688e-28, "geo-based": 1.4963269715243065e-24, "mixed": 1.0, "none": 2.7613417767865903e-59}, "43": {"type-based": 1.679063318939733e-28, "geo-based": 3.691612859170419e-25, "mixed": 1.0, "none": 3.440877152837439e-60}}