{"0": {"type-based": 0.25, "geo-based": 0.25, "mixed": 0.25, "none": 0.25}, "1": {"type-based": 0.25, "geo-based": 0.25, "mixed": 0.25, "none": 0.25}, "2": {"type-based": 0.25, "geo-based": 0.25, "mixed": 0.25, "none": 0.25}, "3": {"type-based": 0.19011198107330146, "geo-based": 0.11927932101579895, "mixed": 0.6584708478145983, "none": 0.03213785009630133}, "4": {"type-based": 0.048694468650965356, "geo-based": 0.029900941622136194, "mixed": 0.9200141938425027, "none": 0.0013903958843956787}, "5": {"type-based": 0.008781742976763793, "geo-based": 0.005722805121802522, "mixed": 0.9854531155909414, "none": 4.2336310492361994e-05}, "6": {"type-based": 0.0013336669413186813, "geo-based": 0.0010515285587967874, "mixed": 0.9976137192088234, "none": 1.0852910610017041e-06}, "7": {"type-based": 0.0002124292317387715, "geo-based": 0.00019396607712062017, "mixed": 0.9995935755163067, "none": 2.9174833944367212e-08}, "8": {"type-based": 3.137331698738244e-05, "geo-based": 3.5825361560033456e-05, "mixed": 0.9999328005943448, "none": 7.27107965143972e-10}, "9": {"type-based": 4.452720360511277e-06, "geo-based": 6.7288502311729985e-06, "mixed": 0.9999888184119956, "none": 1.7412857170789812e-11}, "10": {"type-based": 5.510263494574257e-07, "geo-based": 1.2781993720196386e-06, "mixed": 0.9999981707739151, "none": 3.6357450488237566e-13}, "11": {"type-based": 6.804334051732243e-08, "geo-based": 2.4671689126756656e-07, "mixed": 0.9999996852397606, "none": 7.574593777995622e-15}, "12": {"type-based": 8.00331051322294e-09, "geo-based": 4.832591774378937e-08, "mixed": 0.9999999436707715, "none": 1.5030609812114738e-16}, "13": {"type-based": 2.033938550480055e-09, "geo-based": 9.5930390027042e-09, "mixed": 0.9999999883730225, "none": 6.444092484071102e-18}, "14": {"type-based": 4.367705171951423e-10, "geo-based": 1.917770078529758e-09, "mixed": 0.9999999976454594, "none": 2.334428288820272e-19}, "15": {"type-based": 5.954822634971833e-11, "geo-based": 3.8600283896911773e-10, "mixed": 0.9999999995544488, "none": 5.368928002890807e-21}, "16": {"type-based": 9.309711358234654e-12, "geo-based": 7.83351308866235e-11, "mixed": 0.9999999999123552, "none": 1.4159121293565845e-22}, "17": {"type-based": 1.6797040875794987e-12, "geo-based": 1.6035180267574672e-11, "mixed": 0.9999999999822851, "none": 4.3092856593181494e-24}, "18": {"type-based": 2.297500590277166e-13, "geo-based": 3.307421271934421e-12, "mixed": 0.9999999999964628, "none": 9.942433325811943e-26}, "19": {"type-based": 2.5675776622648115e-14, "geo-based": 6.926582916029935e-13, "mixed": 0.9999999999992817, "none": 1.874209783674508e-27}, "20": {"type-based": 5.117450200789646e-15, "geo-based": 1.4681223759246362e-13, "mixed": 0.9999999999998481, "none": 6.300855721405671e-29}, "21": {"type-based": 6.610551044346109e-16, "geo-based": 3.161933994711632e-14, "mixed": 0.9999999999999678, "none": 1.3728694428107324e-30}, "22": {"type-based": 9.170715021462603e-17, "geo-based": 6.872520723102137e-15, "mixed": 0.9999999999999931, "none": 3.2124423530814176e-32}, "23": {"type-based": 1.479240247273187e-17, "geo-based": 1.5076661206096605e-15, "mixed": 0.9999999999999984, "none": 8.739906692589469e-34}, "24": {"type-based": 2.6482173047918313e-18, "geo-based": 3.340350226490211e-16, "mixed": 0.9999999999999996, "none": 2.6390851744372783e-35}, "25": {"type-based": 5.445462178593532e-19, "geo-based": 7.471009386140475e-17, "mixed": 1.0, "none": 9.152976819445791e-37}, "26": {"type-based": 1.32108662569453e-19, "geo-based": 1.687077226253197e-17, "mixed": 1.0, "none": 3.7452703594083084e-38}, "27": {"type-based": 6.165620833885887e-20, "geo-based": 3.84128956416442e-18, "mixed": 1.0, "none": 2.9481505617205765e-39}, "28": {"type-based": 2.4014307162801813e-20, "geo-based": 8.803758275595125e-19, "mixed": 1.0, "none": 1.9366931914217277e-40}, "29": {"type-based": 6.454077253682496e-21, "geo-based": 2.0282509516790234e-19, "mixed": 1.0, "none": 8.77889816602234e-42}, "30": {"type-based": 1.644639068202826e-21, "geo-based": 4.6941746996297897e-20, "mixed": 1.0, "none": 3.773018247809751e-43}, "31": {"type-based": 3.7958345931551864e-22, "geo-based": 1.0910263043058148e-20, "mixed": 1.0, "none": 1.4687083807877633e-44}, "32": {"type-based": 4.8828271341509306e-23, "geo-based": 2.5461241758884598e-21, "mixed": 1.0, "none": 3.1864516416800327e-46}, "33": {"type-based": 8.109918247267368e-24, "geo-based": 5.973126526214963e-22, "mixed": 1.0, "none": 8.926022760988007e-48}, "34": {"type-based": 1.432832492230461e-24, "geo-based": 1.408885729683214e-22, "mixed": 1.0, "none": 2.659747681391148e-49}, "35": {"type-based": 3.947754954679599e-25, "geo-based": 3.3412649961069107e-23, "mixed": 1.0, "none": 1.2359383290592285e-50}, "36": {"type-based": 8.043908862179208e-26, "geo-based": 7.96761512595702e-24, "mixed": 1.0, "none": 4.247306008742721e-52}, "37": {"type-based": 2.257128733998701e-26, "geo-based": 1.9081338643283726e-24, "mixed": 1.0, "none": 2.010022127110295e-53}, "38": {"type-based": 5.886341798702055e-27, "geo-based": 4.58592972767562e-25, "mixed": 1.0, "none": 8.840696392001058e-55}}