{"0": {"type-based": 0.25, "geo-based": 0.25, "mixed": 0.25, "none": 0.25}, "1": {"type-based": 0.25, "geo-based": 0.25, "mixed": 0.25, "none": 0.25}, "2": {"type-based": 0.25, "geo-based": 0.25, "mixed": 0.25, "none": 0.25}, "3": {"type-based": 0.19384120646549252, "geo-based": 0.11788503036034179, "mixed": 0.655505498908526, "none": 0.03276826426563949}, "4": {"type-based": 0.059819217830759504, "geo-based": 0.029334191503131636, "mixed": 0.9091385446275366, "none": 0.0017080460385721396}, "5": {"type-based": 0.018847305349188274, "geo-based": 0.005694754163275964, "mixed": 0.9753670786423054, "none": 9.086184523036878e-05}, "6": {"type-based": 0.005170217099356992, "geo-based": 0.001064564394849803, "mixed": 0.9937610111656937, "none": 4.207340099337067e-06}, "7": {"type-based": 0.0009698225183626568, "geo-based": 0.00019977325277791724, "mixed": 0.998830271034333, "none": 1.3319452646485464e-07}, "8": {"type-based": 0.00014201304206099122, "geo-based": 3.774187816324779e-05, "mixed": 0.9998202417884817, "none": 3.2912941299257817e-09}, "9": {"type-based": 2.0880540729655574e-05, "geo-based": 7.22549082054498e-06, "mixed": 0.999971893886794, "none": 8.165567202441682e-11}, "10": {"type-based": 3.290127693806251e-06, "geo-based": 1.4028345772649874e-06, "mixed": 0.999995307035558, "none": 2.1708699564971042e-12}, "11": {"type-based": 5.397275415763996e-07, "geo-based": 2.7880323562443975e-07, "mixed": 0.9999991814691626, "none": 6.008254220259356e-14}, "12": {"type-based": 1.2192973574922044e-07, "geo-based": 5.6682472522798545e-08, "mixed": 0.9999998213877895, "none": 2.289900260039728e-15}, "13": {"type-based": 2.566072302004306e-08, "geo-based": 1.1757127327901917e-08, "mixed": 0.9999999625821497, "none": 8.130042685422384e-17}, "14": {"type-based": 5.051610579545098e-09, "geo-based": 2.48506059775795e-09, "mixed": 0.9999999924633288, "none": 2.699958485459101e-18}, "15": {"type-based": 1.0618233771905686e-09, "geo-based": 5.348330634083365e-10, "mixed": 0.9999999984033436, "none": 9.573506405450642e-20}, "16": {"type-based": 2.386909306513051e-10, "geo-based": 1.1706075498723224e-10, "mixed": 0.9999999996442483, "none": 3.6302455669332436e-21}, "17": {"type-based": 8.285542570105028e-11, "geo-based": 2.5994695998297503e-11, "mixed": 0.99999999989115, "none": 2.1256583252396094e-22}}