{"0": {"type-based": 0.25, "geo-based": 0.25, "mixed": 0.25, "none": 0.25}, "1": {"type-based": 0.25, "geo-based": 0.25, "mixed": 0.25, "none": 0.25}, "2": {"type-based": 0.25, "geo-based": 0.25, "mixed": 0.25, "none": 0.25}, "3": {"type-based": 0.14679061499385787, "geo-based": 0.2944595987047077, "mixed": 0.4697135807841726, "none": 0.08903620551726184}, "4": {"type-based": 0.04534649658574501, "geo-based": 0.26575504294896796, "mixed": 0.6722170216250377, "none": 0.01668143884024939}, "5": {"type-based": 0.010720213041119557, "geo-based": 0.19740560703702179, "mixed": 0.7894825657315908, "none": 0.002391614190267885}, "6": {"type-based": 0.0017637150993448176, "geo-based": 0.1362106234858431, "mixed": 0.8617870451807242, "none": 0.00023861623408777123}, "7": {"type-based": 0.0003481899779468174, "geo-based": 0.09063868006347882, "mixed": 0.9089845631137211, "none": 2.8566844853221983e-05}, "8": {"type-based": 6.374768094646713e-05, "geo-based": 0.05926548234664488, "mixed": 0.9406675983743371, "none": 3.1715980713794823e-06}, "9": {"type-based": 9.719042998152071e-06, "geo-based": 0.03835278072773491, "mixed": 0.9616372070049586, "none": 2.932243082885982e-07}, "10": {"type-based": 1.424244323407455e-06, "geo-based": 0.024658052598707146, "mixed": 0.9753404971002485, "none": 2.6056720933697222e-08}, "11": {"type-based": 1.6086515307955003e-07, "geo-based": 0.015804339503564708, "mixed": 0.984195497846633, "none": 1.7846493859698143e-09}, "12": {"type-based": 1.461331559185601e-08, "geo-based": 0.010101198775506222, "mixed": 0.9898987865128692, "none": 9.830889103562098e-11}, "13": {"type-based": 1.245470567960101e-09, "geo-based": 0.006438363609029301, "mixed": 0.9935616351404194, "none": 5.080757542407039e-12}, "14": {"type-based": 1.1984074544520942e-10, "geo-based": 0.004092942484788603, "mixed": 0.995907057395074, "none": 2.964480952210966e-13}, "15": {"type-based": 1.4123874832538863e-11, "geo-based": 0.002595247624203669, "mixed": 0.9974047523616512, "none": 2.1185837392604364e-14}, "16": {"type-based": 1.4922011024499824e-12, "geo-based": 0.0016452184312770745, "mixed": 0.9983547815672293, "none": 1.3572673462011444e-15}, "17": {"type-based": 1.3366525842513563e-13, "geo-based": 0.0010427420063423688, "mixed": 0.998957257993524, "none": 7.372277630143654e-17}, "18": {"type-based": 1.1105902619252794e-14, "geo-based": 0.0006611649972444591, "mixed": 0.9993388350027446, "none": 3.7143349029615516e-18}, "19": {"type-based": 8.612968050818367e-16, "geo-based": 0.0004200351685306695, "mixed": 0.9995799648314685, "none": 1.746719513606118e-19}, "20": {"type-based": 6.241032568655462e-17, "geo-based": 0.00026736359336450104, "mixed": 0.9997326364066355, "none": 7.674835894099303e-21}, "21": {"type-based": 5.077240396327505e-18, "geo-based": 0.00017049085141069924, "mixed": 0.9998295091485894, "none": 3.786011661335275e-22}, "22": {"type-based": 4.673461343277692e-19, "geo-based": 0.00010905206785284547, "mixed": 0.9998909479321472, "none": 2.113166783624645e-23}, "23": {"type-based": 4.95329669154304e-20, "geo-based": 7.001167963870267e-05, "mixed": 0.9999299883203613, "none": 1.3580937570016024e-24}, "24": {"type-based": 4.84513396111255e-21, "geo-based": 4.513386919597666e-05, "mixed": 0.9999548661308041, "none": 8.055285413232139e-26}, "25": {"type-based": 5.83847219224582e-22, "geo-based": 2.9206091123440795e-05, "mixed": 0.9999707939088766, "none": 5.885909523232116e-27}, "26": {"type-based": 3.108133011372523e-23, "geo-based": 0.32182895592959015, "mixed": 0.67817104407041, "none": 4.750180301084562e-24}, "27": {"type-based": 3.898446646833135e-25, "geo-based": 0.8863587762320152, "mixed": 0.1136412237679848, "none": 9.104424781740843e-25}, "28": {"type-based": 3.7280022117532266e-27, "geo-based": 0.9848306007917677, "mixed": 0.015169399208232267, "none": 6.714726771154196e-26}, "29": {"type-based": 3.7805547327251252e-28, "geo-based": 0.9776685820916218, "mixed": 0.02233141790837827, "none": 4.2404178166355906e-27}, "30": {"type-based": 8.191198035293269e-29, "geo-based": 0.9672759477132796, "mixed": 0.032724052286720345, "none": 5.715602576360712e-28}, "31": {"type-based": 2.2353963223923467e-29, "geo-based": 0.9523720490200329, "mixed": 0.047627950979967186, "none": 9.694452816177225e-29}, "32": {"type-based": 6.2588498231057214e-30, "geo-based": 0.9312802297532788, "mixed": 0.06871977024672127, "none": 1.6855394299544138e-29}, "33": {"type-based": 1.6117474422438558e-30, "geo-based": 0.9019284712625144, "mixed": 0.09807152873748552, "none": 2.6931729603309073e-30}, "34": {"type-based": 4.485796308686945e-31, "geo-based": 0.8619846272518263, "mixed": 0.1380153727481736, "none": 4.647294411973724e-31}, "35": {"type-based": 1.299824393768157e-31, "geo-based": 0.8092907496219816, "mixed": 0.19070925037801853, "none": 8.343153674289791e-32}, "36": {"type-based": 4.8690194579378826e-32, "geo-based": 0.7425580356525794, "mixed": 0.25744196434742067, "none": 1.935007322919363e-32}, "37": {"type-based": 1.7740946700021806e-32, "geo-based": 0.6622469000002577, "mixed": 0.33775309999974246, "none": 4.362560059048285e-33}, "38": {"type-based": 8.044812424364327e-33, "geo-based": 0.5713193407248089, "mixed": 0.4286806592751911, "none": 1.2233420445688512e-33}, "39": {"type-based": 3.792100114195901e-33, "geo-based": 0.4751553476432667, "mixed": 0.5248446523567333, "none": 3.563998007872614e-34}, "40": {"type-based": 5.6795833130631215e-34, "geo-based": 0.38064893820134965, "mixed": 0.6193510617986503, "none": 3.297398529516556e-35}, "41": {"type-based": 8.824333046485988e-35, "geo-based": 0.2942854363903324, "mixed": 0.7057145636096676, "none": 3.163137171857921e-36}, "42": {"type-based": 1.344492284935634e-35, "geo-based": 0.22045046669480475, "mixed": 0.7795495333051952, "none": 2.9742040287409797e-37}, "43": {"type-based": 1.3840333048059815e-36, "geo-based": 0.1608492612771605, "mixed": 0.8391507387228395, "none": 1.8886037454252122e-38}, "44": {"type-based": 1.686542481586845e-37, "geo-based": 0.11492870437672115, "mixed": 0.8850712956232789, "none": 1.4190204331074734e-39}, "45": {"type-based": 1.960643427674448e-38, "geo-based": 0.08078016678240943, "mixed": 0.9192198332175906, "none": 1.0167429694959058e-40}, "46": {"type-based": 2.1880909447899293e-39, "geo-based": 0.056084758201484744, "mixed": 0.9439152417985152, "none": 6.990875541139086e-42}, "47": {"type-based": 2.3561360320660676e-40, "geo-based": 0.0385890751980066, "mixed": 0.9614109248019934, "none": 4.636180993901978e-43}, "48": {"type-based": 2.457828902176035e-41, "geo-based": 0.026377297789787407, "mixed": 0.9736227022102126, "none": 2.977507580035382e-44}, "49": {"type-based": 2.4999003014433445e-42, "geo-based": 0.017944161710119446, "mixed": 0.9820558382898805, "none": 1.8638855684321005e-45}, "50": {"type-based": 2.5083841312012324e-43, "geo-based": 0.012164757404378, "mixed": 0.9878352425956219, "none": 1.1506582253094578e-46}, "51": {"type-based": 2.3698384542560425e-44, "geo-based": 0.008225525541317263, "mixed": 0.9917744744586827, "none": 6.686411539089392e-48}, "52": {"type-based": 2.0854135224377718e-45, "geo-based": 0.005551775050632167, "mixed": 0.9944482249493679, "none": 3.617932430355386e-49}, "53": {"type-based": 1.7610291840176894e-46, "geo-based": 0.0037424860582402596, "mixed": 0.9962575139417598, "none": 1.8780440123973053e-50}, "54": {"type-based": 1.7453677123160034e-47, "geo-based": 0.002520657224639169, "mixed": 0.9974793427753609, "none": 1.1438761980408618e-51}, "55": {"type-based": 1.73295440452854e-48, "geo-based": 0.0016959294677040095, "mixed": 0.9983040705322959, "none": 6.977801668986195e-53}, "56": {"type-based": 1.899645709395224e-49, "geo-based": 0.0011398661418580089, "mixed": 0.9988601338581419, "none": 4.6982309176388414e-54}, "57": {"type-based": 1.6735269697693059e-50, "geo-based": 0.0007652520846643568, "mixed": 0.9992347479153357, "none": 2.5416730308809367e-55}, "58": {"type-based": 1.7856863723217814e-51,