{"0": {"type-based": 0.25, "geo-based": 0.25, "mixed": 0.25, "none": 0.25}, "1": {"type-based": 0.25, "geo-based": 0.25, "mixed": 0.25, "none": 0.25}, "2": {"type-based": 0.25, "geo-based": 0.25, "mixed": 0.25, "none": 0.25}, "3": {"type-based": 0.21907095686697572, "geo-based": 0.11358756439545548, "mixed": 0.6303082021786885, "none": 0.03703327655888014}, "4": {"type-based": 0.05803556573634543, "geo-based": 0.029450303005344194, "mixed": 0.9108570146702483, "none": 0.001657116588062202}, "5": {"type-based": 0.011786732685625412, "geo-based": 0.005676048611310812, "mixed": 0.9824803954988333, "none": 5.6823204230579844e-05}, "6": {"type-based": 0.0017565859879180258, "geo-based": 0.001035048999743679, "mixed": 0.9972069355646919, "none": 1.4294476465640626e-06}, "7": {"type-based": 0.00023630781887625088, "geo-based": 0.0001890519220245564, "mixed": 0.9995746078048022, "none": 3.245429698652872e-08}, "8": {"type-based": 3.4286972249862836e-05, "geo-based": 3.49183140103957e-05, "mixed": 0.9999307939191048, "none": 7.946348367809485e-10}, "9": {"type-based": 4.9790503366068175e-06, "geo-based": 6.574183323524195e-06, "mixed": 0.9999884467468687, "none": 1.947112895891632e-11}, "10": {"type-based": 6.224625223815414e-07, "geo-based": 1.2517135780963802e-06, "mixed": 0.9999981258234887, "none": 4.1070904069386837e-13}, "11": {"type-based": 7.68646202820244e-08, "geo-based": 2.41604637149448e-07, "mixed": 0.9999996815307339, "none": 8.556579822649906e-15}, "12": {"type-based": 9.040876317658589e-09, "geo-based": 4.732455003100166e-08, "mixed": 0.9999999436345736, "none": 1.697920929917687e-16}, "13": {"type-based": 1.1954689163916667e-09, "geo-based": 9.394260386881036e-09, "mixed": 0.9999999894102708, "none": 3.78758358124532e-18}, "14": {"type-based": 1.4887826995401166e-10, "geo-based": 1.8948655660074763e-09, "mixed": 0.9999999979562562, "none": 7.957168153270475e-20}, "15": {"type-based": 2.5617790910897596e-11, "geo-based": 3.880204919617501e-10, "mixed": 0.9999999995863618, "none": 2.309725804190476e-21}, "16": {"type-based": 5.804132346932516e-12, "geo-based": 8.083211792020702e-11, "mixed": 0.9999999999133637, "none": 8.827493220983176e-23}, "17": {"type-based": 1.4748725413690323e-12, "geo-based": 1.70978927519146e-11, "mixed": 0.9999999999814273, "none": 3.783789739419133e-24}, "18": {"type-based": 2.626447132172987e-13, "geo-based": 3.663096278926554e-12, "mixed": 0.9999999999960743, "none": 1.1365949417340371e-25}, "19": {"type-based": 3.992422834317652e-14, "geo-based": 7.932685308454847e-13, "mixed": 0.9999999999991669, "none": 2.9142791069631595e-27}, "20": {"type-based": 8.071604768821002e-15, "geo-based": 1.7347722107994622e-13, "mixed": 0.9999999999998184, "none": 9.9381557402754e-29}, "21": {"type-based": 1.1123316934238446e-15, "geo-based": 3.830468139768616e-14, "mixed": 0.9999999999999605, "none": 2.3100739740563724e-30}, "22": {"type-based": 1.4639855317568063e-16, "geo-based": 8.530383607643147e-15, "mixed": 0.9999999999999913, "none": 5.128246942040432e-32}, "23": {"type-based": 3.466251475434602e-17, "geo-based": 1.9143619588980203e-15, "mixed": 0.999999999999998, "none": 2.047991495917847e-33}, "24": {"type-based": 8.348185830090977e-18, "geo-based": 4.3330987596175344e-16, "mixed": 0.9999999999999996, "none": 8.319397889959903e-35}, "25": {"type-based": 1.857105910392421e-18, "geo-based": 9.88928633744917e-17, "mixed": 1.0, "none": 3.1215068237730183e-36}, "26": {"type-based": 5.844088395208332e-19, "geo-based": 2.267031086688628e-17, "mixed": 1.0, "none": 1.6567945370598919e-37}, "27": {"type-based": 1.5258195841199587e-19, "geo-based": 5.219890630078649e-18, "mixed": 1.0, "none": 7.295852251057787e-39}, "28": {"type-based": 3.4460953486135683e-20, "geo-based": 1.2045926765185704e-18, "mixed": 1.0, "none": 2.7791888199831393e-40}, "29": {"type-based": 4.182664075972438e-21, "geo-based": 2.785188170036011e-19, "mixed": 1.0, "none": 5.689300041255492e-42}, "30": {"type-based": 1.7369215538069864e-21, "geo-based": 6.45707320723151e-20, "mixed": 1.0, "none": 3.984726402425227e-43}, "31": {"type-based": 6.279654231727884e-22, "geo-based": 1.5058881481068118e-20, "mixed": 1.0, "none": 2.429763619104838e-44}, "32": {"type-based": 1.4271115323485732e-22, "geo-based": 3.528594772427165e-21, "mixed": 1.0, "none": 9.313092108683393e-46}, "33": {"type-based": 3.20358170449461e-23, "geo-based": 8.303844306158401e-22, "mixed": 1.0, "none": 3.525959490484235e-47}, "34": {"type-based": 7.320977332552585e-24, "geo-based": 1.9618790189613222e-22, "mixed": 1.0, "none": 1.3589831743320044e-48}, "35": {"type-based": 2.3149738189982164e-24, "geo-based": 4.6561080503927594e-23, "mixed": 1.0, "none": 7.2475746506934075e-50}, "36": {"type-based": 6.695553816229777e-25, "geo-based": 1.109136525349744e-23, "mixed": 1.0, "none": 3.5353540726005583e-51}, "37": {"type-based": 1.5341195858928845e-25, "geo-based": 2.652659763623144e-24, "mixed": 1.0, "none": 1.3661667882872982e-52}}