{"0": {"type-based": 0.25, "geo-based": 0.25, "mixed": 0.25, "none": 0.25}, "1": {"type-based": 0.25, "geo-based": 0.25, "mixed": 0.25, "none": 0.25}, "2": {"type-based": 0.25, "geo-based": 0.25, "mixed": 0.25, "none": 0.25}, "3": {"type-based": 0.13998482867355574, "geo-based": 0.2982617947878147, "mixed": 0.4768452373118886, "none": 0.08490813922674086}, "4": {"type-based": 0.040542999677711855, "geo-based": 0.26631886569063185, "mixed": 0.6782237394645418, "none": 0.014914395167114312}, "5": {"type-based": 0.007517258031729139, "geo-based": 0.19650283608973867, "mixed": 0.7943028514289957, "none": 0.0016770544495364884}, "6": {"type-based": 0.0010258153983559457, "geo-based": 0.13487772685093058, "mixed": 0.8639576733136376, "none": 0.00013878443707596074}, "7": {"type-based": 0.00010822998886561447, "geo-based": 0.0896405574944312, "mixed": 0.9102423329121878, "none": 8.87960451538956e-06}, "8": {"type-based": 9.901389697224504e-06, "geo-based": 0.05840895624982754, "mixed": 0.9415806497428931, "none": 4.926175823409976e-07}, "9": {"type-based": 1.7864455260425707e-06, "geo-based": 0.03749401388765575, "mixed": 0.9625041457696133, "none": 5.3897205081682615e-08}, "10": {"type-based": 3.0980859538763815e-07, "geo-based": 0.02390363135908268, "mixed": 0.9760960531643365, "none": 5.667985457412951e-09}, "11": {"type-based": 4.473809586559495e-08, "geo-based": 0.015185744769581082, "mixed": 0.9848142099959957, "none": 4.96327599778616e-10}, "12": {"type-based": 5.5192312723512595e-09, "geo-based": 0.00962680799154675, "mixed": 0.9903731864520923, "none": 3.71298014022469e-11}, "13": {"type-based": 9.861373553431836e-10, "geo-based": 0.006095191417911617, "mixed": 0.9939048075919283, "none": 4.022836777440186e-12}, "14": {"type-based": 1.7965127065394877e-10, "geo-based": 0.003869916032347632, "mixed": 0.9961300837875569, "none": 4.444004148302113e-13}, "15": {"type-based": 3.3699715809812586e-11, "geo-based": 0.0024661619863849964, "mixed": 0.9975338379798648, "none": 5.054963370808414e-14}, "16": {"type-based": 6.6212723131132925e-12, "geo-based": 0.0015782540412429076, "mixed": 0.9984217459521298, "none": 6.0225372345183775e-15}, "17": {"type-based": 1.104952654083232e-12, "geo-based": 0.0010147653096468923, "mixed": 0.9989852346892474, "none": 6.094341813305333e-16}, "18": {"type-based": 8.748546113484006e-14, "geo-based": 0.0006550122925720275, "mixed": 0.9993449877073405, "none": 2.9259242849068437e-17}, "19": {"type-based": 6.169527011250507e-15, "geo-based": 0.0004230361455672728, "mixed": 0.9995769638544266, "none": 1.2511869493405773e-18}, "20": {"type-based": 4.0056491635104356e-16, "geo-based": 0.000273273146627225, "mixed": 0.9997267268533724, "none": 4.9258996233538e-20}, "21": {"type-based": 2.562860140352886e-17, "geo-based": 0.00017646113320340007, "mixed": 0.9998235388667965, "none": 1.9110811425761565e-21}, "22": {"type-based": 1.8290394782569605e-18, "geo-based": 0.00011396519477193863, "mixed": 0.999886034805228, "none": 8.27024166349481e-23}, "23": {"type-based": 1.2554242355953927e-19, "geo-based": 7.369180693038336e-05, "mixed": 0.9999263081930696, "none": 3.4421193054346994e-24}, "24": {"type-based": 7.313767552811493e-21, "geo-based": 4.770619949241143e-05, "mixed": 0.9999522938005077, "none": 1.215951623975426e-25}, "25": {"type-based": 4.063111431843028e-22, "geo-based": 3.0872472023194625e-05, "mixed": 0.9999691275279767, "none": 4.09612403436643e-27}, "26": {"type-based": 2.8706999344550056e-23, "geo-based": 1.997275644788775e-05, "mixed": 0.9999800272435521, "none": 1.7548537076381343e-28}, "27": {"type-based": 2.2768670882220863e-24, "geo-based": 1.2914424294080415e-05, "mixed": 0.9999870855757059, "none": 8.439740945354747e-30}, "28": {"type-based": 1.1485087585566984e-25, "geo-based": 0.18402936271126388, "mixed": 0.8159706372887361, "none": 6.970172306261138e-27}, "29": {"type-based": 4.4792257222832926e-26, "geo-based": 0.12836964835483008, "mixed": 0.8716303516451698, "none": 1.6620788137415535e-27}, "30": {"type-based": 1.3252988411522063e-26, "geo-based": 0.08793607747011845, "mixed": 0.9120639225298814, "none": 3.005892652563485e-28}, "31": {"type-based": 3.2035605524631246e-27, "geo-based": 0.05946066275048984, "mixed": 0.9405393372495101, "none": 4.440009675350299e-29}, "32": {"type-based": 4.939070084870078e-28, "geo-based": 0.0398432232959342, "mixed": 0.9601567767040657, "none": 4.181920693953414e-30}, "33": {"type-based": 1.1015437280956673e-28, "geo-based": 0.026539990363958557, "mixed": 0.9734600096360415, "none": 5.696491385876426e-31}, "34": {"type-based": 1.763141019696577e-29, "geo-based": 0.01765124282865595, "mixed": 0.9823487571713441, "none": 5.567623200217649e-32}, "35": {"type-based": 2.9286946513584245e-30, "geo-based": 0.01172871757890838, "mixed": 0.9882712824210917, "none": 5.646012928785547e-33}, "36": {"type-based": 3.1460245119919958e-31, "geo-based": 0.00779166394474719, "mixed": 0.9922083360552528, "none": 3.7019297058504086e-34}, "37": {"type-based": 6.519571955385935e-32, "geo-based": 0.005177516964208013, "mixed": 0.9948224830357919, "none": 4.681679530608416e-35}, "38": {"type-based": 1.052550016010702e-32, "geo-based": 0.0034418172094531334, "mixed": 0.9965581827905469, "none": 4.6117381922633716e-36}, "39": {"type-based": 1.5856255930643014e-33, "geo-based": 0.0022890203950962657, "mixed": 0.9977109796049037, "none": 4.238271598732154e-37}, "40": {"type-based": 1.9463964887858062e-34, "geo-based": 0.0015231445560460676, "mixed": 0.9984768554439538, "none": 3.173338858308782e-38}, "41": {"type-based": 8.50896928200075e-37, "geo-based": 0.9753642358658868, "mixed": 0.024635764134113083, "none": 3.2996596208741264e-36}, "42": {"type-based": 2.1763801493815408e-37, "geo-based": 0.9636135109254832, "mixed": 0.03638648907451685, "none": 5.183539702254396e-37}, "43": {"type-based": 4.840548081623956e-38, "geo-based": 0.946567416913187, "mixed": 0.05343258308681289, "none": 7.078598330241842e-38}, "44": {"type-based": 8.907112865364574e-39, "geo-based": 0.9221808808939649, "mixed": 0.07781911910603512, "none": 7.995010281517791e-39}, "45": {"type-based": 1.3809004913670097e-39, "geo-based": 0.8879780630440565, "mixed": 0.11202193695594352, "none": 7.605859749433539e-40}, "46": {"type-based": 2.1012207077843564e-40, "geo-based": 0.8413001644029793, "mixed": 0.1586998355970208, "none": 7.099729106506061e-41}, "47": {"type-based": 3.2181381393168265e-41, "geo-based": 0.7799403751894697, "mixed": 0.2200596248105303, "none": 6.668753964391645e-42}, "48": {"type-based": 5.290469017786854e-42, "geo-based": 0.7031346727686152, "mixed": 0.29686532723138476, "none": 6.721943750030959e-43}, "49": {"type-based": 9.651194201547828e-43, "geo-based": 0.612688881854681, "mixed": 0.3873111181453191, "none": 7.516885612168717e-44}, "50": {"type-based": 1.276506555526777e-43, "geo-based": 0.5135617055340722, "mixed": 0.4864382944659278, "none": 6.093068352343414e-45}, "51": {"type-based": 1.56001671959151e-44, "geo-based": 0.41323678905709216, "mixed": 0.5867632109429078, "none": 4.562495412850968e-46}, "52": {"type-based": 1.7789864704962323e-45, "geo-based": 0.31952993883494174, "mixed": 0.6804700611650581, "none": 3.187234290239113e-47}, "53": {"type-based": 1.917290614380812e-46, "geo-based": 0.238353678084784, "mixed": 0.761646321915216, "none": 2.1038224154335584e-48}, "54": {"type-based": 2.2114420583460733e-47, "geo-based": 0.17250876174442759, "mixed": 0.8274912382555725, "none": 1.485906780896951e-49}, "55": {"type-based": 2.764053098643228e-48, "geo-based": 0.1218778447374369, "mixed": 0.8781221552625632, "none": 1.1370395726147668e-50}, "56": {"type-based": 3.3081155854054246e-49, "geo-based": 0.08452818782822383, "mixed": 0.9154718121717761, "none": 8.329989800053403e-52}, "57": {"type-based": 3.815312668235312e-50, "geo-based": 0.057829878480781555, "mixed": 0.9421701215192184, "none": 5.879668224113965e-53}, "58": {"type-based": 5.015108492595166e-51, "geo-based": 0.0391765884765039,