{"0": {"type-based": 0.25, "geo-based": 0.25, "mixed": 0.25, "none": 0.25}, "1": {"type-based": 0.25, "geo-based": 0.25, "mixed": 0.25, "none": 0.25}, "2": {"type-based": 0.25, "geo-based": 0.25, "mixed": 0.25, "none": 0.25}, "3": {"type-based": 0.14279365681360637, "geo-based": 0.29670529722289857, "mixed": 0.4738892051782405, "none": 0.08661184078525454}, "4": {"type-based": 0.05517027500154246, "geo-based": 0.2615983482957545, "mixed": 0.6629361028109758, "none": 0.020295273891727268}, "5": {"type-based": 0.012796733697840065, "geo-based": 0.19674171754478542, "mixed": 0.7876066754648902, "none": 0.0028548732924842447}, "6": {"type-based": 0.002139627298015981, "geo-based": 0.13643025231608114, "mixed": 0.8611406463045203, "none": 0.0002894740813828862}, "7": {"type-based": 0.000322950655406038, "geo-based": 0.09128312438093535, "mixed": 0.9083674288498914, "none": 2.649611376706476e-05}, "8": {"type-based": 4.308136930935534e-05, "geo-based": 0.059764086841605585, "mixed": 0.940190688388952, "none": 2.1434001329190466e-06}, "9": {"type-based": 4.762948835718515e-06, "geo-based": 0.0385388277320976, "mixed": 0.9614562656205176, "none": 1.4369854913010368e-07}, "10": {"type-based": 8.510157373638972e-07, "geo-based": 0.02456988778536963, "mixed": 0.9754292456294579, "none": 1.5569435113227968e-08}, "11": {"type-based": 2.033415631260781e-07, "geo-based": 0.01557295539029028, "mixed": 0.9844268390122609, "none": 2.2558856833066995e-09}, "12": {"type-based": 3.5477484341050004e-08, "geo-based": 0.00985582249738601, "mixed": 0.9901441417864603, "none": 2.3866946008104807e-10}, "13": {"type-based": 3.823879443838258e-08, "geo-based": 0.006232918564106179, "mixed": 0.9937670430411084, "none": 1.559908746567735e-10}, "14": {"type-based": 2.0052904929285025e-08, "geo-based": 0.003977233745412788, "mixed": 0.9960227461520779, "none": 4.9604543495218396e-11}, "15": {"type-based": 5.8293104376334755e-09, "geo-based": 0.0025474378431797743, "mixed": 0.9974525563187657, "none": 8.743976033984324e-12}, "16": {"type-based": 1.7260979696146173e-09, "geo-based": 0.0016341178996965267, "mixed": 0.9983658803726355, "none": 1.5700138584909964e-12}, "17": {"type-based": 4.323369487666874e-10, "geo-based": 0.001049058512870931, "mixed": 0.9989509410545536, "none": 2.3845448350832214e-13}, "18": {"type-based": 9.555607483131804e-11, "geo-based": 0.0006736015267308604, "mixed": 0.9993263983776811, "none": 3.19584347264743e-14}, "19": {"type-based": 1.912838732545267e-11, "geo-based": 0.0004324790577710893, "mixed": 0.9995675209230966, "none": 3.8792582543028775e-15}, "20": {"type-based": 3.82892973215221e-12, "geo-based": 0.0002776012658574621, "mixed": 0.9997223987303132, "none": 4.708580995377929e-16}, "21": {"type-based": 7.453323046031098e-13, "geo-based": 0.00017816122339618133, "mixed": 0.9998218387758584, "none": 5.557816011308769e-17}, "22": {"type-based": 1.446606921372077e-13, "geo-based": 0.00011432495056700298, "mixed": 0.9998856750492883, "none": 6.541022746667323e-18}, "23": {"type-based": 2.4607338396576888e-14, "geo-based": 7.333325099659692e-05, "mixed": 0.9999266667489788, "none": 6.746834428447341e-19}, "24": {"type-based": 3.568815366551187e-15, "geo-based": 4.7029134803307134e-05, "mixed": 0.9999529708651931, "none": 5.933339840638246e-20}, "25": {"type-based": 5.071753315895605e-16, "geo-based": 3.0150259197124553e-05, "mixed": 0.9999698497408023, "none": 5.112961089574225e-21}, "26": {"type-based": 7.419109367201418e-17, "geo-based": 1.9323528565648906e-05, "mixed": 0.9999806764714343, "none": 4.535288214606772e-22}, "27": {"type-based": 1.2602169656933954e-17, "geo-based": 1.2383162942937695e-05, "mixed": 0.9999876168370572, "none": 4.671289237923159e-23}, "28": {"type-based": 2.4422160949167898e-18, "geo-based": 7.93183225982465e-06, "mixed": 0.9999920681677402, "none": 5.489255465072709e-24}, "29": {"type-based": 4.1938219678480425e-19, "geo-based": 5.077581285273035e-06, "mixed": 0.9999949224187147, "none": 5.715798212515895e-25}, "30": {"type-based": 5.881510513304316e-20, "geo-based": 3.249906012459852e-06, "mixed": 0.9999967500939876, "none": 4.860634584197101e-26}, "31": {"type-based": 7.260037640956859e-21, "geo-based": 2.080042555192844e-06, "mixed": 0.9999979199574447, "none": 3.638143627660707e-27}, "32": {"type-based": 8.59384090613766e-22, "geo-based": 1.3314799285501169e-06, "mixed": 0.9999986685200715, "none": 2.6113485739841243e-28}, "33": {"type-based": 9.906785185386203e-23, "geo-based": 8.525697812856038e-07, "mixed": 0.9999991474302187, "none": 1.8253517615006145e-29}, "34": {"type-based": 2.0185762030242115e-23, "geo-based": 5.461405273262582e-07, "mixed": 0.9999994538594726, "none": 2.255251554745646e-30}, "35": {"type-based": 5.5494243521528395e-24, "geo-based": 3.496039233270904e-07, "mixed": 0.9999996503960767, "none": 3.7595299140549474e-31}, "36": {"type-based": 1.4048998203661064e-24, "geo-based": 2.236109463582016e-07, "mixed": 0.9999997763890536, "none": 5.771204938185024e-32}, "37": {"type-based": 1.706255219060889e-25, "geo-based": 1.4296608318510825e-07, "mixed": 0.9999998570339168, "none": 4.250112628849796e-33}, "38": {"type-based": 2.2608880004161e-26, "geo-based": 9.14640839887351e-08, "mixed": 0.999999908535916, "none": 3.4148418105220476e-34}, "39": {"type-based": 3.085121438430057e-27, "geo-based": 5.855541833621429e-08, "mixed": 0.9999999414445816, "none": 2.8255220414980885e-35}, "40": {"type-based": 5.171698551903834e-28, "geo-based": 3.7513771160019e-08, "mixed": 0.9999999624862289, "none": 2.8720655182420172e-36}, "41": {"type-based": 9.242256404823124e-29, "geo-based": 2.4043597563739764e-08, "mixed": 0.9999999759564023, "none": 3.11224427365531e-37}, "42": {"type-based": 1.584646528572537e-29, "geo-based": 1.54155643216805e-08, "mixed": 0.9999999845844356, "none": 3.235656564236261e-38}, "43": {"type-based": 2.6151479701990343e-30, "geo-based": 9.887278113191563e-09, "mixed": 0.999999990112722, "none": 3.2378779216508634e-39}, "44": {"type-based": 4.356323670329767e-31, "geo-based": 6.343895911879936e-09, "mixed": 0.9999999936561041, "none": 3.2705317912443393e-40}, "45": {"type-based": 7.004505675473484e-32, "geo-based": 4.071726566900835e-09, "mixed": 0.9999999959282735, "none": 3.188670247213263e-41}, "46": {"type-based": 1.0896644729839948e-32, "geo-based": 2.614258000077766e-09, "mixed": 0.9999999973857421, "none": 3.007867145324798e-42}, "47": {"type-based": 1.6434489348535995e-33, "geo-based": 1.6790685502139344e-09, "mixed": 0.9999999983209313, "none": 2.7507788525464036e-43}, "48": {"type-based": 2.4419686471534353e-34, "geo-based": 1.078798678509059e-09, "mixed": 0.9999999989212014, "none": 2.4784092434866315e-44}, "49": {"type-based": 3.7259945021404773e-35, "geo-based": 6.934236651704202e-10, "mixed": 0.9999999993065762, "none": 2.293023444603413e-45}, "50": {"type-based": 5.524935310223353e-36, "geo-based": 4.4576707766271306e-10, "mixed": 0.999999999554233, "none": 2.0617058905055887e-46}, "51": {"type-based": 7.973936448921583e-37, "geo-based": 2.8659805854889066e-10, "mixed": 0.9999999997134019, "none": 1.8042860793052958e-47}, "52": {"type-based": 1.1217111760800201e-37, "geo-based": 1.8428851134844812e-10, "mixed": 0.9999999998157114, "none": 1.539028558143504e-48}, "53": {"type-based": 1.5398912506584577e-38, "geo-based": 1.1851846432764302e-10, "mixed": 0.9999999998814815, "none": 1.2811163687634368e-49}, "54": {"type-based": 2.1347124697654182e-39, "geo-based": 7.623224741159468e-11, "mixed": 0.9999999999237676, "none": 1.0768884289461875e-50}, "55": {"type-based": 3.2024468731627345e-40, "geo-based": 4.9045950344558494e-11, "mixed": 0.9999999999509541, "none": 9.795936327105823e-52}, "56": {"type-based": 6.231312554533756e-41, "geo-based": 3.1562057109851295e-11, "mixed": 0.9999999999684379, "none": 1.155782612255801e-52}, "57": {"type-based": 1.184659024110554e-41, "geo-based": 2.0305070746147792e-11, "mixed": 0.9999999999796949, "none": 1.3323627982056082e-53},