{"0": {"type-based": 0.25, "geo-based": 0.25, "mixed": 0.25, "none": 0.25}, "1": {"type-based": 0.25, "geo-based": 0.25, "mixed": 0.25, "none": 0.25}, "2": {"type-based": 0.25, "geo-based": 0.25, "mixed": 0.25, "none": 0.25}, "3": {"type-based": 0.0001929148282728138, "geo-based": 0.7650542616149746, "mixed": 0.0006098914586299364, "none": 0.23414293209812276}, "4": {"type-based": 7.739740718381041e-05, "geo-based": 0.9354689108070338, "mixed": 0.0010747202780428031, "none": 0.06337897150773975}, "5": {"type-based": 2.942024516868189e-05, "geo-based": 0.9825966060715386, "mixed": 0.0016682344402808144, "none": 0.015705739243012034}, "6": {"type-based": 9.49302657744344e-06, "geo-based": 0.9942274476482541, "mixed": 0.0025169980068187213, "none": 0.003246061318349772}, "7": {"type-based": 2.778329699402831e-06, "geo-based": 0.9956251316979887, "mixed": 0.0037700608712119, "none": 0.0006020291011001075}, "8": {"type-based": 7.683474447679495e-07, "geo-based": 0.9942615734446384, "mixed": 0.005632911764901723, "none": 0.00010474644301504509}, "9": {"type-based": 1.3303979728767384e-07, "geo-based": 0.9915944641016082, "mixed": 0.008394051216545776, "none": 1.1351642048711951e-05}, "10": {"type-based": 2.0766689976731142e-08, "geo-based": 0.9875052064921939, "mixed": 0.012493668045153481, "none": 1.104695962700591e-06}, "11": {"type-based": 2.935367270646088e-09, "geo-based": 0.9814475168666487, "mixed": 0.01855238314437407, "none": 9.705361004521368e-08}, "12": {"type-based": 3.917870703528211e-10, "geo-based": 0.9725315969630384, "mixed": 0.027468394613419284, "none": 8.031755338118112e-09}, "13": {"type-based": 4.991974176558044e-11, "geo-based": 0.9594934183132442, "mixed": 0.04050658100359023, "none": 6.332459801250194e-10}, "14": {"type-based": 5.654148767479383e-12, "geo-based": 0.9405885918766644, "mixed": 0.059411408073373924, "none": 4.430773803305846e-11}, "15": {"type-based": 5.969812580436251e-13, "geo-based": 0.9137191038795389, "mixed": 0.0862808961169783, "none": 2.8858166839645558e-12}, "16": {"type-based": 2.7812018466121296e-13, "geo-based": 0.8763779022037264, "mixed": 0.12362209779516725, "none": 8.283370340806331e-13}, "17": {"type-based": 1.0583594592917845e-13, "geo-based": 0.8250155475911629, "mixed": 0.1749844524085372, "none": 1.940059959724061e-13}, "18": {"type-based": 2.4622952781272264e-14, "geo-based": 0.7572066081073867, "mixed": 0.24279339189256113, "none": 2.7754111395687285e-14}, "19": {"type-based": 7.23730832472433e-15, "geo-based": 0.6726420234779573, "mixed": 0.3273579765220304, "none": 5.012038034362526e-15}, "20": {"type-based": 7.985340105762457e-16, "geo-based": 0.5741595727185175, "mixed": 0.4258404272814814, "none": 3.3951960316922795e-16}, "21": {"type-based": 7.76048274592986e-17, "geo-based": 0.469034217996408, "mixed": 0.5309657820035919, "none": 2.0244704987778585e-17}, "22": {"type-based": 7.841976251124004e-18, "geo-based": 0.3665699430771978, "mixed": 0.6334300569228023, "none": 1.2544251972542233e-18}, "23": {"type-based": 2.1739888420581685e-18, "geo-based": 0.2748139799615052, "mixed": 0.7251860200384949, "none": 2.1312896368826262e-19}, "24": {"type-based": 6.677065078346628e-19, "geo-based": 0.19920426570255348, "mixed": 0.8007957342974465, "none": 4.009838953461804e-20}, "25": {"type-based": 1.6383319017628792e-19, "geo-based": 0.14054607066947203, "mixed": 0.859453929330528, "none": 6.024316234142406e-21}, "26": {"type-based": 3.399964993707876e-20, "geo-based": 0.09713502576284216, "mixed": 0.9028649742371578, "none": 7.651897713548522e-22}, "27": {"type-based": 6.962771441409365e-21, "geo-based": 0.0661236942207144, "mixed": 0.9338763057792857, "none": 9.587468854501016e-23}, "28": {"type-based": 1.3600243206346734e-21, "geo-based": 0.04453582496906291, "mixed": 0.9554641750309371, "none": 1.1453712642585282e-23}, "29": {"type-based": 2.396525866763686e-22, "geo-based": 0.029773891406764404, "mixed": 0.9702261085932357, "none": 1.2340171394260534e-24}, "30": {"type-based": 3.7221080156452355e-23, "geo-based": 0.019805110739086546, "mixed": 0.9801948892609135, "none": 1.171491188876469e-25}, "31": {"type-based": 6.710566618844537e-24, "geo-based": 0.0131304127918509, "mixed": 0.986869587208149, "none": 1.2906264968504472e-26}, "32": {"type-based": 1.4411079063701074e-24, "geo-based": 0.008682705010438075, "mixed": 0.991317294989562, "none": 1.6932360656115507e-27}, "33": {"type-based": 2.8203758417114963e-25, "geo-based": 0.0057297252013612816, "mixed": 0.9942702747986387, "none": 2.0239654497651486e-28}, "34": {"type-based": 2.8625749610292476e-28, "geo-based": 0.9918206654299666, "mixed": 0.008179334570033399, "none": 4.0141501196461756e-27}, "35": {"type-based": 4.233866723448528e-29, "geo-based": 0.9876926850475485, "mixed": 0.01230731495245157, "none": 3.656644835983794e-28}, "36": {"type-based": 7.370245117914408e-30, "geo-based": 0.9815378471927487, "mixed": 0.018462152807251248, "none": 3.918613607788948e-29}, "37": {"type-based": 1.309387990120442e-30, "geo-based": 0.9724172226144377, "mixed": 0.027582777385562304, "none": 4.283825224324602e-30}, "38": {"type-based": 2.1765302243231444e-31, "geo-based": 0.959010642301353, "mixed": 0.04098935769864693, "none": 4.379856027965168e-31}, "39": {"type-based": 3.9719825625379523e-32, "geo-based": 0.9395235653457498, "mixed": 0.060476434654250164, "none": 4.9143158206956114e-32}, "40": {"type-based": 7.908891845858265e-33, "geo-based": 0.9116642032968818, "mixed": 0.08833579670311825, "none": 6.014091179651435e-33}, "41": {"type-based": 1.6330888399561438e-33, "geo-based": 0.8727616652502241, "mixed": 0.12723833474977592, "none": 7.629732931866712e-34}, "42": {"type-based": 2.9475549921222555e-34, "geo-based": 0.8200933452103683, "mixed": 0.17990665478963164, "none": 8.457868500354745e-35}, "43": {"type-based": 4.3810951454887017e-35, "geo-based": 0.7518098992476143, "mixed": 0.2481901007523857, "none": 7.718674997909263e-36}, "44": {"type-based": 1.075980126806665e-35, "geo-based": 0.6680893186699685, "mixed": 0.33191068133003143, "none": 1.1635730670717963e-36}, "45": {"type-based": 2.991261638520095e-36, "geo-based": 0.572064896805042, "mixed": 0.42793510319495803, "none": 1.984941304847423e-37}, "46": {"type-based": 7.4385754408408455e-37, "geo-based": 0.47009824021182245, "mixed": 0.5299017597881774, "none": 3.0280791096720556e-38}, "47": {"type-based": 1.6670339264280134e-37, "geo-based": 0.370409431273518, "mixed": 0.6295905687264819, "none": 4.16190142805508e-39}, "48": {"type-based": 3.397960629208354e-38, "geo-based": 0.28054024824100804, "mixed": 0.7194597517589919, "none": 5.20147337881054e-40}, "49": {"type-based": 6.366824136349836e-39, "geo-based": 0.2052731766874542, "mixed": 0.7947268233125457, "none": 5.974300727880182e-41}, "50": {"type-based": 8.492926324704498e-40, "geo-based": 0.14603717442287248, "mixed": 0.8539628255771275, "none": 4.884022952739471e-42}, "51": {"type-based": 1.1708379134300707e-40, "geo-based": 0.10175307024655701, "mixed": 0.8982469297534429, "none": 4.125506768272511e-43}, "52": {"type-based": 1.9335199701064063e-41, "geo-based": 0.06982822684076123, "mixed": 0.9301717731592388, "none": 4.173470470321221e-44}, "53": {"type-based": 3.718662076846706e-42, "geo-based": 0.04740101827153767, "mixed": 0.9525989817284624, "none": 4.9160374834487415e-45}, "54": {"type-based": 1.2424410792803357e-42, "geo-based": 0.03193711124744693, "mixed": 0.968062888752553, "none": 1.0057710732840513e-45}, "55": {"type-based": 3.919409617377314e-43, "geo-based": 0.02141195303541219, "mixed": 0.9785880469645879, "none": 1.94248284036829e-46}, "56": {"type-based": 1.073721776080632e-43, "geo-based": 0.014308062190394814, "mixed": 0.9856919378096053, "none": 3.2573385143528793e-47}, "57": {"type-based": 3.007024118478521e-44, "geo-based": 0.009539994057577246, "mixed": 0.9904600059424227, "none": 5.582991112017832e-48}, "58": {"type-based": 1.4375718512508554e-44, "geo-based": 0.006350904300051668,