{"0": {"type-based": 0.25, "geo-based": 0.25, "mixed": 0.25, "none": 0.25}, "1": {"type-based": 0.25, "geo-based": 0.25, "mixed": 0.25, "none": 0.25}, "2": {"type-based": 0.25, "geo-based": 0.25, "mixed": 0.25, "none": 0.25}, "3": {"type-based": 0.14679061499385787, "geo-based": 0.2944595987047077, "mixed": 0.4697135807841726, "none": 0.08903620551726184}, "4": {"type-based": 0.04534649658574501, "geo-based": 0.26575504294896796, "mixed": 0.6722170216250377, "none": 0.01668143884024939}, "5": {"type-based": 0.010720213041119557, "geo-based": 0.19740560703702179, "mixed": 0.7894825657315908, "none": 0.002391614190267885}, "6": {"type-based": 0.0017637150993448176, "geo-based": 0.1362106234858431, "mixed": 0.8617870451807242, "none": 0.00023861623408777123}, "7": {"type-based": 0.00043282264270354975, "geo-based": 0.09063037658429395, "mixed": 0.9089012903388539, "none": 3.5510434148573846e-05}, "8": {"type-based": 0.00012170500347772169, "geo-based": 0.05917299906615364, "mixed": 0.9406992408182677, "none": 6.055112100961332e-06}, "9": {"type-based": 2.451339844655766e-05, "geo-based": 0.038229201186629785, "mixed": 0.9617455458437226, "none": 7.395712010597484e-07}, "10": {"type-based": 2.7714481375378616e-06, "geo-based": 0.024533944352073834, "mixed": 0.975463233495812, "none": 5.0703976498405457e-08}, "11": {"type-based": 2.794001635940488e-07, "geo-based": 0.015647818621718282, "mixed": 0.984351898878433, "none": 3.0996851763874857e-09}, "12": {"type-based": 2.844033482092416e-08, "geo-based": 0.009940711020438907, "mixed": 0.990059260347898, "none": 1.9132809110651004e-10}, "13": {"type-based": 2.680967450748715e-09, "geo-based": 0.0063030522112216165, "mixed": 0.9936969450968741, "none": 1.0936706130799285e-11}, "14": {"type-based": 2.3107878671020867e-10, "geo-based": 0.003993427852670513, "mixed": 0.996006571915679, "none": 5.716158215785014e-13}, "15": {"type-based": 2.0599735186105813e-11, "geo-based": 0.0025297383079697557, "mixed": 0.9974702616713994, "none": 3.089963945149876e-14}, "16": {"type-based": 1.936158107646629e-12, "geo-based": 0.0016040280967257456, "mixed": 0.9983959719013364, "none": 1.761079101387043e-15}, "17": {"type-based": 1.6857695775025742e-13, "geo-based": 0.0010186570819191347, "mixed": 0.9989813429179123, "none": 9.297824649596367e-17}, "18": {"type-based": 1.0478742918732399e-14, "geo-based": 0.0006480432938179928, "mixed": 0.9993519567061715, "none": 3.504583274009258e-18}, "19": {"type-based": 9.441124381903472e-16, "geo-based": 0.0004124498776609793, "mixed": 0.999587550122338, "none": 1.914670539929193e-19}, "20": {"type-based": 9.525575730526965e-17, "geo-based": 0.00026331493145914333, "mixed": 0.9997366850685406, "none": 1.1713963951378549e-20}, "21": {"type-based": 1.0915431900417525e-17, "geo-based": 0.00016873643895340106, "mixed": 0.9998312635610467, "none": 8.139451599215966e-22}, "22": {"type-based": 1.5041205466611456e-18, "geo-based": 0.0001085862148780117, "mixed": 0.999891413785122, "none": 6.80107813953264e-23}, "23": {"type-based": 5.25567453618516e-19, "geo-based": 7.021375559457543e-05, "mixed": 0.9999297862444053, "none": 1.4409996454708305e-23}, "24": {"type-based": 1.2218762235341255e-19, "geo-based": 4.5688179167702295e-05, "mixed": 0.9999543118208323, "none": 2.0314323193552207e-24}, "25": {"type-based": 1.816600770169964e-20, "geo-based": 2.9851740216859642e-05, "mixed": 0.9999701482597833, "none": 1.8313605719069606e-25}, "26": {"type-based": 3.706213142490919e-21, "geo-based": 1.956246511509784e-05, "mixed": 0.999980437534885, "none": 2.265601429231965e-26}, "27": {"type-based": 7.043567246422016e-22, "geo-based": 1.2855187089750001e-05, "mixed": 0.9999871448129102, "none": 2.6108631109164297e-27}, "28": {"type-based": 1.4141786636612197e-22, "geo-based": 8.464154244102753e-06, "mixed": 0.9999915358457558, "none": 3.1785835718014386e-28}, "29": {"type-based": 2.9208667203413905e-23, "geo-based": 5.582208207960431e-06, "mixed": 0.999994417791792, "none": 3.980875894856157e-29}, "30": {"type-based": 7.475790736328641e-24, "geo-based": 3.6867807764458787e-06, "mixed": 0.9999963132192234, "none": 6.178189584975275e-30}, "31": {"type-based": 1.896111267542967e-24, "geo-based": 2.4378129551307843e-06, "mixed": 0.9999975621870448, "none": 9.501775977621414e-31}, "32": {"type-based": 5.899620127760516e-25, "geo-based": 1.6133547987338721e-06, "mixed": 0.9999983866452012, "none": 1.7926751002188828e-31}, "33": {"type-based": 1.9349869626274314e-25, "geo-based": 1.0680970801236092e-06, "mixed": 0.9999989319029199, "none": 3.565265416194662e-32}, "34": {"type-based": 5.362844432871083e-26, "geo-based": 7.073058638818602e-07, "mixed": 0.9999992926941361, "none": 5.9916307479358875e-33}, "35": {"type-based": 1.5574090852119337e-26, "geo-based": 4.6887491810997816e-07, "mixed": 0.9999995311250818, "none": 1.0550870996203024e-33}, "36": {"type-based": 4.0106304864319246e-27, "geo-based": 3.1045719971814565e-07, "mixed": 0.9999996895428003, "none": 1.647531740910865e-34}, "37": {"type-based": 1.0748980563838171e-27, "geo-based": 2.053809607033572e-07, "mixed": 0.9999997946190393, "none": 2.677464515934139e-35}, "38": {"type-based": 1.9625270241418588e-28, "geo-based": 1.3574228469640245e-07, "mixed": 0.9999998642577153, "none": 2.9641978439823772e-36}, "39": {"type-based": 3.443016906589929e-29, "geo-based": 8.968436725397203e-08, "mixed": 0.9999999103156327, "none": 3.153302180471351e-37}, "40": {"type-based": 5.747211780267382e-30, "geo-based": 5.9229193918211454e-08, "mixed": 0.9999999407708062, "none": 3.191672641875821e-38}, "41": {"type-based": 7.979788646341612e-31, "geo-based": 3.91014380375573e-08, "mixed": 0.9999999608985619, "none": 2.687119944713504e-39}, "42": {"type-based": 1.2280407167538592e-31, "geo-based": 2.5809565840529194e-08, "mixed": 0.9999999741904342, "none": 2.5075106243998817e-40}, "43": {"type-based": 1.264445853594051e-32, "geo-based": 1.7030896844077006e-08, "mixed": 0.9999999829691032, "none": 1.5655409786099264e-41}, "44": {"type-based": 1.3059799065574431e-33, "geo-based": 1.1239934224701965e-08, "mixed": 0.9999999887600658, "none": 9.80470948982334e-43}, "45": {"type-based": 1.243810235803672e-34, "geo-based": 7.419450694906659e-09, "mixed": 0.9999999925805492, "none": 5.662213546309083e-44}, "46": {"type-based": 1.2061596252422724e-35, "geo-based": 0.00022037029405876413, "mixed": 0.9997796297059413, "none": 1.4982794053667073e-40}, "47": {"type-based": 1.2093686859101266e-36, "geo-based": 0.00014613217156908992, "mixed": 0.9998538678284309, "none": 9.16549928729685e-42}, "48": {"type-based": 1.1567575994835132e-37, "geo-based": 9.687987953244779e-05, "mixed": 0.9999031201204677, "none": 5.347995465159879e-43}, "49": {"type-based": 1.0540984668454326e-38, "geo-based": 6.421186119810483e-05, "mixed": 0.9999357881388019, "none": 2.972524560208152e-44}, "50": {"type-based": 1.0282907988930232e-39, "geo-based": 4.2553585558885374e-05, "mixed": 0.9999574464144411, "none": 1.768489451784511e-45}, "51": {"type-based": 1.0378982752452053e-40, "geo-based": 2.81911614787375e-05, "mixed": 0.9999718088385212, "none": 1.0885099234343172e-46}, "52": {"type-based": 1.0894348613641915e-41, "geo-based": 1.8668087824781876e-05, "mixed": 0.9999813319121752, "none": 6.966599026778954e-48}, "53": {"type-based": 1.0953635467820308e-42, "geo-based": 1.2355663655602071e-05, "mixed": 0.9999876443363445, "none": 4.2704393799049194e-49}, "54": {"type-based": 1.058517869516229e-43, "geo-based": 8.174423018577959e-06, "mixed": 0.9999918255769814, "none": 2.515717095552271e-50}, "55": {"type-based": 1.0892325985344517e-44, "geo-based": 5.4061881700416885e-06, "mixed": 0.99999459381183, "none": 1.5779377775224444e-51}, "56": {"type-based": 1.1013963257559976e-45, "geo-based": 3.5735440073786257e-06, "mixed": 0.9999964264559926, "none": 9.724704736906048e-53}, "57": {"type-based": 1.0941857808641662e-46, "geo-based": 2.3612908115230737e-06, "mixed": 0.9999976387091885,