{"0": {"type-based": 0.25, "geo-based": 0.25, "mixed": 0.25, "none": 0.25}, "1": {"type-based": 0.25, "geo-based": 0.25, "mixed": 0.25, "none": 0.25}, "2": {"type-based": 0.25, "geo-based": 0.25, "mixed": 0.25, "none": 0.25}, "3": {"type-based": 0.13286919251427579, "geo-based": 0.30250697035265084, "mixed": 0.48403170437234694, "none": 0.08059213276072652}, "4": {"type-based": 0.03847104970147131, "geo-based": 0.26714270300925264, "mixed": 0.6802340522789776, "none": 0.014152195010298275}, "5": {"type-based": 0.007038420163181398, "geo-based": 0.19679085296252555, "mixed": 0.7946004982347348, "none": 0.0015702286395582936}, "6": {"type-based": 0.0009169282789917591, "geo-based": 0.1350759926458859, "mixed": 0.8638830261751143, "none": 0.00012405290000798436}, "7": {"type-based": 9.874782251038991e-05, "geo-based": 0.08981992335500427, "mixed": 0.9100732271713642, "none": 8.10165112127e-06}, "8": {"type-based": 2.2823383095910522e-05, "geo-based": 0.05851765491156003, "mixed": 0.9414583861879928, "none": 1.1355173511352107e-06}, "9": {"type-based": 6.431026009849942e-06, "geo-based": 0.03766295069538608, "mixed": 0.9623304242540327, "none": 1.9402457152239952e-07}, "10": {"type-based": 1.2765296529361888e-06, "geo-based": 0.024096462127791356, "mixed": 0.9759022379882925, "none": 2.335426329842695e-08}, "11": {"type-based": 1.3508034510784582e-07, "geo-based": 0.015359043557883681, "mixed": 0.9846408198631803, "none": 1.4985909026182613e-09}, "12": {"type-based": 1.2918568141258241e-08, "geo-based": 0.00974431681983835, "mixed": 0.9902556701746857, "none": 8.690773149681219e-11}, "13": {"type-based": 1.274494782620824e-09, "geo-based": 0.006163543773251581, "mixed": 0.9938364549470545, "none": 5.199158571980492e-12}, "14": {"type-based": 1.5534289451248081e-10, "geo-based": 0.003893700936299432, "mixed": 0.9961062989079734, "none": 3.8426918168170964e-13}, "15": {"type-based": 1.698372131605169e-11, "geo-based": 0.00246271603808936, "mixed": 0.9975372839449015, "none": 2.5475612209068307e-14}, "16": {"type-based": 1.6994059566506602e-12, "geo-based": 0.0015596520430518235, "mixed": 0.9984403479552472, "none": 1.5457354971220928e-15}, "17": {"type-based": 1.2384584863789402e-13, "geo-based": 0.000989220096227383, "mixed": 0.9990107799036486, "none": 6.830690265045035e-17}, "18": {"type-based": 8.452320166631987e-15, "geo-based": 0.0006275639436007453, "mixed": 0.9993724360563908, "none": 2.82685242994137e-18}, "19": {"type-based": 6.026455723774943e-16, "geo-based": 0.0003982747016697008, "mixed": 0.9996017252983298, "none": 1.2221719328914483e-19}, "20": {"type-based": 3.662001724957333e-17, "geo-based": 0.0002530759212860566, "mixed": 0.9997469240787139, "none": 4.5033032553154854e-21}, "21": {"type-based": 2.030495895187685e-18, "geo-based": 0.00016092330643695097, "mixed": 0.9998390766935631, "none": 1.5141061949783843e-22}, "22": {"type-based": 1.6513885806853054e-19, "geo-based": 0.00010238132260832227, "mixed": 0.9998976186773916, "none": 7.46696985218624e-24}, "23": {"type-based": 1.5267671631839974e-20, "geo-based": 6.533750687326461e-05, "mixed": 0.9999346624931267, "none": 4.18608672534272e-25}, "24": {"type-based": 1.6293191090165518e-21, "geo-based": 4.1853085172087835e-05, "mixed": 0.999958146914828, "none": 2.708827156834217e-26}, "25": {"type-based": 2.135693841045045e-22, "geo-based": 2.6922857017420437e-05, "mixed": 0.9999730771429827, "none": 2.1530462600147893e-27}, "26": {"type-based": 5.153548994498316e-23, "geo-based": 1.7402040128545774e-05, "mixed": 0.9999825979598714, "none": 3.150355232863122e-28}, "27": {"type-based": 1.461888035994901e-23, "geo-based": 1.1283325435191587e-05, "mixed": 0.9999887166745647, "none": 5.418830277240564e-29}, "28": {"type-based": 1.1003787188128018e-24, "geo-based": 7.331837496752733e-06, "mixed": 0.9999926681625032, "none": 2.473270038824586e-30}, "29": {"type-based": 1.645089423692284e-25, "geo-based": 4.7738459943111e-06, "mixed": 0.9999952261540056, "none": 2.242107380679796e-31}, "30": {"type-based": 3.044027681731725e-26, "geo-based": 3.1181215922958616e-06, "mixed": 0.9999968818784077, "none": 2.5156643334411045e-32}, "31": {"type-based": 5.0247619298195135e-27, "geo-based": 2.0429350000559104e-06, "mixed": 0.9999979570649999, "none": 2.518004244544882e-33}, "32": {"type-based": 8.597255632230758e-28, "geo-based": 1.3420312964689444e-06, "mixed": 0.9999986579687035, "none": 2.612386182221367e-34}, "33": {"type-based": 1.503449154304508e-28, "geo-based": 8.83535527973653e-07, "mixed": 0.999999116464472, "none": 2.770145421326564e-35}, "34": {"type-based": 2.35383234163502e-29, "geo-based": 5.819613414676222e-07, "mixed": 0.9999994180386585, "none": 2.62981602583536e-36}, "35": {"type-based": 3.721183594764e-30, "geo-based": 3.8349365488831974e-07, "mixed": 0.9999996165063451, "none": 2.5209643653901782e-37}, "36": {"type-based": 5.603397154065042e-31, "geo-based": 2.527202193286746e-07, "mixed": 0.9999997472797807, "none": 2.3018262837933131e-38}, "37": {"type-based": 7.583195904775947e-32, "geo-based": 1.6650880981048675e-07, "mixed": 0.9999998334911901, "none": 1.8888989362136085e-39}, "38": {"type-based": 9.196311911813148e-33, "geo-based": 1.0967986421802747e-07, "mixed": 0.9999998903201357, "none": 1.3890095578941466e-40}, "39": {"type-based": 1.0705370273681342e-33, "geo-based": 7.22252709413637e-08, "mixed": 0.999999927774729, "none": 9.804560460374506e-42}, "40": {"type-based": 1.237605833455415e-34, "geo-based": 4.754793751231473e-08, "mixed": 0.9999999524520624, "none": 6.872954801539957e-43}, "41": {"type-based": 1.4785438540297122e-35, "geo-based": 3.129280971477885e-08, "mixed": 0.9999999687071902, "none": 4.978859535481898e-44}, "42": {"type-based": 1.9629420357872503e-36, "geo-based": 2.0590478951409513e-08, "mixed": 0.9999999794095211, "none": 4.0080902389201625e-45}, "43": {"type-based": 3.1254085118154796e-37, "geo-based": 1.3544707308596775e-08, "mixed": 0.9999999864552926, "none": 3.869643833490933e-46}, "44": {"type-based": 3.682490651158344e-38, "geo-based": 8.90564322332747e-09, "mixed": 0.9999999910943568, "none": 2.7646482807513114e-47}, "45": {"type-based": 4.905645953209272e-39, "geo-based": 5.852935751389294e-09, "mixed": 0.9999999941470643, "none": 2.2332036005243388e-48}, "46": {"type-based": 6.515342798680608e-40, "geo-based": 0.000172958817765096, "mixed": 0.9998270411822349, "none": 8.09329356568925e-45}, "47": {"type-based": 8.054320834292073e-41, "geo-based": 0.00011404054007271604, "mixed": 0.9998859594599273, "none": 6.104165977375917e-46}, "48": {"type-based": 1.185759555473953e-41, "geo-based": 7.514080272424064e-05, "mixed": 0.9999248591972758, "none": 5.482079156666976e-47}, "49": {"type-based": 2.425660823849968e-42, "geo-based": 4.9465273736064836e-05, "mixed": 0.9999505347262639, "none": 6.840287316996976e-48}, "50": {"type-based": 7.370416922914179e-43, "geo-based": 3.2522957658256004e-05, "mixed": 0.9999674770423417, "none": 1.2675893431565952e-48}, "51": {"type-based": 1.980401795742785e-43, "geo-based": 2.1351900772329162e-05, "mixed": 0.9999786480992278, "none": 2.0769733012070754e-49}, "52": {"type-based": 4.889258522537379e-44, "geo-based": 1.4003217292175973e-05, "mixed": 0.9999859967827077, "none": 3.1265296230862084e-50}, "53": {"type-based": 1.09744020516311e-44, "geo-based": 9.174979757989395e-06, "mixed": 0.999990825020242, "none": 4.278535544648783e-51}, "54": {"type-based": 9.564051368649385e-46, "geo-based": 6.008034178257305e-06, "mixed": 0.9999939919658218, "none": 2.2730317761992645e-52}, "55": {"type-based": 9.974002353130857e-47, "geo-based": 3.933805986820885e-06, "mixed": 0.9999960661940132, "none": 1.444903056269036e-53}, "56": {"type-based": 1.0883596158789672e-47, "geo-based": 2.5764527699309103e-06, "mixed": 0.9999974235472301, "none": 9.609597984386417e-55}, "57": {"type-based": 9.652021891407799e-49, "geo-based": 1.6879519199861473e-06, "mixed": 0.9999983120480801, "none": 5.193667034945788e-56},