{"0": {"type-based": 0.25, "geo-based": 0.25, "mixed": 0.25, "none": 0.25}, "1": {"type-based": 0.25, "geo-based": 0.25, "mixed": 0.25, "none": 0.25}, "2": {"type-based": 0.25, "geo-based": 0.25, "mixed": 0.25, "none": 0.25}, "3": {"type-based": 0.21363849298497636, "geo-based": 0.12383629196181896, "mixed": 0.6264102799313429, "none": 0.036114935121861765}, "4": {"type-based": 0.06519064521106219, "geo-based": 0.03676188133177796, "mixed": 0.8961860545462715, "none": 0.0018614189108882042}, "5": {"type-based": 0.012667931417959704, "geo-based": 0.008689534429626842, "mixed": 0.978581462736497, "none": 6.107141591660763e-05}, "6": {"type-based": 0.0022141797239961865, "geo-based": 0.0019830159739614235, "mixed": 0.9958010024807723, "none": 1.801821269955341e-06}, "7": {"type-based": 0.00043972469855030463, "geo-based": 0.0004571462726788461, "mixed": 0.9991030686373882, "none": 6.039138284517273e-08}, "8": {"type-based": 9.282402678278941e-05, "geo-based": 0.00010806404222388357, "mixed": 0.9997991097797037, "none": 2.1512895578636965e-09}, "9": {"type-based": 2.5865656637012763e-05, "geo-based": 2.6108142713576486e-05, "mixed": 0.999948026099499, "none": 1.0115052107096143e-10}, "10": {"type-based": 3.0391825528368972e-06, "geo-based": 6.413804506052644e-06, "mixed": 0.9999905470109358, "none": 2.005293019077672e-12}, "11": {"type-based": 3.375543067459801e-07, "geo-based": 1.6043899600012484e-06, "mixed": 0.9999980580556957, "none": 3.757659062848051e-14}, "12": {"type-based": 3.4183281495948725e-08, "geo-based": 4.072415680483677e-07, "mixed": 0.9999995585751499, "none": 6.419787979166899e-16}, "13": {"type-based": 3.2208950924778184e-09, "geo-based": 1.0474369130752093e-07, "mixed": 0.9999998920354135, "none": 1.020470645611146e-17}, "14": {"type-based": 3.069437323896994e-10, "geo-based": 2.728112002109777e-08, "mixed": 0.9999999724119363, "none": 1.6405368580463397e-19}, "15": {"type-based": 3.726640243193469e-11, "geo-based": 7.180992877903677e-09, "mixed": 0.9999999927817407, "none": 3.359976339324817e-21}, "16": {"type-based": 5.386548267821961e-12, "geo-based": 1.9022616978829447e-09, "mixed": 0.9999999980923517, "none": 8.19239043434753e-23}, "17": {"type-based": 5.013579290385403e-13, "geo-based": 5.053407396951738e-10, "mixed": 0.999999999494158, "none": 1.2862352064074344e-24}, "18": {"type-based": 5.203295438223027e-14, "geo-based": 1.3520858703528392e-10, "mixed": 0.9999999998647393, "none": 2.2517259924966055e-26}, "19": {"type-based": 5.5134518905142625e-15, "geo-based": 3.631424550494418e-11, "mixed": 0.9999999999636802, "none": 4.024558098821313e-28}, "20": {"type-based": 3.2532002622368727e-15, "geo-based": 9.774639380857533e-12, "mixed": 0.999999999990222, "none": 4.005499747126158e-29}, "21": {"type-based": 1.463435938366241e-15, "geo-based": 2.595674484693863e-12, "mixed": 0.999999999997403, "none": 3.0392420659279483e-30}, "22": {"type-based": 7.747797848501262e-16, "geo-based": 6.837593573689912e-13, "mixed": 0.9999999999993154, "none": 2.714003640216598e-31}, "23": {"type-based": 4.206288044873456e-16, "geo-based": 1.788935842065902e-13, "mixed": 0.9999999999998206, "none": 2.4852328823608096e-32}, "24": {"type-based": 1.7420346595911532e-16, "geo-based": 4.6401556422662466e-14, "mixed": 0.9999999999999534, "none": 1.736027415561462e-33}, "25": {"type-based": 2.6598619012098545e-17, "geo-based": 1.1958787711124224e-14, "mixed": 0.999999999999988, "none": 4.4708150614662544e-35}, "26": {"type-based": 3.132950889288328e-18, "geo-based": 3.0730661863416993e-15, "mixed": 0.9999999999999969, "none": 8.881891523929958e-37}, "27": {"type-based": 3.2078035146706134e-19, "geo-based": 7.889967266175123e-16, "mixed": 0.9999999999999991, "none": 1.5338419258105877e-38}, "28": {"type-based": 3.2312979769872383e-20, "geo-based": 2.0263282866482862e-16, "mixed": 0.9999999999999998, "none": 2.6059601674370546e-40}, "29": {"type-based": 5.0015687871775145e-21, "geo-based": 5.205063197812557e-17, "mixed": 1.0, "none": 6.803182132338836e-42}, "30": {"type-based": 7.358146524505611e-22, "geo-based": 1.333180726486935e-17, "mixed": 1.0, "none": 1.6880555523562297e-43}, "31": {"type-based": 1.8974951077354733e-22, "geo-based": 3.405446994343807e-18, "mixed": 1.0, "none": 7.341908344110328e-45}, "32": {"type-based": 3.1948861350900834e-22, "geo-based": 8.632852031944623e-19, "mixed": 1.0, "none": 2.084929466156254e-45}, "33": {"type-based": 1.8935984289196037e-22, "geo-based": 2.14731045927038e-19, "mixed": 1.0, "none": 2.0841520421494677e-46}, "34": {"type-based": 5.264308782063789e-23, "geo-based": 5.268478674998027e-20, "mixed": 1.0, "none": 9.772065578597405e-48}, "35": {"type-based": 3.176351744677055e-23, "geo-based": 1.2802798331164288e-20, "mixed": 1.0, "none": 9.94432256532787e-49}, "36": {"type-based": 1.7444997708877966e-23, "geo-based": 3.0651298912781027e-21, "mixed": 1.0, "none": 9.211223655180403e-50}, "37": {"type-based": 5.0865683609738965e-24, "geo-based": 7.257316682963372e-22, "mixed": 1.0, "none": 4.529699526045094e-51}, "38": {"type-based": 1.7757305724436553e-24, "geo-based": 1.703515903728387e-22, "mixed": 1.0, "none": 2.6669696395187546e-52}, "39": {"type-based": 3.2047566393856637e-25, "geo-based": 3.955028143351141e-23, "mixed": 1.0, "none": 8.117663118871849e-54}, "40": {"type-based": 3.6556679096045135e-26, "geo-based": 9.124618394244946e-24, "mixed": 1.0, "none": 1.5616950317370971e-55}, "41": {"type-based": 4.297903237298505e-27, "geo-based": 2.1014345406199648e-24, "mixed": 1.0, "none": 3.096551287637941e-57}, "42": {"type-based": 4.9419691902770655e-28, "geo-based": 4.836919823676675e-25, "mixed": 1.0, "none": 6.004993254413877e-59}, "43": {"type-based": 1.524418675234735e-28, "geo-based": 1.1127374439896959e-25, "mixed": 1.0, "none": 3.123966399484061e-60}, "44": {"type-based": 4.156093174500666e-29, "geo-based": 2.5705272037238558e-26, "mixed": 1.0, "none": 1.436401290708615e-61}, "45": {"type-based": 1.2792626331149138e-29, "geo-based": 5.9624697948714415e-27, "mixed": 1.0, "none": 7.456542750901487e-63}, "46": {"type-based": 2.1019057722734558e-30, "geo-based": 1.388485737393409e-27, "mixed": 1.0, "none": 2.0662232576272823e-64}, "47": {"type-based": 3.629432882542753e-31, "geo-based": 3.2463418575039627e-28, "mixed": 1.0, "none": 6.01710989484818e-66}, "48": {"type-based": 6.009595543066295e-32, "geo-based": 7.618380150183588e-29, "mixed": 1.0, "none": 1.680268163296316e-67}, "49": {"type-based": 1.3723423964392307e-32, "geo-based": 1.7949384558044712e-29, "mixed": 1.0, "none": 6.471114239143248e-69}, "50": {"type-based": 1.7821431430915613e-33, "geo-based": 4.245147220987753e-30, "mixed": 1.0, "none": 1.4172337692164742e-70}, "51": {"type-based": 2.0334810100371403e-34, "geo-based": 1.0078148315514928e-30, "mixed": 1.0, "none": 2.7272219073066006e-72}, "52": {"type-based": 1.9205428612955908e-35, "geo-based": 2.401539474745054e-31, "mixed": 1.0, "none": 4.343951502412128e-74}, "53": {"type-based": 1.6434450043434273e-36, "geo-based": 5.742839502287504e-32, "mixed": 1.0, "none": 6.268966379302875e-76}, "54": {"type-based": 1.5102771748762167e-37, "geo-based": 1.377529410072654e-32, "mixed": 1.0, "none": 9.71575261665499e-78}, "55": {"type-based": 1.8670917152864226e-38, "geo-based": 3.314522981358121e-33, "mixed": 1.0, "none": 2.025646777610243e-79}, "56": {"type-based": 2.4694613844697035e-39, "geo-based": 7.996867757136642e-34, "mixed": 1.0, "none": 4.518329100852442e-81}, "57": {"type-based": 3.1876049746116294e-40, "geo-based": 1.9346927350184668e-34, "mixed": 1.0, "none": 9.835965057532827e-83}}