{"0": {"type-based": 0.25, "geo-based": 0.25, "mixed": 0.25, "none": 0.25}, "1": {"type-based": 0.25, "geo-based": 0.25, "mixed": 0.25, "none": 0.25}, "2": {"type-based": 0.25, "geo-based": 0.25, "mixed": 0.25, "none": 0.25}, "3": {"type-based": 0.17730081479492532, "geo-based": 0.13099637193868546, "mixed": 0.661730651724217, "none": 0.029972161542172308}, "4": {"type-based": 0.051701620945511326, "geo-based": 0.03720171452325346, "mixed": 0.909620404024226, "none": 0.0014762605070093367}, "5": {"type-based": 0.009861373795085572, "geo-based": 0.008589297106558888, "mixed": 0.9815017879457649, "none": 4.754115259062591e-05}, "6": {"type-based": 0.001506385597363737, "geo-based": 0.0019185333899318922, "mixed": 0.9965738551693003, "none": 1.2258434040691444e-06}, "7": {"type-based": 0.00020741637205757668, "geo-based": 0.0004325715829627043, "mixed": 0.9993599835586074, "none": 2.848637243844265e-08}, "8": {"type-based": 2.6543994198459503e-05, "geo-based": 9.96460889815284e-05, "mixed": 0.9998738093016365, "none": 6.151835847066284e-10}, "9": {"type-based": 4.527960792505844e-06, "geo-based": 2.3460476097536475e-05, "mixed": 0.9999720115454028, "none": 1.7707093230931597e-11}, "10": {"type-based": 6.955544169811889e-07, "geo-based": 5.6554587927149635e-06, "mixed": 0.9999936489863314, "none": 4.589360436605112e-13}, "11": {"type-based": 6.424450806396672e-08, "geo-based": 1.388125205586259e-06, "mixed": 0.9999985476302793, "none": 7.151707240590674e-15}, "12": {"type-based": 5.721355196490443e-09, "geo-based": 3.4550942916894747e-07, "mixed": 0.9999996487692157, "none": 1.074498576718754e-16}, "13": {"type-based": 5.92727657079214e-10, "geo-based": 8.709381814806237e-08, "mixed": 0.9999999123134541, "none": 1.8779288288644347e-18}, "14": {"type-based": 6.855910757317175e-11, "geo-based": 2.2228543116461217e-08, "mixed": 0.9999999777028976, "none": 3.66431143756844e-20}, "15": {"type-based": 1.570659086629876e-11, "geo-based": 5.732801975479368e-09, "mixed": 0.9999999942514914, "none": 1.416122035890314e-21}, "16": {"type-based": 2.1612838360665057e-12, "geo-based": 1.4934694159144087e-09, "mixed": 0.9999999985043693, "none": 3.287092242405654e-23}, "17": {"type-based": 7.701580510312907e-13, "geo-based": 3.9312413795804595e-10, "mixed": 0.9999999996061057, "none": 1.975842691137393e-24}, "18": {"type-based": 6.877493466214689e-14, "geo-based": 1.0403696004763675e-10, "mixed": 0.9999999998958942, "none": 2.9762351542333105e-26}, "19": {"type-based": 7.92403536053309e-15, "geo-based": 2.7705800323306133e-11, "mixed": 0.9999999999722862, "none": 5.784169576313349e-28}, "20": {"type-based": 1.0211501134506965e-15, "geo-based": 7.402936221820298e-12, "mixed": 0.9999999999925961, "none": 1.2572901117351486e-29}, "21": {"type-based": 1.8882684029672363e-16, "geo-based": 1.9813587610860333e-12, "mixed": 0.9999999999980185, "none": 3.9215278315957188e-31}, "22": {"type-based": 3.216534095168564e-17, "geo-based": 5.288214143550678e-13, "mixed": 0.9999999999994711, "none": 1.1267311581776693e-32}, "23": {"type-based": 6.246409393536708e-18, "geo-based": 1.408064562407386e-13, "mixed": 0.9999999999998592, "none": 3.690613161983749e-34}, "24": {"type-based": 1.215163193385074e-18, "geo-based": 3.733397186030107e-14, "mixed": 0.9999999999999627, "none": 1.210972816460957e-35}, "25": {"type-based": 2.2824545726937566e-19, "geo-based": 9.850644129293538e-15, "mixed": 0.9999999999999902, "none": 3.8364519135637164e-37}, "26": {"type-based": 6.592355627491548e-20, "geo-based": 2.5861199393997403e-15, "mixed": 0.9999999999999973, "none": 1.8689277182972306e-38}, "27": {"type-based": 3.164096909155593e-20, "geo-based": 6.741576840978343e-16, "mixed": 0.9999999999999993, "none": 1.512943194430313e-39}, "28": {"type-based": 1.436927392336943e-20, "geo-based": 1.7463757891055238e-16, "mixed": 0.9999999999999998, "none": 1.1588456324973767e-40}, "29": {"type-based": 8.840159163888748e-21, "geo-based": 4.507026240459754e-17, "mixed": 1.0, "none": 1.2024469807349833e-41}, "30": {"type-based": 5.262966066490144e-21, "geo-based": 1.1590691006693635e-17, "mixed": 1.0, "none": 1.2073936093570841e-42}, "31": {"type-based": 2.450445549425998e-21, "geo-based": 2.964290531072431e-18, "mixed": 1.0, "none": 9.481419242018326e-44}, "32": {"type-based": 6.924010279887267e-22, "geo-based": 7.5479162613451715e-19, "mixed": 1.0, "none": 4.5184937572426925e-45}, "33": {"type-based": 6.156388748793294e-22, "geo-based": 1.908562257622196e-19, "mixed": 1.0, "none": 6.775908760330044e-46}, "34": {"type-based": 6.567243850659777e-22, "geo-based": 4.751929582883913e-20, "mixed": 1.0, "none": 1.2190686419828297e-46}, "35": {"type-based": 4.577250932934559e-22, "geo-based": 1.1649684555702661e-20, "mixed": 1.0, "none": 1.433016976656565e-47}, "36": {"type-based": 1.212746822688519e-22, "geo-based": 2.813768440905524e-21, "mixed": 1.0, "none": 6.4034873534023825e-49}, "37": {"type-based": 1.1557170512662443e-23, "geo-based": 6.743595480768656e-22, "mixed": 1.0, "none": 1.0291911182258474e-50}, "38": {"type-based": 1.0498762299925925e-24, "geo-based": 1.6222776074410802e-22, "mixed": 1.0, "none": 1.5768090464250305e-52}}