{"0": {"type-based": 0.25, "geo-based": 0.25, "mixed": 0.25, "none": 0.25}, "1": {"type-based": 0.25, "geo-based": 0.25, "mixed": 0.25, "none": 0.25}, "2": {"type-based": 0.25, "geo-based": 0.25, "mixed": 0.25, "none": 0.25}, "3": {"type-based": 0.16095510442007094, "geo-based": 0.28332823627262377, "mixed": 0.4580889481842379, "none": 0.09762771112306749}, "4": {"type-based": 0.05976661499982084, "geo-based": 0.2562987058480189, "mixed": 0.6619485675917436, "none": 0.021986111560416667}, "5": {"type-based": 0.013384526850901522, "geo-based": 0.19387668748181383, "mixed": 0.7897527793049247, "none": 0.0029860063623599973}, "6": {"type-based": 0.0022193179902994715, "geo-based": 0.13579344107766997, "mixed": 0.8616869853514749, "none": 0.0003002555805556254}, "7": {"type-based": 0.00030271317479666626, "geo-based": 0.09279832553118442, "mixed": 0.9068741255409899, "none": 2.48357530289498e-05}, "8": {"type-based": 3.419950010702226e-05, "geo-based": 0.0628922009698549, "mixed": 0.9370718980239287, "none": 1.7015061092600482e-06}, "9": {"type-based": 3.7482767996059915e-06, "geo-based": 0.04250728682558466, "mixed": 0.9574888518118035, "none": 1.1308581226028547e-07}, "10": {"type-based": 3.889196948183005e-07, "geo-based": 0.028705254775495143, "mixed": 0.9712943491894775, "none": 7.115332521918691e-09}, "11": {"type-based": 3.5939966234479127e-08, "geo-based": 0.019376339848708804, "mixed": 0.9806236238126044, "none": 3.9872052737500465e-10}, "12": {"type-based": 3.099501061480647e-09, "geo-based": 0.013082651371552219, "mixed": 0.9869173455080954, "none": 2.0851428972608132e-11}, "13": {"type-based": 2.5079512355455523e-10, "geo-based": 0.008835107622558338, "mixed": 0.9911648921256234, "none": 1.0230905879098478e-12}, "14": {"type-based": 1.8224849926015297e-11, "geo-based": 0.005967390023204881, "mixed": 0.9940326099585253, "none": 4.508251368252442e-14}, "15": {"type-based": 1.6725781283539682e-12, "geo-based": 0.004033754278775544, "mixed": 0.9959662457195495, "none": 2.5088701701106784e-15}, "16": {"type-based": 1.761381925375725e-13, "geo-based": 0.0027213614905491016, "mixed": 0.9972786385092746, "none": 1.6021072277565254e-16}, "17": {"type-based": 2.036344459271991e-14, "geo-based": 0.001830143576828924, "mixed": 0.9981698564231507, "none": 1.1231412620779243e-17}, "18": {"type-based": 1.9809114082969584e-15, "geo-based": 0.0012263894410334318, "mixed": 0.9987736105589646, "none": 6.625097153973734e-19}, "19": {"type-based": 1.816651757719474e-16, "geo-based": 0.0008195554390483856, "mixed": 0.9991804445609513, "none": 3.6841899980506216e-20}, "20": {"type-based": 1.4789567369369863e-17, "geo-based": 0.0005462738793062818, "mixed": 0.9994537261206936, "none": 1.8187295332299978e-21}, "21": {"type-based": 1.1104204649059818e-18, "geo-based": 0.0003633739955617149, "mixed": 0.9996366260044383, "none": 8.280216221710302e-23}, "22": {"type-based": 7.330454543195492e-20, "geo-based": 0.0002412826151097319, "mixed": 0.9997587173848902, "none": 3.3145610740597184e-24}, "23": {"type-based": 3.9593131156291546e-21, "geo-based": 0.00016000672006675777, "mixed": 0.9998399932799332, "none": 1.0855635668929516e-25}, "24": {"type-based": 2.1104580254661073e-22, "geo-based": 0.00010612527955631536, "mixed": 0.9998938747204438, "none": 3.5087454514616104e-27}, "25": {"type-based": 1.0714378409416463e-23, "geo-based": 7.039546776631947e-05, "mixed": 0.9999296045322336, "none": 1.0801432264977332e-28}, "26": {"type-based": 5.335117187459956e-25, "geo-based": 4.670562257415698e-05, "mixed": 0.9999532943774257, "none": 3.2613475427118984e-30}, "27": {"type-based": 9.473994875278033e-26, "geo-based": 3.099391664643469e-05, "mixed": 0.9999690060833535, "none": 3.5117580151505946e-31}, "28": {"type-based": 1.2845836552706526e-26, "geo-based": 2.0477999527476737e-05, "mixed": 0.9999795220004725, "none": 2.8872989023019925e-32}, "29": {"type-based": 1.4431350150823751e-27, "geo-based": 1.3485231706831861e-05, "mixed": 0.9999865147682933, "none": 1.966861875126173e-33}, "30": {"type-based": 1.5352016980135233e-28, "geo-based": 8.858238191134889e-06, "mixed": 0.9999911417618089, "none": 1.268730957838645e-34}, "31": {"type-based": 1.2005722169477058e-29, "geo-based": 5.805577627178258e-06, "mixed": 0.9999941944223728, "none": 6.016296852228317e-36}, "32": {"type-based": 1.0610656027510313e-30, "geo-based": 3.7988072235339175e-06, "mixed": 0.9999962011927764, "none": 3.2241836670127524e-37}, "33": {"type-based": 6.692726123506352e-32, "geo-based": 2.4815473911612526e-06, "mixed": 0.9999975184526088, "none": 1.2331527523988858e-38}, "34": {"type-based": 4.974269248113848e-33, "geo-based": 1.6207214325218784e-06, "mixed": 0.9999983792785676, "none": 5.5574956440708884e-40}, "35": {"type-based": 4.4368056844960785e-34, "geo-based": 1.0580827583676017e-06, "mixed": 0.9999989419172417, "none": 3.005771884653424e-41}, "36": {"type-based": 4.0068010552629027e-35, "geo-based": 6.899076588232313e-07, "mixed": 0.9999993100923411, "none": 1.6459586442563763e-42}, "37": {"type-based": 3.5010062338929945e-36, "geo-based": 4.4925990730479853e-07, "mixed": 0.9999995507400927, "none": 8.720659513375817e-44}, "38": {"type-based": 3.1505859822840556e-37, "geo-based": 2.9220132478569164e-07, "mixed": 0.9999997077986752, "none": 4.7586402944189175e-45}, "39": {"type-based": 3.192679290207849e-38, "geo-based": 1.89840845306168e-07, "mixed": 0.9999998101591548, "none": 2.9240293732188737e-46}, "40": {"type-based": 5.5410189186659776e-39, "geo-based": 1.2321320827961788e-07, "mixed": 0.9999998767867918, "none": 3.0771649222224704e-47}, "41": {"type-based": 1.7404038630189238e-39, "geo-based": 7.976281465482101e-08, "mixed": 0.9999999202371853, "none": 5.860648871093385e-48}, "42": {"type-based": 4.184642541434733e-40, "geo-based": 5.149791982130104e-08, "mixed": 0.9999999485020803, "none": 8.544533979052483e-49}, "43": {"type-based": 5.152264074959291e-41, "geo-based": 3.319117040345695e-08, "mixed": 0.9999999668088295, "none": 6.3791427043250365e-50}, "44": {"type-based": 6.897071152934786e-42, "geo-based": 2.138499840121901e-08, "mixed": 0.9999999786150016, "none": 5.1780106757861566e-51}, "45": {"type-based": 5.10773918916614e-43, "geo-based": 1.377359021027386e-08, "mixed": 0.9999999862264097, "none": 2.3252027677054196e-52}, "46": {"type-based": 4.0307239089689943e-44, "geo-based": 8.874258452499979e-09, "mixed": 0.9999999911257417, "none": 1.1126252454998648e-53}, "47": {"type-based": 1.308723687884375e-44, "geo-based": 5.71991764256764e-09, "mixed": 0.9999999942800823, "none": 2.190521024481708e-54}, "48": {"type-based": 4.9229663795120346e-45, "geo-based": 3.6796456660293587e-09, "mixed": 0.9999999963203543, "none": 4.996429988803995e-55}, "49": {"type-based": 1.0968845583441264e-45, "geo-based": 2.3634238198391673e-09, "mixed": 0.9999999976365761, "none": 6.750364250032151e-56}, "50": {"type-based": 5.539280518367742e-46, "geo-based": 1.5165107584729605e-09, "mixed": 0.9999999984834893, "none": 2.067059002980424e-56}, "51": {"type-based": 2.3495668649044066e-46, "geo-based": 9.720107416198662e-10, "mixed": 0.9999999990279893, "none": 5.316434127484601e-57}, "52": {"type-based": 8.630839496255387e-47, "geo-based": 6.224445321119026e-10, "mixed": 0.9999999993775555, "none": 1.1841825907369181e-57}, "53": {"type-based": 2.809506940463107e-47, "geo-based": 3.982936371163825e-10, "mixed": 0.9999999996017064, "none": 2.3373763102054806e-58}, "54": {"type-based": 8.248884068542171e-48, "geo-based": 2.5470461146251485e-10, "mixed": 0.9999999997452953, "none": 4.161276017705454e-59}, "55": {"type-based": 2.2149893618881725e-48, "geo-based": 1.6279796217734863e-10, "mixed": 0.999999999837202, "none": 6.775411306931212e-60}, "56": {"type-based": 5.229364126023899e-49, "geo-based": 1.0401115220172228e-10, "mixed": 0.9999999998959888, "none": 9.699414171762571e-61}, "57": {"type-based": 9.66564986695877e-50, "geo-based": 6.642704657967887e-11, "mixed": 0.9999999999335729,