{"0": {"type-based": 0.25, "geo-based": 0.25, "mixed": 0.25, "none": 0.25}, "1": {"type-based": 0.25, "geo-based": 0.25, "mixed": 0.25, "none": 0.25}, "2": {"type-based": 0.25, "geo-based": 0.25, "mixed": 0.25, "none": 0.25}, "3": {"type-based": 0.14679061499385787, "geo-based": 0.2944595987047077, "mixed": 0.4697135807841726, "none": 0.08903620551726184}, "4": {"type-based": 0.04534649658574501, "geo-based": 0.26575504294896796, "mixed": 0.6722170216250377, "none": 0.01668143884024939}, "5": {"type-based": 0.010316447779895791, "geo-based": 0.19750438960058103, "mixed": 0.7898776259981036, "none": 0.0023015366214195775}, "6": {"type-based": 0.001781392693828994, "geo-based": 0.13617569722734318, "mixed": 0.8618019022107254, "none": 0.00024100786810230787}, "7": {"type-based": 0.00043716205119231775, "geo-based": 0.0906073982653503, "mixed": 0.9089195732275481, "none": 3.5866455909407874e-05}, "8": {"type-based": 0.00012292455848493013, "geo-based": 0.05915768874838241, "mixed": 0.9407132709052825, "none": 6.115787850280773e-06}, "9": {"type-based": 2.4758920466482585e-05, "geo-based": 0.0382191299834707, "mixed": 0.9617553641174428, "none": 7.469786201313376e-07}, "10": {"type-based": 2.7991966272352604e-06, "geo-based": 0.024527394646857437, "mixed": 0.9754697549448769, "none": 5.121163844972492e-08}, "11": {"type-based": 2.8219691469252927e-07, "geo-based": 0.015643603558407947, "mixed": 0.9843561111139649, "none": 3.130712530883243e-09}, "12": {"type-based": 2.8724973250606316e-08, "geo-based": 0.009938017789051115, "mixed": 0.9900619532927325, "none": 1.932429534929604e-10}, "13": {"type-based": 2.707796590783639e-09, "geo-based": 0.006301338257751406, "mixed": 0.9936986590234058, "none": 1.1046152599544024e-11}, "14": {"type-based": 3.024399593823361e-10, "geo-based": 0.0039923394188937904, "mixed": 0.996007660277918, "none": 7.481407892162224e-13}, "15": {"type-based": 3.0504683721863654e-11, "geo-based": 0.00253265485913336, "mixed": 0.9974673451103161, "none": 4.575707988825738e-14}, "16": {"type-based": 2.5017652205765594e-12, "geo-based": 0.0016087319764272723, "mixed": 0.9983912680210688, "none": 2.2755406333470956e-15}, "17": {"type-based": 1.7302252594403138e-13, "geo-based": 0.0010229029891696485, "mixed": 0.9989770970106574, "none": 9.543018975589416e-17}, "18": {"type-based": 1.0755096048319463e-14, "geo-based": 0.0006507454364924689, "mixed": 0.9993492545634968, "none": 3.5970087264878745e-18}, "19": {"type-based": 9.6901221961646e-16, "geo-based": 0.00041417007484637205, "mixed": 0.9995858299251527, "none": 1.965167573988649e-19}, "20": {"type-based": 9.77680692683137e-17, "geo-based": 0.00026441329877471164, "mixed": 0.9997355867012252, "none": 1.202291253991795e-20}, "21": {"type-based": 1.1203324118712834e-17, "geo-based": 0.00016944035724201153, "mixed": 0.999830559642758, "none": 8.354127921507523e-22}, "22": {"type-based": 1.5437917968568115e-18, "geo-based": 0.00010903923166922838, "mixed": 0.9998909607683307, "none": 6.980456895492454e-23}, "23": {"type-based": 3.220255199939968e-19, "geo-based": 7.05066955047638e-05, "mixed": 0.9999294933044952, "none": 8.829288361541743e-24}, "24": {"type-based": 7.89743628026587e-20, "geo-based": 4.580909676698574e-05, "mixed": 0.9999541909032329, "none": 1.3129895639820097e-24}, "25": {"type-based": 1.8902134689832402e-20, "geo-based": 2.9893826034329737e-05, "mixed": 0.9999701061739656, "none": 1.9055713706757417e-25}, "26": {"type-based": 3.816985424995651e-21, "geo-based": 1.9575614286730032e-05, "mixed": 0.9999804243857133, "none": 2.333316326328611e-26}, "27": {"type-based": 8.073072772967356e-21, "geo-based": 1.2863827933067137e-05, "mixed": 0.999987136172067, "none": 2.9924734381419166e-26}, "28": {"type-based": 9.362336532474157e-21, "geo-based": 8.473756386246033e-06, "mixed": 0.9999915262436138, "none": 2.104328813641884e-26}, "29": {"type-based": 6.794312931231214e-21, "geo-based": 5.588133646417292e-06, "mixed": 0.9999944118663537, "none": 9.26003106601404e-27}, "30": {"type-based": 4.249109001650171e-21, "geo-based": 3.686971969383469e-06, "mixed": 0.9999963130280305, "none": 3.511575150418406e-27}, "31": {"type-based": 1.0748753099510312e-21, "geo-based": 2.4326362911422315e-06, "mixed": 0.9999975673637089, "none": 5.386405626008255e-28}, "32": {"type-based": 2.151190078690451e-22, "geo-based": 1.6057889782820683e-06, "mixed": 0.9999983942110218, "none": 6.536666440200357e-29}, "33": {"type-based": 3.2748361758346514e-23, "geo-based": 1.0604139038398113e-06, "mixed": 0.9999989395860962, "none": 6.033973554815383e-30}, "34": {"type-based": 4.4536915969084925e-24, "geo-based": 7.007127237554041e-07, "mixed": 0.9999992992872763, "none": 4.975880961658707e-31}, "35": {"type-based": 5.0606022634367695e-25, "geo-based": 4.6334371987941624e-07, "mixed": 0.9999995366562802, "none": 3.4283710138591187e-32}, "36": {"type-based": 5.325389939493043e-26, "geo-based": 3.0658439641601663e-07, "mixed": 0.9999996934156036, "none": 2.187623364387225e-33}, "37": {"type-based": 5.184990595284268e-27, "geo-based": 2.029814505604862e-07, "mixed": 0.9999997970185494, "none": 1.2915297643229474e-34}, "38": {"type-based": 5.889944948185447e-28, "geo-based": 1.3446867827344072e-07, "mixed": 0.9999998655313217, "none": 8.896163926313504e-36}, "39": {"type-based": 6.791756209127806e-29, "geo-based": 8.908259844741697e-08, "mixed": 0.9999999109174015, "none": 6.220259802524199e-37}, "40": {"type-based": 7.813568931158505e-30, "geo-based": 5.902022057315898e-08, "mixed": 0.9999999409797794, "none": 4.339209193336751e-38}, "41": {"type-based": 8.69710690272084e-31, "geo-based": 3.9107388209183844e-08, "mixed": 0.9999999608926118, "none": 2.9286702261620507e-39}, "42": {"type-based": 1.1333180333626052e-31, "geo-based": 2.5906150322391674e-08, "mixed": 0.9999999740938497, "none": 2.3140983606737413e-40}, "43": {"type-based": 1.4348080525778815e-32, "geo-based": 1.714957177920611e-08, "mixed": 0.9999999828504283, "none": 1.776470535583199e-41}, "44": {"type-based": 1.7852809444914185e-33, "geo-based": 1.1345698426927112e-08, "mixed": 0.9999999886543015, "none": 1.340308601270648e-42}, "45": {"type-based": 2.0672143091828386e-34, "geo-based": 7.501396470976473e-09, "mixed": 0.9999999924986035, "none": 9.410606640502522e-44}, "46": {"type-based": 2.311700714731821e-35, "geo-based": 4.957268500268376e-09, "mixed": 0.9999999950427314, "none": 6.381128138118007e-45}, "47": {"type-based": 2.5310539294573224e-36, "geo-based": 3.27459434471638e-09, "mixed": 0.9999999967254056, "none": 4.23643806397057e-46}, "48": {"type-based": 2.7037740572107553e-37, "geo-based": 2.1622195562656345e-09, "mixed": 0.9999999978377805, "none": 2.7441214789967955e-47}, "49": {"type-based": 2.8450043103668705e-38, "geo-based": 1.4272033942170799e-09, "mixed": 0.9999999985727965, "none": 1.7508511029528738e-48}, "50": {"type-based": 2.980566853045964e-39, "geo-based": 9.4171966047543e-10, "mixed": 0.9999999990582804, "none": 1.1122396721278802e-49}, "51": {"type-based": 2.8805608548744957e-40, "geo-based": 6.211703748791287e-10, "mixed": 0.9999999993788296, "none": 6.517929863542768e-51}, "52": {"type-based": 2.608558964388901e-41, "geo-based": 4.0965831286798395e-10, "mixed": 0.9999999995903417, "none": 3.579037837374073e-52}, "53": {"type-based": 2.266221808181724e-42, "geo-based": 2.7015768647442427e-10, "mixed": 0.9999999997298423, "none": 1.885388888643163e-53}, "54": {"type-based": 2.5525188750530065e-43, "geo-based": 1.7816983189398757e-10, "mixed": 0.9999999998218301, "none": 1.2876572747585922e-54}, "55": {"type-based": 3.0690893984176837e-44, "geo-based": 1.1743010145693548e-10, "mixed": 0.9999999998825699, "none": 9.388010330801632e-56}, "56": {"type-based": 4.305575257943214e-45, "geo-based": 7.733926211066259e-11, "mixed": 0.9999999999226608, "none": 7.985972418072507e-57}, "57": {"type-based": 4.3192005413902195e-46, "geo-based": 5.088839848299835e-11, "mixed": 0.9999999999491116, "none": 4.857720240352308e-58},