{"0": {"type-based": 0.25, "geo-based": 0.25, "mixed": 0.25, "none": 0.25}, "1": {"type-based": 0.25, "geo-based": 0.25, "mixed": 0.25, "none": 0.25}, "2": {"type-based": 0.25, "geo-based": 0.25, "mixed": 0.25, "none": 0.25}, "3": {"type-based": 0.19011198107330146, "geo-based": 0.11927932101579895, "mixed": 0.6584708478145983, "none": 0.03213785009630133}, "4": {"type-based": 0.048694468650965356, "geo-based": 0.029900941622136194, "mixed": 0.9200141938425027, "none": 0.0013903958843956787}, "5": {"type-based": 0.00892193840100721, "geo-based": 0.005721991765693176, "mixed": 0.9853130576482085, "none": 4.3012185091070076e-05}, "6": {"type-based": 0.0013559165600029643, "geo-based": 0.0010528081662364956, "mixed": 0.9975901718767455, "none": 1.1033970149851426e-06}, "7": {"type-based": 0.00021613613928141053, "geo-based": 0.00019443219326451688, "mixed": 0.9995894019835168, "none": 2.9683937193098107e-08}, "8": {"type-based": 3.342300043650122e-05, "geo-based": 3.5953983346556695e-05, "mixed": 0.9999306222416053, "none": 7.746114268428867e-10}, "9": {"type-based": 4.460223895711649e-06, "geo-based": 6.732382353487124e-06, "mixed": 0.9999888073763086, "none": 1.744220057799742e-11}, "10": {"type-based": 5.846433934422783e-07, "geo-based": 1.2801766326404443e-06, "mixed": 0.9999981351795882, "none": 3.8575547705264786e-13}, "11": {"type-based": 7.148441558386545e-08, "geo-based": 2.4744191904815485e-07, "mixed": 0.9999996810736573, "none": 7.957654715193686e-15}, "12": {"type-based": 7.81497726550969e-09, "geo-based": 4.8529812401807004e-08, "mixed": 0.9999999436552102, "none": 1.4676910732671394e-16}, "13": {"type-based": 7.301816646842028e-10, "geo-based": 9.640326142931347e-09, "mixed": 0.9999999896294921, "none": 2.3134219941342017e-18}, "14": {"type-based": 9.230539548303576e-11, "geo-based": 1.9272747223396734e-09, "mixed": 0.9999999979804199, "none": 4.933490653401141e-20}, "15": {"type-based": 1.652757008746813e-11, "geo-based": 3.915579268916323e-10, "mixed": 0.9999999995919144, "none": 1.4901423485095592e-21}, "16": {"type-based": 3.3729935236126672e-12, "geo-based": 8.101173162798539e-11, "mixed": 0.9999999999156153, "none": 5.1299790708334053e-23}, "17": {"type-based": 5.755894328012169e-13, "geo-based": 1.6980910480908282e-11, "mixed": 0.9999999999824436, "none": 1.4766763424381783e-24}, "18": {"type-based": 9.97968252548031e-14, "geo-based": 3.598951023858541e-12, "mixed": 0.9999999999963012, "none": 4.318707405006088e-26}, "19": {"type-based": 2.070063130494572e-14, "geo-based": 7.677674349750504e-13, "mixed": 0.9999999999992115, "none": 1.5110477977030568e-27}, "20": {"type-based": 5.464583340118411e-15, "geo-based": 1.6495567571836765e-13, "mixed": 0.9999999999998295, "none": 6.728263071005608e-29}, "21": {"type-based": 1.0702680698071333e-15, "geo-based": 3.567925806610183e-14, "mixed": 0.9999999999999631, "none": 2.2227168639911446e-30}, "22": {"type-based": 1.8621846927690976e-16, "geo-based": 7.751533408954311e-15, "mixed": 0.999999999999992, "none": 6.523112933191205e-32}, "23": {"type-based": 2.8608170361659594e-17, "geo-based": 1.691175710959643e-15, "mixed": 0.9999999999999982, "none": 1.6902781009880956e-33}, "24": {"type-based": 2.7975838612650523e-18, "geo-based": 3.703484207286413e-16, "mixed": 0.9999999999999996, "none": 2.7879366542731497e-35}, "25": {"type-based": 2.2343600050423745e-19, "geo-based": 8.176509475397487e-17, "mixed": 1.0, "none": 3.755612409327537e-37}, "26": {"type-based": 5.686770554401931e-20, "geo-based": 1.815089910886095e-17, "mixed": 1.0, "none": 1.6121950509460593e-38}, "27": {"type-based": 8.581249952186232e-21, "geo-based": 4.071878728060345e-18, "mixed": 1.0, "none": 4.103206724578604e-40}, "28": {"type-based": 1.4569764736417666e-21, "geo-based": 9.20390181755152e-19, "mixed": 1.0, "none": 1.1750147099536103e-41}, "29": {"type-based": 2.7188979069813284e-22, "geo-based": 2.0955716631046886e-19, "mixed": 1.0, "none": 3.6982711720070425e-43}, "30": {"type-based": 6.114843107434429e-23, "geo-based": 4.800026708884037e-20, "mixed": 1.0, "none": 1.4028254024182335e-44}, "31": {"type-based": 1.254936108565362e-23, "geo-based": 1.1051236693750067e-20, "mixed": 1.0, "none": 4.8556783357387356e-46}, "32": {"type-based": 3.332480293885655e-24, "geo-based": 2.5569766869859846e-21, "mixed": 1.0, "none": 2.1747211219192162e-47}, "33": {"type-based": 1.0528526571500224e-24, "geo-based": 5.942461107166942e-22, "mixed": 1.0, "none": 1.1588016666942829e-48}, "34": {"type-based": 3.054049411278529e-25, "geo-based": 1.3870806618308732e-22, "mixed": 1.0, "none": 5.669190840205723e-50}, "35": {"type-based": 8.966321881793888e-26, "geo-based": 3.255323824449213e-23, "mixed": 1.0, "none": 2.8071197456811094e-51}, "36": {"type-based": 3.627329274197348e-26, "geo-based": 7.679297900092242e-24, "mixed": 1.0, "none": 1.9152849299952123e-52}, "37": {"type-based": 1.2032153986271978e-26, "geo-based": 1.820737549217956e-24, "mixed": 1.0, "none": 1.0714894274709515e-53}, "38": {"type-based": 3.9777567786912086e-27, "geo-based": 4.334727027711544e-25, "mixed": 1.0, "none": 5.97419266570407e-55}, "39": {"type-based": 1.1781135091055799e-27, "geo-based": 1.035310136075664e-25, "mixed": 1.0, "none": 2.9841668678294225e-56}}