{"0": {"type-based": 0.25, "geo-based": 0.25, "mixed": 0.25, "none": 0.25}, "1": {"type-based": 0.25, "geo-based": 0.25, "mixed": 0.25, "none": 0.25}, "2": {"type-based": 0.25, "geo-based": 0.25, "mixed": 0.25, "none": 0.25}, "3": {"type-based": 0.14282531988967484, "geo-based": 0.29716784621975395, "mixed": 0.4733757877893076, "none": 0.08663104610126372}, "4": {"type-based": 0.043238658927500145, "geo-based": 0.26706333727094583, "mixed": 0.6737919669797318, "none": 0.015906036821822248}, "5": {"type-based": 0.008155775711023416, "geo-based": 0.19866234156370885, "mixed": 0.7913623788732166, "none": 0.0018195038520511264}, "6": {"type-based": 0.0011002595357244857, "geo-based": 0.13708853196396137, "mixed": 0.8616623523800533, "none": 0.00014885612026072938}, "7": {"type-based": 0.00015700703350151528, "geo-based": 0.091473659973359, "mixed": 0.9083564515322964, "none": 1.2881460843159258e-05}, "8": {"type-based": 1.795542216810334e-05, "geo-based": 0.05973803359091524, "mixed": 0.9402431176621483, "none": 8.933247684254301e-07}, "9": {"type-based": 4.12889925593638e-06, "geo-based": 0.0383964038269822, "mixed": 0.9615993427045395, "none": 1.24569222355066e-07}, "10": {"type-based": 1.1378272519593093e-06, "geo-based": 0.024475411334166614, "mixed": 0.9755234300218952, "none": 2.0816686215836478e-08}, "11": {"type-based": 1.3131593801241258e-07, "geo-based": 0.015562447940657557, "mixed": 0.9844374192865761, "none": 1.456828304051727e-09}, "12": {"type-based": 1.3491215071793304e-08, "geo-based": 0.00984813908080937, "mixed": 0.9901518473372154, "none": 9.076012791855431e-11}, "13": {"type-based": 1.4565338941383402e-09, "geo-based": 0.006212565822337464, "mixed": 0.9937874327151869, "none": 5.941766717567218e-12}, "14": {"type-based": 2.0104857284324407e-10, "geo-based": 0.003914371988945556, "mixed": 0.9960856278095084, "none": 4.973305718758954e-13}, "15": {"type-based": 2.4347875070500885e-11, "geo-based": 0.0024701021384941537, "mixed": 0.9975298978371214, "none": 3.65218559506558e-14}, "16": {"type-based": 1.996590775523981e-12, "geo-based": 0.0015612184092884229, "mixed": 0.9984387815887131, "none": 1.81604708567487e-15}, "17": {"type-based": 1.7175548679548722e-13, "geo-based": 0.0009866947258676908, "mixed": 0.9990133052739605, "none": 9.47313571286741e-17}, "18": {"type-based": 1.2171340579234278e-14, "geo-based": 0.0006242117626061613, "mixed": 0.9993757882373816, "none": 4.070667345030599e-18}, "19": {"type-based": 7.193573704510924e-16, "geo-based": 0.00039502056654863943, "mixed": 0.9996049794334506, "none": 1.4588647592904043e-19}, "20": {"type-based": 4.3146948937692575e-17, "geo-based": 0.0002492502222345642, "mixed": 0.9997507497777653, "none": 5.305944950375627e-21}, "21": {"type-based": 4.142655063979828e-18, "geo-based": 0.0001572964532227636, "mixed": 0.9998427035467773, "none": 3.0891073017661306e-22}, "22": {"type-based": 4.502852264111334e-19, "geo-based": 9.959723864266226e-05, "mixed": 0.9999004027613573, "none": 2.0360236529560418e-23}, "23": {"type-based": 5.582816362738732e-20, "geo-based": 6.331975187683572e-05, "mixed": 0.9999366802481231, "none": 1.5306953168516827e-24}, "24": {"type-based": 8.26320915824288e-21, "geo-based": 4.044099301005719e-05, "mixed": 0.99995955900699, "none": 1.3738011937980732e-25}, "25": {"type-based": 1.884384415217836e-21, "geo-based": 2.5963213190011884e-05, "mixed": 0.9999740367868101, "none": 1.8996949561036567e-26}, "26": {"type-based": 4.961775289294984e-22, "geo-based": 1.6760919760064455e-05, "mixed": 0.99998323908024, "none": 3.033124311733269e-27}, "27": {"type-based": 1.2232824523423126e-22, "geo-based": 1.0876104658369647e-05, "mixed": 0.9999891238953416, "none": 4.534382816710274e-28}, "28": {"type-based": 2.6380383887120662e-23, "geo-based": 7.091048314473978e-06, "mixed": 0.9999929089516855, "none": 5.929396122009711e-29}, "29": {"type-based": 5.305926686585818e-24, "geo-based": 4.638364695013671e-06, "mixed": 0.999995361635305, "none": 7.231495877372562e-30}, "30": {"type-based": 1.1152352808023367e-24, "geo-based": 3.041249806350005e-06, "mixed": 0.9999969587501938, "none": 9.216596932237987e-31}, "31": {"type-based": 2.3861276637176166e-25, "geo-based": 1.998168746154485e-06, "mixed": 0.9999980018312539, "none": 1.1957341798843663e-31}, "32": {"type-based": 6.236206055362651e-26, "geo-based": 1.3152077163512215e-06, "mixed": 0.9999986847922837, "none": 1.894951043149037e-32}, "33": {"type-based": 1.6088566493782502e-26, "geo-based": 8.670869772391959e-07, "mixed": 0.9999991329130227, "none": 2.9643615602734813e-33}, "34": {"type-based": 3.0894914146812168e-27, "geo-based": 5.723797279744849e-07, "mixed": 0.999999427620272, "none": 3.4517301382501077e-34}, "35": {"type-based": 5.178432483821669e-28, "geo-based": 3.780006841160882e-07, "mixed": 0.9999996219993158, "none": 3.508196633636216e-35}, "36": {"type-based": 7.359644033332188e-29, "geo-based": 2.497034701060909e-07, "mixed": 0.9999997502965299, "none": 3.023277060237808e-36}, "37": {"type-based": 9.268060546862297e-30, "geo-based": 1.6497585522181785e-07, "mixed": 0.9999998350241447, "none": 2.3085820183948886e-37}, "38": {"type-based": 1.2335849197045643e-30, "geo-based": 1.0898109842225179e-07, "mixed": 0.9999998910189015, "none": 1.8632047938072784e-38}, "39": {"type-based": 1.6513201494207847e-31, "geo-based": 7.196121170320095e-08, "mixed": 0.9999999280387882, "none": 1.512368823359082e-39}, "40": {"type-based": 1.7773377438168867e-32, "geo-based": 4.748982914635529e-08, "mixed": 0.9999999525101708, "none": 9.870317067121788e-41}, "41": {"type-based": 1.460931691370046e-33, "geo-based": 3.1345938264090806e-08, "mixed": 0.9999999686540618, "none": 4.919552208371142e-42}, "42": {"type-based": 1.8024583332810963e-34, "geo-based": 2.0700123934083148e-08, "mixed": 0.9999999792998762, "none": 3.680401927297292e-43}, "43": {"type-based": 2.1511413426245636e-35, "geo-based": 1.3662385970665088e-08, "mixed": 0.9999999863376141, "none": 2.663380098948805e-44}, "44": {"type-based": 2.0553293520473433e-36, "geo-based": 9.01279551433356e-09, "mixed": 0.9999999909872045, "none": 1.5430487943609616e-45}, "45": {"type-based": 2.3395029520359287e-37, "geo-based": 5.9453711827555595e-09, "mixed": 0.9999999940546287, "none": 1.0650149777943175e-46}, "46": {"type-based": 2.628483549724872e-38, "geo-based": 3.9203381408340935e-09, "mixed": 0.999999996079662, "none": 7.2555630721754e-48}, "47": {"type-based": 2.8765956605884435e-39, "geo-based": 2.5841170876422925e-09, "mixed": 0.9999999974158829, "none": 4.814800352271567e-49}, "48": {"type-based": 2.9721701549714325e-40, "geo-based": 1.702767952711245e-09, "mixed": 0.9999999982972321, "none": 3.016522752609056e-50}, "49": {"type-based": 3.3428135206217063e-41, "geo-based": 1.1218124763307198e-09, "mixed": 0.9999999988781876, "none": 2.0572090939263165e-51}, "50": {"type-based": 4.2517239213004446e-42, "geo-based": 7.388244924610686e-10, "mixed": 0.9999999992611754, "none": 1.5865894822566305e-52}, "51": {"type-based": 4.638393611785544e-43, "geo-based": 4.863659486356128e-10, "mixed": 0.9999999995136339, "none": 1.0495429801444073e-53}, "52": {"type-based": 5.538858673701541e-44, "geo-based": 3.200243919298318e-10, "mixed": 0.9999999996799755, "none": 7.5995156865045e-55}, "53": {"type-based": 7.484399154029328e-45, "geo-based": 2.1043858574621194e-10, "mixed": 0.9999999997895614, "none": 6.226664553413233e-56}, "54": {"type-based": 1.292623843496162e-45, "geo-based": 1.382681262902709e-10, "mixed": 0.9999999998617319, "none": 6.520839128250052e-57}, "55": {"type-based": 1.979082497862961e-46, "geo-based": 9.075557335385763e-11, "mixed": 0.9999999999092444, "none": 6.053797893611442e-58}, "56": {"type-based": 2.15922815070954e-47, "geo-based": 5.956644622934676e-11, "mixed": 0.9999999999404336, "none": 4.004932075935744e-59}, "57": {"type-based": 2.1750207801132405e-48, "geo-based": 3.9106957005271e-11, "mixed": 0.9999999999608931, "none": 2.4462032650473312e-60},