{"0": {"type-based": 0.25, "geo-based": 0.25, "mixed": 0.25, "none": 0.25}, "1": {"type-based": 0.25, "geo-based": 0.25, "mixed": 0.25, "none": 0.25}, "2": {"type-based": 0.25, "geo-based": 0.25, "mixed": 0.25, "none": 0.25}, "3": {"type-based": 0.19726978268323184, "geo-based": 0.12598319947220463, "mixed": 0.6433991632348155, "none": 0.03334785460974813}, "4": {"type-based": 0.08491178565434279, "geo-based": 0.035199238399557374, "mixed": 0.8774644501101834, "none": 0.0024245258359163902}, "5": {"type-based": 0.022478968720290128, "geo-based": 0.008334469330614953, "mixed": 0.9690781920501116, "none": 0.00010836989898342521}, "6": {"type-based": 0.004777833223278306, "geo-based": 0.0019024246224298893, "mixed": 0.9933158541223346, "none": 3.888031957254507e-06}, "7": {"type-based": 0.0019011206859450348, "geo-based": 0.00044031591530996475, "mixed": 0.9976583023005906, "none": 2.610981542731095e-07}, "8": {"type-based": 0.0003675779316934359, "geo-based": 0.00010398982176134613, "mixed": 0.9995284237275595, "none": 8.518985800989196e-09}, "9": {"type-based": 5.29487588617899e-05, "geo-based": 2.5068652257179503e-05, "mixed": 0.9999219823818191, "none": 2.0706199823540525e-10}, "10": {"type-based": 6.192215232573521e-06, "geo-based": 6.1675087985722755e-06, "mixed": 0.9999876402718831, "none": 4.085705864201996e-12}, "11": {"type-based": 6.797834095249895e-07, "geo-based": 1.544851785658755e-06, "mixed": 0.9999977753647292, "none": 7.567358017735452e-14}, "12": {"type-based": 6.714049536347822e-08, "geo-based": 3.926544010218161e-07, "mixed": 0.9999995402051023, "none": 1.2609314442232596e-15}, "13": {"type-based": 6.669030303480693e-09, "geo-based": 1.0119355792778966e-07, "mixed": 0.9999998921374117, "none": 2.112937386656007e-17}, "14": {"type-based": 6.161110770028167e-10, "geo-based": 2.6384336445862302e-08, "mixed": 0.9999999729995525, "none": 3.2929583627740723e-19}, "15": {"type-based": 5.83567823494312e-11, "geo-based": 6.953277971179117e-09, "mixed": 0.9999999929883652, "none": 5.2615062130384865e-21}, "16": {"type-based": 6.434902042939074e-12, "geo-based": 1.8483588012701766e-09, "mixed": 0.9999999981452063, "none": 9.786829583883699e-23}, "17": {"type-based": 7.674846173413139e-13, "geo-based": 4.935715514709678e-10, "mixed": 0.999999999505661, "none": 1.968983989330007e-24}, "18": {"type-based": 8.84128407612615e-14, "geo-based": 1.321187085555086e-10, "mixed": 0.9999999998677929, "none": 3.826065499763051e-26}, "19": {"type-based": 1.2526060952184199e-14, "geo-based": 3.553391679934781e-11, "mixed": 0.9999999999644535, "none": 9.143429751908146e-28}, "20": {"type-based": 1.484199964975051e-14, "geo-based": 9.571665094859071e-12, "mixed": 0.9999999999904134, "none": 1.8274198036319207e-28}, "21": {"type-based": 6.11148444759838e-15, "geo-based": 2.5388197016599408e-12, "mixed": 0.9999999999974551, "none": 1.2692240317086573e-29}, "22": {"type-based": 4.284926043189464e-15, "geo-based": 6.684096517034001e-13, "mixed": 0.9999999999993272, "none": 1.5009819701897212e-30}, "23": {"type-based": 2.12567486506462e-15, "geo-based": 1.7399305036153702e-13, "mixed": 0.9999999999998239, "none": 1.2559285088202753e-31}, "24": {"type-based": 4.082236108773876e-16, "geo-based": 1.033391538960455e-09, "mixed": 0.999999998966608, "none": 9.357172282063743e-29}, "25": {"type-based": 6.866645216611435e-17, "geo-based": 2.923253568511118e-10, "mixed": 0.9999999997076745, "none": 3.0696722270198665e-30}, "26": {"type-based": 7.171253597942579e-18, "geo-based": 8.227062433531777e-11, "mixed": 0.9999999999177294, "none": 6.217090691213561e-32}, "27": {"type-based": 8.001989710844481e-19, "geo-based": 2.308371350483232e-11, "mixed": 0.9999999999769162, "none": 1.3383287972942868e-33}, "28": {"type-based": 1.2626186285028817e-19, "geo-based": 6.452575107087675e-12, "mixed": 0.9999999999935474, "none": 4.054169358836177e-35}, "29": {"type-based": 2.02171798440651e-20, "geo-based": 4.8392209022044954e-11, "mixed": 0.9999999999516078, "none": 3.3465707828487867e-35}, "30": {"type-based": 4.9061673044238896e-21, "geo-based": 1.4476025072616505e-11, "mixed": 0.999999999985524, "none": 1.734498424384964e-36}, "31": {"type-based": 7.230608848895564e-21, "geo-based": 4.281537935715821e-12, "mixed": 0.9999999999957185, "none": 5.418540637356658e-37}, "32": {"type-based": 3.933223837841193e-21, "geo-based": 1.2399524224199128e-12, "mixed": 0.9999999999987601, "none": 6.203822944799346e-38}, "33": {"type-based": 2.481816978543345e-21, "geo-based": 3.533569560044805e-13, "mixed": 0.9999999999996467, "none": 8.18457613606926e-39}, "34": {"type-based": 5.7599169551579635e-22, "geo-based": 9.893602293524262e-14, "mixed": 0.999999999999901, "none": 3.946749956562454e-40}}