{"0": {"type-based": 0.25, "geo-based": 0.25, "mixed": 0.25, "none": 0.25}, "1": {"type-based": 0.25, "geo-based": 0.25, "mixed": 0.25, "none": 0.25}, "2": {"type-based": 0.25, "geo-based": 0.25, "mixed": 0.25, "none": 0.25}, "3": {"type-based": 0.19308740449481976, "geo-based": 0.12794668065700263, "mixed": 0.6463250785047501, "none": 0.032640836343427494}, "4": {"type-based": 0.09669525705014263, "geo-based": 0.03560469170949093, "mixed": 0.8649390664474779, "none": 0.002760984792888488}, "5": {"type-based": 0.02348086958599426, "geo-based": 0.008613138390788585, "mixed": 0.9677927920140557, "none": 0.00011320000916146731}, "6": {"type-based": 0.004038443449434428, "geo-based": 0.001981910085527571, "mixed": 0.9939763601223686, "none": 3.2863426694062267e-06}, "7": {"type-based": 0.0006306676220599333, "geo-based": 0.00046081619790690437, "mixed": 0.9989084295647259, "none": 8.66153071170256e-08}, "8": {"type-based": 9.348438707847598e-05, "geo-based": 0.00010959647446357326, "mixed": 0.999796916971864, "none": 2.166594067458638e-09}, "9": {"type-based": 1.647710476003537e-05, "geo-based": 2.6612380452591687e-05, "mixed": 0.999956910450352, "none": 6.443554693421002e-11}, "10": {"type-based": 2.6725224515580474e-06, "geo-based": 6.547095999634588e-06, "mixed": 0.9999907803797854, "none": 1.7633658137564692e-12}, "11": {"type-based": 3.816127188682512e-07, "geo-based": 1.6269022790343848e-06, "mixed": 0.9999979914849597, "none": 4.248117896574419e-14}, "12": {"type-based": 5.000716497534294e-08, "geo-based": 4.077096139574258e-07, "mixed": 0.9999995422832201, "none": 9.391590933684075e-16}, "13": {"type-based": 6.060443623086626e-09, "geo-based": 1.0286757099941828e-07, "mixed": 0.9999998910719853, "none": 1.9201199167227312e-17}, "14": {"type-based": 6.833863015676281e-10, "geo-based": 2.60934327275209e-08, "mixed": 0.999999973223181, "none": 3.6525274755644056e-19}, "15": {"type-based": 7.20529940975871e-11, "geo-based": 6.646522411715354e-09, "mixed": 0.9999999932814245, "none": 6.4963704448686944e-21}, "16": {"type-based": 5.932947441525552e-12, "geo-based": 1.6983678472365446e-09, "mixed": 0.9999999982956993, "none": 9.023407839450017e-23}, "17": {"type-based": 6.216117940972159e-13, "geo-based": 4.372704098901965e-10, "mixed": 0.999999999562108, "none": 1.5947468424788112e-24}, "18": {"type-based": 5.459036707385405e-14, "geo-based": 1.1357941514058733e-10, "mixed": 0.999999999886366, "none": 2.362398021399054e-26}, "19": {"type-based": 4.175284219717627e-15, "geo-based": 2.972667491582434e-11, "mixed": 0.9999999999702691, "none": 3.0477592359617116e-28}, "20": {"type-based": 3.9218967988538224e-16, "geo-based": 7.828478056763747e-12, "mixed": 0.9999999999921712, "none": 4.8288317256135934e-30}, "21": {"type-based": 5.544793492859943e-17, "geo-based": 2.0744424062871017e-12, "mixed": 0.9999999999979254, "none": 1.1515344941710806e-31}, "22": {"type-based": 9.985237469627725e-18, "geo-based": 5.517481800054301e-13, "mixed": 0.9999999999994482, "none": 3.497764315861577e-33}, "23": {"type-based": 1.5095999398462114e-17, "geo-based": 1.4695539588312e-13, "mixed": 0.999999999999853, "none": 8.919283153440274e-34}, "24": {"type-based": 1.2023661491961259e-17, "geo-based": 3.868941052419456e-14, "mixed": 0.9999999999999614, "none": 1.1982199016852086e-34}, "25": {"type-based": 1.1526057948124253e-18, "geo-based": 1.0113118714223051e-14, "mixed": 0.9999999999999898, "none": 1.9373514636368007e-36}, "26": {"type-based": 4.411739535936969e-19, "geo-based": 2.652065685292635e-15, "mixed": 0.9999999999999973, "none": 1.250724744010472e-37}, "27": {"type-based": 2.813259189913709e-19, "geo-based": 6.928359618059048e-16, "mixed": 0.9999999999999993, "none": 1.3451867840180555e-38}, "28": {"type-based": 1.319515408571199e-19, "geo-based": 1.7975051060217485e-16, "mixed": 0.9999999999999998, "none": 1.064155834449543e-39}, "29": {"type-based": 2.750630594965169e-20, "geo-based": 4.6412061428387166e-17, "mixed": 1.0, "none": 3.7414342804413817e-41}, "30": {"type-based": 9.448967686301692e-21, "geo-based": 1.1968225129315636e-17, "mixed": 1.0, "none": 2.1677174154897474e-42}, "31": {"type-based": 9.690494352454134e-22, "geo-based": 3.0765644084528243e-18, "mixed": 1.0, "none": 3.7495074983221233e-44}, "32": {"type-based": 1.2141956611879466e-22, "geo-based": 7.92007597356015e-19, "mixed": 1.0, "none": 7.923638604473916e-46}, "33": {"type-based": 1.714149536470279e-23, "geo-based": 2.0406406182324296e-19, "mixed": 1.0, "none": 1.8866451315247554e-47}, "34": {"type-based": 2.0408736483368586e-24, "geo-based": 5.256353921317828e-20, "mixed": 1.0, "none": 3.788446300325219e-49}, "35": {"type-based": 2.362316123193396e-25, "geo-based": 1.3540644495070748e-20, "mixed": 1.0, "none": 7.395790963540903e-51}, "36": {"type-based": 2.6621324828457603e-26, "geo-based": 3.4884060243692955e-21, "mixed": 1.0, "none": 1.4056463697174188e-52}, "37": {"type-based": 2.8768719103840014e-27, "geo-based": 8.987616011638508e-22, "mixed": 1.0, "none": 2.5619168767966413e-54}, "38": {"type-based": 3.4342093016952177e-28, "geo-based": 2.3158719936184285e-22, "mixed": 1.0, "none": 5.1578387428280115e-56}, "39": {"type-based": 4.82249140555002e-29, "geo-based": 5.963932352011849e-23, "mixed": 1.0, "none": 1.2215392626946621e-57}, "40": {"type-based": 1.1726398572267967e-29, "geo-based": 5.9805371392786665e-19, "mixed": 1.0, "none": 1.9537540278497802e-54}, "41": {"type-based": 2.8055592955483267e-30, "geo-based": 1.6187315309740236e-19, "mixed": 1.0, "none": 8.610219942075838e-56}, "42": {"type-based": 4.902322934674558e-31, "geo-based": 4.3565491169375146e-20, "mixed": 1.0, "none": 2.7654617821871723e-57}, "43": {"type-based": 7.694810061554973e-32, "geo-based": 1.168974863251634e-20, "mixed": 1.0, "none": 7.962675083429046e-59}, "44": {"type-based": 3.451262107350013e-32, "geo-based": 3.128299145466077e-21, "mixed": 1.0, "none": 6.538811602529788e-60}, "45": {"type-based": 2.3063507861024193e-32, "geo-based": 8.302615865613284e-22, "mixed": 1.0, "none": 7.985605314841323e-61}, "46": {"type-based": 2.0203930739863036e-32, "geo-based": 2.1797015691098234e-22, "mixed": 1.0, "none": 1.2761939015278025e-61}, "47": {"type-based": 1.348115951790654e-32, "geo-based": 5.65709441603487e-23, "mixed": 1.0, "none": 1.5508712328514573e-62}}