{"0": {"type-based": 0.25, "geo-based": 0.25, "mixed": 0.25, "none": 0.25}, "1": {"type-based": 0.25, "geo-based": 0.25, "mixed": 0.25, "none": 0.25}, "2": {"type-based": 0.25, "geo-based": 0.25, "mixed": 0.25, "none": 0.25}, "3": {"type-based": 0.19384120646549252, "geo-based": 0.11788503036034179, "mixed": 0.655505498908526, "none": 0.03276826426563949}, "4": {"type-based": 0.049824552549781985, "geo-based": 0.029655518776694097, "mixed": 0.9190972649762643, "none": 0.0014226636972595802}, "5": {"type-based": 0.010046260529477167, "geo-based": 0.005674448802787584, "mixed": 0.9842308581861438, "none": 4.843248159146693e-05}, "6": {"type-based": 0.002860050770649066, "geo-based": 0.0010317764240274, "mixed": 0.9961058453970036, "none": 2.3274083200468e-06}, "7": {"type-based": 0.0006383731496600186, "geo-based": 0.00018829203864265557, "mixed": 0.9991732471381203, "none": 8.767357714109967e-08}, "8": {"type-based": 0.00013866483439915555, "geo-based": 3.4669297379214416e-05, "mixed": 0.9998266626545256, "none": 3.213696072287953e-09}, "9": {"type-based": 2.225382641412766e-05, "geo-based": 6.476967327722241e-06, "mixed": 0.999971269119232, "none": 8.702605811254229e-11}, "10": {"type-based": 2.811564516864331e-06, "geo-based": 1.2279142299648258e-06, "mixed": 0.9999959605193981, "none": 1.85510761539868e-12}, "11": {"type-based": 2.8566375237546846e-07, "geo-based": 2.355915104486016e-07, "mixed": 0.9999994787447054, "none": 3.180012716734931e-14}, "12": {"type-based": 3.0352268379551485e-08, "geo-based": 4.564614212597266e-08, "mixed": 0.9999999240015889, "none": 5.700304919718891e-16}, "13": {"type-based": 3.3281979901660566e-09, "geo-based": 8.962346533785447e-09, "mixed": 0.9999999877094555, "none": 1.0544672379048821e-17}, "14": {"type-based": 3.506022194456904e-10, "geo-based": 1.7857751852652695e-09, "mixed": 0.9999999978636225, "none": 1.8738804634826564e-19}, "15": {"type-based": 3.570294688063264e-11, "geo-based": 3.6053498483455573e-10, "mixed": 0.9999999996037621, "none": 3.2190136137288706e-21}, "16": {"type-based": 3.4980310888466084e-12, "geo-based": 7.322719057328096e-11, "mixed": 0.9999999999232747, "none": 5.320148452490285e-23}, "17": {"type-based": 3.3002074743557917e-13, "geo-based": 1.495653450912232e-11, "mixed": 0.9999999999847133, "none": 8.466691750753324e-25}, "18": {"type-based": 3.198985051462948e-14, "geo-based": 3.068576247893165e-12, "mixed": 0.9999999999968994, "none": 1.3843607143797284e-26}, "19": {"type-based": 4.279188363660647e-15, "geo-based": 6.359775884022249e-13, "mixed": 0.9999999999993598, "none": 3.123604327623149e-28}, "20": {"type-based": 4.704162406543543e-16, "geo-based": 1.3374133706219526e-13, "mixed": 0.9999999999998659, "none": 5.7919955154849846e-30}, "21": {"type-based": 6.220119284358994e-17, "geo-based": 2.844891341615062e-14, "mixed": 0.9999999999999716, "none": 1.2917851535898564e-31}, "22": {"type-based": 8.97158426132586e-18, "geo-based": 6.11127855785689e-15, "mixed": 0.9999999999999938, "none": 3.14268813150028e-33}, "23": {"type-based": 3.3093770184023495e-18, "geo-based": 1.325976329697308e-15, "mixed": 0.9999999999999987, "none": 1.955304177583997e-34}, "24": {"type-based": 7.968141506165183e-19, "geo-based": 2.895454244755248e-16, "mixed": 0.9999999999999998, "none": 7.940664113435305e-36}, "25": {"type-based": 1.7991301514051564e-19, "geo-based": 6.372389344021635e-17, "mixed": 1.0, "none": 3.024058570402308e-37}, "26": {"type-based": 3.152617978266474e-20, "geo-based": 1.4141035506954107e-17, "mixed": 1.0, "none": 8.937647568971268e-39}, "27": {"type-based": 4.133547440156772e-21, "geo-based": 3.1660899554221077e-18, "mixed": 1.0, "none": 1.9764952363955867e-40}, "28": {"type-based": 6.168318518607214e-22, "geo-based": 7.1480028478654765e-19, "mixed": 1.0, "none": 4.974593019286325e-42}, "29": {"type-based": 1.1955543825838363e-22, "geo-based": 1.627253042494049e-19, "mixed": 1.0, "none": 1.6262046089790325e-43}, "30": {"type-based": 1.7982853142709625e-23, "geo-based": 3.736992816171778e-20, "mixed": 1.0, "none": 4.1255029365968305e-45}, "31": {"type-based": 3.877659059024484e-24, "geo-based": 8.643692869764959e-21, "mixed": 1.0, "none": 1.5003684217685865e-46}, "32": {"type-based": 1.727384256674868e-24, "geo-based": 2.0135018832199433e-21, "mixed": 1.0, "none": 1.1272621883328255e-47}, "33": {"type-based": 6.406254352524087e-25, "geo-based": 4.718664189449121e-22, "mixed": 1.0, "none": 7.050918445765599e-49}, "34": {"type-based": 2.137651955207811e-25, "geo-based": 1.1111724413168746e-22, "mixed": 1.0, "none": 3.9680945695435403e-50}, "35": {"type-based": 4.8592481329638134e-26, "geo-based": 2.6269056845949593e-23, "mixed": 1.0, "none": 1.5213028890813964e-51}, "36": {"type-based": 9.529732633013795e-27, "geo-based": 6.232775275408949e-24, "mixed": 1.0, "none": 5.031843518792137e-53}, "37": {"type-based": 2.0567569063237276e-27, "geo-based": 1.4843432457340844e-24, "mixed": 1.0, "none": 1.8315866656279022e-54}, "38": {"type-based": 6.176214617990743e-28, "geo-based": 3.5496169317039636e-25, "mixed": 1.0, "none": 9.276056361785646e-56}, "39": {"type-based": 1.7206953346636477e-28, "geo-based": 8.51729388937337e-26, "mixed": 1.0, "none": 4.3585290955794855e-57}}