{"0": {"type-based": 0.25, "geo-based": 0.25, "mixed": 0.25, "none": 0.25}, "1": {"type-based": 0.25, "geo-based": 0.25, "mixed": 0.25, "none": 0.25}, "2": {"type-based": 0.25, "geo-based": 0.25, "mixed": 0.25, "none": 0.25}, "3": {"type-based": 0.24496733061607814, "geo-based": 0.11715976380083314, "mixed": 0.5964619260888763, "none": 0.04141097949421253}, "4": {"type-based": 0.10230172746842742, "geo-based": 0.034677704741536676, "mixed": 0.8600994988312959, "none": 0.002921068958739936}, "5": {"type-based": 0.024235276783511405, "geo-based": 0.008329945435013742, "mixed": 0.9673179408157963, "none": 0.00011683696567867208}, "6": {"type-based": 0.004332161190505106, "geo-based": 0.0018974591997122248, "mixed": 0.9937668542499876, "none": 3.525359795021136e-06}, "7": {"type-based": 0.0006946833828063501, "geo-based": 0.0004361181758002458, "mixed": 0.9988691030342209, "none": 9.54071724093491e-08}, "8": {"type-based": 0.00012310181079160055, "geo-based": 0.00010236697662459814, "mixed": 0.9997745283595764, "none": 2.8530074517213764e-09}, "9": {"type-based": 1.992016890517942e-05, "geo-based": 2.4407310291459158e-05, "mixed": 0.9999556724429034, "none": 7.790003141451921e-11}, "10": {"type-based": 2.2233033140247235e-06, "geo-based": 5.893135821126099e-06, "mixed": 0.9999918835593978, "none": 1.4669650596488194e-12}, "11": {"type-based": 2.2869680240825879e-07, "geo-based": 1.4467132100357549e-06, "mixed": 0.9999983245899621, "none": 2.5458558668619255e-14}, "12": {"type-based": 2.3740197072156883e-08, "geo-based": 3.604861562586916e-07, "mixed": 0.9999996157736462, "none": 4.458525487231198e-16}, "13": {"type-based": 2.5523970491722076e-09, "geo-based": 9.111019924884477e-08, "mixed": 0.9999999063374038, "none": 8.086715617368976e-18}, "14": {"type-based": 2.7109634446666375e-10, "geo-based": 2.3306720723268098e-08, "mixed": 0.9999999764221829, "none": 1.4489416080160814e-19}, "15": {"type-based": 3.4456443085372314e-11, "geo-based": 6.03716448552474e-09, "mixed": 0.999999993928379, "none": 3.1066275773626587e-21}, "16": {"type-based": 5.305564965011765e-12, "geo-based": 1.5822700880083827e-09, "mixed": 0.9999999984124244, "none": 8.06922309186823e-23}, "17": {"type-based": 1.363752109721077e-12, "geo-based": 4.1856534458614544e-10, "mixed": 0.9999999995800708, "none": 3.498709952986147e-24}, "18": {"type-based": 1.355448983255982e-12, "geo-based": 1.1137488558091082e-10, "mixed": 0.9999999998872697, "none": 5.8657051926748e-25}, "19": {"type-based": 5.188492762920658e-13, "geo-based": 2.9220464913327156e-11, "mixed": 0.9999999999702607, "none": 3.7873533648881463e-26}, "20": {"type-based": 1.4976774553904973e-13, "geo-based": 7.618179194962473e-12, "mixed": 0.999999999992232, "none": 1.8440139509635845e-27}, "21": {"type-based": 1.5674251198924757e-14, "geo-based": 1.9756080324101327e-12, "mixed": 0.9999999999980087, "none": 3.255205256806521e-29}, "22": {"type-based": 1.4072095856468883e-15, "geo-based": 5.143694560723577e-13, "mixed": 0.9999999999994842, "none": 4.929364462873961e-31}, "23": {"type-based": 1.3916596528503193e-16, "geo-based": 1.3456596087222386e-13, "mixed": 0.9999999999998652, "none": 8.222447662693278e-33}, "24": {"type-based": 1.5526323767949447e-17, "geo-based": 3.528487838392865e-14, "mixed": 0.9999999999999647, "none": 1.547278268870367e-34}, "25": {"type-based": 1.9594881232276935e-18, "geo-based": 9.271364866496716e-15, "mixed": 0.9999999999999907, "none": 3.293595434449377e-36}, "26": {"type-based": 2.231911453958409e-19, "geo-based": 2.4346175544576567e-15, "mixed": 0.9999999999999976, "none": 6.327451698286421e-38}, "27": {"type-based": 2.4370220007342993e-20, "geo-based": 6.390407412009627e-16, "mixed": 0.9999999999999993, "none": 1.1652853741675939e-39}, "28": {"type-based": 2.9549894619227583e-21, "geo-based": 1.6767540535933764e-16, "mixed": 0.9999999999999998, "none": 2.3831243320205174e-41}, "29": {"type-based": 4.713928452991789e-22, "geo-based": 4.39219021610044e-17, "mixed": 1.0, "none": 6.4119309738844904e-43}, "30": {"type-based": 7.497485108443628e-23, "geo-based": 1.1467163079341303e-17, "mixed": 1.0, "none": 1.7200216554354054e-44}, "31": {"type-based": 1.1640558729505784e-23, "geo-based": 2.9832653402157202e-18, "mixed": 1.0, "none": 4.504038767628761e-46}, "32": {"type-based": 6.440367398769952e-24, "geo-based": 7.733017289024551e-19, "mixed": 1.0, "none": 4.2028764703343544e-47}, "33": {"type-based": 2.707547637271683e-24, "geo-based": 1.992131158625147e-19, "mixed": 1.0, "none": 2.98000930464245e-48}, "34": {"type-based": 6.9986779406587665e-25, "geo-based": 5.1103561005944504e-20, "mixed": 1.0, "none": 1.2991551717600554e-49}, "35": {"type-based": 1.2368333126884308e-24, "geo-based": 1.301659692460884e-20, "mixed": 1.0, "none": 3.8722000614473174e-50}, "36": {"type-based": 7.673420705480807e-25, "geo-based": 3.257261590619709e-21, "mixed": 1.0, "none": 4.051682636937533e-51}, "37": {"type-based": 5.588177672077429e-25, "geo-based": 8.046494902748847e-22, "mixed": 1.0, "none": 4.976393504680711e-52}, "38": {"type-based": 1.4057137456170033e-25, "geo-based": 1.9581215464472222e-22, "mixed": 1.0, "none": 2.111241389652706e-53}}