{"0": {"type-based": 0.25, "geo-based": 0.25, "mixed": 0.25, "none": 0.25}, "1": {"type-based": 0.25, "geo-based": 0.25, "mixed": 0.25, "none": 0.25}, "2": {"type-based": 0.25, "geo-based": 0.25, "mixed": 0.25, "none": 0.25}, "3": {"type-based": 0.2012445592950548, "geo-based": 0.11607967665110329, "mixed": 0.6486559855906056, "none": 0.03401977846323634}, "4": {"type-based": 0.07135341867836326, "geo-based": 0.02868087577388587, "mixed": 0.8979283180904799, "none": 0.0020373874572711084}, "5": {"type-based": 0.011459801437590386, "geo-based": 0.00554645684257611, "mixed": 0.9829384946335631, "none": 5.524708627050184e-05}, "6": {"type-based": 0.0018622159826789464, "geo-based": 0.0009864438807497997, "mixed": 0.9971498247309653, "none": 1.5154056061835255e-06}, "7": {"type-based": 0.0002524808511786219, "geo-based": 0.00017408465856431806, "mixed": 0.9995733998147709, "none": 3.4675486264183317e-08}, "8": {"type-based": 3.1309328267526986e-05, "geo-based": 3.114909697477092e-05, "mixed": 0.9999375408491329, "none": 7.256249626324755e-10}, "9": {"type-based": 3.5335234586744727e-06, "geo-based": 5.647923453070206e-06, "mixed": 0.9999908185392702, "none": 1.3818235665818654e-11}, "10": {"type-based": 3.79367994421018e-07, "geo-based": 1.0351214241592454e-06, "mixed": 0.9999985855103312, "none": 2.503120420205937e-13}, "11": {"type-based": 3.764963143831546e-08, "geo-based": 1.9176812514647826e-07, "mixed": 0.9999997705822392, "none": 4.191162013333126e-15}, "12": {"type-based": 4.325994038703809e-09, "geo-based": 3.5842036698766344e-08, "mixed": 0.9999999598319692, "none": 8.124429051935758e-17}, "13": {"type-based": 5.232653388150511e-10, "geo-based": 6.7062290852034065e-09, "mixed": 0.9999999927705054, "none": 1.6578525620831213e-18}, "14": {"type-based": 5.562612937062493e-11, "geo-based": 1.2671487300552272e-09, "mixed": 0.9999999986772252, "none": 2.973076361341161e-20}, "15": {"type-based": 6.192612225265969e-12, "geo-based": 2.4241222649166326e-10, "mixed": 0.9999999997513951, "none": 5.583321490050002e-22}, "16": {"type-based": 6.40731575896011e-13, "geo-based": 4.7006020325273025e-11, "mixed": 0.9999999999523532, "none": 9.744873660024534e-24}, "17": {"type-based": 5.91767271973074e-14, "geo-based": 9.225619095252064e-12, "mixed": 0.9999999999907152, "none": 1.5181806352821042e-25}, "18": {"type-based": 7.097144955831672e-15, "geo-based": 1.830314220340588e-12, "mixed": 0.9999999999981626, "none": 3.071289331789307e-27}, "19": {"type-based": 8.301881269687524e-16, "geo-based": 3.685408103165371e-13, "mixed": 0.9999999999996307, "none": 6.059979149696993e-29}, "20": {"type-based": 1.45371955759551e-16, "geo-based": 7.509875123835786e-14, "mixed": 0.9999999999999247, "none": 1.789890830863701e-30}, "21": {"type-based": 3.6733488122904195e-17, "geo-based": 1.553799470797176e-14, "mixed": 0.9999999999999845, "none": 7.628756367431472e-32}, "22": {"type-based": 1.0829429679580268e-17, "geo-based": 3.2585753138854786e-15, "mixed": 0.9999999999999967, "none": 3.793479404930001e-33}, "23": {"type-based": 5.240965054449306e-18, "geo-based": 6.912470498850741e-16, "mixed": 0.9999999999999993, "none": 3.0965589017366443e-34}, "24": {"type-based": 1.9809742747555406e-18, "geo-based": 1.4801289411443555e-16, "mixed": 0.9999999999999998, "none": 1.974143069750819e-35}, "25": {"type-based": 7.053768891656194e-19, "geo-based": 3.192428101021524e-17, "mixed": 1.0, "none": 1.1856290804636984e-36}, "26": {"type-based": 2.1286014980735832e-19, "geo-based": 6.932916609899591e-18, "mixed": 1.0, "none": 6.034568772911408e-38}, "27": {"type-based": 1.7176690605685039e-19, "geo-based": 1.516051313659965e-18, "mixed": 1.0, "none": 8.213198868691271e-39}, "28": {"type-based": 8.852742597146346e-20, "geo-based": 3.3431088158268503e-19, "mixed": 1.0, "none": 7.139513206468903e-40}, "29": {"type-based": 2.5190065658210123e-20, "geo-based": 7.426548756649823e-20, "mixed": 1.0, "none": 3.4263770406941904e-41}, "30": {"type-based": 3.451006028304346e-21, "geo-based": 1.662003479117003e-20, "mixed": 1.0, "none": 7.917061542458726e-43}, "31": {"type-based": 3.6117115559590374e-22, "geo-based": 3.744259596491002e-21, "mixed": 1.0, "none": 1.3974663281667879e-44}, "32": {"type-based": 3.8312649092644254e-23, "geo-based": 8.484247931327409e-22, "mixed": 1.0, "none": 2.5002196523509718e-46}, "33": {"type-based": 3.8130770538083354e-24, "geo-based": 1.933337599357794e-22, "mixed": 1.0, "none": 4.1967886153676797e-48}, "34": {"type-based": 4.092298097563362e-25, "geo-based": 4.429712989344434e-23, "mixed": 1.0, "none": 7.596477910416387e-50}, "35": {"type-based": 4.5768701393608163e-26, "geo-based": 1.0203623335279048e-23, "mixed": 1.0, "none": 1.4328977601959054e-51}, "36": {"type-based": 7.684033184101705e-27, "geo-based": 2.3616971893427636e-24, "mixed": 1.0, "none": 4.0572861867771044e-53}, "37": {"type-based": 1.5159634733562076e-27, "geo-based": 5.499571897932705e-25, "mixed": 1.0, "none": 1.349998376006988e-54}, "38": {"type-based": 5.762534370712295e-28, "geo-based": 1.288200236331812e-25, "mixed": 1.0, "none": 8.65475002337983e-56}, "39": {"type-based": 2.582740793655977e-28, "geo-based": 3.034114659807967e-26, "mixed": 1.0, "none": 6.54209415735417e-57}, "40": {"type-based": 9.877887613739625e-29, "geo-based": 7.159992920532952e-27, "mixed": 1.0, "none": 4.2198165675567236e-58}, "41": {"type-based": 3.2269237849059795e-29, "geo-based": 1.6903617531635344e-27, "mixed": 1.0, "none": 2.3249325193139767e-59}, "42": {"type-based": 5.9334931430483686e-30, "geo-based": 3.9921821926414316e-28, "mixed": 1.0, "none": 7.209795311799357e-61}, "43": {"type-based": 8.24094421116057e-31, "geo-based": 9.448274709013309e-29, "mixed": 1.0, "none": 1.6888032949166074e-62}}