{"1": 0.0, "5": 0.0, "10": 0.12903225806451613, "20": 0.6774193548387096, "50": 0.9354838709677419, "100": 0.967741935483871}