{"1": 0.03225806451612903, "5": 0.16129032258064516, "10": 0.1935483870967742, "20": 0.41935483870967744, "50": 0.7741935483870968, "100": 0.9354838709677419}