{"1": 0.03125, "5": 0.15625, "10": 0.28125, "20": 0.6875, "50": 0.9375, "100": 1.0}