{"1": 0.05405405405405406, "5": 0.08108108108108109, "10": 0.2702702702702703, "20": 0.43243243243243246, "50": 1.0, "100": 1.0}