{"1": 0.029411764705882353, "5": 0.08823529411764706, "10": 0.14705882352941177, "20": 0.4411764705882353, "50": 1.0, "100": 1.0}