{"1": 0.027777777777777776, "5": 0.1388888888888889, "10": 0.3055555555555556, "20": 0.5, "50": 1.0, "100": 1.0}