{"1": 0.0, "5": 0.0, "10": 0.0, "20": 0.023255813953488372, "50": 0.5581395348837209, "100": 0.9302325581395349}