{"1": 0.03571428571428571, "5": 0.07142857142857142, "10": 0.39285714285714285, "20": 0.7142857142857143, "50": 0.8928571428571429, "100": 1.0}