{"1": 0.0, "5": 0.0, "10": 0.010416666666666666, "20": 0.041666666666666664, "50": 0.375, "100": 0.7083333333333334}