{"1": 0.02857142857142857, "5": 0.11428571428571428, "10": 0.2857142857142857, "20": 0.6, "50": 0.8571428571428571, "100": 1.0}