{"1": 0.022222222222222223, "5": 0.15555555555555556, "10": 0.4222222222222222, "20": 0.6, "50": 0.8888888888888888, "100": 1.0}