{"1": 0.0, "5": 0.0, "10": 0.07142857142857142, "20": 0.35714285714285715, "50": 1.0, "100": 1.0}