{"1": 0.0, "5": 0.0, "10": 0.2413793103448276, "20": 0.6206896551724138, "50": 0.9655172413793104, "100": 1.0}