{"1": 0.0, "5": 0.0, "10": 0.0, "20": 0.0, "50": 0.6382978723404256, "100": 0.9148936170212766}