{"1": 0.009523809523809525, "5": 0.02857142857142857, "10": 0.08571428571428572, "20": 0.2, "50": 0.3142857142857143, "100": 0.7238095238095238}