{"1": 0.021739130434782608, "5": 0.06521739130434782, "10": 0.21739130434782608, "20": 0.32608695652173914, "50": 0.6739130434782609, "100": 0.8043478260869565}