{"1": 0.0, "5": 0.021505376344086023, "10": 0.07526881720430108, "20": 0.17204301075268819, "50": 0.4838709677419355, "100": 0.6774193548387096}