{"1": 0.02857142857142857, "5": 0.14285714285714285, "10": 0.34285714285714286, "20": 0.42857142857142855, "50": 0.8571428571428571, "100": 1.0}