{"1": 0.0, "5": 0.0392156862745098, "10": 0.0392156862745098, "20": 0.09803921568627451, "50": 0.43137254901960786, "100": 0.9411764705882353}