{"1": 0.0, "5": 0.0, "10": 0.06896551724137931, "20": 0.7586206896551724, "50": 1.0, "100": 1.0}