{"1": 0.038461538461538464, "5": 0.15384615384615385, "10": 0.3076923076923077, "20": 0.5, "50": 0.9230769230769231, "100": 1.0}