{"1": 0.022727272727272728, "5": 0.06818181818181818, "10": 0.22727272727272727, "20": 0.6136363636363636, "50": 0.8409090909090909, "100": 0.9772727272727273}