{"1": 0.0, "5": 0.0, "10": 0.0, "20": 0.0, "50": 0.17777777777777778, "100": 0.8222222222222222}