{"1": 0.01020408163265306, "5": 0.030612244897959183, "10": 0.07142857142857142, "20": 0.14285714285714285, "50": 0.336734693877551, "100": 0.7755102040816326}