{"1": 0.018518518518518517, "5": 0.1111111111111111, "10": 0.25925925925925924, "20": 0.5185185185185185, "50": 0.9259259259259259, "100": 1.0}