{"1": 0.0, "5": 0.0, "10": 0.0, "20": 0.0, "50": 0.45454545454545453, "100": 0.9318181818181818}