{"1": 0.14285714285714285, "5": 0.5714285714285714, "10": 1.0, "20": 1.0, "50": 1.0, "100": 1.0}