{"1": 0.02857142857142857, "5": 0.02857142857142857, "10": 0.17142857142857143, "20": 0.45714285714285713, "50": 0.9428571428571428, "100": 1.0}