{"1": 0.05263157894736842, "5": 0.23684210526315788, "10": 0.3684210526315789, "20": 0.7368421052631579, "50": 0.9473684210526315, "100": 1.0}