{"1": 0.05263157894736842, "5": 0.21052631578947367, "10": 0.3157894736842105, "20": 0.5789473684210527, "50": 0.7368421052631579, "100": 1.0}