{"1": 0.0, "5": 0.011627906976744186, "10": 0.046511627906976744, "20": 0.10465116279069768, "50": 0.3953488372093023, "100": 0.7906976744186046}