{"1": 0.0, "5": 0.037037037037037035, "10": 0.05555555555555555, "20": 0.18518518518518517, "50": 0.5185185185185185, "100": 0.9444444444444444}