{"1": 0.3333333333333333, "5": 0.3333333333333333, "10": 0.3333333333333333, "20": 0.3333333333333333, "50": 1.0, "100": 1.0}