{"1": 0.0, "5": 0.011494252873563218, "10": 0.04597701149425287, "20": 0.08045977011494253, "50": 0.3563218390804598, "100": 0.6666666666666666}