{"1": 0.0, "5": 0.013888888888888888, "10": 0.027777777777777776, "20": 0.09722222222222222, "50": 0.2361111111111111, "100": 0.6944444444444444}