{"1": 0.0, "5": 0.0, "10": 0.020833333333333332, "20": 0.14583333333333334, "50": 0.46875, "100": 0.78125}