{"1": 0.0, "5": 0.0, "10": 0.0, "20": 0.07692307692307693, "50": 0.27472527472527475, "100": 0.6923076923076923}