{"1": 0.0, "5": 0.0, "10": 0.017391304347826087, "20": 0.08695652173913043, "50": 0.3130434782608696, "100": 0.7913043478260869}