{"1": 0.0, "5": 0.0, "10": 0.03225806451612903, "20": 0.6451612903225806, "50": 1.0, "100": 1.0}