{"1": 0.011904761904761904, "5": 0.05952380952380952, "10": 0.09523809523809523, "20": 0.17857142857142858, "50": 0.34523809523809523, "100": 0.7261904761904762}