{"1": 0.0, "5": 0.0, "10": 0.0, "20": 0.0, "50": 0.3023255813953488, "100": 0.9534883720930233}