{"1": 0.03125, "5": 0.125, "10": 0.3125, "20": 0.53125, "50": 0.90625, "100": 1.0}