{"1": 0.0, "5": 0.0, "10": 0.0, "20": 0.0, "50": 0.5531914893617021, "100": 0.9148936170212766}