{"1": 0.0, "5": 0.0, "10": 0.0, "20": 0.0, "50": 0.5116279069767442, "100": 0.9302325581395349}