{"1": 0.00847457627118644, "5": 0.01694915254237288, "10": 0.025423728813559324, "20": 0.07627118644067797, "50": 0.3983050847457627, "100": 0.864406779661017}