{"0": {"type-based": 0.25, "geo-based": 0.25, "mixed": 0.25, "none": 0.25}, "1": {"type-based": 0.25, "geo-based": 0.25, "mixed": 0.25, "none": 0.25}, "2": {"type-based": 0.25, "geo-based": 0.25, "mixed": 0.25, "none": 0.25}, "3": {"type-based": 0.27639013523740724, "geo-based": 0.011018956920529037, "mixed": 0.7104704506589443, "none": 0.0021204571831193084}, "4": {"type-based": 0.11930441429137931, "geo-based": 0.0002453244059693439, "mixed": 0.8804433904762131, "none": 6.870826438239871e-06}, "5": {"type-based": 0.041203356503888365, "geo-based": 5.4396962506381245e-06, "mixed": 0.9587911861833389, "none": 1.7616522174810128e-08}, "6": {"type-based": 0.012405452424381354, "geo-based": 1.267871915317669e-07, "mixed": 0.9875944207493139, "none": 3.911315929968042e-11}, "7": {"type-based": 0.0036727165702519888, "geo-based": 3.1664528967414275e-09, "mixed": 0.9963272802632102, "none": 8.500955472029043e-14}, "8": {"type-based": 0.003520271997228629, "geo-based": 8.532787016896632e-11, "mixed": 0.9964797279174428, "none": 5.962471887759557e-16}, "9": {"type-based": 0.008660860457199557, "geo-based": 2.3234928417495183e-12, "mixed": 0.9913391395404769, "none": 1.0708478419077984e-17}, "10": {"type-based": 0.008183582669673272, "geo-based": 6.308821221248926e-14, "mixed": 0.9918164173302637, "none": 7.372348416654372e-20}, "11": {"type-based": 0.04208096199438585, "geo-based": 1.6953152134493351e-15, "mixed": 0.9579190380056124, "none": 2.757946243876701e-21}, "12": {"type-based": 0.16160956273343122, "geo-based": 3.8938896426402215e-17, "mixed": 0.8383904372665687, "none": 7.696015301245351e-23}, "13": {"type-based": 0.9988873845850822, "geo-based": 1.3425973429023016e-21, "mixed": 0.0011126154149176705, "none": 3.4527442822765704e-24}}