{"0": {"type-based": 0.25, "geo-based": 0.25, "mixed": 0.25, "none": 0.25}, "1": {"type-based": 0.25, "geo-based": 0.25, "mixed": 0.25, "none": 0.25}, "2": {"type-based": 0.25, "geo-based": 0.25, "mixed": 0.25, "none": 0.25}, "3": {"type-based": 0.4166233269855058, "geo-based": 0.017046888775170795, "mixed": 0.5505538064222119, "none": 0.0157759778171115}, "4": {"type-based": 0.33766224841612513, "geo-based": 0.0004538919124415454, "mixed": 0.6615958071799634, "none": 0.0002880524914698895}, "5": {"type-based": 0.48793286075611864, "geo-based": 7.110129685920795e-06, "mixed": 0.5120527811269476, "none": 7.247987247757229e-06}, "6": {"type-based": 0.27573591048847074, "geo-based": 1.903781797562771e-07, "mixed": 0.7242638382919268, "none": 6.084142270583931e-08}, "7": {"type-based": 0.3195192068145155, "geo-based": 3.3720979408894453e-09, "mixed": 0.6804807888743803, "none": 9.390062914940886e-10}, "8": {"type-based": 0.18319124783763463, "geo-based": 7.544343587493061e-11, "mixed": 0.8168087520803028, "none": 6.619269197334648e-12}, "9": {"type-based": 0.07458632452827037, "geo-based": 1.5981277830164833e-12, "mixed": 0.9254136754701002, "none": 3.116517442958446e-14}, "10": {"type-based": 0.03476447812961083, "geo-based": 3.132422824884507e-14, "mixed": 0.9652355218703577, "none": 1.60010777635576e-16}, "11": {"type-based": 0.03660370813517403, "geo-based": 5.868832877972344e-16, "mixed": 0.9633962918648253, "none": 1.7839763490567053e-18}, "12": {"type-based": 0.029016736059915157, "geo-based": 1.093682575800479e-17, "mixed": 0.9709832639400849, "none": 1.4492237805129836e-20}, "13": {"type-based": 0.13510969195396122, "geo-based": 1.7837944939918235e-19, "mixed": 0.8648903080460388, "none": 6.726641508764819e-22}, "14": {"type-based": 0.5902998830690671, "geo-based": 1.4217220197873425e-21, "mixed": 0.40970011693093294, "none": 2.8612201369861685e-23}}