{"0": {"type-based": 0.25, "geo-based": 0.25, "mixed": 0.25, "none": 0.25}, "1": {"type-based": 0.25, "geo-based": 0.25, "mixed": 0.25, "none": 0.25}, "2": {"type-based": 0.25, "geo-based": 0.25, "mixed": 0.25, "none": 0.25}, "3": {"type-based": 0.33392987222893283, "geo-based": 0.006594573794055746, "mixed": 0.6569136535835052, "none": 0.002561900393506229}, "4": {"type-based": 0.16077822877375406, "geo-based": 8.269393138616431e-05, "mixed": 0.8391298179618207, "none": 9.259333039045056e-06}, "5": {"type-based": 0.053613221641098385, "geo-based": 9.017602625022815e-07, "mixed": 0.9463858536762709, "none": 2.292236817683262e-08}, "6": {"type-based": 0.15303073144077053, "geo-based": 7.746892012171592e-09, "mixed": 0.8469692603298469, "none": 4.824906961736997e-10}, "7": {"type-based": 0.14423411855534357, "geo-based": 8.011851907994399e-11, "mixed": 0.8557658813611995, "none": 3.3384765634180357e-12}, "8": {"type-based": 0.08701775840445795, "geo-based": 9.468541960210084e-13, "mixed": 0.9129822415945803, "none": 1.4738660496430288e-14}, "9": {"type-based": 0.048560906056339365, "geo-based": 1.1564527613030214e-14, "mixed": 0.951439093943649, "none": 6.004177264891842e-17}, "10": {"type-based": 0.02415097033837967, "geo-based": 1.4421368061607935e-16, "mixed": 0.9758490296616201, "none": 2.175689732989875e-19}, "11": {"type-based": 0.04446249823248324, "geo-based": 1.7678348414067035e-18, "mixed": 0.9555375017675168, "none": 2.9140298648593496e-21}, "12": {"type-based": 0.05216945949516657, "geo-based": 2.176031830576018e-20, "mixed": 0.9478305405048335, "none": 2.4843638689546812e-23}, "13": {"type-based": 0.04758145757057534, "geo-based": 2.7295568957865276e-22, "mixed": 0.9524185424294247, "none": 1.6446959697807236e-25}, "14": {"type-based": 0.1359234877622143, "geo-based": 3.124463273389028e-24, "mixed": 0.8640765122377857, "none": 3.4073011654245026e-27}, "15": {"type-based": 0.18815402704860343, "geo-based": 3.684281226387856e-26, "mixed": 0.8118459729513966, "none": 3.4179909216928087e-29}, "16": {"type-based": 0.20777125076564434, "geo-based": 4.5092157553135515e-28, "mixed": 0.7922287492343557, "none": 2.7333851500222774e-31}, "17": {"type-based": 0.1648411419364725, "geo-based": 5.9745445069239974e-30, "mixed": 0.8351588580635274, "none": 1.56960677284183e-33}, "18": {"type-based": 0.1655541343321039, "geo-based": 7.777211721310565e-32, "mixed": 0.8344458656678962, "none": 1.1403971092246672e-35}, "19": {"type-based": 0.3602272209198245, "geo-based": 8.067084658423445e-34, "mixed": 0.6397727790801755, "none": 1.7942734490248848e-37}}