{"0": {"type-based": 0.25, "geo-based": 0.25, "mixed": 0.25, "none": 0.25}, "1": {"type-based": 0.25, "geo-based": 0.25, "mixed": 0.25, "none": 0.25}, "2": {"type-based": 0.25, "geo-based": 0.25, "mixed": 0.25, "none": 0.25}, "3": {"type-based": 0.5506776861314606, "geo-based": 0.0072884818613132485, "mixed": 0.4378090486077101, "none": 0.004224783399515983}, "4": {"type-based": 0.46913772016556865, "geo-based": 0.00015949650241522237, "mixed": 0.5306757653556067, "none": 2.701797640962964e-05}, "5": {"type-based": 0.3630138122630864, "geo-based": 3.7016502525249076e-06, "mixed": 0.6369823308798669, "none": 1.5520679420598953e-07}, "6": {"type-based": 0.38878335995722446, "geo-based": 7.208634962141255e-08, "mixed": 0.6112165667306306, "none": 1.2257953173223544e-09}, "7": {"type-based": 0.36364990370035816, "geo-based": 1.5530384254288348e-09, "mixed": 0.6363500947381863, "none": 8.417125524478715e-12}, "8": {"type-based": 0.28332145776137585, "geo-based": 3.708435057140058e-11, "mixed": 0.7166785422014917, "none": 4.7987661988368414e-14}, "9": {"type-based": 0.30306777091815074, "geo-based": 7.894573387620584e-13, "mixed": 0.6969322290810596, "none": 3.747196598344073e-16}, "10": {"type-based": 0.2789376381787022, "geo-based": 1.8240209544810777e-14, "mixed": 0.7210623618212796, "none": 2.512866965702893e-18}, "11": {"type-based": 0.15095452117476502, "geo-based": 4.884824427245446e-16, "mixed": 0.8490454788252345, "none": 9.893415809403129e-21}, "12": {"type-based": 0.9921066560828754, "geo-based": 1.058448856586487e-19, "mixed": 0.00789334391712453, "none": 4.724514983234778e-22}}