{"0": {"type-based": 0.25, "geo-based": 0.25, "mixed": 0.25, "none": 0.25}, "1": {"type-based": 0.25, "geo-based": 0.25, "mixed": 0.25, "none": 0.25}, "2": {"type-based": 0.25, "geo-based": 0.25, "mixed": 0.25, "none": 0.25}, "3": {"type-based": 0.2754218984912797, "geo-based": 0.011033857778155829, "mixed": 0.7114312148319659, "none": 0.0021130288985985067}, "4": {"type-based": 0.1208159326345539, "geo-based": 0.00024553784489140574, "mixed": 0.8789315716446953, "none": 6.957875859301559e-06}, "5": {"type-based": 0.1034518193335224, "geo-based": 5.117954093639229e-06, "mixed": 0.8965430184814905, "none": 4.4230893401644657e-08}, "6": {"type-based": 0.21788617699546686, "geo-based": 9.839654341485702e-08, "mixed": 0.7821137239210163, "none": 6.869734741211627e-10}, "7": {"type-based": 0.30961565803379454, "geo-based": 1.9222506894610422e-09, "mixed": 0.6903843400367883, "none": 7.166436266024395e-12}, "8": {"type-based": 0.5436564741754499, "geo-based": 2.9066018059174825e-11, "mixed": 0.456343525795392, "none": 9.208198816516261e-14}, "9": {"type-based": 0.9497544712542547, "geo-based": 7.159049198843438e-14, "mixed": 0.0502455287456725, "none": 1.1742973240487425e-15}, "10": {"type-based": 0.9674707535295438, "geo-based": 9.831857424170397e-16, "mixed": 0.03252924647045522, "none": 8.715658857305475e-18}, "11": {"type-based": 0.9714887788528617, "geo-based": 1.829321221596113e-17, "mixed": 0.028511221147138364, "none": 6.367045099784241e-20}}