{"0": {"type-based": 0.25, "geo-based": 0.25, "mixed": 0.25, "none": 0.25}, "1": {"type-based": 0.25, "geo-based": 0.25, "mixed": 0.25, "none": 0.25}, "2": {"type-based": 0.25, "geo-based": 0.25, "mixed": 0.25, "none": 0.25}, "3": {"type-based": 0.0006734340527688995, "geo-based": 0.1818295907710885, "mixed": 0.00014236795514443957, "none": 0.8173546072209982}, "4": {"type-based": 0.0006399932735965695, "geo-based": 0.055507467925212536, "mixed": 3.4497043477011215e-05, "none": 0.9438180417577138}, "5": {"type-based": 0.0010095663563770437, "geo-based": 0.09202490305230186, "mixed": 9.293558549785379e-05, "none": 0.9068725950058233}, "6": {"type-based": 0.002559207271809654, "geo-based": 0.06164869522363347, "mixed": 0.00015223353655399556, "none": 0.9356398639680029}}