{"0": {"type-based": 0.25, "geo-based": 0.25, "mixed": 0.25, "none": 0.25}, "1": {"type-based": 0.25, "geo-based": 0.25, "mixed": 0.25, "none": 0.25}, "2": {"type-based": 0.25, "geo-based": 0.25, "mixed": 0.25, "none": 0.25}, "3": {"type-based": 0.9561383135261684, "geo-based": 0.0002994986494999858, "mixed": 0.04063520206427672, "none": 0.0029269857600548507}, "4": {"type-based": 0.9322243725434631, "geo-based": 2.305091990285941e-06, "mixed": 0.06776506022738386, "none": 8.262137162786744e-06}, "5": {"type-based": 0.879395903423613, "geo-based": 2.033476686184633e-08, "mixed": 0.12060405432443015, "none": 2.1917190102545082e-08}, "6": {"type-based": 0.8474207613613631, "geo-based": 1.364549477169986e-10, "mixed": 0.15257923844384275, "none": 5.833917674770291e-11}, "7": {"type-based": 0.7986035087858175, "geo-based": 1.106717231999692e-12, "mixed": 0.2013964912129258, "none": 1.5003617009158792e-13}, "8": {"type-based": 0.7303860912553855, "geo-based": 1.0316784568104964e-14, "mixed": 0.2696139087446039, "none": 3.7121549763388105e-16}, "9": {"type-based": 0.6415407880334124, "geo-based": 1.0650052180395583e-16, "mixed": 0.35845921196658737, "none": 8.762714374224061e-19}, "10": {"type-based": 0.5081176129384738, "geo-based": 1.249059807333925e-18, "mixed": 0.49188238706152615, "none": 1.855561902877629e-21}, "11": {"type-based": 0.3600787458210066, "geo-based": 1.4375356690384585e-20, "mixed": 0.6399212541789934, "none": 3.501078918441287e-24}}