{"0": {"type-based": 0.25, "geo-based": 0.25, "mixed": 0.25, "none": 0.25}, "1": {"type-based": 0.25, "geo-based": 0.25, "mixed": 0.25, "none": 0.25}, "2": {"type-based": 0.25, "geo-based": 0.25, "mixed": 0.25, "none": 0.25}, "3": {"type-based": 0.9526126477707472, "geo-based": 0.0003050453210746735, "mixed": 0.044166114119511504, "none": 0.0029161927886668794}, "4": {"type-based": 0.9673258088400764, "geo-based": 9.84331583597701e-07, "mixed": 0.03266463359345253, "none": 8.573234887578227e-06}, "5": {"type-based": 0.9783217788356929, "geo-based": 2.6432129889070457e-09, "mixed": 0.0216781941383737, "none": 2.4382720370569103e-08}}