{"0": {"type-based": 0.25, "geo-based": 0.25, "mixed": 0.25, "none": 0.25}, "1": {"type-based": 0.25, "geo-based": 0.25, "mixed": 0.25, "none": 0.25}, "2": {"type-based": 0.25, "geo-based": 0.25, "mixed": 0.25, "none": 0.25}, "3": {"type-based": 0.27638209295180954, "geo-based": 0.01042769007144212, "mixed": 0.7110698214938131, "none": 0.0021203954829350754}, "4": {"type-based": 0.16093423540506666, "geo-based": 0.0002121112204463934, "mixed": 0.8388443850569146, "none": 9.26831757237796e-06}, "5": {"type-based": 0.11760785128123666, "geo-based": 4.268732218600331e-06, "mixed": 0.8823878297032306, "none": 5.028331417204221e-08}, "6": {"type-based": 0.12621809574145051, "geo-based": 8.795268819721868e-08, "mixed": 0.8737818159079083, "none": 3.979531190281326e-10}, "7": {"type-based": 0.09197897338526538, "geo-based": 2.0176319876095603e-09, "mixed": 0.9080210245949738, "none": 2.1289667801875543e-12}, "8": {"type-based": 0.22187673803745134, "geo-based": 4.1081792577620496e-11, "mixed": 0.7781232619214292, "none": 3.75804430492186e-14}, "9": {"type-based": 0.42905439637068427, "geo-based": 7.063308907378546e-13, "mixed": 0.5709456036286089, "none": 5.304922954077495e-16}, "10": {"type-based": 0.7181004144672839, "geo-based": 8.25516798101678e-15, "mixed": 0.28189958553270783, "none": 6.469154974404498e-18}, "11": {"type-based": 0.9790190343958884, "geo-based": 1.4082359745493026e-17, "mixed": 0.020980965604111525, "none": 6.416397678732159e-20}, "12": {"type-based": 0.9777475868912614, "geo-based": 3.1977466664169983e-19, "mixed": 0.02225241310873856, "none": 4.656135603734457e-22}, "13": {"type-based": 0.9732335888947038, "geo-based": 8.317719598281503e-21, "mixed": 0.026766411105296328, "none": 3.364069625097435e-24}, "14": {"type-based": 0.9427387712008845, "geo-based": 3.8784805446080873e-22, "mixed": 0.05726122879911559, "none": 2.363237558635251e-26}, "15": {"type-based": 0.8930163008111979, "geo-based": 1.609457921606933e-23, "mixed": 0.10698369918880211, "none": 1.6222462293129133e-28}, "16": {"type-based": 0.8369739689565158, "geo-based": 5.519922372710118e-25, "mixed": 0.16302603104348432, "none": 1.101101432113655e-30}, "17": {"type-based": 0.8447714977599927, "geo-based": 1.1981609646996227e-26, "mixed": 0.15522850224000728, "none": 8.04385997822575e-33}, "18": {"type-based": 0.7832388512770647, "geo-based": 3.8452473407290353e-28, "mixed": 0.2167611487229354, "none": 5.395234165744415e-35}, "19": {"type-based": 0.863235748543232, "geo-based": 5.6584797536806396e-30, "mixed": 0.13676425145676796, "none": 4.29973331805757e-37}, "20": {"type-based": 0.9044317617479417, "geo-based": 9.315016827132944e-32, "mixed": 0.09556823825205832, "none": 3.256188688781558e-39}, "21": {"type-based": 0.845586062563792, "geo-based": 3.5389336066242816e-33, "mixed": 0.1544139374362079, "none": 2.1996634266824848e-41}}