{"0": {"type-based": 0.25, "geo-based": 0.25, "mixed": 0.25, "none": 0.25}, "1": {"type-based": 0.25, "geo-based": 0.25, "mixed": 0.25, "none": 0.25}, "2": {"type-based": 0.25, "geo-based": 0.25, "mixed": 0.25, "none": 0.25}, "3": {"type-based": 0.36125181347259083, "geo-based": 0.009953856374535448, "mixed": 0.6260228166104861, "none": 0.0027715135423876627}, "4": {"type-based": 0.22640004126425514, "geo-based": 0.00021721276907738472, "mixed": 0.7733697074265735, "none": 1.3038540094064593e-05}, "5": {"type-based": 0.3543701555167566, "geo-based": 3.4744857253019458e-06, "mixed": 0.6456262184863251, "none": 1.515111930787174e-07}, "6": {"type-based": 0.26183803383577775, "geo-based": 0.00039557740233682893, "mixed": 0.7377622601897703, "none": 4.128572115011084e-06}, "7": {"type-based": 0.08862638157519238, "geo-based": 2.7963711481457496e-05, "mixed": 0.9113455972874884, "none": 5.742583769894737e-08}, "8": {"type-based": 0.045536126538569685, "geo-based": 1.515790287252064e-06, "mixed": 0.9544623566254209, "none": 1.0457221941011694e-09}, "9": {"type-based": 0.028972770425962534, "geo-based": 7.391625719587523e-08, "mixed": 0.9710271556368855, "none": 2.0894914719394337e-11}, "10": {"type-based": 0.019344684784005143, "geo-based": 3.3586020208441228e-09, "mixed": 0.9806553118569971, "none": 3.958825708223548e-13}, "11": {"type-based": 0.010808261793269384, "geo-based": 1.4506281529010702e-10, "mixed": 0.989191738061662, "none": 5.755488372645149e-15}}