{"0": {"type-based": 0.25, "geo-based": 0.25, "mixed": 0.25, "none": 0.25}, "1": {"type-based": 0.25, "geo-based": 0.25, "mixed": 0.25, "none": 0.25}, "2": {"type-based": 0.25, "geo-based": 0.25, "mixed": 0.25, "none": 0.25}, "3": {"type-based": 0.538076614697546, "geo-based": 0.004003684499253191, "mixed": 0.4537915924619827, "none": 0.004128108341218072}, "4": {"type-based": 0.4455390635761585, "geo-based": 4.570407041326533e-05, "mixed": 0.5543895734405081, "none": 2.565891292011399e-05}, "5": {"type-based": 0.3045283910553146, "geo-based": 5.57650847502901e-07, "mixed": 0.6954709210925242, "none": 1.3020131389972876e-07}, "6": {"type-based": 0.24663031127789478, "geo-based": 6.333734361698347e-09, "mixed": 0.75336968161077, "none": 7.776008744496174e-10}, "7": {"type-based": 0.25217504629736576, "geo-based": 6.988593511156762e-11, "mixed": 0.7478249536269115, "none": 5.836902463681494e-12}, "8": {"type-based": 0.35570327391401113, "geo-based": 7.019581973122853e-13, "mixed": 0.6442967260852267, "none": 6.024735511250286e-14}, "9": {"type-based": 0.32369729649984713, "geo-based": 8.854492620091376e-15, "mixed": 0.6763027035001435, "none": 4.002264591390625e-16}, "10": {"type-based": 0.2953758652095375, "geo-based": 1.154945487655884e-16, "mixed": 0.7046241347904624, "none": 2.6609541078692254e-18}}