{"0": {"type-based": 0.25, "geo-based": 0.25, "mixed": 0.25, "none": 0.25}, "1": {"type-based": 0.25, "geo-based": 0.25, "mixed": 0.25, "none": 0.25}, "2": {"type-based": 0.25, "geo-based": 0.25, "mixed": 0.25, "none": 0.25}, "3": {"type-based": 0.2858299833413393, "geo-based": 0.010155055193455859, "mixed": 0.701822082038425, "none": 0.0021928794267798654}, "4": {"type-based": 0.12557288638019604, "geo-based": 0.00020914460772078895, "mixed": 0.8742107371798598, "none": 7.231832223407393e-06}, "5": {"type-based": 0.07036642235934866, "geo-based": 4.234987638320577e-06, "mixed": 0.9296293125678029, "none": 3.008521016336469e-08}, "6": {"type-based": 0.056797543677608815, "geo-based": 8.888156344069665e-08, "mixed": 0.9432023672617507, "none": 1.7907701369494027e-10}, "7": {"type-based": 0.07197167380424661, "geo-based": 1.935947450311166e-09, "mixed": 0.9280283242581401, "none": 1.6658731556171277e-12}, "8": {"type-based": 0.057551877059028186, "geo-based": 4.57149557515228e-11, "mixed": 0.942448122895247, "none": 9.747867475081487e-15}, "9": {"type-based": 0.541490444777696, "geo-based": 5.516308273147483e-13, "mixed": 0.45850955522175163, "none": 6.695106993923122e-16}, "10": {"type-based": 0.5461731948790537, "geo-based": 1.2236039440407177e-14, "mixed": 0.45382680512093404, "none": 4.920313328546618e-18}, "11": {"type-based": 0.6991570702070877, "geo-based": 1.852995278766988e-16, "mixed": 0.3008429297929121, "none": 4.582208971160709e-20}}