{"0": {"type-based": 0.25, "geo-based": 0.25, "mixed": 0.25, "none": 0.25}, "1": {"type-based": 0.25, "geo-based": 0.25, "mixed": 0.25, "none": 0.25}, "2": {"type-based": 0.25, "geo-based": 0.25, "mixed": 0.25, "none": 0.25}, "3": {"type-based": 0.378857491010678, "geo-based": 0.005144535028364812, "mixed": 0.6148381935551404, "none": 0.0011597804058167925}, "4": {"type-based": 0.9790184770595296, "geo-based": 1.7246337902150294e-06, "mixed": 0.020971121441774414, "none": 8.676864905708413e-06}, "5": {"type-based": 0.9909655572335061, "geo-based": 4.158660960565626e-09, "mixed": 0.009034413909991665, "none": 2.4697841345866432e-08}, "6": {"type-based": 0.9885515630058558, "geo-based": 2.6881904475989945e-11, "mixed": 0.011448436899207323, "none": 6.805507604719161e-11}, "7": {"type-based": 0.9846974418621456, "geo-based": 2.0475962241696394e-13, "mixed": 0.015302558137464763, "none": 1.849982265925703e-13}, "8": {"type-based": 0.9920033050012507, "geo-based": 6.715966617475415e-16, "mixed": 0.007996694998748147, "none": 5.041812884026201e-16}, "9": {"type-based": 0.9938955315736289, "geo-based": 3.0083032273960058e-18, "mixed": 0.006104468426371166, "none": 1.3575477699079225e-18}, "10": {"type-based": 0.9999985243398422, "geo-based": 3.677530497777739e-20, "mixed": 1.475660157803021e-06, "none": 3.287012222399929e-17}, "11": {"type-based": 0.9999981933521774, "geo-based": 2.5142579042890116e-18, "mixed": 1.8066478210356475e-06, "none": 1.5828702362458671e-15}, "12": {"type-based": 0.9999971006189055, "geo-based": 2.918406314083087e-19, "mixed": 2.899381094332255e-06, "none": 1.150988646546393e-16}}