{"0": {"type-based": 0.25, "geo-based": 0.25, "mixed": 0.25, "none": 0.25}, "1": {"type-based": 0.25, "geo-based": 0.25, "mixed": 0.25, "none": 0.25}, "2": {"type-based": 0.25, "geo-based": 0.25, "mixed": 0.25, "none": 0.25}, "3": {"type-based": 0.34066976435087987, "geo-based": 0.0022469469496776595, "mixed": 0.6560404107653296, "none": 0.0010428779341128}, "4": {"type-based": 0.34562751915067913, "geo-based": 8.360705425027824e-06, "mixed": 0.654361056909277, "none": 3.0632346187918138e-06}, "5": {"type-based": 0.40640020096596163, "geo-based": 3.561658055713971e-08, "mixed": 0.5935997532887428, "none": 1.012871498219028e-08}, "6": {"type-based": 0.2745139701332885, "geo-based": 2.520399811179358e-10, "mixed": 0.7254860295957731, "none": 1.8898426559188767e-11}}