{"0": {"type-based": 0.25, "geo-based": 0.25, "mixed": 0.25, "none": 0.25}, "1": {"type-based": 0.25, "geo-based": 0.25, "mixed": 0.25, "none": 0.25}, "2": {"type-based": 0.25, "geo-based": 0.25, "mixed": 0.25, "none": 0.25}, "3": {"type-based": 0.1342262657977963, "geo-based": 0.30648268906505227, "mixed": 0.47787577626667704, "none": 0.08141526887047426}, "4": {"type-based": 5.734435151473641e-05, "geo-based": 0.9358944566605778, "mixed": 0.0007419751268215998, "none": 0.06330622386108589}, "5": {"type-based": 6.355710822393306e-06, "geo-based": 0.9866389021448291, "mixed": 0.0003886372384324345, "none": 0.012966104905916265}, "6": {"type-based": 4.978799676240741e-10, "geo-based": 0.9980907563090597, "mixed": 1.9060504532268245e-07, "none": 0.0019090525880149792}, "7": {"type-based": 8.300038138312012e-11, "geo-based": 0.9997859572902874, "mixed": 2.6187588042540895e-07, "none": 0.00021378075083163415}, "8": {"type-based": 1.2206650964358377e-11, "geo-based": 0.9999790319349529, "mixed": 3.624373183317919e-07, "none": 2.0605615522177336e-05}}