{"0": {"type-based": 0.25, "geo-based": 0.25, "mixed": 0.25, "none": 0.25}, "1": {"type-based": 0.25, "geo-based": 0.25, "mixed": 0.25, "none": 0.25}, "2": {"type-based": 0.25, "geo-based": 0.25, "mixed": 0.25, "none": 0.25}, "3": {"type-based": 0.014221703474251132, "geo-based": 0.26675338931974807, "mixed": 0.005016666813178934, "none": 0.7140082403928217}, "4": {"type-based": 0.16662165733171377, "geo-based": 0.2944354557448054, "mixed": 0.09795945068824362, "none": 0.4409834362352372}, "5": {"type-based": 0.33326000875791784, "geo-based": 0.054503259949521744, "mixed": 0.5878475995046483, "none": 0.02438913178791228}, "6": {"type-based": 0.9769043882529371, "geo-based": 4.509836396263926e-05, "mixed": 0.02167129824607486, "none": 0.0013792151370253546}}