{"0": {"type-based": 0.25, "geo-based": 0.25, "mixed": 0.25, "none": 0.25}, "1": {"type-based": 0.25, "geo-based": 0.25, "mixed": 0.25, "none": 0.25}, "2": {"type-based": 0.25, "geo-based": 0.25, "mixed": 0.25, "none": 0.25}, "3": {"type-based": 0.67802937623763, "geo-based": 0.0072659910418796545, "mixed": 0.2980400801481407, "none": 0.016664552572349736}, "4": {"type-based": 0.6785595106972526, "geo-based": 0.0001782542212143523, "mixed": 0.3208550451580743, "none": 0.0004071899234585727}, "5": {"type-based": 0.4927920447131217, "geo-based": 6.225541264005255e-06, "mixed": 0.5071945337890708, "none": 7.195956543481867e-06}, "6": {"type-based": 0.5994559555554553, "geo-based": 0.0005296368669368034, "mixed": 0.39895128485792103, "none": 0.00106312271968687}, "7": {"type-based": 0.6724204322606456, "geo-based": 4.8001976440041124e-05, "mixed": 0.32738382406145833, "none": 0.00014774170145597377}, "8": {"type-based": 0.6988004588563581, "geo-based": 2.551833572492388e-06, "mixed": 0.30118727701636233, "none": 9.712293706867442e-06}}