{"0": {"type-based": 0.25, "geo-based": 0.25, "mixed": 0.25, "none": 0.25}, "1": {"type-based": 0.25, "geo-based": 0.25, "mixed": 0.25, "none": 0.25}, "2": {"type-based": 0.25, "geo-based": 0.25, "mixed": 0.25, "none": 0.25}, "3": {"type-based": 0.36125181347259083, "geo-based": 0.009953856374535448, "mixed": 0.6260228166104861, "none": 0.0027715135423876627}, "4": {"type-based": 0.503352241004915, "geo-based": 0.00013944384983422692, "mixed": 0.4964793267301465, "none": 2.898841510421595e-05}, "5": {"type-based": 0.4501779999155571, "geo-based": 2.8693042999959746e-06, "mixed": 0.5498189383062428, "none": 1.9247389996918514e-07}, "6": {"type-based": 0.4290157992458149, "geo-based": 5.7864263690318533e-08, "mixed": 0.5709841415372772, "none": 1.3526442022382011e-09}, "7": {"type-based": 0.30389787306106014, "geo-based": 1.4014708279331988e-09, "mixed": 0.6961021255304349, "none": 7.034091080867575e-12}, "8": {"type-based": 0.1946730231741575, "geo-based": 3.307640685122027e-11, "mixed": 0.8053269767927332, "none": 3.297280519502122e-14}, "9": {"type-based": 0.14867777164279544, "geo-based": 7.280981147314142e-13, "mixed": 0.8513222283564763, "none": 1.8382846795666778e-16}, "10": {"type-based": 0.21555748572266578, "geo-based": 1.4231828415740323e-14, "mixed": 0.7844425142773199, "none": 1.94189385347645e-18}, "11": {"type-based": 0.23943869641325155, "geo-based": 2.92918219945923e-16, "mixed": 0.7605613035867482, "none": 1.569258453501518e-20}, "12": {"type-based": 0.9833211057577198, "geo-based": 1.3752966786317632e-19, "mixed": 0.016678894242280144, "none": 4.682677279704954e-22}, "13": {"type-based": 0.9991167681500204, "geo-based": 1.2513923317770102e-22, "mixed": 0.0008832318499795808, "none": 3.453537167244897e-24}}