{"0": {"type-based": 0.25, "geo-based": 0.25, "mixed": 0.25, "none": 0.25}, "1": {"type-based": 0.25, "geo-based": 0.25, "mixed": 0.25, "none": 0.25}, "2": {"type-based": 0.25, "geo-based": 0.25, "mixed": 0.25, "none": 0.25}, "3": {"type-based": 0.4823377557876219, "geo-based": 0.0035407223401896916, "mixed": 0.5126449617105936, "none": 0.001476560161594805}, "4": {"type-based": 0.3786636861351577, "geo-based": 4.073168430115506e-05, "mixed": 0.6212922261523085, "none": 3.3560282326444308e-06}, "5": {"type-based": 0.4054704907083814, "geo-based": 4.5730407818651504e-07, "mixed": 0.5945290418819964, "none": 1.0105543807095717e-08}, "6": {"type-based": 0.4065234275420668, "geo-based": 6.628148584825673e-09, "mixed": 0.5934765658017982, "none": 2.7986383120185767e-11}, "7": {"type-based": 0.999226941985083, "geo-based": 1.4858998552096137e-13, "mixed": 0.0007730580145806357, "none": 1.877279297904753e-13}, "8": {"type-based": 0.9998807626195899, "geo-based": 1.8981992752225624e-16, "mixed": 0.00011923738040940135, "none": 5.081849713654972e-16}}