{"1": 0.0, "5": 0.005128205128205128, "10": 0.005128205128205128, "20": 0.005128205128205128, "50": 0.03076923076923077, "100": 0.06153846153846154}