{"1": 0.0, "5": 0.14285714285714285, "10": 0.14285714285714285, "20": 0.2857142857142857, "50": 0.2857142857142857, "100": 0.42857142857142855}