{"1": 0.0, "5": 0.0, "10": 0.0, "20": 0.0, "50": 0.15384615384615385, "100": 0.23076923076923078}