{"1": 0.0, "5": 0.0, "10": 0.0, "20": 0.0, "50": 0.02564102564102564, "100": 0.05128205128205128}