{"1": 0.0, "5": 0.030303030303030304, "10": 0.030303030303030304, "20": 0.06060606060606061, "50": 0.12121212121212122, "100": 0.24242424242424243}