{"1": 0.0, "5": 0.0, "10": 0.0, "20": 0.05263157894736842, "50": 0.10526315789473684, "100": 0.15789473684210525}