{"1": 0.0, "5": 0.03125, "10": 0.03125, "20": 0.09375, "50": 0.40625, "100": 0.5625}