{"1": 0.0, "5": 0.11538461538461539, "10": 0.11538461538461539, "20": 0.11538461538461539, "50": 0.15384615384615385, "100": 0.2692307692307692}