{"1": 0.0, "5": 0.0, "10": 0.0, "20": 0.045454545454545456, "50": 0.09090909090909091, "100": 0.09090909090909091}