{"0": {"p_type": 0.463367332099215, "p_lat": 0.9979508196721331, "p_lng": 0.9979508196721331}, "1": {"p_type": 0.657704044165409, "p_lat": 0.4966765086080265, "p_lng": 0.4966765086080265}, "2": {"p_type": 0.8487961172233521, "p_lat": 0.21916421890224436, "p_lng": 0.21916421890224436}, "3": {"p_type": 0.9787735136970911, "p_lat": 0.09156170679042397, "p_lng": 0.09156170679042397}, "4": {"p_type": 0.9989497002688895, "p_lat": 0.037043980407650334, "p_lng": 0.037043980407650334}, "5": {"p_type": 0.9787735136970911, "p_lat": 0.01466677320887777, "p_lng": 0.01466677320887777}, "6": {"p_type": 0.997221745498938, "p_lat": 0.005715459051512384, "p_lng": 0.005715459051512384}, "7": {"p_type": 0.9997886214965332, "p_lat": 0.002199817371031698, "p_lng": 0.002199817371031698}, "8": {"p_type": 0.9999906896115713, "p_lat": 0.0008381444310797681, "p_lng": 0.0008381444310797681}, "9": {"p_type": 0.9999997623006615, "p_lat": 0.001830715144040207, "p_lng": 0.2465499138106937}, "10": {"p_type": 0.9999999944786236, "p_lat": 0.00033765237218053024, "p_lng": 0.010459209285130555}, "11": {"p_type": 0.9999986457547075, "p_lat": 5.5222051140280115e-05, "p_lng": 0.002892552080424604}, "12": {"p_type": 0.9999999146934593, "p_lat": 5.114891226709606e-05, "p_lng": 0.0006943119206156423}, "13": {"p_type": 0.9999999975709023, "p_lat": 4.5451673562846295e-05, "p_lng": 0.00017817981169843122}, "14": {"p_type": 0.9999999999694005, "p_lat": 6.944936028263626e-06, "p_lng": 2.7283552643364573e-05}, "15": {"p_type": 0.9999999999993293, "p_lat": 1.1959299955899283e-06, "p_lng": 6.85441544900911e-06}, "16": {"p_type": 0.9999999999999934, "p_lat": 9.060704583285784e-07, "p_lng": 9.060704583285784e-07}, "17": {"p_type": 0.9999999999877222, "p_lat": 8.43721444154788e-07, "p_lng": 1.7427666465508196e-07}, "18": {"p_type": 0.9999999999997229, "p_lat": 7.387149157933592e-07, "p_lng": 1.1512154241000161e-07}, "19": {"p_type": 0.9999999999999952, "p_lat": 1.2288345774269516e-07, "p_lng": 1.69277489359132e-07}, "20": {"p_type": 0.9999999999999999, "p_lat": 2.6639867423128294e-08, "p_lng": 1.1488405893267384e-07}, "21": {"p_type": 1.0, "p_lat": 3.66032004706085e-09, "p_lng": 7.826234316166136e-08}, "22": {"p_type": 1.0, "p_lat": 3.012993410322906e-09, "p_lng": 6.323186818590898e-08}, "23": {"p_type": 1.0, "p_lat": 2.1649594339478995e-09, "p_lng": 5.193361352073822e-08}, "24": {"p_type": 1.0, "p_lat": 1.7613336344979302e-09, "p_lng": 3.7603246294537485e-08}, "25": {"p_type": 1.0, "p_lat": 2.2282388156824595e-09, "p_lng": 3.1518249787865216e-08}, "26": {"p_type": 1.0, "p_lat": 1.375804470349351e-09, "p_lng": 1.178083275377162e-08}, "27": {"p_type": 1.0, "p_lat": 9.547364010487058e-10, "p_lng": 1.5039668843641607e-08}, "28": {"p_type": 1.0, "p_lat": 2.4582824664776126e-10, "p_lng": 1.0895521596054891e-08}, "29": {"p_type": 1.0, "p_lat": 6.141928188263535e-09, "p_lng": 0.0015999539982757272}, "30": {"p_type": 1.0, "p_lat": 4.06488454007814e-09, "p_lng": 1.3691014622008169e-06}, "31": {"p_type": 1.0, "p_lat": 3.0151015018020644e-09, "p_lng": 4.029209759170982e-07}, "32": {"p_type": 1.0, "p_lat": 1.344786948465071e-09, "p_lng": 1.2357206569113544e-07}, "33": {"p_type": 1.0, "p_lat": 1.0572454023360933e-09, "p_lng": 4.8577934674831624e-08}, "34": {"p_type": 1.0, "p_lat": 8.012027707948732e-10, "p_lng": 1.121103476720009e-08}, "35": {"p_type": 1.0, "p_lat": 0.00031643021440652674, "p_lng": 6.120086792904544e-08}, "36": {"p_type": 1.0, "p_lat": 0.00024135273134540114, "p_lng": 4.024581434780572e-08}, "37": {"p_type": 1.0, "p_lat": 0.0001831813829691331, "p_lng": 0.0001831813829691331}, "38": {"p_type": 1.0, "p_lat": 0.0001390677370955995, "p_lng": 0.0001390677370955995}, "39": {"p_type": 1.0, "p_lat": 0.00010584157725901377, "p_lng": 0.00010584157725901377}, "40": {"p_type": 1.0, "p_lat": 8.020950447262809e-05, "p_lng": 8.020950447262809e-05}, "41": {"p_type": 1.0, "p_lat": 0.0006698429407658857, "p_lng": 0.0004757015082316185}, "42": {"p_type": 1.0, "p_lat": 0.000584267735547428, "p_lng": 0.00047424992173772385}, "43": {"p_type": 1.0, "p_lat": 0.0005576273768646001, "p_lng": 0.0003722149809183284}, "44": {"p_type": 1.0, "p_lat": 0.00036468045969573204, "p_lng": 0.000323692012116239}, "45": {"p_type": 1.0, "p_lat": 0.0002571018207295772, "p_lng": 0.0002571018207295772}, "46": {"p_type": 1.0, "p_lat": 0.0001642563580817047, "p_lng": 0.00022340092412331813}, "47": {"p_type": 1.0, "p_lat": 0.00016120918342410473, "p_lng": 0.00017428735427216235}, "48": {"p_type": 1.0, "p_lat": 0.00011393578351193145, "p_lng": 0.00014864206289755266}, "49": {"p_type": 1.0, "p_lat": 0.00011036743673364935, "p_lng": 0.00013785125584597768}, "50": {"p_type": 1.0, "p_lat": 9.415479729857346e-05, "p_lng": 0.00011203951295424286}, "51": {"p_type": 1.0, "p_lat": 8.832268552128042e-05, "p_lng": 9.921053094608112e-05}, "52": {"p_type": 1.0, "p_lat": 7.104429144810798e-05, "p_lng": 7.465649514049044e-05}, "53": {"p_type": 1.0, "p_lat": 4.974780238897747e-05, "p_lng": 6.030008665280917e-05}, "54": {"p_type": 1.0, "p_lat": 3.3960414725808796e-05, "p_lng": 6.846965049622789e-05}, "55": {"p_type": 1.0, "p_lat": 3.138957757509164e-05, "p_lng": 4.986372073967349e-05}, "56": {"p_type": 1.0, "p_lat": 1.1863373419185308e-05, "p_lng": 3.8842497356417205e-05}}