{"0": {"p_type": 0.463367332099215, "p_lat": 0.9979508196721331, "p_lng": 0.9979508196721331}, "1": {"p_type": 0.463367332099215, "p_lat": 0.4966765086080265, "p_lng": 0.4966765086080265}, "2": {"p_type": 0.5162326184463125, "p_lat": 0.21916421890224436, "p_lng": 0.21916421890224436}, "3": {"p_type": 0.4988677193588429, "p_lat": 0.09156170679042397, "p_lng": 0.09156170679042397}, "4": {"p_type": 0.4900844431873984, "p_lat": 0.037043980407650334, "p_lng": 0.037043980407650334}, "5": {"p_type": 0.657704044165409, "p_lat": 0.01466677320887777, "p_lng": 0.01466677320887777}, "6": {"p_type": 0.640552227211231, "p_lat": 0.005715459051512384, "p_lng": 0.005715459051512384}, "7": {"p_type": 0.7867089815660595, "p_lat": 0.002199817371031698, "p_lng": 0.002199817371031698}, "8": {"p_type": 0.7683302619236406, "p_lat": 0.0008381444310797681, "p_lng": 0.0008381444310797681}, "9": {"p_type": 0.7544575734357659, "p_lat": 0.0003166228695794526, "p_lng": 0.0003166228695794526}, "10": {"p_type": 0.813970212824508, "p_lat": 0.00011871490945225549, "p_lng": 0.00011871490945225549}, "11": {"p_type": 0.8487961172233521, "p_lat": 4.4217987363093236e-05, "p_lng": 4.4217987363093236e-05}, "12": {"p_type": 0.8923794844029922, "p_lat": 1.6372989680601968e-05, "p_lng": 1.6372989680601968e-05}, "13": {"p_type": 0.8802722481217783, "p_lat": 6.028554426107391e-06, "p_lng": 6.028554426107391e-06}, "14": {"p_type": 0.9042348535151343, "p_lat": 2.2087596462938563e-06, "p_lng": 2.2087596462938563e-06}, "15": {"p_type": 0.9325939528825872, "p_lat": 8.052781302891887e-07, "p_lng": 8.052781302891887e-07}, "16": {"p_type": 0.925071957986247, "p_lat": 2.9226028241957636e-07, "p_lng": 2.9226028241957636e-07}, "17": {"p_type": 0.9636825556576849, "p_lat": 1.0561806407238805e-07, "p_lng": 1.0561806407238805e-07}, "18": {"p_type": 0.9587972314594162, "p_lat": 3.8010975367264166e-08, "p_lng": 3.8010975367264166e-08}, "19": {"p_type": 0.9541952221736785, "p_lat": 1.3625243822090738e-08, "p_lng": 1.3625243822090738e-08}, "20": {"p_type": 0.969079884700613, "p_lat": 4.866098302080957e-09, "p_lng": 4.866098302080957e-09}, "21": {"p_type": 0.9651056386546657, "p_lat": 1.7308563471374327e-09, "p_lng": 1.7308563471374327e-09}, "22": {"p_type": 0.9839513769923367, "p_lat": 6.135634222914632e-10, "p_lng": 6.135634222914632e-10}, "23": {"p_type": 0.9871392193647002, "p_lat": 2.1669865901685625e-10, "p_lng": 2.1669865901685625e-10}, "24": {"p_type": 0.9854710529654579, "p_lat": 7.629952225585157e-11, "p_lng": 7.629952225585157e-11}, "25": {"p_type": 0.9905695132473332, "p_lat": 2.6763480320823874e-11, "p_lng": 2.6763480320823874e-11}, "26": {"p_type": 0.9892095690875438, "p_lat": 9.351741603325081e-12, "p_lng": 9.351741603325081e-12}, "27": {"p_type": 0.9931586095618754, "p_lat": 3.2576163988551343e-12, "p_lng": 3.2576163988551343e-12}, "28": {"p_type": 0.9920769068621091, "p_lat": 1.131428284395497e-12, "p_lng": 1.131428284395497e-12}, "29": {"p_type": 0.9957228031634834, "p_lat": 3.9190872769268026e-13, "p_lng": 3.9190872769268026e-13}, "30": {"p_type": 0.9973047191019784, "p_lat": 1.3522516439934407e-13, "p_lng": 1.3522516439934407e-13}, "31": {"p_type": 0.9968832612977688, "p_lat": 4.651834473179406e-14, "p_lng": 4.651834473179406e-14}, "32": {"p_type": 0.9964474174606052, "p_lat": 1.5987211554602254e-14, "p_lng": 1.5987211554602254e-14}, "33": {"p_type": 0.9984740657590214, "p_lat": 5.440092820663267e-15, "p_lng": 5.440092820663267e-15}, "34": {"p_type": 0.9982403135469231, "p_lat": 1.887379141862766e-15, "p_lng": 1.887379141862766e-15}, "35": {"p_type": 0.9992670030229777, "p_lat": 7.771561172376096e-16, "p_lng": 6.661338147750939e-16}, "36": {"p_type": 0.9994257247241025, "p_lat": 2.220446049250313e-16, "p_lng": 2.220446049250313e-16}, "37": {"p_type": 0.9993383749775216, "p_lat": 1.1102230246251565e-16, "p_lng": 1.1102230246251565e-16}, "38": {"p_type": 0.999592045776184, "p_lat": 0.0, "p_lng": 0.0}, "39": {"p_type": 0.9996829019144035, "p_lat": 1.5709955558662614e-10, "p_lng": 1.3548973054611224e-10}, "40": {"p_type": 0.9998083091363019, "p_lat": 1.5829826338631392e-10, "p_lng": 5.404565683875262e-11}, "41": {"p_type": 0.9999007603380394, "p_lat": 8.693224963773893e-06, "p_lng": 5.425792490409975e-06}, "42": {"p_type": 0.9998846909720738, "p_lat": 4.85480273870742e-06, "p_lng": 3.964562353964141e-06}, "43": {"p_type": 0.999930363385013, "p_lat": 4.182386486362155e-06, "p_lng": 2.3783416328582163e-06}, "44": {"p_type": 0.9999461072067202, "p_lat": 4.1591617250258395e-06, "p_lng": 1.2992206076534174e-06}, "45": {"p_type": 0.9998830176276793, "p_lat": 2.3740970737096134e-06, "p_lng": 8.376324205361385e-07}, "46": {"p_type": 0.9998646143532031, "p_lat": 1.4840224489276466e-06, "p_lng": 4.5060567088750503e-07}, "47": {"p_type": 0.9998965146568956, "p_lat": 1.532952773830587e-06, "p_lng": 2.034871455780518e-07}, "48": {"p_type": 0.9999360987164619, "p_lat": 8.111485698680809e-07, "p_lng": 7.803322987776085e-08}, "49": {"p_type": 0.9999261782316266, "p_lat": 7.154397784203681e-07, "p_lng": 7.411899960452217e-08}, "50": {"p_type": 0.9999550280353058, "p_lat": 7.145563855059933e-07, "p_lng": 4.0017263835956385e-08}, "51": {"p_type": 0.999965513964415, "p_lat": 5.22630462018725e-07, "p_lng": 1.1478209605009226e-08}, "52": {"p_type": 0.9999602206106034, "p_lat": 4.2150618406733287e-07, "p_lng": 1.0812817863303792e-08}, "53": {"p_type": 0.999984003972616, "p_lat": 2.349155620029464e-07, "p_lng": 2.948915889255943e-09}, "54": {"p_type": 0.9999814096606445, "p_lat": 2.344763051498333e-07, "p_lng": 1.645990455045876e-09}, "55": {"p_type": 0.9999888301097002, "p_lat": 1.581070399048201e-07, "p_lng": 1.0311843601229498e-09}, "56": {"p_type": 0.9999869330965953, "p_lat": 1.1566887603287057e-07, "p_lng": 8.695888457088685e-07}, "57": {"p_type": 0.9999848503016602, "p_lat": 9.366860431736512e-08, "p_lng": 1.3748990834727692e-10}, "58": {"p_type": 0.999994029711028, "p_lat": 8.336890333637825e-08, "p_lng": 6.906208938062264e-11}, "59": {"p_type": 0.9999954329350598, "p_lat": 4.5998074127417965e-08, "p_lng": 1.7530865648041072e-11}, "60": {"p_type": 0.9999972880118001, "p_lat": 4.981304724260838e-08, "p_lng": 4.5627057687624983e-11}, "61": {"p_type": 0.9999968126751415, "p_lat": 2.3159268836003832e-08, "p_lng": 2.5039637030488393e-11}, "62": {"p_type": 0.9999962857355057, "p_lat": 1.131967586331939e-08, "p_lng": 2.4715784974205235e-12}, "63": {"p_type": 0.9999977860473888, "p_lat": 6.008135433610562e-09, "p_lng": 3.5293989952833726e-12}, "64": {"p_type": 0.9999974050764311, "p_lat": 3.61079832700284e-09, "p_lng": 8.610889778992714e-13}, "65": {"p_type": 0.9999980306889144, "p_lat": 1.2010074046386876e-09, "p_lng": 1.2891909761947318e-12}, "66": {"p_type": 0.9999992378330204, "p_lat": 1.0732811306368717e-09, "p_lng": 2.625677453238495e-13}, "67": {"p_type": 0.9999994221330201, "p_lat": 5.363345323416979e-10, "p_lng": 3.220756994437579e-13}, "68": {"p_type": 0.9999996595981512, "p_lat": 3.6171354800274003e-10, "p_lng": 2.6212365611399946e-13}, "69": {"p_type": 0.9999995991953957, "p_lat": 1.3445755620011823e-10, "p_lng": 5.639932965095795e-14}, "70": {"p_type": 0.999999531648315, "p_lat": 1.8299750603745224e-10, "p_lng": 5.045963646921336e-13}, "71": {"p_type": 0.9999998208250841, "p_lat": 1.9338530776735752e-11, "p_lng": 5.284661597215745e-14}, "72": {"p_type": 0.9999997894461828, "p_lat": 2.4151902699998118e-11, "p_lng": 1.1213252548714081e-14}, "73": {"p_type": 0.9999999207046406, "p_lat": 5.548006498656832e-12, "p_lng": 2.919886554764162e-14}, "74": {"p_type": 0.9999999063053931, "p_lat": 7.0394801099382676e-12, "p_lng": 8.992806499463768e-15}, "75": {"p_type": 0.9999998900921503, "p_lat": 5.03552755048986e-12, "p_lng": 7.66053886991358e-15}, "76": {"p_type": 0.9999999355901344, "p_lat": 5.448974604860268e-13, "p_lng": 6.439293542825908e-15}, "77": {"p_type": 0.9999999510566694, "p_lat": 1.603384092163651e-12, "p_lng": 5.662137425588298e-15}, "78": {"p_type": 0.9999999715968179, "p_lat": 7.184253192349388e-13,