{"0": {"p_type": 0.463367332099215, "p_lat": 0.9979508196721331, "p_lng": 0.9979508196721331}, "1": {"p_type": 0.463367332099215, "p_lat": 0.9999968522575624, "p_lng": 0.9999968522575624}, "2": {"p_type": 0.5162326184463125, "p_lat": 0.9999999935563085, "p_lng": 0.9999999935563085}, "3": {"p_type": 0.35276811121776874, "p_lat": 0.9920506941694422, "p_lng": 0.9920506941694422}, "4": {"p_type": 0.4900844431873984, "p_lat": 0.9693560173927886, "p_lng": 0.9693560173927886}, "5": {"p_type": 0.4900844431873984, "p_lat": 0.9332704700398649, "p_lng": 0.9332704700398649}, "6": {"p_type": 0.48478388953385176, "p_lat": 0.8876247258234857, "p_lng": 0.8876247258234857}, "7": {"p_type": 0.5162326184463125, "p_lat": 0.8360361168992981, "p_lng": 0.8360361168992981}}