{"0": {"p_type": 0.463367332099215, "p_lat": 0.9979508196721331, "p_lng": 0.9979508196721331}, "1": {"p_type": 0.40859235606667754, "p_lat": 0.4966765086080265, "p_lng": 0.4966765086080265}, "2": {"p_type": 0.35276811121776874, "p_lat": 0.21916421890224436, "p_lng": 0.21916421890224436}, "3": {"p_type": 0.35276811121776874, "p_lat": 0.09156170679042397, "p_lng": 0.09156170679042397}, "4": {"p_type": 0.2694478799875831, "p_lat": 0.037043980407650334, "p_lng": 0.037043980407650334}, "5": {"p_type": 0.29696000553144253, "p_lat": 0.01466677320887777, "p_lng": 0.01466677320887777}, "6": {"p_type": 0.29696000553144253, "p_lat": 0.014319731338656383, "p_lng": 0.47068844356171224}, "7": {"p_type": 0.29696000553144253, "p_lat": 0.38239402218410956, "p_lng": 0.38239402218410956}, "8": {"p_type": 0.29696000553144253, "p_lat": 0.30814528597005864, "p_lng": 0.30814528597005864}, "9": {"p_type": 0.29696000553144253, "p_lat": 0.2465499138106937, "p_lng": 0.2465499138106937}, "10": {"p_type": 0.312833587545134, "p_lat": 0.19638479987081725, "p_lng": 0.19638479987081725}, "11": {"p_type": 0.3481006864949652, "p_lat": 0.15574868679582743, "p_lng": 0.6164909696391566}, "12": {"p_type": 0.39005241303742466, "p_lat": 0.14087357095667907, "p_lng": 0.8595543288920099}, "13": {"p_type": 0.2365028358656508, "p_lat": 0.12470448756842212, "p_lng": 0.8292494818808965}, "14": {"p_type": 0.20746367004646715, "p_lat": 0.1071469007365079, "p_lng": 0.79782614964206}, "15": {"p_type": 0.21780085095047463, "p_lat": 0.0932272684689508, "p_lng": 0.7661958867585998}, "16": {"p_type": 0.21685536351182277, "p_lat": 0.08149613336385064, "p_lng": 0.13616240042142524}, "17": {"p_type": 0.31886675148221477, "p_lat": 0.06963815104510473, "p_lng": 0.10007288243606227}, "18": {"p_type": 0.31548700479724523, "p_lat": 0.06184917811410651, "p_lng": 0.07292159869870685}, "19": {"p_type": 0.3126295595213546, "p_lat": 0.052667447581138616, "p_lng": 0.06336753661172201}, "20": {"p_type": 0.35564041591280304, "p_lat": 0.044831799198604916, "p_lng": 0.05228766225618564}, "21": {"p_type": 0.3501009678825071, "p_lat": 0.039168411652986124, "p_lng": 0.0375616802968981}, "22": {"p_type": 0.5308892456452871, "p_lat": 0.033290980545272464, "p_lng": 0.028738549812383773}, "23": {"p_type": 0.8020496855833769, "p_lat": 0.029529037258034574, "p_lng": 0.02133692079671279}, "24": {"p_type": 0.8011178053199224, "p_lat": 0.024702958693977983, "p_lng": 0.015002974246975831}, "25": {"p_type": 0.7384659002740124, "p_lat": 0.020073950343501568, "p_lng": 0.010187129312276832}, "26": {"p_type": 0.737442533303799, "p_lat": 0.017620575956363127, "p_lng": 0.0068779416741169275}, "27": {"p_type": 0.6811964499859771, "p_lat": 0.014703290537255276, "p_lng": 0.004802498836439906}, "28": {"p_type": 0.645372616720692, "p_lat": 0.013216415857387975, "p_lng": 0.0033212242156377414}, "29": {"p_type": 0.6981144165973611, "p_lat": 0.0965845741444672, "p_lng": 0.0023371331298892573}, "30": {"p_type": 0.7021614515727315, "p_lat": 0.009167665729765018, "p_lng": 0.0017476630561019668}, "31": {"p_type": 0.6137884376253508, "p_lat": 0.006841589914854618, "p_lng": 0.001133486694462782}, "32": {"p_type": 0.5211422241579607, "p_lat": 0.006387659622540287, "p_lng": 0.0009298588813363429}, "33": {"p_type": 0.24752536931842983, "p_lat": 0.005821836289276128, "p_lng": 0.0007381874313494574}, "34": {"p_type": 0.17560663573608049, "p_lat": 0.004669008482834136, "p_lng": 0.0006445240339897351}, "35": {"p_type": 0.40498883710023814, "p_lat": 0.003937186905198731, "p_lng": 0.0006042935096005619}, "36": {"p_type": 0.42256437070807906, "p_lat": 0.003140557102409014, "p_lng": 0.0005230166751367671}, "37": {"p_type": 0.42635852439807675, "p_lat": 0.0029421366615788314, "p_lng": 0.0004727586881974055}, "38": {"p_type": 0.40330573064819575, "p_lat": 0.002303375659661766, "p_lng": 0.00037324391574911076}, "39": {"p_type": 0.4574991050959829, "p_lat": 0.002138795175438357, "p_lng": 0.0003543779598076391}, "40": {"p_type": 0.44445159209145135, "p_lat": 0.0016083605924990252, "p_lng": 0.0002851291770814557}, "41": {"p_type": 0.3140580017939141, "p_lat": 0.0014397226532213425, "p_lng": 0.00022419439404475217}, "42": {"p_type": 0.3134230680381883, "p_lat": 0.0011730286794544575, "p_lng": 0.00020846316285272337}, "43": {"p_type": 0.30106676291961043, "p_lat": 0.00115241858197912, "p_lng": 0.0001872400476575775}, "44": {"p_type": 0.312833587545134, "p_lat": 0.0008791084028491047, "p_lng": 0.0001601402783981687}, "45": {"p_type": 0.30091998020308885, "p_lat": 0.0006920635107648954, "p_lng": 0.00012874625127134998}, "46": {"p_type": 0.3007833277509706, "p_lat": 0.0005612195366019312, "p_lng": 9.558346972404763e-05}, "47": {"p_type": 0.38757344032119756, "p_lat": 0.0005663498559059787, "p_lng": 0.00010257197664442774}, "48": {"p_type": 0.2761347482712875, "p_lat": 0.0003443456589817817, "p_lng": 7.91941926320261e-05}, "49": {"p_type": 0.203610667297642, "p_lat": 0.00037721970441362274, "p_lng": 6.952443716723433e-05}, "50": {"p_type": 0.19380282083187916, "p_lat": 0.000295324214982462, "p_lng": 5.400400895627655e-05}, "51": {"p_type": 0.20639510760006885, "p_lat": 0.00023651281897196785, "p_lng": 4.7594486092039645e-05}, "52": {"p_type": 0.2062980449380506, "p_lat": 0.00024326818551145823, "p_lng": 3.615444080284913e-05}, "53": {"p_type": 0.19612494971027106, "p_lat": 0.00021011638447931968, "p_lng": 3.049325928239366e-05}}