{"0": {"p_type": 0.463367332099215, "p_lat": 0.9979508196721331, "p_lng": 0.9979508196721331}, "1": {"p_type": 0.463367332099215, "p_lat": 0.9999968522575624, "p_lng": 0.9999968522575624}, "2": {"p_type": 0.35276811121776874, "p_lat": 0.925234989121893, "p_lng": 0.925234989121893}, "3": {"p_type": 0.35276811121776874, "p_lat": 0.8110799612129309, "p_lng": 0.8110799612129309}, "4": {"p_type": 0.35276811121776874, "p_lat": 0.6886603435922968, "p_lng": 0.6886603435922968}, "5": {"p_type": 0.4361696188742763, "p_lat": 0.5732104359258673, "p_lng": 0.5732104359258673}, "6": {"p_type": 0.4306810695372816, "p_lat": 0.47068844356171224, "p_lng": 0.47068844356171224}, "7": {"p_type": 0.4306810695372816, "p_lat": 0.38239402218410956, "p_lng": 0.38239402218410956}, "8": {"p_type": 0.24242386686693385, "p_lat": 0.30814528597005864, "p_lng": 0.30814528597005864}, "9": {"p_type": 0.24242386686693385, "p_lat": 0.7252524245393677, "p_lng": 0.7252524245393677}, "10": {"p_type": 0.25779602925291967, "p_lat": 0.11175920353814095, "p_lng": 0.6702076919881477}, "11": {"p_type": 0.3481006864949652, "p_lat": 0.15574868679582743, "p_lng": 0.6164909696391566}, "12": {"p_type": 0.39005241303742466, "p_lat": 0.5650100967078902, "p_lng": 0.5650100967078902}, "13": {"p_type": 0.383852463449077, "p_lat": 0.057485318165109045, "p_lng": 0.516466146243498}, "14": {"p_type": 0.47054275889611974, "p_lat": 0.04475839864943931, "p_lng": 0.4705154095766444}, "15": {"p_type": 0.5230993978234079, "p_lat": 0.025028922162323997, "p_lng": 0.42806836045598473}, "16": {"p_type": 0.5146655337136556, "p_lat": 0.014184936124213343, "p_lng": 0.027838575999929893}, "17": {"p_type": 0.690435639174332, "p_lat": 0.00818940025114534, "p_lng": 0.01630592102696138}, "18": {"p_type": 0.6850387012073269, "p_lat": 0.003918342738607139, "p_lng": 0.008752129459778213}, "19": {"p_type": 0.5307027276491262, "p_lat": 0.0020939660683324535, "p_lng": 0.005076320470510098}, "20": {"p_type": 0.5690305599118122, "p_lat": 0.0011294153331280476, "p_lng": 0.002480633060174098}, "21": {"p_type": 0.44917474939796054, "p_lat": 0.0008111302557033406, "p_lng": 0.0012966196595962654}, "22": {"p_type": 0.4125510229591345, "p_lat": 0.0007566152555312788, "p_lng": 0.000672306574338366}, "23": {"p_type": 0.47054275889611974, "p_lat": 0.000483807055284724, "p_lng": 0.0005497003541974355}, "24": {"p_type": 0.3373693275438916, "p_lat": 0.0004226612144024866, "p_lng": 0.00027982654718805566}, "25": {"p_type": 0.22783380928695796, "p_lat": 0.000385363073856948, "p_lng": 0.00015884661487219898}, "26": {"p_type": 0.14741567478330797, "p_lat": 0.00026371363730359754, "p_lng": 6.646447411973178e-05}, "27": {"p_type": 0.12529778668282643, "p_lat": 0.00023414212400507672, "p_lng": 3.724744197153296e-05}, "28": {"p_type": 0.12529778668282643, "p_lat": 0.00016639426365727683, "p_lng": 3.087697357206931e-05}, "29": {"p_type": 0.5420006281032232, "p_lat": 0.0001492509511357154, "p_lng": 2.097867599359926e-05}, "30": {"p_type": 0.5366900416903306, "p_lat": 9.879982692828637e-05, "p_lng": 2.1820851738074687e-05}, "31": {"p_type": 0.5213870807006371, "p_lat": 8.040512111406883e-05, "p_lng": 1.7058840207972992e-05}, "32": {"p_type": 0.5211422241579607, "p_lat": 6.588919412420235e-05, "p_lng": 1.1814440761481748e-05}, "33": {"p_type": 0.06866628418276655, "p_lat": 4.3261093376378845e-05, "p_lng": 1.1774808782449853e-05}, "34": {"p_type": 0.03157777241679105, "p_lat": 4.288412649411377e-05, "p_lng": 9.779383368324623e-06}, "35": {"p_type": 0.05549844955384953, "p_lat": 2.5573337783857397e-05, "p_lng": 6.457650106872492e-06}, "36": {"p_type": 0.06538286688988992, "p_lat": 2.2907788032600074e-05, "p_lng": 4.304590448755974e-06}, "37": {"p_type": 0.06526946663561817, "p_lat": 1.8955752113192226e-05, "p_lng": 3.849154964763457e-06}, "38": {"p_type": 0.06268977166495815, "p_lat": 1.0834993721231534e-05, "p_lng": 3.3864257235061146e-06}, "39": {"p_type": 0.09714622543961293, "p_lat": 1.2614610914618574e-05, "p_lng": 2.0362411179419837e-06}, "40": {"p_type": 0.05029639222484816, "p_lat": 7.2406277925596285e-06, "p_lng": 2.247881483063985e-06}, "41": {"p_type": 0.12458622257185215, "p_lat": 6.423226544871596e-06, "p_lng": 1.609583661577041e-06}, "42": {"p_type": 0.12458622257185215, "p_lat": 4.85480273870742e-06, "p_lng": 1.0073238596586265e-06}, "43": {"p_type": 0.07653314623173335, "p_lat": 4.182386486362155e-06, "p_lng": 7.879274411815018e-07}, "44": {"p_type": 0.10642406898481982, "p_lat": 2.959247442313462e-06, "p_lng": 7.857276924649881e-07}, "45": {"p_type": 0.10928290052764578, "p_lat": 1.6473830771746023e-06, "p_lng": 6.583122479364434e-07}}