{"0": {"p_type": 0.463367332099215, "p_lat": 0.9979508196721331, "p_lng": 0.9979508196721331}, "1": {"p_type": 0.40859235606667754, "p_lat": 0.4966765086080265, "p_lng": 0.4966765086080265}, "2": {"p_type": 0.29696000553144253, "p_lat": 0.21916421890224436, "p_lng": 0.21916421890224436}, "3": {"p_type": 0.27857305582251723, "p_lat": 0.09156170679042397, "p_lng": 0.09156170679042397}, "4": {"p_type": 0.2694478799875831, "p_lat": 0.037043980407650334, "p_lng": 0.037043980407650334}, "5": {"p_type": 0.21606831375218472, "p_lat": 0.01466677320887777, "p_lng": 0.01466677320887777}, "6": {"p_type": 0.22127708896368303, "p_lat": 0.048586480092980056, "p_lng": 0.014319731338656383}, "7": {"p_type": 0.21089369639553468, "p_lat": 0.011525247182957443, "p_lng": 0.011525247182957443}, "8": {"p_type": 0.31548700479724523, "p_lat": 0.0021816908389646894, "p_lng": 0.00858045124387663}, "9": {"p_type": 0.5453226230953033, "p_lat": 0.000369428081104739, "p_lng": 0.001830715144040207}, "10": {"p_type": 0.4710539319884516, "p_lat": 0.00033765237218053024, "p_lng": 0.00033765237218053024}, "11": {"p_type": 0.27857305582251723, "p_lat": 0.001038585463938646, "p_lng": 0.007041212518425488}, "12": {"p_type": 0.23797989050030877, "p_lat": 0.00024206510164759276, "p_lng": 0.001949151141641181}, "13": {"p_type": 0.2365028358656508, "p_lat": 0.00017817981169843122, "p_lng": 0.0005413856889666668}, "14": {"p_type": 0.3266500448095673, "p_lat": 0.00011093798625849693, "p_lng": 0.00012587748816372812}, "15": {"p_type": 0.43799579470222305, "p_lat": 9.22682230611871e-05, "p_lng": 2.402252824895701e-05}, "16": {"p_type": 0.35616264087681837, "p_lat": 5.938629915080984e-05, "p_lng": 2.2092037429755074e-05}, "17": {"p_type": 0.20204057439759704, "p_lat": 3.9010173770948064e-05, "p_lng": 1.4789470829668083e-05}, "18": {"p_type": 0.27857305582251723, "p_lat": 0.028146419741017503, "p_lng": 1.034540680644458e-05}, "19": {"p_type": 0.27225016079248876, "p_lat": 0.021840992530247072, "p_lng": 6.6962639160284e-06}, "20": {"p_type": 0.23084252967747232, "p_lat": 0.016933017661607375, "p_lng": 4.364023370451164e-06}, "21": {"p_type": 0.2285235382672932, "p_lat": 8.276837633902634e-05, "p_lng": 3.2763758169851442e-06}, "22": {"p_type": 0.17297863438855043, "p_lat": 0.0036238422711205587, "p_lng": 0.000672306574338366}, "23": {"p_type": 0.14894100596326354, "p_lat": 0.001921324476711117, "p_lng": 0.0004424143965414684}, "24": {"p_type": 0.19056689262255755, "p_lat": 0.0010023584092825333, "p_lng": 0.0001798967279450503}, "25": {"p_type": 0.21089369639553468, "p_lat": 0.0005034474553490265, "p_lng": 8.143246604874754e-05}, "26": {"p_type": 0.30577315082463286, "p_lat": 0.00026371363730359754, "p_lng": 4.777358150831468e-05}, "27": {"p_type": 0.27330642658309223, "p_lat": 0.00013658172656194623, "p_lng": 3.724744197153296e-05}, "28": {"p_type": 0.4141328879405821, "p_lat": 7.516640717042389e-05, "p_lng": 1.695425764070002e-05}, "29": {"p_type": 0.391030560997068, "p_lat": 0.0009947343756672167, "p_lng": 4.923203216522509e-05}, "30": {"p_type": 0.5171387946132436, "p_lat": 0.014418330457524386, "p_lng": 0.003045003545076863}, "31": {"p_type": 0.5127819223064989, "p_lat": 0.011990229876560288, "p_lng": 0.002588250902492817}}