{"0": {"p_type": 0.463367332099215, "p_lat": 0.9979508196721331, "p_lng": 0.9979508196721331}, "1": {"p_type": 0.463367332099215, "p_lat": 0.4966765086080265, "p_lng": 0.4966765086080265}, "2": {"p_type": 0.35276811121776874, "p_lat": 0.21916421890224436, "p_lng": 0.21916421890224436}, "3": {"p_type": 0.35276811121776874, "p_lat": 0.09156170679042397, "p_lng": 0.09156170679042397}, "4": {"p_type": 0.35276811121776874, "p_lat": 0.037043980407650334, "p_lng": 0.037043980407650334}, "5": {"p_type": 0.4361696188742763, "p_lat": 0.06755099136694642, "p_lng": 0.06640028061272307}, "6": {"p_type": 0.29696000553144253, "p_lat": 0.013857133772826491, "p_lng": 0.014319731338656383}, "7": {"p_type": 0.24242386686693385, "p_lat": 0.0024279319210173123, "p_lng": 0.011525247182957443}, "8": {"p_type": 0.24242386686693385, "p_lat": 0.0021816908389646894, "p_lng": 0.0021816908389646894}, "9": {"p_type": 0.24242386686693385, "p_lat": 0.2465499138106937, "p_lng": 0.2465499138106937}, "10": {"p_type": 0.25779602925291967, "p_lat": 0.010459209285130555, "p_lng": 0.19638479987081725}, "11": {"p_type": 0.3481006864949652, "p_lat": 0.15574868679582743, "p_lng": 0.15574868679582743}, "12": {"p_type": 0.39005241303742466, "p_lat": 0.5650100967078902, "p_lng": 0.12292637695404385}, "13": {"p_type": 0.383852463449077, "p_lat": 0.8292494818808965, "p_lng": 0.1816347720873157}, "14": {"p_type": 0.47054275889611974, "p_lat": 0.18183864870718702, "p_lng": 0.15603046986141655}, "15": {"p_type": 0.5230993978234079, "p_lat": 0.15642205397381992, "p_lng": 0.13370236974602634}, "16": {"p_type": 0.5146655337136556, "p_lat": 0.11647519185293431, "p_lng": 0.11385594910517782}, "17": {"p_type": 0.6608893652012323, "p_lat": 0.084115206448108, "p_lng": 0.084115206448108}, "18": {"p_type": 0.47233105671635756, "p_lat": 0.059875501776512574, "p_lng": 0.059875501776512574}, "19": {"p_type": 0.46613126211020695, "p_lat": 0.04477956397873728, "p_lng": 0.04311404211377412}, "20": {"p_type": 0.5690305599118122, "p_lat": 0.03199963194732203, "p_lng": 0.03062431602457394}, "21": {"p_type": 0.42176480450515097, "p_lat": 0.02158023327896552, "p_lng": 0.02158023327896552}, "22": {"p_type": 0.5559943554331679, "p_lat": 0.015701477162614053, "p_lng": 0.015701477162614053}, "23": {"p_type": 0.4971162738753736, "p_lat": 0.01038356956656461, "p_lng": 0.01038356956656461}, "24": {"p_type": 0.3373693275438916, "p_lat": 0.00724013187444994, "p_lng": 0.00724013187444994}, "25": {"p_type": 0.35836896274074626, "p_lat": 0.0052294506495810245, "p_lng": 0.0061186002676207885}, "26": {"p_type": 0.2274467595760532, "p_lat": 0.004380490785717894, "p_lng": 0.004012479847403494}, "27": {"p_type": 0.33695782428165033, "p_lat": 0.00356964398049453, "p_lng": 0.0031456922148933586}, "28": {"p_type": 0.2639983556147607, "p_lat": 0.0033212242156377414, "p_lng": 0.0028017083072119364}, "29": {"p_type": 0.4048926841540289, "p_lat": 0.0028613628668089364, "p_lng": 0.002101108457601142}, "30": {"p_type": 0.41073212325588715, "p_lat": 0.002457408738381628, "p_lng": 0.001754535497645593}, "31": {"p_type": 0.4104404323989804, "p_lat": 0.0020737594313597896, "p_lng": 0.001460582487522566}, "32": {"p_type": 0.41017649539811685, "p_lat": 0.0018696855119614275, "p_lng": 0.001498839401370522}, "33": {"p_type": 0.31442540702662325, "p_lat": 0.0014055554393914704, "p_lng": 0.0013002291426859047}, "34": {"p_type": 0.31346058373746255, "p_lat": 0.0012393159827035483, "p_lng": 0.0010482981366217725}, "35": {"p_type": 0.408016088357424, "p_lat": 0.0011313703104878226, "p_lng": 0.0008858771472963767}, "36": {"p_type": 0.4999542401660855, "p_lat": 0.0012068046117594822, "p_lng": 0.0007663952520533535}, "37": {"p_type": 0.3980102740679392, "p_lat": 0.0008648065577785413, "p_lng": 0.0006765051424079127}, "38": {"p_type": 0.42110781513641093, "p_lat": 0.000699133227314519, "p_lng": 0.0006020022214348053}, "39": {"p_type": 0.32271330191535863, "p_lat": 0.0006484233262115113, "p_lng": 0.0005351377951593461}, "40": {"p_type": 0.2141422454905605, "p_lat": 0.0004980662254325807, "p_lng": 0.0003929556211762497}, "41": {"p_type": 0.16887055278077812, "p_lat": 0.000512697809465279, "p_lng": 0.0003303743878411147}, "42": {"p_type": 0.16832348289195576, "p_lat": 0.0003565833878725888, "p_lng": 0.00031818452190202073}, "43": {"p_type": 0.21847562842545953, "p_lat": 0.0003310570017931447, "p_lng": 0.00024214994465332484}, "44": {"p_type": 0.30290222378618514, "p_lat": 0.00023726561107417776, "p_lng": 0.00020872970244634192}, "45": {"p_type": 0.3227930699908006, "p_lat": 0.00022903937646434613, "p_lng": 0.00020335375608004913}, "46": {"p_type": 0.19545320495002505, "p_lat": 0.0001642563580817047, "p_lng": 0.00014810726209169012}}