{"0": {"p_type": 0.463367332099215, "p_lat": 0.9979508196721331, "p_lng": 0.9979508196721331}, "1": {"p_type": 0.657704044165409, "p_lat": 0.4966765086080265, "p_lng": 0.4966765086080265}, "2": {"p_type": 0.8487961172233521, "p_lat": 0.21916421890224436, "p_lng": 0.21916421890224436}, "3": {"p_type": 0.9787735136970911, "p_lat": 0.09156170679042397, "p_lng": 0.09156170679042397}, "4": {"p_type": 0.9989497002688895, "p_lat": 0.037043980407650334, "p_lng": 0.037043980407650334}, "5": {"p_type": 0.9787735136970911, "p_lat": 0.01466677320887777, "p_lng": 0.01466677320887777}, "6": {"p_type": 0.997221745498938, "p_lat": 0.005715459051512384, "p_lng": 0.005715459051512384}, "7": {"p_type": 0.9997886214965332, "p_lat": 0.002199817371031698, "p_lng": 0.002199817371031698}, "8": {"p_type": 0.9999906896115713, "p_lat": 0.0008381444310797681, "p_lng": 0.0008381444310797681}, "9": {"p_type": 0.9999997623006615, "p_lat": 0.0003166228695794526, "p_lng": 0.0003166228695794526}, "10": {"p_type": 0.9999999944786236, "p_lat": 0.19638479987081725, "p_lng": 0.0014218230321632053}, "11": {"p_type": 0.9999986457547075, "p_lat": 0.15574868679582743, "p_lng": 0.0002921278713831077}, "12": {"p_type": 0.9999999146934593, "p_lat": 0.12292637695404385, "p_lng": 5.114891226709606e-05}, "13": {"p_type": 0.9999999975709023, "p_lat": 0.09678123104381875, "p_lng": 8.159207469105034e-06}, "14": {"p_type": 0.9999999999694005, "p_lat": 0.0759279806747617, "p_lng": 6.944936028263626e-06}, "15": {"p_type": 0.9999999999993293, "p_lat": 0.05949817613886599, "p_lng": 5.6354912569833715e-06}, "16": {"p_type": 0.9999999999999934, "p_lat": 0.046457077255978585, "p_lng": 4.739064541015026e-06}, "17": {"p_type": 0.9999999999877222, "p_lat": 0.03616652588991165, "p_lng": 4.019874874194862e-06}, "18": {"p_type": 0.9999999999997229, "p_lat": 0.028146419741017503, "p_lng": 2.7435757736782307e-06}, "19": {"p_type": 0.9999999999999952, "p_lat": 0.021840992530247072, "p_lng": 1.9664827508591998e-06}, "20": {"p_type": 0.9999999999999999, "p_lat": 0.016933017661607375, "p_lng": 1.6361955686994278e-06}, "21": {"p_type": 1.0, "p_lat": 0.01309758777451664, "p_lng": 1.105189127659223e-06}, "22": {"p_type": 1.0, "p_lat": 4.950819552651531e-05, "p_lng": 6.766296569704622e-07}, "23": {"p_type": 1.0, "p_lat": 0.004786489931960736, "p_lng": 0.0008606024590054329}, "24": {"p_type": 1.0, "p_lat": 0.037930351530236495, "p_lng": 0.01686013861704272}, "25": {"p_type": 1.0, "p_lat": 0.12345128199581923, "p_lng": 0.07904047587390783}, "26": {"p_type": 1.0, "p_lat": 0.1021610209921151, "p_lng": 0.06855725932821066}, "27": {"p_type": 1.0, "p_lat": 0.09122230381215934, "p_lng": 0.06333109843116291}, "28": {"p_type": 1.0, "p_lat": 0.08080812381023716, "p_lng": 0.055353886258479035}, "29": {"p_type": 1.0, "p_lat": 0.07321268054625762, "p_lng": 0.05120244770889926}, "30": {"p_type": 1.0, "p_lat": 0.06575227202905065, "p_lng": 0.04605650719691223}, "31": {"p_type": 1.0, "p_lat": 0.05786195642794256, "p_lng": 0.04176170529784695}, "32": {"p_type": 1.0, "p_lat": 0.051886058520914435, "p_lng": 0.03594310724280669}, "33": {"p_type": 1.0, "p_lat": 0.045431858612607456, "p_lng": 0.0307450102002792}, "34": {"p_type": 1.0, "p_lat": 0.04059182476561951, "p_lng": 0.02920627498960504}, "35": {"p_type": 1.0, "p_lat": 0.037022229946749974, "p_lng": 0.02435795669148877}, "36": {"p_type": 1.0, "p_lat": 0.03263215281948262, "p_lng": 0.022515177763027028}, "37": {"p_type": 1.0, "p_lat": 0.02926516514314559, "p_lng": 0.02042683693365832}, "38": {"p_type": 1.0, "p_lat": 0.025123112955184546, "p_lng": 0.01804601092545477}, "39": {"p_type": 1.0, "p_lat": 0.02197728551893774, "p_lng": 0.015478618102374275}, "40": {"p_type": 1.0, "p_lat": 0.020927510285658535, "p_lng": 0.01373101268213528}, "41": {"p_type": 1.0, "p_lat": 0.017606645620401817, "p_lng": 0.012669502348991224}, "42": {"p_type": 1.0, "p_lat": 0.014972964974256153, "p_lng": 0.011216963100588617}}