{"0": {"p_type": 0.463367332099215, "p_lat": 0.9979508196721331, "p_lng": 0.9979508196721331}, "1": {"p_type": 0.657704044165409, "p_lat": 0.4966765086080265, "p_lng": 0.4966765086080265}, "2": {"p_type": 0.8487961172233521, "p_lat": 0.21916421890224436, "p_lng": 0.21916421890224436}, "3": {"p_type": 0.9787735136970911, "p_lat": 0.09156170679042397, "p_lng": 0.09156170679042397}, "4": {"p_type": 0.9989497002688895, "p_lat": 0.037043980407650334, "p_lng": 0.037043980407650334}, "5": {"p_type": 0.9787735136970911, "p_lat": 0.01466677320887777, "p_lng": 0.01466677320887777}, "6": {"p_type": 0.997221745498938, "p_lat": 0.47068844356171224, "p_lng": 0.47068844356171224}, "7": {"p_type": 0.9997886214965332, "p_lat": 0.38239402218410956, "p_lng": 0.38239402218410956}, "8": {"p_type": 0.9999906896115713, "p_lat": 0.30814528597005864, "p_lng": 0.30814528597005864}, "9": {"p_type": 0.9999997623006615, "p_lat": 0.2465499138106937, "p_lng": 0.2465499138106937}, "10": {"p_type": 0.9999999944786236, "p_lat": 0.19638479987081725, "p_lng": 0.19638479987081725}, "11": {"p_type": 0.9999986457547075, "p_lat": 0.15574868679582743, "p_lng": 0.15574868679582743}, "12": {"p_type": 0.9999999146934593, "p_lat": 0.12292637695404385, "p_lng": 0.12292637695404385}, "13": {"p_type": 0.9999999975709023, "p_lat": 0.516466146243498, "p_lng": 0.516466146243498}, "14": {"p_type": 0.9999999999694005, "p_lat": 0.79782614964206, "p_lng": 0.79782614964206}, "15": {"p_type": 0.9999999999993293, "p_lat": 0.9283614231730046, "p_lng": 0.9283614231730046}, "16": {"p_type": 0.9999999999999934, "p_lat": 0.9776553110951375, "p_lng": 0.9776553110951375}, "17": {"p_type": 0.9999999999877222, "p_lat": 0.4697066557772608, "p_lng": 0.4697066557772608}, "18": {"p_type": 0.9999999999997229, "p_lat": 0.4369881498503214, "p_lng": 0.4369881498503214}, "19": {"p_type": 0.9999999999999952, "p_lat": 0.4073588936588216, "p_lng": 0.39028752451609583}, "20": {"p_type": 0.9999999999999999, "p_lat": 0.3832989304848995, "p_lng": 0.342577433045558}, "21": {"p_type": 1.0, "p_lat": 0.35138873759236455, "p_lng": 0.3028769229963022}, "22": {"p_type": 1.0, "p_lat": 0.3272828080897485, "p_lng": 0.26679098790320654}, "23": {"p_type": 1.0, "p_lat": 0.3057508340121031, "p_lng": 0.22918514559771253}, "24": {"p_type": 1.0, "p_lat": 0.2859685870393539, "p_lng": 0.20051065464624285}, "25": {"p_type": 1.0, "p_lat": 0.2635907065053388, "p_lng": 0.174884387676017}, "26": {"p_type": 1.0, "p_lat": 0.24652899632061498, "p_lng": 0.1536826273897256}, "27": {"p_type": 1.0, "p_lat": 0.22519771383303155, "p_lng": 0.1342981433851531}, "28": {"p_type": 1.0, "p_lat": 0.20823782570442106, "p_lng": 0.1143370488524934}, "29": {"p_type": 1.0, "p_lat": 0.19045512006307552, "p_lng": 0.10139708311242412}, "30": {"p_type": 1.0, "p_lat": 0.1768404366268398, "p_lng": 0.09250898014430253}, "31": {"p_type": 1.0, "p_lat": 0.16186998646669837, "p_lng": 0.08443591191124922}, "32": {"p_type": 1.0, "p_lat": 0.1494712038316901, "p_lng": 0.07957271037016955}, "33": {"p_type": 1.0, "p_lat": 0.13982828151364424, "p_lng": 0.07420347848723663}, "34": {"p_type": 1.0, "p_lat": 0.1286025417281329, "p_lng": 0.06804352251140511}, "35": {"p_type": 1.0, "p_lat": 0.11947233101563193, "p_lng": 0.06075019798980885}, "36": {"p_type": 1.0, "p_lat": 0.10847948835505761, "p_lng": 0.05746658149567241}, "37": {"p_type": 1.0, "p_lat": 0.09927211280192638, "p_lng": 0.05237171486296688}, "38": {"p_type": 1.0, "p_lat": 0.09167902905763714, "p_lng": 0.047930460625148386}, "39": {"p_type": 1.0, "p_lat": 0.08579567262066556, "p_lng": 0.04393953169440401}, "40": {"p_type": 1.0, "p_lat": 0.08102423096493006, "p_lng": 0.04242359352455671}, "41": {"p_type": 1.0, "p_lat": 0.0708565626411588, "p_lng": 0.038519519579509165}, "42": {"p_type": 1.0, "p_lat": 0.06513744261289522, "p_lng": 0.034561005896825314}, "43": {"p_type": 1.0, "p_lat": 0.06038369088710971, "p_lng": 0.032413719203931435}, "44": {"p_type": 1.0, "p_lat": 0.05657027033598716, "p_lng": 0.029893761406245667}, "45": {"p_type": 1.0, "p_lat": 0.04805044272306047, "p_lng": 0.0269304220992046}, "46": {"p_type": 1.0, "p_lat": 0.0457201813966549, "p_lng": 0.02531791962057639}, "47": {"p_type": 1.0, "p_lat": 0.04158148574593856, "p_lng": 0.023132302008458283}}