{"0": {"p_type": 0.463367332099215, "p_lat": 0.9979508196721331, "p_lng": 0.9979508196721331}, "1": {"p_type": 0.657704044165409, "p_lat": 0.9999968522575624, "p_lng": 0.9999968522575624}, "2": {"p_type": 0.8487961172233521, "p_lat": 0.925234989121893, "p_lng": 0.925234989121893}, "3": {"p_type": 0.9787735136970911, "p_lat": 0.8110799612129309, "p_lng": 0.8110799612129309}, "4": {"p_type": 0.9989497002688895, "p_lat": 0.08722167940126135, "p_lng": 0.6886603435922968}, "5": {"p_type": 0.9787735136970911, "p_lat": 0.015503331841321133, "p_lng": 0.5732104359258673}, "6": {"p_type": 0.997221745498938, "p_lat": 0.013857133772826491, "p_lng": 0.47068844356171224}, "7": {"p_type": 0.9997886214965332, "p_lat": 0.011525247182957443, "p_lng": 0.38239402218410956}, "8": {"p_type": 0.9999906896115713, "p_lat": 0.00858045124387663, "p_lng": 0.30814528597005864}, "9": {"p_type": 0.9999997623006615, "p_lat": 0.006226849948400837, "p_lng": 0.2465499138106937}, "10": {"p_type": 0.9999999944786236, "p_lat": 0.0013238577957938036, "p_lng": 0.19638479987081725}, "11": {"p_type": 0.9999986457547075, "p_lat": 0.0002921278713831077, "p_lng": 0.15574868679582743}, "12": {"p_type": 0.9999999146934593, "p_lat": 0.12292637695404385, "p_lng": 0.12292637695404385}, "13": {"p_type": 0.9999999975709023, "p_lat": 0.09678123104381875, "p_lng": 0.09678123104381875}, "14": {"p_type": 0.9999999999694005, "p_lat": 0.0759279806747617, "p_lng": 0.0759279806747617}, "15": {"p_type": 0.9999999999993293, "p_lat": 0.05949817613886599, "p_lng": 0.05949817613886599}, "16": {"p_type": 0.9999999999999934, "p_lat": 0.046457077255978585, "p_lng": 0.046457077255978585}, "17": {"p_type": 0.9999999999877222, "p_lat": 0.03616652588991165, "p_lng": 0.03616652588991165}, "18": {"p_type": 0.9999999999997229, "p_lat": 0.028146419741017503, "p_lng": 0.028146419741017503}, "19": {"p_type": 0.9999999999999952, "p_lat": 0.021840992530247072, "p_lng": 0.021840992530247072}, "20": {"p_type": 0.9999999999999999, "p_lat": 0.016933017661607375, "p_lng": 0.016933017661607375}, "21": {"p_type": 1.0, "p_lat": 8.276837633902634e-05, "p_lng": 0.01309758777451664}, "22": {"p_type": 1.0, "p_lat": 2.2527009580830537e-05, "p_lng": 0.010119860572586181}, "23": {"p_type": 1.0, "p_lat": 8.422318278134e-06, "p_lng": 0.007794695545380259}, "24": {"p_type": 1.0, "p_lat": 2.327623833786596e-06, "p_lng": 0.006003593934093554}, "25": {"p_type": 1.0, "p_lat": 5.172894333993483e-07, "p_lng": 0.00461904944665148}, "26": {"p_type": 1.0, "p_lat": 3.9646687466365904e-07, "p_lng": 0.0035501507643046493}, "27": {"p_type": 1.0, "p_lat": 2.3267807158777742e-07, "p_lng": 0.002729367049142062}, "28": {"p_type": 1.0, "p_lat": 1.4084481392284687e-07, "p_lng": 0.0020893278928920678}, "29": {"p_type": 1.0, "p_lat": 1.220234289167621e-07, "p_lng": 0.0015999539982757272}, "30": {"p_type": 1.0, "p_lat": 6.953311437740695e-08, "p_lng": 0.0012270550483750586}, "31": {"p_type": 1.0, "p_lat": 5.46441399906783e-08, "p_lng": 0.0009380479898277727}, "32": {"p_type": 1.0, "p_lat": 3.835428918907979e-08, "p_lng": 0.0007144983266214044}, "33": {"p_type": 1.0, "p_lat": 1.4206769316515988e-08, "p_lng": 0.0005454727147650162}, "34": {"p_type": 1.0, "p_lat": 5.8165106064933525e-09, "p_lng": 0.0004164540287682206}, "35": {"p_type": 1.0, "p_lat": 0.00031643021440652674, "p_lng": 0.00031643021440652674}, "36": {"p_type": 1.0, "p_lat": 0.04302477991521714, "p_lng": 0.00024135273134540114}, "37": {"p_type": 1.0, "p_lat": 0.038235760295621035, "p_lng": 0.0001831813829691331}, "38": {"p_type": 1.0, "p_lat": 0.03393132586108949, "p_lng": 0.0001390677370955995}, "39": {"p_type": 1.0, "p_lat": 0.030155839295197828, "p_lng": 0.00010584157725901377}}