{"0": {"p_type": 0.463367332099215, "p_lat": 0.9979508196721331, "p_lng": 0.9979508196721331}, "1": {"p_type": 0.40859235606667754, "p_lat": 0.4966765086080265, "p_lng": 0.4966765086080265}, "2": {"p_type": 0.35276811121776874, "p_lat": 0.21916421890224436, "p_lng": 0.21916421890224436}, "3": {"p_type": 0.35276811121776874, "p_lat": 0.09156170679042397, "p_lng": 0.09156170679042397}, "4": {"p_type": 0.35276811121776874, "p_lat": 0.037043980407650334, "p_lng": 0.037043980407650334}, "5": {"p_type": 0.29696000553144253, "p_lat": 0.01466677320887777, "p_lng": 0.01466677320887777}, "6": {"p_type": 0.21089369639553468, "p_lat": 0.005715459051512384, "p_lng": 0.005715459051512384}, "7": {"p_type": 0.24242386686693385, "p_lat": 0.002199817371031698, "p_lng": 0.002199817371031698}, "8": {"p_type": 0.24242386686693385, "p_lat": 0.0008381444310797681, "p_lng": 0.0008381444310797681}, "9": {"p_type": 0.24242386686693385, "p_lat": 0.0003166228695794526, "p_lng": 0.0003166228695794526}, "10": {"p_type": 0.25779602925291967, "p_lat": 0.00011871490945225549, "p_lng": 0.00011871490945225549}, "11": {"p_type": 0.3481006864949652, "p_lat": 0.007041212518425488, "p_lng": 0.007041212518425488}, "12": {"p_type": 0.39005241303742466, "p_lat": 0.07066544976331923, "p_lng": 0.07249083474904794}, "13": {"p_type": 0.383852463449077, "p_lat": 0.057485318165109045, "p_lng": 0.057485318165109045}, "14": {"p_type": 0.47054275889611974, "p_lat": 0.03148079056121289, "p_lng": 0.04475839864943931}, "15": {"p_type": 0.5230993978234079, "p_lat": 0.017443192830790766, "p_lng": 0.026101011890258152}, "16": {"p_type": 0.35616264087681837, "p_lat": 0.009540720884295473, "p_lng": 0.014184936124213343}, "17": {"p_type": 0.4796228173642446, "p_lat": 0.004959404529601863, "p_lng": 0.007692680017237996}, "18": {"p_type": 0.5333106298441428, "p_lat": 0.002560700954535311, "p_lng": 0.003918342738607139}, "19": {"p_type": 0.5307027276491262, "p_lat": 0.0013853227603236595, "p_lng": 0.0020939660683324535}, "20": {"p_type": 0.451565356094086, "p_lat": 0.0006462326544903751, "p_lng": 0.0011294153331280476}, "21": {"p_type": 0.31416005509975475, "p_lat": 0.0003191304471210632, "p_lng": 0.000552390960873339}, "22": {"p_type": 0.4125510229591345, "p_lat": 0.00016386754542430104, "p_lng": 0.0004536091943752041}, "23": {"p_type": 0.3378357193299444, "p_lat": 0.00013054894476738355, "p_lng": 0.00019812305703759137}, "24": {"p_type": 0.22127708896368303, "p_lat": 0.00011196085141185197, "p_lng": 0.00011196085141185197}, "25": {"p_type": 0.22783380928695796, "p_lat": 8.143246604874754e-05, "p_lng": 5.702125028717031e-05}, "26": {"p_type": 0.14741567478330797, "p_lat": 7.983735943783987e-05, "p_lng": 2.753661755516834e-05}, "27": {"p_type": 0.15282610313776623, "p_lat": 5.872347039270753e-05, "p_lng": 2.2782791860964657e-05}, "28": {"p_type": 0.46875221024420877, "p_lat": 4.41032716796963e-05, "p_lng": 1.695425764070002e-05}, "29": {"p_type": 0.5182251520555976, "p_lat": 4.005514106841801e-05, "p_lng": 1.3243850735089602e-05}, "30": {"p_type": 0.41073212325588715, "p_lat": 2.77803748541805e-05, "p_lng": 1.0435419305232507e-05}, "31": {"p_type": 0.4104404323989804, "p_lat": 2.1786838001580655e-05, "p_lng": 1.0303775819564542e-05}, "32": {"p_type": 0.41017649539811685, "p_lat": 1.8812805908541286e-05, "p_lng": 0.0007144983266214044}, "33": {"p_type": 0.0635680729566519, "p_lat": 0.00019059474714511193, "p_lng": 0.06109794169397076}, "34": {"p_type": 0.0635680729566519, "p_lat": 0.00011577485015834554, "p_lng": 0.00027473038301117914}, "35": {"p_type": 0.11122530941112585, "p_lat": 8.562213712881572e-05, "p_lng": 0.00020067552510671938}, "36": {"p_type": 0.17373135776229964, "p_lat": 4.188555480255651e-05, "p_lng": 0.00018155683592324667}, "37": {"p_type": 0.17355562115753465, "p_lat": 2.8864082579960204e-05, "p_lng": 8.259959702816566e-05}, "38": {"p_type": 0.18582187552142293, "p_lat": 1.0834993721231534e-05, "p_lng": 4.8526202619747494e-05}, "39": {"p_type": 0.15306743039425919, "p_lat": 8.918180638417539e-06, "p_lng": 3.4841334375812494e-05}, "40": {"p_type": 0.16433727263042774, "p_lat": 4.1182476929746414e-06, "p_lng": 3.409466760162516e-05}, "41": {"p_type": 0.2726007969444544, "p_lat": 1.947457812345732e-06, "p_lng": 2.1398474579825688e-05}, "42": {"p_type": 0.17368393071756838, "p_lat": 1.8239810721798477e-06, "p_lng": 1.8575745187043857e-05}, "43": {"p_type": 0.1845761871763303, "p_lat": 1.4796132898897696e-06, "p_lng": 1.2931297942442299e-05}, "44": {"p_type": 0.24816469814863618, "p_lat": 1.0104723654480452e-06, "p_lng": 1.2779724436473572e-05}, "45": {"p_type": 0.26749930925407983, "p_lat": 8.376324205361385e-07, "p_lng": 7.305015567671269e-06}, "46": {"p_type": 0.18297734137088095, "p_lat": 8.330170059300812e-07, "p_lng": 3.6231995449442778e-06}}