{"0": {"p_type": 0.463367332099215, "p_lat": 0.9979508196721331, "p_lng": 0.9979508196721331}, "1": {"p_type": 0.463367332099215, "p_lat": 0.4966765086080265, "p_lng": 0.4966765086080265}, "2": {"p_type": 0.35276811121776874, "p_lat": 0.21916421890224436, "p_lng": 0.21916421890224436}, "3": {"p_type": 0.35276811121776874, "p_lat": 0.09156170679042397, "p_lng": 0.09156170679042397}, "4": {"p_type": 0.35276811121776874, "p_lat": 0.037043980407650334, "p_lng": 0.037043980407650334}, "5": {"p_type": 0.4361696188742763, "p_lat": 0.01466677320887777, "p_lng": 0.01466677320887777}, "6": {"p_type": 0.29696000553144253, "p_lat": 0.005715459051512384, "p_lng": 0.005715459051512384}, "7": {"p_type": 0.4306810695372816, "p_lat": 0.002199817371031698, "p_lng": 0.002199817371031698}, "8": {"p_type": 0.24242386686693385, "p_lat": 0.0008381444310797681, "p_lng": 0.0008381444310797681}, "9": {"p_type": 0.24242386686693385, "p_lat": 0.0003166228695794526, "p_lng": 0.0003166228695794526}, "10": {"p_type": 0.25779602925291967, "p_lat": 0.00011871490945225549, "p_lng": 0.00011871490945225549}, "11": {"p_type": 0.3481006864949652, "p_lat": 4.4217987363093236e-05, "p_lng": 4.4217987363093236e-05}, "12": {"p_type": 0.39005241303742466, "p_lat": 1.6372989680601968e-05, "p_lng": 1.6372989680601968e-05}, "13": {"p_type": 0.383852463449077, "p_lat": 6.028554426107391e-06, "p_lng": 6.028554426107391e-06}, "14": {"p_type": 0.47054275889611974, "p_lat": 2.2087596462938563e-06, "p_lng": 2.2087596462938563e-06}, "15": {"p_type": 0.5230993978234079, "p_lat": 8.052781302891887e-07, "p_lng": 8.052781302891887e-07}, "16": {"p_type": 0.35616264087681837, "p_lat": 2.9226028241957636e-07, "p_lng": 2.9226028241957636e-07}, "17": {"p_type": 0.4796228173642446, "p_lat": 1.0561806407238805e-07, "p_lng": 1.0561806407238805e-07}, "18": {"p_type": 0.5333106298441428, "p_lat": 3.8010975367264166e-08, "p_lng": 3.8010975367264166e-08}, "19": {"p_type": 0.39862171162488047, "p_lat": 1.3625243822090738e-08, "p_lng": 1.3625243822090738e-08}, "20": {"p_type": 0.4241890154930096, "p_lat": 4.866098302080957e-09, "p_lng": 4.866098302080957e-09}, "21": {"p_type": 0.28643281667856557, "p_lat": 1.7308563471374327e-09, "p_lng": 1.7308563471374327e-09}, "22": {"p_type": 0.2772663903798125, "p_lat": 6.135634222914632e-10, "p_lng": 6.135634222914632e-10}, "23": {"p_type": 0.3378357193299444, "p_lat": 2.1669865901685625e-10, "p_lng": 2.1669865901685625e-10}, "24": {"p_type": 0.24778105791912441, "p_lat": 7.629952225585157e-11, "p_lng": 7.629952225585157e-11}, "25": {"p_type": 0.25451289225052753, "p_lat": 2.6763480320823874e-11, "p_lng": 2.6763480320823874e-11}, "26": {"p_type": 0.2541158605782722, "p_lat": 9.351741603325081e-12, "p_lng": 9.351741603325081e-12}, "27": {"p_type": 0.5770871912749209, "p_lat": 3.2576163988551343e-12, "p_lng": 3.2576163988551343e-12}, "28": {"p_type": 0.5767722972107605, "p_lat": 1.131428284395497e-12, "p_lng": 1.131428284395497e-12}, "29": {"p_type": 0.6865729659954956, "p_lat": 9.702718948290112e-07, "p_lng": 7.08749294808797e-07}, "30": {"p_type": 0.6001963331045159, "p_lat": 6.982920549569727e-07, "p_lng": 1.579889029601489e-07}, "31": {"p_type": 0.5366900416903306, "p_lat": 4.029209759170982e-07, "p_lng": 3.54182293493821e-08}, "32": {"p_type": 0.43590859777454316, "p_lat": 2.581847974303386e-07, "p_lng": 1.616950140448381e-08}, "33": {"p_type": 0.07881348722971893, "p_lat": 0.00025157462237856976, "p_lng": 7.527377409999314e-05}, "34": {"p_type": 0.07881348722971893, "p_lat": 0.006506606916707791, "p_lng": 0.0036355190380907842}, "35": {"p_type": 0.1456996006790685, "p_lat": 0.004730563763453044, "p_lng": 0.002988836751603441}, "36": {"p_type": 0.1386059572133217, "p_lat": 0.003140557102409014, "p_lng": 0.002284346177455654}, "37": {"p_type": 0.1386059572133217, "p_lat": 0.0029421366615788314, "p_lng": 0.0014896421189621867}, "38": {"p_type": 0.1423398947098582, "p_lat": 0.002303375659661766, "p_lng": 0.0010744850062047728}, "39": {"p_type": 0.1898051152371898, "p_lat": 0.0016076894198465697, "p_lng": 0.0007807081379257452}, "40": {"p_type": 0.2019127053330001, "p_lat": 0.001253851274759743, "p_lng": 0.0004980662254325807}, "41": {"p_type": 0.34666466094469717, "p_lat": 0.000849310677928039, "p_lng": 0.00039410509097947966}, "42": {"p_type": 0.34602645325623604, "p_lat": 0.000584267735547428, "p_lng": 0.00023553627881423012}, "43": {"p_type": 0.3667677172781837, "p_lat": 0.0004188430413889499, "p_lng": 0.00015277928805912389}, "44": {"p_type": 0.4105723915643714, "p_lat": 0.0002680282112510479, "p_lng": 0.00011270053358258814}, "45": {"p_type": 0.2851205966916561, "p_lat": 0.00022903937646434613, "p_lng": 7.931440643049736e-05}, "46": {"p_type": 0.2838996644788436, "p_lat": 0.00014810726209169012, "p_lng": 7.616189293424558e-05}, "47": {"p_type": 0.3694772379564456, "p_lat": 0.0001109230447290388, "p_lng": 4.905068674665447e-05}}