{"0": {"p_type": 0.463367332099215, "p_lat": 0.9979508196721331, "p_lng": 0.9979508196721331}, "1": {"p_type": 0.40859235606667754, "p_lat": 0.4966765086080265, "p_lng": 0.4966765086080265}, "2": {"p_type": 0.35276811121776874, "p_lat": 0.21916421890224436, "p_lng": 0.21916421890224436}, "3": {"p_type": 0.35276811121776874, "p_lat": 0.09156170679042397, "p_lng": 0.09156170679042397}, "4": {"p_type": 0.35276811121776874, "p_lat": 0.08722167940126135, "p_lng": 0.6886603435922968}, "5": {"p_type": 0.4361696188742763, "p_lat": 0.06755099136694642, "p_lng": 0.06640028061272307}, "6": {"p_type": 0.29696000553144253, "p_lat": 0.013857133772826491, "p_lng": 0.014319731338656383}, "7": {"p_type": 0.24242386686693385, "p_lat": 0.0024279319210173123, "p_lng": 0.011525247182957443}, "8": {"p_type": 0.24242386686693385, "p_lat": 0.0021816908389646894, "p_lng": 0.0021816908389646894}, "9": {"p_type": 0.24242386686693385, "p_lat": 0.0019519232136359088, "p_lng": 0.000369428081104739}, "10": {"p_type": 0.25779602925291967, "p_lat": 0.0014218230321632053, "p_lng": 0.0003068888896217148}, "11": {"p_type": 0.3481006864949652, "p_lat": 0.0011227846378425443, "p_lng": 0.0002921278713831077}, "12": {"p_type": 0.39005241303742466, "p_lat": 0.0007577039502593141, "p_lng": 0.0002175285850515296}, "13": {"p_type": 0.383852463449077, "p_lat": 0.002860200765011145, "p_lng": 0.003066329385662092}, "14": {"p_type": 0.47054275889611974, "p_lat": 0.0008531834670557625, "p_lng": 0.0009345438138801399}, "15": {"p_type": 0.5230993978234079, "p_lat": 0.0002535560071593723, "p_lng": 0.0006077851685835078}, "16": {"p_type": 0.35616264087681837, "p_lat": 0.00016025381839457342, "p_lng": 0.00014071923082970006}, "17": {"p_type": 0.4796228173642446, "p_lat": 0.00010535338085515544, "p_lng": 3.9010173770948064e-05}, "18": {"p_type": 0.5333106298441428, "p_lat": 6.629683443593049e-05, "p_lng": 2.7668780147593885e-05}, "19": {"p_type": 0.5307027276491262, "p_lat": 0.021840992530247072, "p_lng": 0.00019525469071535184}, "20": {"p_type": 0.5690305599118122, "p_lat": 0.00015080629452313143, "p_lng": 0.00013007763881012213}, "21": {"p_type": 0.42176480450515097, "p_lat": 3.93121163392296e-05, "p_lng": 4.697412067877771e-05}, "22": {"p_type": 0.4125510229591345, "p_lat": 1.1713316804606855e-05, "p_lng": 1.1713316804606855e-05}, "23": {"p_type": 0.3378357193299444, "p_lat": 8.422318278134e-06, "p_lng": 8.422318278134e-06}, "24": {"p_type": 0.22127708896368303, "p_lat": 6.322302627537191e-06, "p_lng": 4.959989530983755e-06}, "25": {"p_type": 0.14741567478330797, "p_lat": 2.8661906825711014e-06, "p_lng": 3.7266122446810712e-06}, "26": {"p_type": 0.14741567478330797, "p_lat": 1.568731866630202e-06, "p_lng": 2.085281878727585e-06}, "27": {"p_type": 0.12529778668282643, "p_lat": 1.4509628196712754e-06, "p_lng": 1.4509628196712754e-06}, "28": {"p_type": 0.12529778668282643, "p_lat": 9.128790580126278e-07, "p_lng": 9.128790580126278e-07}, "29": {"p_type": 0.21089369639553468, "p_lat": 7.08749294808797e-07, "p_lng": 7.08749294808797e-07}, "30": {"p_type": 0.5366900416903306, "p_lat": 3.403713332295055e-07, "p_lng": 3.403713332295055e-07}, "31": {"p_type": 0.4543501023752693, "p_lat": 2.760926191003321e-07, "p_lng": 8.420582275903143e-08}, "32": {"p_type": 0.3591690168048758, "p_lat": 1.2357206569113544e-07, "p_lng": 8.617371527464002e-08}, "33": {"p_type": 0.034391887844818614, "p_lat": 9.714320892140194e-08, "p_lng": 3.0890023539065226e-08}, "34": {"p_type": 0.0342970791560121, "p_lat": 5.964015326043182e-08, "p_lng": 3.36070015150014e-08}, "35": {"p_type": 0.05549844955384953, "p_lat": 2.6474936465348264e-08, "p_lng": 1.7955572029215716e-08}, "36": {"p_type": 0.06538286688988992, "p_lat": 2.1986949483299156e-08, "p_lng": 1.1518314968483878e-08}, "37": {"p_type": 0.06526946663561817, "p_lat": 7.520629341506435e-09, "p_lng": 9.108310883298998e-09}, "38": {"p_type": 0.06268977166495815, "p_lat": 8.648109561804063e-09, "p_lng": 2.818136946025618e-09}, "39": {"p_type": 0.09714622543961293, "p_lat": 6.760325632626518e-09, "p_lng": 1.8428659709357476e-09}, "40": {"p_type": 0.10021984097252468, "p_lat": 3.430462913733834e-09, "p_lng": 1.4475146636883096e-09}, "41": {"p_type": 0.21142281063910862, "p_lat": 1.9522066185828635e-09, "p_lng": 1.364476975851403e-09}, "42": {"p_type": 0.2112757969254655, "p_lat": 1.2338172705739225e-09, "p_lng": 4.0977476967185567e-10}, "43": {"p_type": 0.22282676911297916, "p_lat": 4.4363412943226876e-10, "p_lng": 5.687086357397675e-10}, "44": {"p_type": 0.16440523228181259, "p_lat": 7.332693341410845e-10, "p_lng": 2.2466661864228854e-10}, "45": {"p_type": 0.17471158455117242, "p_lat": 1.5691881127821716e-10, "p_lng": 9.77407044189249e-11}, "46": {"p_type": 0.17423293397009898, "p_lat": 1.6383294720867525e-10, "p_lng": 1.1213652229002946e-10}}