{"0": {"p_type": 0.463367332099215, "p_lat": 0.9979508196721331, "p_lng": 0.9979508196721331}, "1": {"p_type": 0.463367332099215, "p_lat": 0.9999968522575624, "p_lng": 0.9999968522575624}, "2": {"p_type": 0.5162326184463125, "p_lat": 0.925234989121893, "p_lng": 0.925234989121893}, "3": {"p_type": 0.4988677193588429, "p_lat": 0.8110799612129309, "p_lng": 0.8110799612129309}, "4": {"p_type": 0.4900844431873984, "p_lat": 0.6886603435922968, "p_lng": 0.6886603435922968}, "5": {"p_type": 0.657704044165409, "p_lat": 0.5732104359258673, "p_lng": 0.5732104359258673}, "6": {"p_type": 0.640552227211231, "p_lat": 0.048586480092980056, "p_lng": 0.47068844356171224}, "7": {"p_type": 0.7867089815660595, "p_lat": 0.03345002491076754, "p_lng": 0.38239402218410956}, "8": {"p_type": 0.7683302619236406, "p_lat": 0.022622265806791275, "p_lng": 0.30814528597005864}, "9": {"p_type": 0.7544575734357659, "p_lat": 0.01595418064556242, "p_lng": 0.2465499138106937}, "10": {"p_type": 0.813970212824508, "p_lat": 0.010938878414279207, "p_lng": 0.19638479987081725}, "11": {"p_type": 0.8487961172233521, "p_lat": 0.007041212518425488, "p_lng": 0.15574868679582743}, "12": {"p_type": 0.8923794844029922, "p_lat": 0.0045925910357933475, "p_lng": 0.12292637695404385}, "13": {"p_type": 0.8802722481217783, "p_lat": 0.003066329385662092, "p_lng": 0.09678123104381875}, "14": {"p_type": 0.9042348535151343, "p_lat": 0.001983414979921938, "p_lng": 0.0759279806747617}, "15": {"p_type": 0.9325939528825872, "p_lat": 0.0011915154567506692, "p_lng": 0.05949817613886599}, "16": {"p_type": 0.925071957986247, "p_lat": 0.0008274578211623362, "p_lng": 0.046457077255978585}, "17": {"p_type": 0.9636825556576849, "p_lat": 0.0004915359889370308, "p_lng": 0.03616652588991165}, "18": {"p_type": 0.9587972314594162, "p_lat": 0.0003301688312778994, "p_lng": 0.028146419741017503}, "19": {"p_type": 0.9541952221736785, "p_lat": 0.00019525469071535184, "p_lng": 0.00022363778736700368}, "20": {"p_type": 0.969079884700613, "p_lat": 0.00013007763881012213, "p_lng": 0.00013007763881012213}, "21": {"p_type": 0.9651056386546657, "p_lat": 8.276837633902634e-05, "p_lng": 8.276837633902634e-05}, "22": {"p_type": 0.9839513769923367, "p_lat": 4.950819552651531e-05, "p_lng": 4.950819552651531e-05}, "23": {"p_type": 0.9871392193647002, "p_lat": 3.2435268310759824e-05, "p_lng": 3.2435268310759824e-05}, "24": {"p_type": 0.9854710529654579, "p_lat": 1.9116584966227812e-05, "p_lng": 2.354799011361486e-05}, "25": {"p_type": 0.9905695132473332, "p_lat": 1.2300929906561286e-05, "p_lng": 1.539206969813911e-05}, "26": {"p_type": 0.9892095690875438, "p_lat": 1.105678004498234e-05, "p_lng": 8.716706573652644e-06}, "27": {"p_type": 0.9931586095618754, "p_lat": 6.79674502701566e-06, "p_lng": 5.260080455649074e-06}, "28": {"p_type": 0.9920769068621091, "p_lat": 3.422827065446832e-06, "p_lng": 3.422827065446832e-06}, "29": {"p_type": 0.9957228031634834, "p_lat": 2.4074106529381467e-06, "p_lng": 2.4074106529381467e-06}, "30": {"p_type": 0.9973047191019784, "p_lat": 1.3691014622008169e-06, "p_lng": 1.8674400624751897e-06}, "31": {"p_type": 0.9968832612977688, "p_lat": 8.179664608976012e-07, "p_lng": 8.179664608976012e-07}, "32": {"p_type": 0.9964474174606052, "p_lat": 5.158840528096675e-07, "p_lng": 7.333397445963286e-07}, "33": {"p_type": 0.9984740657590214, "p_lat": 3.535370320939535e-07, "p_lng": 2.4115115049294644e-07}, "34": {"p_type": 0.9982403135469231, "p_lat": 1.7301252452917026e-07, "p_lng": 2.5801109637679787e-07}, "35": {"p_type": 0.9992670030229777, "p_lat": 1.3415864896781926e-07, "p_lng": 1.3415864896781926e-07}, "36": {"p_type": 0.9994257247241025, "p_lat": 1.1313850079019971e-07, "p_lng": 7.271067503644701e-08}, "37": {"p_type": 0.9993383749775216, "p_lat": 4.110015539016132e-08, "p_lng": 4.110015539016132e-08}, "38": {"p_type": 0.999592045776184, "p_lat": 2.4076037274944895e-08, "p_lng": 2.4076037274944895e-08}, "39": {"p_type": 0.9996829019144035, "p_lat": 2.5361836075710187e-08, "p_lng": 1.5071496828333864e-08}, "40": {"p_type": 0.9998083091363019, "p_lat": 9.831946701233107e-09, "p_lng": 1.6937827473917366e-08}, "41": {"p_type": 0.9999007603380394, "p_lat": 6.917434514086551e-09, "p_lng": 1.2167795881978805e-08}, "42": {"p_type": 0.9998846909720738, "p_lat": 5.105954770101562e-09, "p_lng": 4.597438399789322e-05}, "43": {"p_type": 0.999930363385013, "p_lat": 4.014087284787138e-09, "p_lng": 3.478922240340854e-05}, "44": {"p_type": 0.9999461072067202, "p_lat": 1.7678128960696426e-09, "p_lng": 2.6305629114653506e-05}, "45": {"p_type": 0.9999680026382597, "p_lat": 1.5590500002105045e-09, "p_lng": 1.987837015482441e-05}, "46": {"p_type": 0.9999621943971723, "p_lat": 1.8691466474596297e-07, "p_lng": 1.5029553111167715e-05}, "47": {"p_type": 0.9999709231218011, "p_lat": 8.970569120858585e-08, "p_lng": 1.1342239766176654e-05}, "48": {"p_type": 0.9999826848534537, "p_lat": 3.825601646578747e-08, "p_lng": 8.561250988026181e-06}, "49": {"p_type": 0.9999796094504749, "p_lat": 2.5752871946060907e-08, "p_lng": 6.4294199983994105e-06}, "50": {"p_type": 0.9999880097320963, "p_lat": 9.496766817385094e-09, "p_lng": 4.840770008618378e-06}, "51": {"p_type": 0.9999906896115713, "p_lat": 3.267675241502843e-09, "p_lng": 3.6505964770006116e-06}, "52": {"p_type": 0.9999890671366127, "p_lat": 2.2530263210640555e-09, "p_lng": 2.7487634693956764e-06}, "53": {"p_type": 0.999995792319906, "p_lat": 3.5348399762824556e-09, "p_lng": 2.057425868784435e-06}, "54": {"p_type": 0.9999950224730169, "p_lat": 7.512557242961293e-10, "p_lng": 1.5468929936979237e-06}, "55": {"p_type": 0.9999971039530058, "p_lat": 3.650447721881278e-10, "p_lng": 1.1644021583601116e-06}, "56": {"p_type": 0.9999965519287154, "p_lat": 2.2266233301593275e-10, "p_lng": 8.695888457088685e-07}, "57": {"p_type": 0.9999959353239014, "p_lat": 2.8469560042765352e-11, "p_lng": 6.536777052978948e-07}, "58": {"p_type": 0.9999984547179207, "p_lat": 3.065903086962862e-11, "p_lng": 4.882638385828031e-07}, "59": {"p_type": 0.9999988090972451, "p_lat": 2.2866691351541846e-07, "p_lng": 3.664599024233439e-07}, "60": {"p_type": 0.999999313366668, "p_lat": 9.09398839565867e-08, "p_lng": 2.749291837522705e-07}, "61": {"p_type": 0.9999991797141748, "p_lat": 3.3486952766281775e-08, "p_lng": 2.0461415439765318e-07}, "62": {"p_type": 0.999999029162335, "p_lat": 2.3166741636160282e-08, "p_lng": 1.5357454696829365e-07}, "63": {"p_type": 0.9999994373531197, "p_lat": 1.7184946354831254e-08, "p_lng": 1.1416007672515605e-07}, "64": {"p_type": 0.9999993302879262, "p_lat": 7.1880783547584315e-09, "p_lng": 8.514062121989241e-08}, "65": {"p_type": 0.9999994883406562, "p_lat": 6.908481897660579e-09, "p_lng": 6.363760685079711e-08}, "66": {"p_type": 0.9999998080317367, "p_lat": 1.7872477942049159e-09, "p_lng": 4.728347080540374e-08}, "67": {"p_type": 0.9999998529411804, "p_lat": 2.620676120557164e-09, "p_lng": 3.537142168053009e-08}, "68": {"p_type": 0.9999999155837, "p_lat": 2.622322092804552e-08, "p_lng": 2.622322092804552e-08}, "69": {"p_type": 0.9999998991612393, "p_lat": 1.9614067370277155e-08, "p_lng": 1.9614067370277155e-08}, "70": {"p_type": 0.9999998805349155, "p_lat": 1.4523733216087464e-08, "p_lng": 1.4523733216087464e-08}, "71": {"p_type": 0.9999999557094752, "p_lat": 1.0778287928836505e-08, "p_lng": 1.0778287928836505e-08}, "72": {"p_type": 0.9999999472370104, "p_lat": 5.722811113884063e-11, "p_lng": 8.040428101097064e-09}, "73": {"p_type": 0.9999999806731377, "p_lat": 5.94616567095585e-09, "p_lng": 5.94616567095585e-09}, "74": {"p_type": 0.9999999768518784, "p_lat": 2.0957346968941692e-11, "p_lng": 4.412082255100813e-09}, "75": {"p_type": 0.999999972491584, "p_lat": 4.955258425809461e-12, "p_lng": 3.2819560402685966e-09}, "76": {"p_type": 0.9999999842475431, "p_lat": 6.813660746729511e-12, "p_lng": 2.4227665429421563e-09}, "77": {"p_type": 0.9999999879448821, "p_lat": 1.5241141682054149e-12, "p_lng": 1.7947610064794617e-09}, "78": {"p_type": 0.9999999931604212, "p_lat": 6.358247262028272e-13,