{"0": {"p_type": 0.463367332099215, "p_lat": 0.9979508196721331, "p_lng": 0.9979508196721331}, "1": {"p_type": 0.657704044165409, "p_lat": 0.4966765086080265, "p_lng": 0.4966765086080265}, "2": {"p_type": 0.8487961172233521, "p_lat": 0.21916421890224436, "p_lng": 0.21916421890224436}, "3": {"p_type": 0.9787735136970911, "p_lat": 0.8110799612129309, "p_lng": 0.09384588327385923}, "4": {"p_type": 0.9989497002688895, "p_lat": 0.6886603435922968, "p_lng": 0.0860208803090432}, "5": {"p_type": 0.9999824398333543, "p_lat": 0.5732104359258673, "p_lng": 0.5732104359258673}, "6": {"p_type": 0.9999999012047289, "p_lat": 0.048586480092980056, "p_lng": 0.47068844356171224}, "7": {"p_type": 0.9999999998114326, "p_lat": 0.38239402218410956, "p_lng": 0.38239402218410956}}