{"0": {"p_type": 0.463367332099215, "p_lat": 0.9979508196721331, "p_lng": 0.9979508196721331}, "1": {"p_type": 0.657704044165409, "p_lat": 0.4966765086080265, "p_lng": 0.4966765086080265}, "2": {"p_type": 0.8487961172233521, "p_lat": 0.21916421890224436, "p_lng": 0.21916421890224436}, "3": {"p_type": 0.9787735136970911, "p_lat": 0.8110799612129309, "p_lng": 0.8110799612129309}, "4": {"p_type": 0.9989497002688895, "p_lat": 0.08722167940126135, "p_lng": 0.6886603435922968}, "5": {"p_type": 0.998721595883124, "p_lat": 0.06755099136694642, "p_lng": 0.06640028061272307}, "6": {"p_type": 0.9999783256340156, "p_lat": 0.048586480092980056, "p_lng": 0.014319731338656383}, "7": {"p_type": 0.9999998768996832, "p_lat": 0.011525247182957443, "p_lng": 0.0024279319210173123}, "8": {"p_type": 0.999999999763494, "p_lat": 0.0021816908389646894, "p_lng": 0.0021816908389646894}, "9": {"p_type": 0.9999999999998445, "p_lat": 0.0019519232136359088, "p_lng": 0.001830715144040207}, "10": {"p_type": 0.9999999999999999, "p_lat": 0.0014218230321632053, "p_lng": 0.0014218230321632053}}