{"0": {"p_type": 0.463367332099215, "p_lat": 0.9979508196721331, "p_lng": 0.9979508196721331}, "1": {"p_type": 0.657704044165409, "p_lat": 0.4966765086080265, "p_lng": 0.4966765086080265}, "2": {"p_type": 0.8487961172233521, "p_lat": 0.21916421890224436, "p_lng": 0.21916421890224436}, "3": {"p_type": 0.9787735136970911, "p_lat": 0.09156170679042397, "p_lng": 0.09156170679042397}, "4": {"p_type": 0.9989497002688895, "p_lat": 0.037043980407650334, "p_lng": 0.037043980407650334}, "5": {"p_type": 0.9787735136970911, "p_lat": 0.01466677320887777, "p_lng": 0.01466677320887777}, "6": {"p_type": 0.997221745498938, "p_lat": 0.005715459051512384, "p_lng": 0.005715459051512384}, "7": {"p_type": 0.9997886214965332, "p_lat": 0.002199817371031698, "p_lng": 0.002199817371031698}, "8": {"p_type": 0.9999906896115713, "p_lat": 0.0008381444310797681, "p_lng": 0.0008381444310797681}, "9": {"p_type": 0.9999997623006615, "p_lat": 0.0003166228695794526, "p_lng": 0.0003166228695794526}, "10": {"p_type": 0.9999999944786236, "p_lat": 0.00011871490945225549, "p_lng": 0.00011871490945225549}, "11": {"p_type": 0.9999986457547075, "p_lat": 4.4217987363093236e-05, "p_lng": 4.4217987363093236e-05}, "12": {"p_type": 0.9999999146934593, "p_lat": 1.6372989680601968e-05, "p_lng": 1.6372989680601968e-05}, "13": {"p_type": 0.9999999975709023, "p_lat": 6.028554426107391e-06, "p_lng": 6.028554426107391e-06}, "14": {"p_type": 0.9999999999694005, "p_lat": 2.2087596462938563e-06, "p_lng": 2.2087596462938563e-06}, "15": {"p_type": 0.9999999999993293, "p_lat": 0.05949817613886599, "p_lng": 2.402252824895701e-05}, "16": {"p_type": 0.9999999999999934, "p_lat": 0.046457077255978585, "p_lng": 4.739064541015026e-06}, "17": {"p_type": 0.9999999999877222, "p_lat": 0.03616652588991165, "p_lng": 4.019874874194862e-06}, "18": {"p_type": 0.9999999999997229, "p_lat": 0.0003301688312778994, "p_lng": 2.7435757736782307e-06}, "19": {"p_type": 0.9999999999999952, "p_lat": 0.00022363778736700368, "p_lng": 1.9664827508591998e-06}, "20": {"p_type": 0.9999999999999999, "p_lat": 0.00015080629452313143, "p_lng": 1.2669201899795368e-06}, "21": {"p_type": 1.0, "p_lat": 8.276837633902634e-05, "p_lng": 1.105189127659223e-06}, "22": {"p_type": 1.0, "p_lat": 4.950819552651531e-05, "p_lng": 8.98768790280613e-07}, "23": {"p_type": 1.0, "p_lat": 3.926994736314082e-05, "p_lng": 6.068822292482068e-07}, "24": {"p_type": 1.0, "p_lat": 1.9116584966227812e-05, "p_lng": 3.0645231285930663e-07}, "25": {"p_type": 1.0, "p_lat": 1.2300929906561286e-05, "p_lng": 2.744385125819093e-07}, "26": {"p_type": 1.0, "p_lat": 8.716706573652644e-06, "p_lng": 1.5590247204322338e-07}, "27": {"p_type": 1.0, "p_lat": 2.8054205293281953e-06, "p_lng": 1.0087935720104468e-07}, "28": {"p_type": 1.0, "p_lat": 9.128790580126278e-07, "p_lng": 7.302921001262064e-08}, "29": {"p_type": 1.0, "p_lat": 1.7602144253281438e-07, "p_lng": 5.5816117727758296e-08}, "30": {"p_type": 1.0, "p_lat": 6.953311437740695e-08, "p_lng": 2.8867633061757658e-08}, "31": {"p_type": 1.0, "p_lat": 2.2280370548521944e-08, "p_lng": 1.3991058978035653e-08}, "32": {"p_type": 1.0, "p_lat": 0.0007144983266214044, "p_lng": 7.333397445963286e-07}, "33": {"p_type": 1.0, "p_lat": 3.535370320939535e-07, "p_lng": 2.4115115049294644e-07}, "34": {"p_type": 1.0, "p_lat": 1.7301252452917026e-07, "p_lng": 1.5497890182292196e-07}, "35": {"p_type": 1.0, "p_lat": 1.3415864896781926e-07, "p_lng": 2.6474936465348264e-08}, "36": {"p_type": 1.0, "p_lat": 7.271067503644701e-08, "p_lng": 1.1518314968483878e-08}, "37": {"p_type": 1.0, "p_lat": 6.571165522828437e-08, "p_lng": 3.5967251399426914e-09}, "38": {"p_type": 1.0, "p_lat": 3.952741012280825e-08, "p_lng": 1.5924535023970066e-09}}