{"0": {"p_type": 0.463367332099215, "p_lat": 0.9979508196721331, "p_lng": 0.9979508196721331}, "1": {"p_type": 0.657704044165409, "p_lat": 0.4966765086080265, "p_lng": 0.4966765086080265}, "2": {"p_type": 0.8487961172233521, "p_lat": 0.21916421890224436, "p_lng": 0.21916421890224436}, "3": {"p_type": 0.9787735136970911, "p_lat": 0.8110799612129309, "p_lng": 0.8110799612129309}, "4": {"p_type": 0.9989497002688895, "p_lat": 0.08722167940126135, "p_lng": 0.0860208803090432}, "5": {"p_type": 0.9787735136970911, "p_lat": 0.5732104359258673, "p_lng": 0.5732104359258673}, "6": {"p_type": 0.997221745498938, "p_lat": 0.47068844356171224, "p_lng": 0.47068844356171224}, "7": {"p_type": 0.9997886214965332, "p_lat": 0.38239402218410956, "p_lng": 0.38239402218410956}, "8": {"p_type": 0.9999906896115713, "p_lat": 0.30814528597005864, "p_lng": 0.30814528597005864}, "9": {"p_type": 0.9999997623006615, "p_lat": 0.2465499138106937, "p_lng": 0.01595418064556242}, "10": {"p_type": 0.9999999944786236, "p_lat": 0.19638479987081725, "p_lng": 0.004300730329697133}, "11": {"p_type": 0.9999986457547075, "p_lat": 0.15574868679582743, "p_lng": 0.001038585463938646}, "12": {"p_type": 0.9999999146934593, "p_lat": 0.12292637695404385, "p_lng": 0.0002175285850515296}, "13": {"p_type": 0.9999999975709023, "p_lat": 0.09678123104381875, "p_lng": 4.5451673562846295e-05}, "14": {"p_type": 0.9999999999694005, "p_lat": 0.0759279806747617, "p_lng": 3.1858733617440294e-05}, "15": {"p_type": 0.9999999999993293, "p_lat": 0.05949817613886599, "p_lng": 2.402252824895701e-05}, "16": {"p_type": 0.9999999999999934, "p_lat": 0.046457077255978585, "p_lng": 4.739064541015026e-06}, "17": {"p_type": 0.9999999999877222, "p_lat": 0.03616652588991165, "p_lng": 4.019874874194862e-06}, "18": {"p_type": 0.9999999999997229, "p_lat": 0.028146419741017503, "p_lng": 2.7435757736782307e-06}, "19": {"p_type": 0.9999999999999952, "p_lat": 0.021840992530247072, "p_lng": 1.9664827508591998e-06}, "20": {"p_type": 0.9999999999999999, "p_lat": 0.016933017661607375, "p_lng": 1.6361955686994278e-06}, "21": {"p_type": 1.0, "p_lat": 0.01309758777451664, "p_lng": 1.105189127659223e-06}, "22": {"p_type": 1.0, "p_lat": 0.010119860572586181, "p_lng": 6.766296569704622e-07}, "23": {"p_type": 1.0, "p_lat": 0.007794695545380259, "p_lng": 6.068822292482068e-07}, "24": {"p_type": 1.0, "p_lat": 0.006003593934093554, "p_lng": 3.0645231285930663e-07}, "25": {"p_type": 1.0, "p_lat": 0.00461904944665148, "p_lng": 1.9573745246859175e-07}, "26": {"p_type": 1.0, "p_lat": 0.0035501507643046493, "p_lng": 1.5590247204322338e-07}, "27": {"p_type": 1.0, "p_lat": 0.002729367049142062, "p_lng": 6.874952862556682e-08}, "28": {"p_type": 1.0, "p_lat": 0.0020893278928920678, "p_lng": 7.302921001262064e-08}, "29": {"p_type": 1.0, "p_lat": 0.0015999539982757272, "p_lng": 5.5816117727758296e-08}, "30": {"p_type": 1.0, "p_lat": 0.0012270550483750586, "p_lng": 2.8867633061757658e-08}, "31": {"p_type": 1.0, "p_lat": 0.0009380479898277727, "p_lng": 1.3991058978035653e-08}, "32": {"p_type": 1.0, "p_lat": 0.0007144983266214044, "p_lng": 1.616950140448381e-08}, "33": {"p_type": 1.0, "p_lat": 0.0005454727147650162, "p_lng": 6.333619961829129e-09}, "34": {"p_type": 1.0, "p_lat": 0.0004164540287682206, "p_lng": 5.8165106064933525e-09}, "35": {"p_type": 1.0, "p_lat": 0.00031643021440652674, "p_lng": 1.461570531269274e-09}, "36": {"p_type": 1.0, "p_lat": 0.00024135273134540114, "p_lng": 1.5859268343021427e-09}, "37": {"p_type": 1.0, "p_lat": 0.0001831813829691331, "p_lng": 1.3528352882374861e-09}}