{"0": {"p_type": 0.463367332099215, "p_lat": 0.9979508196721331, "p_lng": 0.9979508196721331}, "1": {"p_type": 0.463367332099215, "p_lat": 0.4966765086080265, "p_lng": 0.4966765086080265}, "2": {"p_type": 0.29696000553144253, "p_lat": 0.21916421890224436, "p_lng": 0.21916421890224436}, "3": {"p_type": 0.27857305582251723, "p_lat": 0.09156170679042397, "p_lng": 0.09156170679042397}, "4": {"p_type": 0.2694478799875831, "p_lat": 0.037043980407650334, "p_lng": 0.037043980407650334}, "5": {"p_type": 0.21606831375218472, "p_lat": 0.01466677320887777, "p_lng": 0.01466677320887777}, "6": {"p_type": 0.22127708896368303, "p_lat": 0.005715459051512384, "p_lng": 0.005715459051512384}, "7": {"p_type": 0.21089369639553468, "p_lat": 0.002199817371031698, "p_lng": 0.002199817371031698}, "8": {"p_type": 0.31548700479724523, "p_lat": 0.0008381444310797681, "p_lng": 0.0008381444310797681}, "9": {"p_type": 0.5453226230953033, "p_lat": 0.0003166228695794526, "p_lng": 0.0003166228695794526}, "10": {"p_type": 0.4710539319884516, "p_lat": 0.00011871490945225549, "p_lng": 0.00011871490945225549}, "11": {"p_type": 0.27857305582251723, "p_lat": 4.4217987363093236e-05, "p_lng": 4.4217987363093236e-05}, "12": {"p_type": 0.23797989050030877, "p_lat": 1.6372989680601968e-05, "p_lng": 1.6372989680601968e-05}, "13": {"p_type": 0.2365028358656508, "p_lat": 6.028554426107391e-06, "p_lng": 6.028554426107391e-06}, "14": {"p_type": 0.47054275889611974, "p_lat": 2.2087596462938563e-06, "p_lng": 2.2087596462938563e-06}, "15": {"p_type": 0.360235713050986, "p_lat": 8.052781302891887e-07, "p_lng": 8.052781302891887e-07}, "16": {"p_type": 0.36973563254249564, "p_lat": 2.9226028241957636e-07, "p_lng": 2.9226028241957636e-07}, "17": {"p_type": 0.20204057439759704, "p_lat": 1.0561806407238805e-07, "p_lng": 1.0561806407238805e-07}, "18": {"p_type": 0.19896087138581198, "p_lat": 3.8010975367264166e-08, "p_lng": 3.8010975367264166e-08}, "19": {"p_type": 0.19636619446969483, "p_lat": 1.3625243822090738e-08, "p_lng": 1.3625243822090738e-08}, "20": {"p_type": 0.23084252967747232, "p_lat": 4.866098302080957e-09, "p_lng": 4.866098302080957e-09}, "21": {"p_type": 0.2285235382672932, "p_lat": 1.7308563471374327e-09, "p_lng": 1.7308563471374327e-09}, "22": {"p_type": 0.17297863438855043, "p_lat": 6.135634222914632e-10, "p_lng": 6.135634222914632e-10}, "23": {"p_type": 0.14894100596326354, "p_lat": 2.1669865901685625e-10, "p_lng": 2.1669865901685625e-10}, "24": {"p_type": 0.1855856405059182, "p_lat": 7.629952225585157e-11, "p_lng": 7.629952225585157e-11}, "25": {"p_type": 0.24778105791912441, "p_lat": 2.6763480320823874e-11, "p_lng": 2.6763480320823874e-11}, "26": {"p_type": 0.24620272632838158, "p_lat": 9.38782561021867e-07, "p_lng": 2.630340389941921e-11}, "27": {"p_type": 0.2274467595760532, "p_lat": 0.0006393645800363279, "p_lng": 2.2782791860964657e-05}, "28": {"p_type": 0.2271028556256356, "p_lat": 0.0003388293639540185, "p_lng": 1.695425764070002e-05}, "29": {"p_type": 0.18254828338320683, "p_lat": 0.00017614251964981342, "p_lng": 8.133379831298804e-06}, "30": {"p_type": 0.17738027228796682, "p_lat": 9.879982692828637e-05, "p_lng": 4.596766175590794e-06}, "31": {"p_type": 0.17738027228796682, "p_lat": 0.00024224306456654965, "p_lng": 2.742242019104779e-05}, "32": {"p_type": 0.17738027228796682, "p_lat": 0.003437414029608954, "p_lng": 0.0009298588813363429}, "33": {"p_type": 0.23330309427574036, "p_lat": 0.002481223773470931, "p_lng": 0.0007381874313494574}}