{"0": {"p_type": 0.463367332099215, "p_lat": 0.9979508196721331, "p_lng": 0.9979508196721331}, "1": {"p_type": 0.40859235606667754, "p_lat": 0.4966765086080265, "p_lng": 0.4966765086080265}, "2": {"p_type": 0.29696000553144253, "p_lat": 0.21916421890224436, "p_lng": 0.21916421890224436}, "3": {"p_type": 0.27857305582251723, "p_lat": 0.09156170679042397, "p_lng": 0.09156170679042397}, "4": {"p_type": 0.2694478799875831, "p_lat": 0.037043980407650334, "p_lng": 0.037043980407650334}, "5": {"p_type": 0.21606831375218472, "p_lat": 0.01466677320887777, "p_lng": 0.01466677320887777}, "6": {"p_type": 0.22127708896368303, "p_lat": 0.005715459051512384, "p_lng": 0.005715459051512384}, "7": {"p_type": 0.21089369639553468, "p_lat": 0.002199817371031698, "p_lng": 0.002199817371031698}, "8": {"p_type": 0.31548700479724523, "p_lat": 0.0008381444310797681, "p_lng": 0.0008381444310797681}, "9": {"p_type": 0.30488589062657745, "p_lat": 0.015355903265716231, "p_lng": 0.001830715144040207}, "10": {"p_type": 0.4710539319884516, "p_lat": 0.004300730329697133, "p_lng": 0.0014218230321632053}, "11": {"p_type": 0.27857305582251723, "p_lat": 0.002712233481468207, "p_lng": 0.0011227846378425443}, "12": {"p_type": 0.23797989050030877, "p_lat": 0.0018118416401718962, "p_lng": 0.0007577039502593141}, "13": {"p_type": 0.2365028358656508, "p_lat": 0.0012700179838072145, "p_lng": 0.0005413856889666668}, "14": {"p_type": 0.47054275889611974, "p_lat": 0.00035279574526880797, "p_lng": 0.00035279574526880797}, "15": {"p_type": 0.43799579470222305, "p_lat": 9.22682230611871e-05, "p_lng": 0.0002254931178476971}, "16": {"p_type": 0.35616264087681837, "p_lat": 1.8617369099249714e-05, "p_lng": 0.00016025381839457342}, "17": {"p_type": 0.20204057439759704, "p_lat": 4.019874874194862e-06, "p_lng": 0.00010535338085515544}, "18": {"p_type": 0.19896087138581198, "p_lat": 5.643494902507484e-07, "p_lng": 7.728659744676847e-05}, "19": {"p_type": 0.19636619446969483, "p_lat": 0.00022363778736700368, "p_lng": 4.331026142945227e-05}, "20": {"p_type": 0.17351121394955882, "p_lat": 6.855172405950682e-05, "p_lng": 2.840836340145536e-05}, "21": {"p_type": 0.17297863438855043, "p_lat": 1.747204832647231e-05, "p_lng": 1.747204832647231e-05}, "22": {"p_type": 0.17297863438855043, "p_lat": 4.567823471357535e-06, "p_lng": 1.1713316804606855e-05}, "23": {"p_type": 0.14894100596326354, "p_lat": 1.7423709712804936e-06, "p_lng": 3.4927165331044563e-06}, "24": {"p_type": 0.1855856405059182, "p_lat": 4.2134847988428703e-07, "p_lng": 2.327623833786596e-06}, "25": {"p_type": 0.24778105791912441, "p_lat": 9.785238630488635e-08, "p_lng": 1.6772263156106249e-06}, "26": {"p_type": 0.24620272632838158, "p_lat": 1.819783645995443e-08, "p_lng": 9.38782561021867e-07}, "27": {"p_type": 0.2274467595760532, "p_lat": 5.238151579156636e-09, "p_lng": 5.139584460245317e-07}, "28": {"p_type": 0.2271028556256356, "p_lat": 1.1729903715007595e-09, "p_lng": 3.725756966277416e-07}, "29": {"p_type": 0.18254828338320683, "p_lat": 7.775476928983949e-10, "p_lng": 2.5425026484171553e-07}, "30": {"p_type": 0.17738027228796682, "p_lat": 4.1226777547365145e-10, "p_lng": 1.579889029601489e-07}}