{"0": {"p_type": 0.463367332099215, "p_lat": 0.9979508196721331, "p_lng": 0.9979508196721331}, "1": {"p_type": 0.40859235606667754, "p_lat": 0.4966765086080265, "p_lng": 0.4966765086080265}, "2": {"p_type": 0.35276811121776874, "p_lat": 0.21916421890224436, "p_lng": 0.21916421890224436}, "3": {"p_type": 0.35276811121776874, "p_lat": 0.09156170679042397, "p_lng": 0.09156170679042397}, "4": {"p_type": 0.35276811121776874, "p_lat": 0.037043980407650334, "p_lng": 0.037043980407650334}, "5": {"p_type": 0.29696000553144253, "p_lat": 0.01466677320887777, "p_lng": 0.01466677320887777}, "6": {"p_type": 0.21089369639553468, "p_lat": 0.005715459051512384, "p_lng": 0.005715459051512384}, "7": {"p_type": 0.24242386686693385, "p_lat": 0.002199817371031698, "p_lng": 0.002199817371031698}, "8": {"p_type": 0.24242386686693385, "p_lat": 0.0008381444310797681, "p_lng": 0.0008381444310797681}, "9": {"p_type": 0.24242386686693385, "p_lat": 0.0003166228695794526, "p_lng": 0.0003166228695794526}, "10": {"p_type": 0.25779602925291967, "p_lat": 0.00011871490945225549, "p_lng": 0.00011871490945225549}, "11": {"p_type": 0.3481006864949652, "p_lat": 4.4217987363093236e-05, "p_lng": 4.4217987363093236e-05}, "12": {"p_type": 0.39005241303742466, "p_lat": 1.6372989680601968e-05, "p_lng": 1.6372989680601968e-05}, "13": {"p_type": 0.383852463449077, "p_lat": 6.028554426107391e-06, "p_lng": 6.028554426107391e-06}, "14": {"p_type": 0.3266500448095673, "p_lat": 2.2087596462938563e-06, "p_lng": 2.2087596462938563e-06}, "15": {"p_type": 0.360235713050986, "p_lat": 8.052781302891887e-07, "p_lng": 8.052781302891887e-07}, "16": {"p_type": 0.4369999104198461, "p_lat": 2.9226028241957636e-07, "p_lng": 2.9226028241957636e-07}, "17": {"p_type": 0.5363833331603691, "p_lat": 1.0561806407238805e-07, "p_lng": 1.0561806407238805e-07}, "18": {"p_type": 0.399334919485282, "p_lat": 3.8010975367264166e-08, "p_lng": 3.8010975367264166e-08}, "19": {"p_type": 0.3062090960711319, "p_lat": 1.3625243822090738e-08, "p_lng": 1.3625243822090738e-08}, "20": {"p_type": 0.27857305582251723, "p_lat": 6.855172405950682e-05, "p_lng": 1.0576941987472388e-05}, "21": {"p_type": 0.250084813480136, "p_lat": 8.276837633902634e-05, "p_lng": 8.775767733615325e-06}, "22": {"p_type": 0.30488589062657745, "p_lat": 0.0036238422711205587, "p_lng": 0.0022871895050784463}, "23": {"p_type": 0.27674400074567496, "p_lat": 0.002493714273800518, "p_lng": 0.0013041352262301853}, "24": {"p_type": 0.19056689262255755, "p_lat": 0.0019047477351716857, "p_lng": 0.0006215312812712925}, "25": {"p_type": 0.10081034990616022, "p_lat": 0.001053732304100774, "p_lng": 0.000385363073856948}, "26": {"p_type": 0.21912825861237417, "p_lat": 0.0006562975335386856, "p_lng": 0.00020191140046488254}, "27": {"p_type": 0.1935166101700727, "p_lat": 0.0003344592179670425, "p_lng": 9.080779629921931e-05}, "28": {"p_type": 0.25736638160960235, "p_lat": 0.00016639426365727683, "p_lng": 7.516640717042389e-05}, "29": {"p_type": 0.24336183384712728, "p_lat": 8.732614427742202e-05, "p_lng": 4.923203216522509e-05}, "30": {"p_type": 0.5673862815090278, "p_lat": 4.345500360447563e-05, "p_lng": 2.1820851738074687e-05}, "31": {"p_type": 0.59056163464606, "p_lat": 2.1786838001580655e-05, "p_lng": 1.0303775819564542e-05}, "32": {"p_type": 0.5849113675730366, "p_lat": 1.5192053291923635e-05, "p_lng": 4.281607984712998e-06}, "33": {"p_type": 0.16724584541763343, "p_lat": 7.625393615540155e-06, "p_lng": 2.2072880203616307e-06}, "34": {"p_type": 0.16394207235647795, "p_lat": 3.579182401236558e-06, "p_lng": 1.1724976011207033e-06}, "35": {"p_type": 0.1475936460268924, "p_lat": 1.6577999178979397e-06, "p_lng": 4.6427619260214215e-07}, "36": {"p_type": 0.16143542368317287, "p_lat": 8.018931397790752e-07, "p_lng": 3.0776876569493794e-07}, "37": {"p_type": 0.15989699460002582, "p_lat": 4.3318128295499747e-07, "p_lng": 2.2354921058731492e-07}, "38": {"p_type": 0.14073477912511656, "p_lat": 1.892644744261318e-07, "p_lng": 1.892644744261318e-07}, "39": {"p_type": 0.19324070113270975, "p_lat": 1.0466217836846425e-07, "p_lng": 1.801515375765561e-07}, "40": {"p_type": 0.1734863476300217, "p_lat": 5.0044614008371013e-08, "p_lng": 7.4338505906546e-08}, "41": {"p_type": 0.09858316883913343, "p_lat": 4.700256117651236e-08, "p_lng": 1.2735144749864702e-07}, "42": {"p_type": 0.09760077052664473, "p_lat": 1.664425008929271e-08, "p_lng": 8.648586657944435e-08}, "43": {"p_type": 0.08393461419428139, "p_lat": 2.8820472341983816e-08, "p_lng": 5.669688907250503e-08}, "44": {"p_type": 0.04256272510956949, "p_lat": 1.7033887189654706e-08, "p_lng": 5.731995322832972e-08}, "45": {"p_type": 0.03423553528660206, "p_lat": 1.6526369939207086e-08, "p_lng": 5.3038708536234935e-08}, "46": {"p_type": 0.03402055778626689, "p_lat": 8.2068065676566e-09, "p_lng": 4.354432581177292e-08}, "47": {"p_type": 0.04935169757232749, "p_lat": 6.400971086506502e-09, "p_lng": 3.0592950506225236e-08}, "48": {"p_type": 0.04413199772821497, "p_lat": 7.867929308069677e-09, "p_lng": 1.783103509289674e-08}, "49": {"p_type": 0.04407764126722735, "p_lat": 8.222699854343318e-09, "p_lng": 2.605270255084946e-08}}