{"0": {"p_type": 0.463367332099215, "p_lat": 0.9979508196721331, "p_lng": 0.9979508196721331}, "1": {"p_type": 0.40859235606667754, "p_lat": 0.4966765086080265, "p_lng": 0.4966765086080265}, "2": {"p_type": 0.35276811121776874, "p_lat": 0.21916421890224436, "p_lng": 0.21916421890224436}, "3": {"p_type": 0.35276811121776874, "p_lat": 0.09156170679042397, "p_lng": 0.09156170679042397}, "4": {"p_type": 0.35276811121776874, "p_lat": 0.037043980407650334, "p_lng": 0.037043980407650334}, "5": {"p_type": 0.4361696188742763, "p_lat": 0.01466677320887777, "p_lng": 0.01466677320887777}, "6": {"p_type": 0.4306810695372816, "p_lat": 0.005715459051512384, "p_lng": 0.005715459051512384}, "7": {"p_type": 0.5952725818014318, "p_lat": 0.002199817371031698, "p_lng": 0.002199817371031698}, "8": {"p_type": 0.5826385879301059, "p_lat": 0.0008381444310797681, "p_lng": 0.0008381444310797681}, "9": {"p_type": 0.5734759343050904, "p_lat": 0.0003166228695794526, "p_lng": 0.0003166228695794526}, "10": {"p_type": 0.6393057737729978, "p_lat": 0.00011871490945225549, "p_lng": 0.00011871490945225549}, "11": {"p_type": 0.6948825522469176, "p_lat": 4.4217987363093236e-05, "p_lng": 4.4217987363093236e-05}, "12": {"p_type": 0.7575947666981129, "p_lat": 1.6372989680601968e-05, "p_lng": 1.6372989680601968e-05}, "13": {"p_type": 0.7426861514192074, "p_lat": 6.028554426107391e-06, "p_lng": 6.028554426107391e-06}, "14": {"p_type": 0.7944946841934495, "p_lat": 2.2087596462938563e-06, "p_lng": 2.2087596462938563e-06}, "15": {"p_type": 0.8412035095367114, "p_lat": 8.052781302891887e-07, "p_lng": 8.052781302891887e-07}, "16": {"p_type": 0.8303352347047928, "p_lat": 2.9226028241957636e-07, "p_lng": 2.9226028241957636e-07}, "17": {"p_type": 0.9049147125467576, "p_lat": 1.0561806407238805e-07, "p_lng": 1.0561806407238805e-07}, "18": {"p_type": 0.8964675050180673, "p_lat": 3.8010975367264166e-08, "p_lng": 3.8010975367264166e-08}, "19": {"p_type": 0.8888103475546163, "p_lat": 1.3625243822090738e-08, "p_lng": 1.3625243822090738e-08}, "20": {"p_type": 0.9187344515737575, "p_lat": 4.866098302080957e-09, "p_lng": 4.866098302080957e-09}, "21": {"p_type": 0.9114811719824275, "p_lat": 1.7308563471374327e-09, "p_lng": 1.7308563471374327e-09}, "22": {"p_type": 0.9549914896142638, "p_lat": 6.135634222914632e-10, "p_lng": 6.135634222914632e-10}, "23": {"p_type": 0.9638326061176784, "p_lat": 0.007794695545380259, "p_lng": 6.068822292482068e-07}, "24": {"p_type": 0.9603946685721766, "p_lat": 0.006003593934093554, "p_lng": 1.1273075972706437e-07}, "25": {"p_type": 0.9725111563198523, "p_lat": 1.2300929906561286e-05, "p_lng": 2.0943499379200148e-08}, "26": {"p_type": 0.9695213000920533, "p_lat": 4.40569949455849e-06, "p_lng": 5.341942777015163e-09}, "27": {"p_type": 0.9793825221027193, "p_lat": 1.4509628196712754e-06, "p_lng": 9.547364010487058e-10}, "28": {"p_type": 0.9768643261831192, "p_lat": 3.725756966277416e-07, "p_lng": 6.734761637261499e-10}, "29": {"p_type": 0.9872775174886098, "p_lat": 1.220234289167621e-07, "p_lng": 7.775476928983949e-10}, "30": {"p_type": 0.9915094732511073, "p_lat": 1.8438850224455905e-08, "p_lng": 4.1226777547365145e-10}, "31": {"p_type": 0.9904533149798429, "p_lat": 5.155145199609024e-09, "p_lng": 2.922136976835077e-10}, "32": {"p_type": 0.989390307108606, "p_lat": 3.8286230852335734e-09, "p_lng": 1.3395551334838274e-10}, "33": {"p_type": 0.9951280493895185, "p_lat": 1.0572454023360933e-09, "p_lng": 1.3832979206540585e-10}, "34": {"p_type": 0.9945219743200142, "p_lat": 1.898728951843509e-10, "p_lng": 1.5873913294939257e-10}, "35": {"p_type": 0.9975478787620831, "p_lat": 9.54355483528957e-11, "p_lng": 4.641065309840542e-11}, "36": {"p_type": 0.9981046695893822, "p_lat": 2.096123274952788e-11, "p_lng": 2.5463298136685353e-11}, "37": {"p_type": 0.9978659442687966, "p_lat": 4.126587960229244e-12, "p_lng": 2.7987390183170646e-11}, "38": {"p_type": 0.9986225506454238, "p_lat": 0.0001390677370955995, "p_lng": 2.612954297376291e-11}, "39": {"p_type": 0.9989425826261679, "p_lat": 0.00010584157725901377, "p_lng": 2.0461965455353948e-11}, "40": {"p_type": 0.9993320735729657, "p_lat": 8.020950447262809e-05, "p_lng": 1.2315926056771787e-11}, "41": {"p_type": 0.9996532865512043, "p_lat": 6.071852225764118e-05, "p_lng": 5.379141576611346e-12}, "42": {"p_type": 0.9996054946289462, "p_lat": 4.597438399789322e-05, "p_lng": 3.179656228313732e-07}, "43": {"p_type": 0.9997519583083994, "p_lat": 3.478922240340854e-05, "p_lng": 2.666045880728163e-07}, "44": {"p_type": 0.9998104741256449, "p_lat": 2.6305629114653506e-05, "p_lng": 7.844520677480205e-08}, "45": {"p_type": 0.9998830176276793, "p_lat": 1.987837015482441e-05, "p_lng": 5.3038708536234935e-08}, "46": {"p_type": 0.9998646143532031, "p_lat": 1.4840224489276466e-06, "p_lng": 1.9320985145121483e-08}, "47": {"p_type": 0.9998965146568956, "p_lat": 8.994327946876268e-07, "p_lng": 6.400971086506502e-09}, "48": {"p_type": 0.9999360987164619, "p_lat": 2.9236071819038756e-07, "p_lng": 3.777178569919215e-09}, "49": {"p_type": 0.9999261782316266, "p_lat": 3.058310997783309e-07, "p_lng": 1.1622702800195839e-09}, "50": {"p_type": 0.9999550280353058, "p_lat": 1.853924961325859e-07, "p_lng": 7.657522393955674e-10}, "51": {"p_type": 0.999965513964415, "p_lat": 1.0315407106276098e-07, "p_lng": 5.943154857135369e-10}, "52": {"p_type": 0.9999602206106034, "p_lat": 3.0560673214274914e-08, "p_lng": 1.844048247434671e-10}, "53": {"p_type": 0.999984003972616, "p_lat": 1.4697566830257358e-08, "p_lng": 1.4376277945871152e-10}, "54": {"p_type": 0.9999814096606445, "p_lat": 1.3095471929069902e-08, "p_lng": 8.578171506457011e-11}, "55": {"p_type": 0.9999888301097002, "p_lat": 6.6008373211801086e-09, "p_lng": 3.7108649486583545e-11}, "56": {"p_type": 0.9999869330965953, "p_lat": 3.567226736223006e-09, "p_lng": 2.77434741846605e-11}, "57": {"p_type": 0.9999848503016602, "p_lat": 1.0255747362464263e-09, "p_lng": 2.616051819614995e-11}, "58": {"p_type": 0.999994029711028, "p_lat": 7.058444939644914e-10, "p_lng": 1.3109291430168923e-11}, "59": {"p_type": 0.9999954329350598, "p_lat": 6.054090562201964e-10, "p_lng": 1.1196599203344704e-11}, "60": {"p_type": 0.9999972880118001, "p_lat": 1.2273793092987262e-10, "p_lng": 1.6474599462412698e-11}, "61": {"p_type": 0.9999968126751415, "p_lat": 1.8562140713385133e-10, "p_lng": 1.4700685113666623e-11}, "62": {"p_type": 0.9999962857355057, "p_lat": 6.485323389426867e-11, "p_lng": 2.4715784974205235e-12}, "63": {"p_type": 0.9999977860473888, "p_lat": 3.1701530289751645e-11, "p_lng": 6.220357562369827e-12}, "64": {"p_type": 0.9999974050764311, "p_lat": 8.514062121989241e-08, "p_lng": 2.7349233988616106e-12}, "65": {"p_type": 0.9999980306889144, "p_lat": 9.637068920653746e-12, "p_lng": 5.901279465092557e-12}, "66": {"p_type": 0.9999992378330204, "p_lat": 2.053579528649152e-12, "p_lng": 2.053579528649152e-12}, "67": {"p_type": 0.9999994221330201, "p_lat": 2.467359649926948e-12, "p_lng": 1.053712672671736e-12}, "68": {"p_type": 0.9999996595981512, "p_lat": 1.6842083283563625e-12, "p_lng": 2.9194424655543116e-12}, "69": {"p_type": 0.9999995991953957, "p_lat": 1.7108536809473662e-13, "p_lng": 8.926193117986259e-13}, "70": {"p_type": 0.999999531648315, "p_lat": 1.2945200467129325e-13, "p_lng": 5.335731856348502e-13}, "71": {"p_type": 0.9999998208250841, "p_lat": 2.206013149930186e-13, "p_lng": 1.680877659282487e-13}, "72": {"p_type": 0.9999997894461828, "p_lat": 5.262457136723242e-14, "p_lng": 1.1801670751765414e-13}, "73": {"p_type": 0.9999999207046406, "p_lat": 2.919886554764162e-14, "p_lng": 4.418687638008123e-14}, "74": {"p_type": 0.9999999063053931, "p_lat": 8.992806499463768e-15, "p_lng": 4.1744385725905886e-14}}