{"0": {"p_type": 0.463367332099215, "p_lat": 0.9979508196721331, "p_lng": 0.9979508196721331}, "1": {"p_type": 0.40859235606667754, "p_lat": 0.4966765086080265, "p_lng": 0.4966765086080265}, "2": {"p_type": 0.29696000553144253, "p_lat": 0.21916421890224436, "p_lng": 0.21916421890224436}, "3": {"p_type": 0.27857305582251723, "p_lat": 0.09156170679042397, "p_lng": 0.09156170679042397}, "4": {"p_type": 0.2694478799875831, "p_lat": 0.037043980407650334, "p_lng": 0.037043980407650334}, "5": {"p_type": 0.21606831375218472, "p_lat": 0.01466677320887777, "p_lng": 0.01466677320887777}, "6": {"p_type": 0.22127708896368303, "p_lat": 0.005715459051512384, "p_lng": 0.005715459051512384}, "7": {"p_type": 0.21089369639553468, "p_lat": 0.002199817371031698, "p_lng": 0.002199817371031698}, "8": {"p_type": 0.20746367004646726, "p_lat": 0.0008381444310797681, "p_lng": 0.0008381444310797681}, "9": {"p_type": 0.20502360176536283, "p_lat": 0.0003166228695794526, "p_lng": 0.0003166228695794526}, "10": {"p_type": 0.25779602925291967, "p_lat": 0.00011871490945225549, "p_lng": 0.00011871490945225549}, "11": {"p_type": 0.27857305582251723, "p_lat": 0.15574868679582743, "p_lng": 0.0002921278713831077}, "12": {"p_type": 0.39005241303742466, "p_lat": 0.5650100967078902, "p_lng": 0.020804284630439263}, "13": {"p_type": 0.6137884376253508, "p_lat": 0.516466146243498, "p_lng": 0.017556629959799452}, "14": {"p_type": 0.8603034321206202, "p_lat": 0.04475839864943931, "p_lng": 0.014655237902781892}, "15": {"p_type": 0.828389633836011, "p_lat": 0.03585810087608543, "p_lng": 0.011628571826707623}, "16": {"p_type": 0.824289436104827, "p_lat": 0.020200998441699536, "p_lng": 0.009540720884295473}, "17": {"p_type": 0.506004865826831, "p_lat": 0.011444372016621185, "p_lng": 0.00818940025114534}, "18": {"p_type": 0.4988677193588429, "p_lat": 0.006168492881082122, "p_lng": 0.005756981859349586}, "19": {"p_type": 0.4927938740400051, "p_lat": 0.003075993479147998, "p_lng": 0.004712954989471774}, "20": {"p_type": 0.45713012118709195, "p_lat": 0.0015433932648689641, "p_lng": 0.0038175131572507626}, "21": {"p_type": 0.451764421039647, "p_lat": 0.000907060391414527, "p_lng": 0.0019898893119750793}, "22": {"p_type": 0.451764421039647, "p_lat": 0.0004536091943752041, "p_lng": 0.0016808372444623298}, "23": {"p_type": 0.4489155661074006, "p_lat": 0.00019812305703759137, "p_lng": 0.0013041352262301853}, "24": {"p_type": 0.6372742608084749, "p_lat": 0.00011196085141185197, "p_lng": 0.0010023584092825333}, "25": {"p_type": 0.5858184584717498, "p_lat": 4.720232190691398e-05, "p_lng": 0.0008341319172328054}, "26": {"p_type": 0.5801974088737469, "p_lat": 2.753661755516834e-05, "p_lng": 0.0005756023143528299}, "27": {"p_type": 0.5396615727753313, "p_lat": 2.2782791860964657e-05, "p_lng": 0.00046738819553326927}, "28": {"p_type": 0.5366900416903306, "p_lat": 1.695425764070002e-05, "p_lng": 0.0003930735723167711}, "29": {"p_type": 0.37221634072387744, "p_lat": 1.6791597879151077e-05, "p_lng": 0.0002857553578955452}, "30": {"p_type": 0.34274631094410224, "p_lat": 1.0435419305232507e-05, "p_lng": 0.00020598426734796949}}