{"0": {"p_type": 0.463367332099215, "p_lat": 0.9979508196721331, "p_lng": 0.9979508196721331}, "1": {"p_type": 0.657704044165409, "p_lat": 0.9999968522575624, "p_lng": 0.9999968522575624}, "2": {"p_type": 0.8487961172233521, "p_lat": 0.9999999935563085, "p_lng": 0.9999999935563085}, "3": {"p_type": 0.9787735136970911, "p_lat": 0.9999999999835175, "p_lng": 0.9999999999835175}, "4": {"p_type": 0.9989497002688895, "p_lat": 0.9999999999999512, "p_lng": 0.9999999999999512}, "5": {"p_type": 0.9999824398333543, "p_lat": 0.9999540892427674, "p_lng": 0.9999540892427674}, "6": {"p_type": 0.9999999012047289, "p_lat": 0.999584749988529, "p_lng": 0.999584749988529}, "7": {"p_type": 0.9999999998114326, "p_lat": 0.6884234547795905, "p_lng": 0.9984284694189093}, "8": {"p_type": 0.9999999999998765, "p_lat": 0.5832055274159901, "p_lng": 0.9959854559167047}, "9": {"p_type": 1.0, "p_lat": 0.5408672866942492, "p_lng": 0.9918967328952646}, "10": {"p_type": 1.0, "p_lat": 0.49773085551654184, "p_lng": 0.9859528654545361}, "11": {"p_type": 1.0, "p_lat": 0.460750461769718, "p_lng": 0.9780543144220287}, "12": {"p_type": 1.0, "p_lat": 0.5650100967078902, "p_lng": 0.9681588130444135}, "13": {"p_type": 1.0, "p_lat": 0.3822612091479092, "p_lng": 0.956503669912066}, "14": {"p_type": 1.0, "p_lat": 0.34836641162533044, "p_lng": 0.9430940539257672}, "15": {"p_type": 1.0, "p_lat": 0.31631519960709276, "p_lng": 0.9283614231730046}, "16": {"p_type": 1.0, "p_lat": 0.2882960228782536, "p_lng": 0.9120718515282937}, "17": {"p_type": 1.0, "p_lat": 0.26225116162950723, "p_lng": 0.8947994132247516}, "18": {"p_type": 1.0, "p_lat": 0.21637258546457327, "p_lng": 0.8764852694959985}}