{"0": {"p_type": 0.463367332099215, "p_lat": 0.9979508196721331, "p_lng": 0.9979508196721331}, "1": {"p_type": 0.463367332099215, "p_lat": 0.9999968522575624, "p_lng": 0.9999968522575624}, "2": {"p_type": 0.5162326184463125, "p_lat": 0.925234989121893, "p_lng": 0.925234989121893}, "3": {"p_type": 0.4988677193588429, "p_lat": 0.8110799612129309, "p_lng": 0.09384588327385923}, "4": {"p_type": 0.4900844431873984, "p_lat": 0.6886603435922968, "p_lng": 0.0860208803090432}, "5": {"p_type": 0.657704044165409, "p_lat": 0.5732104359258673, "p_lng": 0.06640028061272307}, "6": {"p_type": 0.640552227211231, "p_lat": 0.47068844356171224, "p_lng": 0.014319731338656383}, "7": {"p_type": 0.7867089815660595, "p_lat": 0.38239402218410956, "p_lng": 0.011525247182957443}, "8": {"p_type": 0.7683302619236406, "p_lat": 0.30814528597005864, "p_lng": 0.0021816908389646894}, "9": {"p_type": 0.7544575734357659, "p_lat": 0.2465499138106937, "p_lng": 0.000369428081104739}, "10": {"p_type": 0.813970212824508, "p_lat": 0.19638479987081725, "p_lng": 0.19638479987081725}, "11": {"p_type": 0.8487961172233521, "p_lat": 0.15574868679582743, "p_lng": 0.15574868679582743}, "12": {"p_type": 0.8923794844029922, "p_lat": 0.12292637695404385, "p_lng": 0.0045925910357933475}, "13": {"p_type": 0.8802722481217783, "p_lat": 0.09678123104381875, "p_lng": 0.001377894206032404}, "14": {"p_type": 0.9042348535151343, "p_lat": 0.0759279806747617, "p_lng": 0.00035279574526880797}, "15": {"p_type": 0.9325939528825872, "p_lat": 0.05949817613886599, "p_lng": 9.22682230611871e-05}, "16": {"p_type": 0.925071957986247, "p_lat": 0.046457077255978585, "p_lng": 5.938629915080984e-05}, "17": {"p_type": 0.9636825556576849, "p_lat": 0.03616652588991165, "p_lng": 3.9010173770948064e-05}, "18": {"p_type": 0.9587972314594162, "p_lat": 0.028146419741017503, "p_lng": 6.629683443593049e-05}, "19": {"p_type": 0.9541952221736785, "p_lat": 0.021840992530247072, "p_lng": 4.331026142945227e-05}, "20": {"p_type": 0.969079884700613, "p_lat": 0.016933017661607375, "p_lng": 3.4033674281452875e-05}, "21": {"p_type": 0.9651056386546657, "p_lat": 0.01309758777451664, "p_lng": 2.1265640553047582e-05}, "22": {"p_type": 0.9839513769923367, "p_lat": 0.010119860572586181, "p_lng": 1.1713316804606855e-05}, "23": {"p_type": 0.9871392193647002, "p_lat": 0.007794695545380259, "p_lng": 8.422318278134e-06}, "24": {"p_type": 0.9854710529654579, "p_lat": 0.006003593934093554, "p_lng": 4.959989530983755e-06}, "25": {"p_type": 0.9905695132473332, "p_lat": 0.00461904944665148, "p_lng": 3.7266122446810712e-06}, "26": {"p_type": 0.9892095690875438, "p_lat": 0.0035501507643046493, "p_lng": 9.38782561021867e-07}, "27": {"p_type": 0.9931586095618754, "p_lat": 0.002729367049142062, "p_lng": 2.3267807158777742e-07}, "28": {"p_type": 0.9920769068621091, "p_lat": 0.0020893278928920678, "p_lng": 1.4084481392284687e-07}, "29": {"p_type": 0.9957228031634834, "p_lat": 0.0015999539982757272, "p_lng": 1.220234289167621e-07}, "30": {"p_type": 0.9973047191019784, "p_lat": 0.0012270550483750586, "p_lng": 6.953311437740695e-08}, "31": {"p_type": 0.9968832612977688, "p_lat": 0.0009380479898277727, "p_lng": 3.54182293493821e-08}, "32": {"p_type": 0.9964474174606052, "p_lat": 0.0007144983266214044, "p_lng": 2.4367170947670047e-08}, "33": {"p_type": 0.9984740657590214, "p_lat": 0.0005454727147650162, "p_lng": 2.2958827283758865e-08}, "34": {"p_type": 0.9982403135469231, "p_lat": 0.0004164540287682206, "p_lng": 1.121103476720009e-08}, "35": {"p_type": 0.9992670030229777, "p_lat": 0.00031643021440652674, "p_lng": 7.026790704856012e-09}, "36": {"p_type": 0.9994257247241025, "p_lat": 0.00024135273134540114, "p_lng": 3.342458532173964e-09}, "37": {"p_type": 0.9993383749775216, "p_lat": 0.0001831813829691331, "p_lng": 2.0049409910072313e-09}, "38": {"p_type": 0.999592045776184, "p_lat": 0.0001390677370955995, "p_lng": 1.5670638120468539e-09}, "39": {"p_type": 0.9996829019144035, "p_lat": 0.00010584157725901377, "p_lng": 7.2938055595273e-10}, "40": {"p_type": 0.9998083091363019, "p_lat": 8.020950447262809e-05, "p_lng": 1.5829826338631392e-10}, "41": {"p_type": 0.9999007603380394, "p_lat": 6.071852225764118e-05, "p_lng": 3.1569968861333564e-11}, "42": {"p_type": 0.9998846909720738, "p_lat": 4.597438399789322e-05, "p_lng": 2.757838402089874e-11}, "43": {"p_type": 0.999930363385013, "p_lat": 3.478922240340854e-05, "p_lng": 1.5072276760008663e-11}, "44": {"p_type": 0.9999461072067202, "p_lat": 2.6305629114653506e-05, "p_lng": 1.1893042106692064e-11}, "45": {"p_type": 0.9999680026382597, "p_lat": 1.987837015482441e-05, "p_lng": 1.3597456494096605e-11}, "46": {"p_type": 0.9999621943971723, "p_lat": 1.5029553111167715e-05, "p_lng": 2.0695667402037543e-12}, "47": {"p_type": 0.9999709231218011, "p_lat": 1.1342239766176654e-05, "p_lng": 1.6397994073713562e-13}, "48": {"p_type": 0.9999826848534537, "p_lat": 8.561250988026181e-06, "p_lng": 7.593925488436071e-14}, "49": {"p_type": 0.9999796094504749, "p_lat": 6.4294199983994105e-06, "p_lng": 8.64863736182997e-14}, "50": {"p_type": 0.9999880097320963, "p_lat": 4.840770008618378e-06, "p_lng": 4.840770008618378e-06}, "51": {"p_type": 0.9999906896115713, "p_lat": 0.00696849106956543, "p_lng": 0.00696849106956543}, "52": {"p_type": 0.9999890671366127, "p_lat": 0.08769049648862315, "p_lng": 0.08769049648862315}, "53": {"p_type": 0.999995792319906, "p_lat": 0.2713366186716665, "p_lng": 0.2713366186716665}, "54": {"p_type": 0.9999950224730169, "p_lat": 0.4823489277565728, "p_lng": 0.4823489277565728}, "55": {"p_type": 0.9999971039530058, "p_lat": 0.470112692633637, "p_lng": 0.021819875907165942}, "56": {"p_type": 0.9999965519287154, "p_lat": 0.4581924268862284, "p_lng": 0.019647365518803195}, "57": {"p_type": 0.9999959353239014, "p_lat": 0.4464543734851907, "p_lng": 0.017770031017691923}, "58": {"p_type": 0.9999984547179207, "p_lat": 0.43491026971750457, "p_lng": 0.014714993684488475}, "59": {"p_type": 0.9999988090972451, "p_lat": 0.42357700854466773, "p_lng": 0.01474534246139425}, "60": {"p_type": 0.999999313366668, "p_lat": 0.4127343603395306, "p_lng": 0.012366606788791978}, "61": {"p_type": 0.9999968126751415, "p_lat": 0.40172121347284195, "p_lng": 0.011390577489087339}, "62": {"p_type": 0.9999962857355057, "p_lat": 0.39120137847437153, "p_lng": 0.01061444356941521}, "63": {"p_type": 0.9999977860473888, "p_lat": 0.3807008530987108, "p_lng": 0.011038330464964385}, "64": {"p_type": 0.9999974050764311, "p_lat": 0.370292729167651, "p_lng": 0.009319385888715948}, "65": {"p_type": 0.9999980306889144, "p_lat": 0.36044642479500644, "p_lng": 0.007929209834023676}, "66": {"p_type": 0.9999992378330204, "p_lat": 0.35069187380134204, "p_lng": 0.007581164030108556}, "67": {"p_type": 0.9999994221330201, "p_lat": 0.3410924045000914, "p_lng": 0.0064563790557237155}, "68": {"p_type": 0.9999996595981512, "p_lat": 0.33174934425251523, "p_lng": 0.007089136384644701}, "69": {"p_type": 0.9999995991953957, "p_lat": 0.32260240771936644, "p_lng": 0.006116887572969576}, "70": {"p_type": 0.999999531648315, "p_lat": 0.3137204410630714, "p_lng": 0.005297373677313311}, "71": {"p_type": 0.9999998208250841, "p_lat": 0.004575243742765189, "p_lng": 0.004575243742765189}, "72": {"p_type": 0.9999997894461828, "p_lat": 0.003812113151026697, "p_lng": 0.005246175855901591}, "73": {"p_type": 0.9999999207046406, "p_lat": 0.0038417260626870675, "p_lng": 0.003992168307192623}, "74": {"p_type": 0.9999999063053931, "p_lat": 0.0030066666033778944, "p_lng": 0.0034826035586045245}, "75": {"p_type": 0.9999998900921503, "p_lat": 0.0024839705122424727, "p_lng": 0.003569878182898001}, "76": {"p_type": 0.9999999355901344, "p_lat": 0.0021710789305868783, "p_lng": 0.003157768569320707}, "77": {"p_type": 0.9999999510566694, "p_lat": 0.0017028059756017955, "p_lng": 0.002372801296762206}, "78": {"p_type": 0.9999999715968179, "p_lat": 0.0014413889911799593, "p_lng": 0.002938702546761429}, "79": {"p_type": 0.9999999784023474, "p_lat": 0.0015916815493181025, "p_lng": 0.0022317799182154374},