{"0": {"p_type": 0.463367332099215, "p_lat": 0.9979508196721331, "p_lng": 0.9979508196721331}, "1": {"p_type": 0.40859235606667754, "p_lat": 0.4966765086080265, "p_lng": 0.4966765086080265}, "2": {"p_type": 0.35276811121776874, "p_lat": 0.21916421890224436, "p_lng": 0.21916421890224436}, "3": {"p_type": 0.27857305582251723, "p_lat": 0.09156170679042397, "p_lng": 0.09156170679042397}, "4": {"p_type": 0.2694478799875831, "p_lat": 0.037043980407650334, "p_lng": 0.037043980407650334}, "5": {"p_type": 0.21606831375218472, "p_lat": 0.01466677320887777, "p_lng": 0.01466677320887777}, "6": {"p_type": 0.21089369639553468, "p_lat": 0.005715459051512384, "p_lng": 0.005715459051512384}, "7": {"p_type": 0.24242386686693385, "p_lat": 0.002199817371031698, "p_lng": 0.002199817371031698}, "8": {"p_type": 0.24242386686693385, "p_lat": 0.0008381444310797681, "p_lng": 0.0008381444310797681}, "9": {"p_type": 0.24242386686693385, "p_lat": 0.2465499138106937, "p_lng": 0.01595418064556242}, "10": {"p_type": 0.25779602925291967, "p_lat": 0.6702076919881477, "p_lng": 0.113894685522684}, "11": {"p_type": 0.3481006864949652, "p_lat": 0.888557534144375, "p_lng": 0.279463713031162}, "12": {"p_type": 0.39005241303742466, "p_lat": 0.8595543288920099, "p_lng": 0.24298105601416953}, "13": {"p_type": 0.383852463449077, "p_lat": 0.2098619566290041, "p_lng": 0.21287813997488936}, "14": {"p_type": 0.47054275889611974, "p_lat": 0.18183864870718702, "p_lng": 0.18482091820230262}, "15": {"p_type": 0.5230993978234079, "p_lat": 0.13643395292459326, "p_lng": 0.15933894084892075}, "16": {"p_type": 0.5146655337136556, "p_lat": 0.09825269094825129, "p_lng": 0.13616240042142524}, "17": {"p_type": 0.6608893652012323, "p_lat": 0.06963815104510473, "p_lng": 0.10007288243606227}, "18": {"p_type": 0.47233105671635756, "p_lat": 0.05362830475434088, "p_lng": 0.07292159869870685}, "19": {"p_type": 0.46613126211020695, "p_lat": 0.03619737170881521, "p_lng": 0.052667447581138616}, "20": {"p_type": 0.5690305599118122, "p_lat": 0.025382052097254748, "p_lng": 0.03653213708266756}, "21": {"p_type": 0.5642006301166558, "p_lat": 0.01815828595594049, "p_lng": 0.032552748446606605}, "22": {"p_type": 0.6897539800916217, "p_lat": 0.012274484306528, "p_lng": 0.023396570511887926}, "23": {"p_type": 0.6045966303976438, "p_lat": 0.008662867536202712, "p_lng": 0.015517242010070653}, "24": {"p_type": 0.46875221024420877, "p_lat": 0.00724013187444994, "p_lng": 0.010954568911327955}, "25": {"p_type": 0.35836896274074626, "p_lat": 0.006614435178055378, "p_lng": 0.007671980428908043}, "26": {"p_type": 0.2274467595760532, "p_lat": 0.005982921639409722, "p_lng": 0.005514822377670647}, "27": {"p_type": 0.15282610313776623, "p_lat": 0.004400100728249257, "p_lng": 0.003912682476350571}, "28": {"p_type": 0.12529778668282643, "p_lat": 0.0038986896655749392, "p_lng": 0.002533448395430904}, "29": {"p_type": 0.21089369639553468, "p_lat": 0.0034735237508631833, "p_lng": 0.0018918223495585362}, "30": {"p_type": 0.21634162136553603, "p_lat": 0.003045003545076863, "p_lng": 0.0015578848983218707}, "31": {"p_type": 0.21606831375218472, "p_lat": 0.002588250902492817, "p_lng": 0.0012886895346906346}, "32": {"p_type": 0.5366900416903306, "p_lat": 0.002310517687474034, "p_lng": 0.001189659180305891}, "33": {"p_type": 0.1658801739119351, "p_lat": 0.0019280976291258245, "p_lng": 0.0010541224857550935}, "34": {"p_type": 0.1656736036944132, "p_lat": 0.001860180136183942, "p_lng": 0.0008857506906326806}, "35": {"p_type": 0.26047081738618616, "p_lat": 0.0012563741272541007, "p_lng": 0.0006825670489823965}, "36": {"p_type": 0.24198138510152478, "p_lat": 0.0012529384856367898, "p_lng": 0.0006363368771974409}, "37": {"p_type": 0.24178785716923545, "p_lat": 0.0009479393725452256, "p_lng": 0.0005234652487678959}, "38": {"p_type": 0.1423398947098582, "p_lat": 0.0008087875319341409, "p_lng": 0.0004389675337163057}, "39": {"p_type": 0.09714622543961293, "p_lat": 0.0006700972598048249, "p_lng": 0.0003691840536299562}, "40": {"p_type": 0.10021984097252468, "p_lat": 0.0006261466905594926, "p_lng": 0.0003659348443617594}, "41": {"p_type": 0.21142281063910862, "p_lat": 0.0004757015082316185, "p_lng": 0.00029902075760945834}, "42": {"p_type": 0.2112757969254655, "p_lat": 0.00047424992173772385, "p_lng": 0.00023553627881423012}, "43": {"p_type": 0.22282676911297916, "p_lat": 0.0003722149809183284, "p_lng": 0.00021280990472949401}, "44": {"p_type": 0.2655532901629356, "p_lat": 0.000323692012116239, "p_lng": 0.00018318628584645946}, "45": {"p_type": 0.17471158455117242, "p_lat": 0.0002571018207295772, "p_lng": 0.00014626650962679122}, "46": {"p_type": 0.17423293397009898, "p_lat": 0.00022340092412331813, "p_lng": 0.00013318740092194137}, "47": {"p_type": 0.15245012883924935, "p_lat": 0.00021459508619670054, "p_lng": 0.0001109230447290388}, "48": {"p_type": 0.16180740787789705, "p_lat": 0.00014864206289755266, "p_lng": 8.249597538712017e-05}, "49": {"p_type": 0.1614007042957536, "p_lat": 0.00010983495355454398, "p_lng": 6.916605356732664e-05}}