{"0": {"p_type": 0.463367332099215, "p_lat": 0.9979508196721331, "p_lng": 0.9979508196721331}, "1": {"p_type": 0.40859235606667754, "p_lat": 0.4966765086080265, "p_lng": 0.4966765086080265}, "2": {"p_type": 0.35276811121776874, "p_lat": 0.21916421890224436, "p_lng": 0.21916421890224436}, "3": {"p_type": 0.27857305582251746, "p_lat": 0.09156170679042397, "p_lng": 0.09156170679042397}, "4": {"p_type": 0.2694478799875831, "p_lat": 0.037043980407650334, "p_lng": 0.037043980407650334}, "5": {"p_type": 0.29696000553144253, "p_lat": 0.01466677320887777, "p_lng": 0.01466677320887777}, "6": {"p_type": 0.21089369639553468, "p_lat": 0.005715459051512384, "p_lng": 0.005715459051512384}, "7": {"p_type": 0.24242386686693385, "p_lat": 0.002199817371031698, "p_lng": 0.002199817371031698}, "8": {"p_type": 0.24242386686693385, "p_lat": 0.0008381444310797681, "p_lng": 0.0008381444310797681}, "9": {"p_type": 0.24242386686693385, "p_lat": 0.0003166228695794526, "p_lng": 0.0003166228695794526}, "10": {"p_type": 0.25779602925291967, "p_lat": 0.00011871490945225549, "p_lng": 0.00011871490945225549}, "11": {"p_type": 0.3481006864949652, "p_lat": 4.4217987363093236e-05, "p_lng": 4.4217987363093236e-05}, "12": {"p_type": 0.39005241303742466, "p_lat": 1.6372989680601968e-05, "p_lng": 1.6372989680601968e-05}, "13": {"p_type": 0.383852463449077, "p_lat": 6.028554426107391e-06, "p_lng": 6.028554426107391e-06}, "14": {"p_type": 0.5434114871256741, "p_lat": 2.2087596462938563e-06, "p_lng": 2.2087596462938563e-06}, "15": {"p_type": 0.5730148239578773, "p_lat": 8.052781302891887e-07, "p_lng": 8.052781302891887e-07}, "16": {"p_type": 0.4369999104198461, "p_lat": 2.9226028241957636e-07, "p_lng": 2.9226028241957636e-07}, "17": {"p_type": 0.5363833331603691, "p_lat": 1.0561806407238805e-07, "p_lng": 1.0561806407238805e-07}, "18": {"p_type": 0.399334919485282, "p_lat": 3.8010975367264166e-08, "p_lng": 3.8010975367264166e-08}, "19": {"p_type": 0.3062090960711319, "p_lat": 1.3625243822090738e-08, "p_lng": 1.3625243822090738e-08}, "20": {"p_type": 0.19896087138581198, "p_lat": 4.866098302080957e-09, "p_lng": 4.866098302080957e-09}, "21": {"p_type": 0.19896087138581198, "p_lat": 1.7308563471374327e-09, "p_lng": 1.7308563471374327e-09}, "22": {"p_type": 0.2772663903798125, "p_lat": 0.010119860572586181, "p_lng": 4.801349540173305e-09}, "23": {"p_type": 0.24778105791912441, "p_lat": 3.926994736314082e-05, "p_lng": 5.286237003687688e-10}, "24": {"p_type": 0.24778105791912441, "p_lat": 9.989665352039268e-06, "p_lng": 6.280400643987605e-10}, "25": {"p_type": 0.22127708896368303, "p_lat": 3.7266122446810712e-06, "p_lng": 2.5842228357220165e-10}, "26": {"p_type": 0.1303691189731333, "p_lat": 2.750180132737867e-06, "p_lng": 2.9439128912400747e-10}, "27": {"p_type": 0.08291917359617318, "p_lat": 5.139584460245317e-07, "p_lng": 2.5031754447013554e-10}, "28": {"p_type": 0.08268836780953226, "p_lat": 1.4084481392284687e-07, "p_lng": 2.4582824664776126e-10}, "29": {"p_type": 0.4716724737284156, "p_lat": 5.5816117727758296e-08, "p_lng": 1.2959000539325416e-10}, "30": {"p_type": 0.3614146278536148, "p_lat": 1.1231526153565596e-08, "p_lng": 1.1256440224372e-10}, "31": {"p_type": 0.360235713050986, "p_lat": 3.0151015018020644e-09, "p_lng": 7.782496869168654e-11}, "32": {"p_type": 0.3591690168048758, "p_lat": 8.091453063130416e-10, "p_lng": 7.40878469684958e-11}, "33": {"p_type": 0.034391887844818614, "p_lat": 1.3832979206540585e-10, "p_lng": 4.52120563210201e-11}, "34": {"p_type": 0.0342970791560121, "p_lat": 1.0203446842993458e-07, "p_lng": 1.5873913294939257e-10}, "35": {"p_type": 0.06474915359910638, "p_lat": 0.00014383081032454115, "p_lng": 1.064147555451811e-05}, "36": {"p_type": 0.09714622543961293, "p_lat": 9.113152139117453e-05, "p_lng": 6.276800917692782e-06}, "37": {"p_type": 0.06526946663561817, "p_lat": 4.968849304476386e-05, "p_lng": 3.849154964763457e-06}, "38": {"p_type": 0.06268977166495815, "p_lat": 3.051047233559867e-05, "p_lng": 1.7657830734263413e-06}, "39": {"p_type": 0.09714622543961293, "p_lat": 1.3358433244237133e-05, "p_lng": 1.3383223130825073e-06}, "40": {"p_type": 0.10021984097252468, "p_lat": 7.2406277925596285e-06, "p_lng": 8.152132205951901e-07}, "41": {"p_type": 0.12458622257185215, "p_lat": 3.942498143727491e-06, "p_lng": 3.970080235671247e-07}, "42": {"p_type": 0.12458622257185215, "p_lat": 2.273946093755974e-06, "p_lng": 1.5520904494970011e-07}, "43": {"p_type": 0.12776184583567174, "p_lat": 1.4796132898897696e-06, "p_lng": 1.2566203699826417e-07}, "44": {"p_type": 0.16440523228181259, "p_lat": 7.857276924649881e-07, "p_lng": 5.731995322832972e-08}, "45": {"p_type": 0.17471158455117242, "p_lat": 5.181862442471541e-07, "p_lng": 3.8909112376472876e-08}}