{"0": {"p_type": 0.463367332099215, "p_lat": 0.9979508196721331, "p_lng": 0.9979508196721331}, "1": {"p_type": 0.657704044165409, "p_lat": 0.9999968522575624, "p_lng": 0.9999968522575624}, "2": {"p_type": 0.5162326184463125, "p_lat": 0.925234989121893, "p_lng": 0.925234989121893}, "3": {"p_type": 0.4988677193588429, "p_lat": 0.8110799612129309, "p_lng": 0.8110799612129309}, "4": {"p_type": 0.4900844431873984, "p_lat": 0.6886603435922968, "p_lng": 0.6886603435922968}, "5": {"p_type": 0.35276811121776874, "p_lat": 0.5732104359258673, "p_lng": 0.5732104359258673}, "6": {"p_type": 0.2639983556147607, "p_lat": 0.47068844356171224, "p_lng": 0.47068844356171224}, "7": {"p_type": 0.21089369639553468, "p_lat": 0.38239402218410956, "p_lng": 0.38239402218410956}, "8": {"p_type": 0.20746367004646726, "p_lat": 0.30814528597005864, "p_lng": 0.30814528597005864}, "9": {"p_type": 0.20502360176536283, "p_lat": 0.2465499138106937, "p_lng": 0.2465499138106937}, "10": {"p_type": 0.19056689262255755, "p_lat": 0.19638479987081725, "p_lng": 0.19638479987081725}, "11": {"p_type": 0.224767841928739, "p_lat": 0.15574868679582743, "p_lng": 0.15574868679582743}, "12": {"p_type": 0.23797989050030877, "p_lat": 0.12292637695404385, "p_lng": 0.12292637695404385}, "13": {"p_type": 0.2365028358656508, "p_lat": 0.09678123104381875, "p_lng": 0.09678123104381875}, "14": {"p_type": 0.3266500448095673, "p_lat": 0.0759279806747617, "p_lng": 0.0759279806747617}, "15": {"p_type": 0.43799579470222305, "p_lat": 0.05949817613886599, "p_lng": 0.05949817613886599}, "16": {"p_type": 0.4369999104198461, "p_lat": 0.046457077255978585, "p_lng": 0.046457077255978585}, "17": {"p_type": 0.42784797775689865, "p_lat": 0.03616652588991165, "p_lng": 0.03616652588991165}, "18": {"p_type": 0.42701400808919265, "p_lat": 0.028146419741017503, "p_lng": 0.028146419741017503}, "19": {"p_type": 0.39005241303742466, "p_lat": 0.021840992530247072, "p_lng": 0.021840992530247072}, "20": {"p_type": 0.27857305582251723, "p_lat": 0.016933017661607375, "p_lng": 0.016933017661607375}, "21": {"p_type": 0.27857305582251723, "p_lat": 0.01309758777451664, "p_lng": 0.01309758777451664}, "22": {"p_type": 0.24242386686693385, "p_lat": 0.010119860572586181, "p_lng": 0.010119860572586181}, "23": {"p_type": 0.16770195629598827, "p_lat": 0.007794695545380259, "p_lng": 0.007794695545380259}, "24": {"p_type": 0.16610750769763383, "p_lat": 0.006003593934093554, "p_lng": 0.006003593934093554}, "25": {"p_type": 0.14855910344192624, "p_lat": 0.00461904944665148, "p_lng": 0.00461904944665148}, "26": {"p_type": 0.14822244556348418, "p_lat": 0.0035501507643046493, "p_lng": 0.0035501507643046493}, "27": {"p_type": 0.14287653950145296, "p_lat": 0.002729367049142062, "p_lng": 0.002729367049142062}, "28": {"p_type": 0.14287653950145296, "p_lat": 0.0020893278928920678, "p_lng": 0.0020893278928920678}, "29": {"p_type": 0.23886716041872402, "p_lat": 0.0015999539982757272, "p_lng": 0.0015999539982757272}, "30": {"p_type": 0.2444884686497697, "p_lat": 0.0012270550483750586, "p_lng": 0.0012270550483750586}, "31": {"p_type": 0.22127708896368303, "p_lat": 0.0009380479898277727, "p_lng": 0.0009380479898277727}, "32": {"p_type": 0.22127708896368303, "p_lat": 0.0007144983266214044, "p_lng": 0.0007144983266214044}, "33": {"p_type": 0.12939665002902423, "p_lat": 0.0005454727147650162, "p_lng": 0.0005454727147650162}, "34": {"p_type": 0.12920913693398317, "p_lat": 0.0004164540287682206, "p_lng": 0.0004164540287682206}, "35": {"p_type": 0.0649110949400784, "p_lat": 0.00031643021440652674, "p_lng": 0.00031643021440652674}, "36": {"p_type": 0.11574292317672741, "p_lat": 0.00024135273134540114, "p_lng": 0.00024135273134540114}, "37": {"p_type": 0.11559330885352082, "p_lat": 0.0001831813829691331, "p_lng": 0.0001831813829691331}, "38": {"p_type": 0.12611310681834043, "p_lat": 0.0001390677370955995, "p_lng": 0.0001390677370955995}, "39": {"p_type": 0.1711827316699267, "p_lat": 0.00010584157725901377, "p_lng": 0.00010584157725901377}, "40": {"p_type": 0.08605996576335984, "p_lat": 8.020950447262809e-05, "p_lng": 8.020950447262809e-05}, "41": {"p_type": 0.19442707006539128, "p_lat": 6.071852225764118e-05, "p_lng": 6.071852225764118e-05}, "42": {"p_type": 0.19428366866108282, "p_lat": 4.597438399789322e-05, "p_lng": 4.597438399789322e-05}, "43": {"p_type": 0.11718163009374927, "p_lat": 3.478922240340854e-05, "p_lng": 3.478922240340854e-05}, "44": {"p_type": 0.17297863438855043, "p_lat": 2.6305629114653506e-05, "p_lng": 2.6305629114653506e-05}, "45": {"p_type": 0.13807579106500834, "p_lat": 1.987837015482441e-05, "p_lng": 1.987837015482441e-05}}