{"0": {"p_type": 0.463367332099215, "p_lat": 0.9979508196721331, "p_lng": 0.9979508196721331}, "1": {"p_type": 0.40859235606667754, "p_lat": 0.4966765086080265, "p_lng": 0.4966765086080265}, "2": {"p_type": 0.5162326184463125, "p_lat": 0.925234989121893, "p_lng": 0.925234989121893}, "3": {"p_type": 0.4988677193588429, "p_lat": 0.8110799612129309, "p_lng": 0.8110799612129309}, "4": {"p_type": 0.463367332099215, "p_lat": 0.6886603435922968, "p_lng": 0.6886603435922968}, "5": {"p_type": 0.2694478799875831, "p_lat": 0.5732104359258673, "p_lng": 0.5732104359258673}, "6": {"p_type": 0.2639983556147607, "p_lat": 0.47068844356171224, "p_lng": 0.47068844356171224}, "7": {"p_type": 0.21089369639553468, "p_lat": 0.38239402218410956, "p_lng": 0.38239402218410956}, "8": {"p_type": 0.20746367004646715, "p_lat": 0.30814528597005864, "p_lng": 0.30814528597005864}, "9": {"p_type": 0.1977549063815266, "p_lat": 0.2465499138106937, "p_lng": 0.2465499138106937}, "10": {"p_type": 0.15599024992650945, "p_lat": 0.19638479987081725, "p_lng": 0.19638479987081725}, "11": {"p_type": 0.1864128904697011, "p_lat": 0.15574868679582743, "p_lng": 0.15574868679582743}, "12": {"p_type": 0.17413327204962858, "p_lat": 0.12292637695404385, "p_lng": 0.12292637695404385}, "13": {"p_type": 0.17413327204962858, "p_lat": 0.09678123104381875, "p_lng": 0.09678123104381875}, "14": {"p_type": 0.20746367004646715, "p_lat": 0.0759279806747617, "p_lng": 0.0759279806747617}, "15": {"p_type": 0.21780085095047463, "p_lat": 0.15642205397381992, "p_lng": 0.15933894084892075}, "16": {"p_type": 0.21685536351182277, "p_lat": 0.11647519185293431, "p_lng": 0.13616240042142524}, "17": {"p_type": 0.31886675148221477, "p_lat": 0.084115206448108, "p_lng": 0.11730514818215942}, "18": {"p_type": 0.31548700479724523, "p_lat": 0.059875501776512574, "p_lng": 0.10345098078311377}, "19": {"p_type": 0.3126295595213546, "p_lat": 0.04477956397873728, "p_lng": 0.07299105906465164}, "20": {"p_type": 0.4241890154930096, "p_lat": 0.03199963194732203, "p_lng": 0.05228766225618564}, "21": {"p_type": 0.42176480450515097, "p_lat": 0.02158023327896552, "p_lng": 0.0375616802968981}, "22": {"p_type": 0.4125510229591345, "p_lat": 0.015701477162614053, "p_lng": 0.028738549812383773}, "23": {"p_type": 0.47054275889611974, "p_lat": 0.01038356956656461, "p_lng": 0.02133692079671279}, "24": {"p_type": 0.36536826852177173, "p_lat": 0.00724013187444994, "p_lng": 0.015002974246975831}, "25": {"p_type": 0.38633343894262195, "p_lat": 0.0052294506495810245, "p_lng": 0.01163299098254389}, "26": {"p_type": 0.2541158605782722, "p_lat": 0.004380490785717894, "p_lng": 0.008479761910709427}, "27": {"p_type": 0.15282610313776623, "p_lat": 0.00356964398049453, "p_lng": 0.005838166977895964}, "28": {"p_type": 0.09696468651323864, "p_lat": 0.0033212242156377414, "p_lng": 0.004272546332953153}, "29": {"p_type": 0.10231323673994908, "p_lat": 0.0028613628668089364, "p_lng": 0.0031614811364787387}, "30": {"p_type": 0.09823880537475327, "p_lat": 0.002457408738381628, "p_lng": 0.00196297886758956}, "31": {"p_type": 0.09823880537475327, "p_lat": 0.0020737594313597896, "p_lng": 0.0014547604058682273}, "32": {"p_type": 0.09823880537475327, "p_lat": 0.0018696855119614275, "p_lng": 0.0009298588813363429}, "33": {"p_type": 0.03893855161227999, "p_lat": 0.0014055554393914704, "p_lng": 0.0006786633385585938}, "34": {"p_type": 0.03883668437158683, "p_lat": 0.0012393159827035483, "p_lng": 0.0005338974913510208}, "35": {"p_type": 0.08353580554103479, "p_lat": 0.0011313703104878226, "p_lng": 0.0004588002301783023}, "36": {"p_type": 0.07305923178538931, "p_lat": 0.0012068046117594822, "p_lng": 0.000426636441447914}, "37": {"p_type": 0.07293913007057395, "p_lat": 0.0008648065577785413, "p_lng": 0.0003596569384589632}, "38": {"p_type": 0.08146059517079773, "p_lat": 0.000699133227314519, "p_lng": 0.00031594531817658034}, "39": {"p_type": 0.05249780937075055, "p_lat": 0.0006484233262115113, "p_lng": 0.00028649617350262613}, "40": {"p_type": 0.028722748755368843, "p_lat": 0.0004980662254325807, "p_lng": 0.00021965257255918136}, "41": {"p_type": 0.07373021419285586, "p_lat": 0.000512697809465279, "p_lng": 0.00020162542292589958}, "42": {"p_type": 0.07373021419285586, "p_lat": 0.0003565833878725888, "p_lng": 0.0001504946477171032}, "43": {"p_type": 0.07621909608062871, "p_lat": 0.0003310570017931447, "p_lng": 0.00016361746026938295}}