{"0": {"p_type": 0.463367332099215, "p_lat": 0.9979508196721331, "p_lng": 0.9979508196721331}, "1": {"p_type": 0.40859235606667754, "p_lat": 0.4966765086080265, "p_lng": 0.4966765086080265}, "2": {"p_type": 0.29696000553144253, "p_lat": 0.21916421890224436, "p_lng": 0.21916421890224436}, "3": {"p_type": 0.27857305582251723, "p_lat": 0.09156170679042397, "p_lng": 0.09156170679042397}, "4": {"p_type": 0.2694478799875831, "p_lat": 0.6886603435922968, "p_lng": 0.6886603435922968}, "5": {"p_type": 0.35276811121776874, "p_lat": 0.06755099136694642, "p_lng": 0.5732104359258673}, "6": {"p_type": 0.35276811121776874, "p_lat": 0.048586480092980056, "p_lng": 0.47068844356171224}, "7": {"p_type": 0.4306810695372816, "p_lat": 0.03345002491076754, "p_lng": 0.38239402218410956}, "8": {"p_type": 0.24242386686693385, "p_lat": 0.023359247153758922, "p_lng": 0.30814528597005864}, "9": {"p_type": 0.20502360176536283, "p_lat": 0.015355903265716231, "p_lng": 0.2465499138106937}, "10": {"p_type": 0.19056689262255755, "p_lat": 0.004300730329697133, "p_lng": 0.19638479987081725}, "11": {"p_type": 0.20319910431563237, "p_lat": 0.001038585463938646, "p_lng": 0.15574868679582743}, "12": {"p_type": 0.23797989050030877, "p_lat": 0.00024206510164759276, "p_lng": 0.12292637695404385}, "13": {"p_type": 0.2365028358656508, "p_lat": 3.9358792266130926e-05, "p_lng": 0.09678123104381875}, "14": {"p_type": 0.3266500448095673, "p_lat": 6.944936028263626e-06, "p_lng": 0.0759279806747617}, "15": {"p_type": 0.43799579470222305, "p_lat": 1.1959299955899283e-06, "p_lng": 0.05949817613886599}, "16": {"p_type": 0.35616264087681837, "p_lat": 9.060704583285784e-07, "p_lng": 0.046457077255978585}, "17": {"p_type": 0.20204057439759704, "p_lat": 8.43721444154788e-07, "p_lng": 0.03616652588991165}, "18": {"p_type": 0.19896087138581198, "p_lat": 7.387149157933592e-07, "p_lng": 0.028146419741017503}, "19": {"p_type": 0.19636619446969483, "p_lat": 0.00022363778736700368, "p_lng": 0.021840992530247072}, "20": {"p_type": 0.17351121394955882, "p_lat": 0.010534816276221659, "p_lng": 0.016933017661607375}, "21": {"p_type": 0.17297863438855043, "p_lat": 0.061713978706856354, "p_lng": 0.02158023327896552}, "22": {"p_type": 0.19056689262255755, "p_lat": 0.045415318243686276, "p_lng": 0.015701477162614053}, "23": {"p_type": 0.14894100596326354, "p_lat": 0.033564632854075516, "p_lng": 0.01038356956656461}, "24": {"p_type": 0.14855910344192624, "p_lat": 0.024702958693977983, "p_lng": 0.00724013187444994}, "25": {"p_type": 0.14287653950145296, "p_lat": 0.01792881009945302, "p_lng": 0.0061186002676207885}, "26": {"p_type": 0.16695095065575827, "p_lat": 0.012425238084635248, "p_lng": 0.004012479847403494}, "27": {"p_type": 0.2274467595760532, "p_lat": 0.009083822622023119, "p_lng": 0.0031456922148933586}, "28": {"p_type": 0.2271028556256356, "p_lat": 0.00627915998026829, "p_lng": 0.002533448395430904}, "29": {"p_type": 0.18254828338320683, "p_lat": 0.0041828879210222825, "p_lng": 0.0023371331298892573}, "30": {"p_type": 0.17738027228796682, "p_lat": 0.003045003545076863, "p_lng": 0.00196297886758956}, "31": {"p_type": 0.17738027228796682, "p_lat": 0.0020737594313597896, "p_lng": 0.001644013916240472}, "32": {"p_type": 0.17738027228796682, "p_lat": 0.001498839401370522, "p_lng": 0.001498839401370522}, "33": {"p_type": 0.23330309427574036, "p_lat": 0.0010541224857550935, "p_lng": 0.0010541224857550935}, "34": {"p_type": 0.23307385319167617, "p_lat": 0.000744313968274124, "p_lng": 0.0008857506906326806}}