{"0": {"p_type": 0.463367332099215, "p_lat": 0.9979508196721331, "p_lng": 0.9979508196721331}, "1": {"p_type": 0.463367332099215, "p_lat": 0.4966765086080265, "p_lng": 0.4966765086080265}, "2": {"p_type": 0.5162326184463125, "p_lat": 0.21916421890224436, "p_lng": 0.21916421890224436}, "3": {"p_type": 0.4988677193588429, "p_lat": 0.09156170679042397, "p_lng": 0.09156170679042397}, "4": {"p_type": 0.4900844431873984, "p_lat": 0.037043980407650334, "p_lng": 0.037043980407650334}, "5": {"p_type": 0.657704044165409, "p_lat": 0.06755099136694642, "p_lng": 0.5732104359258673}, "6": {"p_type": 0.640552227211231, "p_lat": 0.048586480092980056, "p_lng": 0.048586480092980056}, "7": {"p_type": 0.7867089815660595, "p_lat": 0.011525247182957443, "p_lng": 0.011525247182957443}, "8": {"p_type": 0.7683302619236406, "p_lat": 0.30814528597005864, "p_lng": 0.30814528597005864}, "9": {"p_type": 0.7544575734357659, "p_lat": 0.2465499138106937, "p_lng": 0.01595418064556242}, "10": {"p_type": 0.813970212824508, "p_lat": 0.19638479987081725, "p_lng": 0.004300730329697133}, "11": {"p_type": 0.8487961172233521, "p_lat": 0.15574868679582743, "p_lng": 0.002892552080424604}, "12": {"p_type": 0.8923794844029922, "p_lat": 0.12292637695404385, "p_lng": 0.0006943119206156423}, "13": {"p_type": 0.8802722481217783, "p_lat": 0.09678123104381875, "p_lng": 0.09678123104381875}, "14": {"p_type": 0.9042348535151343, "p_lat": 0.0759279806747617, "p_lng": 0.0759279806747617}, "15": {"p_type": 0.9325939528825872, "p_lat": 0.42806836045598473, "p_lng": 0.42806836045598473}, "16": {"p_type": 0.925071957986247, "p_lat": 0.7339123319950546, "p_lng": 0.7339123319950546}, "17": {"p_type": 0.9636825556576849, "p_lat": 0.8947994132247516, "p_lng": 0.8947994132247516}, "18": {"p_type": 0.9587972314594162, "p_lat": 0.9632778846842209, "p_lng": 0.9632778846842209}, "19": {"p_type": 0.9541952221736785, "p_lat": 0.4073588936588216, "p_lng": 0.9547756161379589}, "20": {"p_type": 0.969079884700613, "p_lat": 0.35897627727548476, "p_lng": 0.9454120744407823}, "21": {"p_type": 0.9651056386546657, "p_lat": 0.3203700337532561, "p_lng": 0.9352800241113084}, "22": {"p_type": 0.9839513769923367, "p_lat": 0.27980427004908237, "p_lng": 0.9244911010827677}, "23": {"p_type": 0.9871392193647002, "p_lat": 0.424723570200793, "p_lng": 0.9717208419922824}, "24": {"p_type": 0.9854710529654579, "p_lat": 0.38618903198553134, "p_lng": 0.44498400959134454}, "25": {"p_type": 0.9905695132473332, "p_lat": 0.35226851874481824, "p_lng": 0.417012261400178}, "26": {"p_type": 0.9892095690875438, "p_lat": 0.3208109587132397, "p_lng": 0.3989937955966233}, "27": {"p_type": 0.9931586095618754, "p_lat": 0.2935871516449239, "p_lng": 0.37675951282368614}, "28": {"p_type": 0.9920769068621091, "p_lat": 0.2677996393152732, "p_lng": 0.3546657283749417}, "29": {"p_type": 0.9957228031634834, "p_lat": 0.24034325158225844, "p_lng": 0.3315644258405339}, "30": {"p_type": 0.9973047191019784, "p_lat": 0.2169462483856629, "p_lng": 0.3133422004047458}, "31": {"p_type": 0.9968832612977688, "p_lat": 0.19849935101703875, "p_lng": 0.298461417625543}, "32": {"p_type": 0.9964474174606052, "p_lat": 0.18125937644957812, "p_lng": 0.2817334640389877}, "33": {"p_type": 0.9984740657590214, "p_lat": 0.16879650472889574, "p_lng": 0.2634871888228292}, "34": {"p_type": 0.9982403135469231, "p_lat": 0.15995382467504238, "p_lng": 0.2532489019464361}, "35": {"p_type": 0.9992670030229777, "p_lat": 0.14983203187185534, "p_lng": 0.2358603964275624}, "36": {"p_type": 0.9994257247241025, "p_lat": 0.1421128768836828, "p_lng": 0.22098914531024327}, "37": {"p_type": 0.9993383749775216, "p_lat": 0.13201213864777028, "p_lng": 0.20843433193334548}, "38": {"p_type": 0.999592045776184, "p_lat": 0.1274264332954933, "p_lng": 0.19314219687146084}, "39": {"p_type": 0.9996829019144035, "p_lat": 0.11579129032241608, "p_lng": 0.18043772557309545}, "40": {"p_type": 0.9998083091363019, "p_lat": 0.10873426245742912, "p_lng": 0.17410058305506737}, "41": {"p_type": 0.9999007603380394, "p_lat": 0.10195122937427814, "p_lng": 0.16002145668150491}, "42": {"p_type": 0.9998846909720738, "p_lat": 0.09526052146493436, "p_lng": 0.15233751416399066}, "43": {"p_type": 0.999930363385013, "p_lat": 0.09575566527554791, "p_lng": 0.14141023669193098}, "44": {"p_type": 0.9999461072067202, "p_lat": 0.08822254059759826, "p_lng": 0.13661615320939158}, "45": {"p_type": 0.9999680026382597, "p_lat": 0.0766485631215269, "p_lng": 0.12412493883380904}, "46": {"p_type": 0.9999621943971723, "p_lat": 0.07148155231569864, "p_lng": 0.11721252070445243}, "47": {"p_type": 0.9999709231218011, "p_lat": 0.07216673950468677, "p_lng": 0.10743038861460719}, "48": {"p_type": 0.9999826848534537, "p_lat": 0.06492800251679598, "p_lng": 0.10275562270591965}, "49": {"p_type": 0.9999796094504749, "p_lat": 0.06306036247095581, "p_lng": 0.09475682711484978}, "50": {"p_type": 0.9999880097320963, "p_lat": 0.0599859087379887, "p_lng": 0.09205741005856227}, "51": {"p_type": 0.9999906896115713, "p_lat": 0.05555201564137113, "p_lng": 0.08213795409866853}, "52": {"p_type": 0.9999890671366127, "p_lat": 0.04979328459386867, "p_lng": 0.07705799378191103}, "53": {"p_type": 0.999995792319906, "p_lat": 0.048433327124335124, "p_lng": 0.07635278735376749}, "54": {"p_type": 0.9999950224730169, "p_lat": 0.045626823115866744, "p_lng": 0.06892851880199768}, "55": {"p_type": 0.9999971039530058, "p_lat": 0.041365615477051754, "p_lng": 0.06568828146633587}, "56": {"p_type": 0.9999965519287154, "p_lat": 0.038331536088022644, "p_lng": 0.05969186718359709}, "57": {"p_type": 0.9999959353239014, "p_lat": 0.0363651979006947, "p_lng": 0.057582326283345586}, "58": {"p_type": 0.9999984547179207, "p_lat": 0.03529846245621149, "p_lng": 0.052658783111492635}, "59": {"p_type": 0.9999988090972451, "p_lat": 0.032807479670421746, "p_lng": 0.05141488559787344}, "60": {"p_type": 0.999999313366668, "p_lat": 0.0289055200942121, "p_lng": 0.0476750161888051}, "61": {"p_type": 0.9999991797141748, "p_lat": 0.027947293298975717, "p_lng": 0.04125116167010889}, "62": {"p_type": 0.999999029162335, "p_lat": 0.025567583417481776, "p_lng": 0.041105356122285386}, "63": {"p_type": 0.9999994373531197, "p_lat": 0.023882047642427406, "p_lng": 0.03835947656474503}, "64": {"p_type": 0.9999993302879262, "p_lat": 0.022740747602234324, "p_lng": 0.035856136619806245}, "65": {"p_type": 0.9999994883406562, "p_lat": 0.02035762456545276, "p_lng": 0.0339092874505762}, "66": {"p_type": 0.9999998080317367, "p_lat": 0.018487764467325807, "p_lng": 0.02973254776169787}, "67": {"p_type": 0.9999998529411804, "p_lat": 0.0188019963485897, "p_lng": 0.02822522520973203}, "68": {"p_type": 0.9999999155837, "p_lat": 0.017815780285468485, "p_lng": 0.026963662986529413}, "69": {"p_type": 0.9999998991612393, "p_lat": 0.015615317205796786, "p_lng": 0.02375323003865515}, "70": {"p_type": 0.9999998805349155, "p_lat": 0.013852830553329754, "p_lng": 0.02292127395997534}, "71": {"p_type": 0.9999999557094752, "p_lat": 0.013931959398359672, "p_lng": 0.02025649920386452}, "72": {"p_type": 0.9999999472370104, "p_lat": 0.012825416286287417, "p_lng": 0.02161492196788961}, "73": {"p_type": 0.9999999806731377, "p_lat": 0.012037393575293098, "p_lng": 0.019285767698075107}, "74": {"p_type": 0.9999999768518784, "p_lat": 0.01888116495682668, "p_lng": 0.01715983294795631}, "75": {"p_type": 0.999999972491584, "p_lat": 0.017572957032413683, "p_lng": 0.015364007850468542}, "76": {"p_type": 0.9999999842475431, "p_lat": 0.016346407396038987, "p_lng": 0.015267016733392258}, "77": {"p_type": 0.9999999879448821, "p_lat": 0.015195635069421787, "p_lng": 0.015229780917577207}, "78": {"p_type": 0.9999999718410894, "p_lat": 0.014136444450725705, "p_lng": 0.01380841801759669}, "79": {"p_type": 0.9999999785883615, "p_lat": 0.013145519089601598, "p_lng": 0.012498799565619945}, "80": {"p_type": 0.999999983781197, "p_lat": 0.012211036379352502, "p_lng": 0.011323763802780662}, "81": {"p_type": 0.999999990579315, "p_lat": 0.011356303917698263,