{"0": {"p_type": 0.463367332099215, "p_lat": 0.9979508196721331, "p_lng": 0.9979508196721331}, "1": {"p_type": 0.657704044165409, "p_lat": 0.4966765086080265, "p_lng": 0.4966765086080265}, "2": {"p_type": 0.8487961172233521, "p_lat": 0.21916421890224436, "p_lng": 0.21916421890224436}, "3": {"p_type": 0.9787735136970911, "p_lat": 0.09156170679042397, "p_lng": 0.09156170679042397}, "4": {"p_type": 0.9989497002688895, "p_lat": 0.6886603435922968, "p_lng": 0.6886603435922968}, "5": {"p_type": 0.9999824398333543, "p_lat": 0.5732104359258673, "p_lng": 0.5732104359258673}, "6": {"p_type": 0.9999999012047289, "p_lat": 0.47068844356171224, "p_lng": 0.47068844356171224}, "7": {"p_type": 0.9999999998114326, "p_lat": 0.8360361168992981, "p_lng": 0.8360361168992981}}