{"0": {"p_type": 0.463367332099215, "p_lat": 0.9979508196721331, "p_lng": 0.9979508196721331}, "1": {"p_type": 0.657704044165409, "p_lat": 0.9999968522575624, "p_lng": 0.9999968522575624}, "2": {"p_type": 0.8487961172233521, "p_lat": 0.925234989121893, "p_lng": 0.925234989121893}, "3": {"p_type": 0.9787735136970911, "p_lat": 0.8110799612129309, "p_lng": 0.8110799612129309}, "4": {"p_type": 0.9989497002688895, "p_lat": 0.08722167940126135, "p_lng": 0.6886603435922968}, "5": {"p_type": 0.9787735136970911, "p_lat": 0.015503331841321133, "p_lng": 0.5732104359258673}, "6": {"p_type": 0.997221745498938, "p_lat": 0.014319731338656383, "p_lng": 0.47068844356171224}, "7": {"p_type": 0.9997886214965332, "p_lat": 0.38239402218410956, "p_lng": 0.38239402218410956}, "8": {"p_type": 0.9999906896115713, "p_lat": 0.30814528597005864, "p_lng": 0.30814528597005864}, "9": {"p_type": 0.9999997623006615, "p_lat": 0.7252524245393677, "p_lng": 0.7252524245393677}, "10": {"p_type": 0.9999999944786236, "p_lat": 0.6702076919881477, "p_lng": 0.6702076919881477}, "11": {"p_type": 0.9999986457547075, "p_lat": 0.6164909696391566, "p_lng": 0.6164909696391566}, "12": {"p_type": 0.9999999146934593, "p_lat": 0.5650100967078902, "p_lng": 0.12292637695404385}, "13": {"p_type": 0.9999999975709023, "p_lat": 0.516466146243498, "p_lng": 0.09678123104381875}, "14": {"p_type": 0.9999999999694005, "p_lat": 0.4705154095766444, "p_lng": 0.0759279806747617}, "15": {"p_type": 0.9999999999993293, "p_lat": 0.42806836045598473, "p_lng": 0.05949817613886599}, "16": {"p_type": 0.9999999999999934, "p_lat": 0.38827658573319923, "p_lng": 0.046457077255978585}, "17": {"p_type": 0.9999999999877222, "p_lat": 0.021455619821341143, "p_lng": 0.03616652588991165}, "18": {"p_type": 0.9999999999997229, "p_lat": 0.016945630913226317, "p_lng": 0.028146419741017503}, "19": {"p_type": 0.9999999999999952, "p_lat": 0.00990873775622858, "p_lng": 0.021840992530247072}, "20": {"p_type": 0.9999999999999999, "p_lat": 0.005248671422142248, "p_lng": 0.016933017661607375}, "21": {"p_type": 1.0, "p_lat": 0.002940679707771232, "p_lng": 0.01309758777451664}, "22": {"p_type": 1.0, "p_lat": 0.0016808372444623298, "p_lng": 0.010119860572586181}, "23": {"p_type": 1.0, "p_lat": 0.0008606024590054329, "p_lng": 0.007794695545380259}, "24": {"p_type": 1.0, "p_lat": 0.0004226612144024866, "p_lng": 0.006003593934093554}, "25": {"p_type": 1.0, "p_lat": 0.00021600482899863938, "p_lng": 0.00461904944665148}, "26": {"p_type": 1.0, "p_lat": 0.00020191140046488254, "p_lng": 0.0035501507643046493}, "27": {"p_type": 1.0, "p_lat": 0.00013658172656194623, "p_lng": 0.002729367049142062}, "28": {"p_type": 1.0, "p_lat": 0.00012403388808812643, "p_lng": 0.0020893278928920678}, "29": {"p_type": 1.0, "p_lat": 8.732614427742202e-05, "p_lng": 0.0015999539982757272}, "30": {"p_type": 1.0, "p_lat": 8.062925640939245e-05, "p_lng": 0.0012270550483750586}, "31": {"p_type": 1.0, "p_lat": 3.4534561661137e-05, "p_lng": 0.0009380479898277727}, "32": {"p_type": 1.0, "p_lat": 2.920660024574584e-05, "p_lng": 0.0007144983266214044}, "33": {"p_type": 1.0, "p_lat": 2.6023093144700304e-05, "p_lng": 0.0005454727147650162}, "34": {"p_type": 1.0, "p_lat": 2.3798252785867113e-05, "p_lng": 0.0004164540287682206}, "35": {"p_type": 1.0, "p_lat": 1.3195190182169192e-05, "p_lng": 0.00031643021440652674}, "36": {"p_type": 1.0, "p_lat": 1.1788875602269933e-05, "p_lng": 0.00024135273134540114}, "37": {"p_type": 1.0, "p_lat": 7.716502191112973e-06, "p_lng": 0.0001831813829691331}, "38": {"p_type": 1.0, "p_lat": 6.173931960562484e-06, "p_lng": 0.0001390677370955995}, "39": {"p_type": 1.0, "p_lat": 4.556707619340905e-06, "p_lng": 0.00010584157725901377}, "40": {"p_type": 1.0, "p_lat": 4.1182476929746414e-06, "p_lng": 8.020950447262809e-05}, "41": {"p_type": 1.0, "p_lat": 3.311764420366181e-06, "p_lng": 6.071852225764118e-05}, "42": {"p_type": 1.0, "p_lat": 2.273946093755974e-06, "p_lng": 4.597438399789322e-05}}