{"0": {"p_type": 0.463367332099215, "p_lat": 0.9979508196721331, "p_lng": 0.9979508196721331}, "1": {"p_type": 0.657704044165409, "p_lat": 0.4966765086080265, "p_lng": 0.4966765086080265}, "2": {"p_type": 0.8487961172233521, "p_lat": 0.21916421890224436, "p_lng": 0.21916421890224436}, "3": {"p_type": 0.9787735136970911, "p_lat": 0.8110799612129309, "p_lng": 0.09384588327385923}, "4": {"p_type": 0.9989497002688895, "p_lat": 0.9693560173927886, "p_lng": 0.3356813209591415}, "5": {"p_type": 0.9999824398333543, "p_lat": 0.9332704700398649, "p_lng": 0.2996469002429868}, "6": {"p_type": 0.9999999012047289, "p_lat": 0.8876247258234857, "p_lng": 0.2532386841207427}, "7": {"p_type": 0.9999999998114326, "p_lat": 0.8360361168992981, "p_lng": 0.2133396017022352}, "8": {"p_type": 0.9999999999998765, "p_lat": 0.781181934884327, "p_lng": 0.41478595313988986}, "9": {"p_type": 1.0, "p_lat": 0.9394344585472819, "p_lng": 0.3665387736552915}, "10": {"p_type": 1.0, "p_lat": 0.9859528654545361, "p_lng": 0.5448381811267361}}