{"0": {"p_type": 0.463367332099215, "p_lat": 0.9979508196721331, "p_lng": 0.9979508196721331}, "1": {"p_type": 0.657704044165409, "p_lat": 0.4966765086080265, "p_lng": 0.4966765086080265}, "2": {"p_type": 0.8487961172233521, "p_lat": 0.21916421890224436, "p_lng": 0.21916421890224436}, "3": {"p_type": 0.9787735136970911, "p_lat": 0.09156170679042397, "p_lng": 0.09156170679042397}, "4": {"p_type": 0.9989497002688895, "p_lat": 0.037043980407650334, "p_lng": 0.037043980407650334}, "5": {"p_type": 0.9787735136970911, "p_lat": 0.01466677320887777, "p_lng": 0.01466677320887777}, "6": {"p_type": 0.997221745498938, "p_lat": 0.005715459051512384, "p_lng": 0.005715459051512384}, "7": {"p_type": 0.9997886214965332, "p_lat": 0.002199817371031698, "p_lng": 0.002199817371031698}, "8": {"p_type": 0.9999906896115713, "p_lat": 0.0008381444310797681, "p_lng": 0.0008381444310797681}, "9": {"p_type": 0.9999997623006615, "p_lat": 0.0003166228695794526, "p_lng": 0.0003166228695794526}, "10": {"p_type": 0.9999999944786236, "p_lat": 0.010459209285130555, "p_lng": 0.0014218230321632053}, "11": {"p_type": 0.9999986457547075, "p_lat": 0.09227224953187196, "p_lng": 0.041441563023062566}, "12": {"p_type": 0.9999999146934593, "p_lat": 0.23997257173802478, "p_lng": 0.17176386602952354}, "13": {"p_type": 0.9999999975709023, "p_lat": 0.42002997357253524, "p_lng": 0.3507149521270869}, "14": {"p_type": 0.9999999999694005, "p_lat": 0.5725927665404316, "p_lng": 0.512846217645442}, "15": {"p_type": 0.9999999999993293, "p_lat": 0.5389289374272225, "p_lng": 0.4601451123971063}, "16": {"p_type": 0.9999999999999934, "p_lat": 0.5028447294552318, "p_lng": 0.4027532954873245}, "17": {"p_type": 0.9999999999877222, "p_lat": 0.4697066557772608, "p_lng": 0.35697204050576314}, "18": {"p_type": 0.9999999999997229, "p_lat": 0.4369881498503214, "p_lng": 0.32959685596106447}, "19": {"p_type": 0.9999999999999952, "p_lat": 0.4073588936588216, "p_lng": 0.313465873595255}, "20": {"p_type": 0.9999999999999999, "p_lat": 0.3832989304848995, "p_lng": 0.2900035140843993}, "21": {"p_type": 1.0, "p_lat": 0.35138873759236455, "p_lng": 0.2683238558379182}, "22": {"p_type": 1.0, "p_lat": 0.3272828080897485, "p_lng": 0.2498995736904227}, "23": {"p_type": 1.0, "p_lat": 0.3057508340121031, "p_lng": 0.23319468770982}, "24": {"p_type": 1.0, "p_lat": 0.2859685870393539, "p_lng": 0.216219097489747}, "25": {"p_type": 1.0, "p_lat": 0.2635907065053388, "p_lng": 0.20199398494852594}, "26": {"p_type": 1.0, "p_lat": 0.24652899632061498, "p_lng": 0.1814031720013467}, "27": {"p_type": 1.0, "p_lat": 0.22519771383303155, "p_lng": 0.1730749851938128}, "28": {"p_type": 1.0, "p_lat": 0.20823782570442106, "p_lng": 0.16046286539277854}, "29": {"p_type": 1.0, "p_lat": 0.19045512006307552, "p_lng": 0.14675019072673878}, "30": {"p_type": 1.0, "p_lat": 0.1768404366268398, "p_lng": 0.13541907512656404}, "31": {"p_type": 1.0, "p_lat": 0.16186998646669837, "p_lng": 0.12959091325330951}, "32": {"p_type": 1.0, "p_lat": 0.1494712038316901, "p_lng": 0.11702247233412477}, "33": {"p_type": 1.0, "p_lat": 0.13982828151364424, "p_lng": 0.10554602189970852}, "34": {"p_type": 1.0, "p_lat": 0.1286025417281329, "p_lng": 0.09804131622603895}, "35": {"p_type": 1.0, "p_lat": 0.11947233101563193, "p_lng": 0.09055406063394345}, "36": {"p_type": 1.0, "p_lat": 0.10847948835505761, "p_lng": 0.08280096779505264}, "37": {"p_type": 1.0, "p_lat": 0.09927211280192638, "p_lng": 0.07794762281875212}, "38": {"p_type": 1.0, "p_lat": 0.09167902905763714, "p_lng": 0.06927767439011545}, "39": {"p_type": 1.0, "p_lat": 0.08579567262066556, "p_lng": 0.06618720005051792}, "40": {"p_type": 1.0, "p_lat": 0.08102423096493006, "p_lng": 0.056284374218498745}, "41": {"p_type": 1.0, "p_lat": 0.0708565626411588, "p_lng": 0.05396647140938293}, "42": {"p_type": 1.0, "p_lat": 0.06513744261289522, "p_lng": 0.05050483826065044}, "43": {"p_type": 1.0, "p_lat": 0.06038369088710971, "p_lng": 0.04846050851485284}, "44": {"p_type": 1.0, "p_lat": 0.05657027033598716, "p_lng": 0.04273417024568005}, "45": {"p_type": 1.0, "p_lat": 0.04805044272306047, "p_lng": 0.038341602410294495}, "46": {"p_type": 1.0, "p_lat": 0.0457201813966549, "p_lng": 0.03509321871048843}}