{"0": {"p_type": 0.463367332099215, "p_lat": 0.9979508196721331, "p_lng": 0.9979508196721331}, "1": {"p_type": 0.40859235606667754, "p_lat": 0.4966765086080265, "p_lng": 0.4966765086080265}, "2": {"p_type": 0.29696000553144253, "p_lat": 0.21916421890224436, "p_lng": 0.21916421890224436}, "3": {"p_type": 0.27857305582251723, "p_lat": 0.09156170679042397, "p_lng": 0.09156170679042397}, "4": {"p_type": 0.463367332099215, "p_lat": 0.037043980407650334, "p_lng": 0.037043980407650334}, "5": {"p_type": 0.4900844431873984, "p_lat": 0.01466677320887777, "p_lng": 0.01466677320887777}, "6": {"p_type": 0.48478388953385176, "p_lat": 0.005715459051512384, "p_lng": 0.005715459051512384}, "7": {"p_type": 0.35276811121776874, "p_lat": 0.002199817371031698, "p_lng": 0.002199817371031698}, "8": {"p_type": 0.20746367004646726, "p_lat": 0.0008381444310797681, "p_lng": 0.0008381444310797681}, "9": {"p_type": 0.1977549063815266, "p_lat": 0.0003166228695794526, "p_lng": 0.0003166228695794526}, "10": {"p_type": 0.15599024992650945, "p_lat": 0.00011871490945225549, "p_lng": 0.00011871490945225549}, "11": {"p_type": 0.19056689262255755, "p_lat": 4.4217987363093236e-05, "p_lng": 4.4217987363093236e-05}, "12": {"p_type": 0.224767841928739, "p_lat": 1.6372989680601968e-05, "p_lng": 1.6372989680601968e-05}, "13": {"p_type": 0.21895795679611352, "p_lat": 6.028554426107391e-06, "p_lng": 6.028554426107391e-06}, "14": {"p_type": 0.4159771967702317, "p_lat": 2.2087596462938563e-06, "p_lng": 2.2087596462938563e-06}, "15": {"p_type": 0.360235713050986, "p_lat": 8.052781302891887e-07, "p_lng": 8.052781302891887e-07}, "16": {"p_type": 0.36973563254249564, "p_lat": 2.9226028241957636e-07, "p_lng": 2.9226028241957636e-07}, "17": {"p_type": 0.20204057439759704, "p_lat": 1.0561806407238805e-07, "p_lng": 1.0561806407238805e-07}, "18": {"p_type": 0.19896087138581198, "p_lat": 3.8010975367264166e-08, "p_lng": 3.8010975367264166e-08}, "19": {"p_type": 0.27225016079248876, "p_lat": 1.3625243822090738e-08, "p_lng": 1.3625243822090738e-08}, "20": {"p_type": 0.23084252967747232, "p_lat": 4.866098302080957e-09, "p_lng": 4.866098302080957e-09}, "21": {"p_type": 0.3501009678825071, "p_lat": 1.7308563471374327e-09, "p_lng": 1.7308563471374327e-09}, "22": {"p_type": 0.451764421039647, "p_lat": 6.135634222914632e-10, "p_lng": 6.135634222914632e-10}, "23": {"p_type": 0.2859078243837888, "p_lat": 2.1669865901685625e-10, "p_lng": 2.1669865901685625e-10}, "24": {"p_type": 0.28177845818467073, "p_lat": 7.629952225585157e-11, "p_lng": 7.629952225585157e-11}, "25": {"p_type": 0.24778105791912441, "p_lat": 2.6763480320823874e-11, "p_lng": 2.6763480320823874e-11}, "26": {"p_type": 0.24620272632838158, "p_lat": 9.351741603325081e-12, "p_lng": 9.351741603325081e-12}, "27": {"p_type": 0.2274467595760532, "p_lat": 3.2576163988551343e-12, "p_lng": 3.2576163988551343e-12}}