{"0": {"p_type": 0.463367332099215, "p_lat": 0.9979508196721331, "p_lng": 0.9979508196721331}, "1": {"p_type": 0.40859235606667754, "p_lat": 0.4966765086080265, "p_lng": 0.4966765086080265}, "2": {"p_type": 0.35276811121776874, "p_lat": 0.21916421890224436, "p_lng": 0.21916421890224436}, "3": {"p_type": 0.35276811121776874, "p_lat": 0.09156170679042397, "p_lng": 0.09156170679042397}, "4": {"p_type": 0.35276811121776874, "p_lat": 0.037043980407650334, "p_lng": 0.037043980407650334}, "5": {"p_type": 0.4361696188742763, "p_lat": 0.01466677320887777, "p_lng": 0.01466677320887777}, "6": {"p_type": 0.4306810695372816, "p_lat": 0.47068844356171224, "p_lng": 0.048586480092980056}, "7": {"p_type": 0.5952725818014318, "p_lat": 0.38239402218410956, "p_lng": 0.03434320082604869}, "8": {"p_type": 0.5826385879301059, "p_lat": 0.022622265806791275, "p_lng": 0.023359247153758922}, "9": {"p_type": 0.36876661585253623, "p_lat": 0.006226849948400837, "p_lng": 0.01595418064556242}, "10": {"p_type": 0.41650390015411765, "p_lat": 0.0014218230321632053, "p_lng": 0.010459209285130555}, "11": {"p_type": 0.40396705919655873, "p_lat": 0.00026420207569677334, "p_lng": 0.007041212518425488}, "12": {"p_type": 0.44528295072117396, "p_lat": 5.114891226709606e-05, "p_lng": 0.0045925910357933475}, "13": {"p_type": 0.2908129941786779, "p_lat": 8.159207469105034e-06, "p_lng": 0.003066329385662092}, "14": {"p_type": 0.3266500448095674, "p_lat": 0.0009345438138801399, "p_lng": 0.001832496007059592}, "15": {"p_type": 0.21780085095047463, "p_lat": 0.0002535560071593723, "p_lng": 0.0013024768030946987}, "16": {"p_type": 0.21685536351182277, "p_lat": 5.938629915080984e-05, "p_lng": 0.0008274578211623362}, "17": {"p_type": 0.3468278417918652, "p_lat": 0.0002524063031682511, "p_lng": 0.0004915359889370308}, "18": {"p_type": 0.3434339424983852, "p_lat": 0.00016523014434211003, "p_lng": 0.0003301688312778994}, "19": {"p_type": 0.3405627366565702, "p_lat": 0.00012010953169905303, "p_lng": 0.00010352152752546306}, "20": {"p_type": 0.20483625322676668, "p_lat": 2.840836340145536e-05, "p_lng": 6.855172405950682e-05}, "21": {"p_type": 0.09354591831763592, "p_lat": 7.057889260586592e-06, "p_lng": 4.697412067877771e-05}, "22": {"p_type": 0.250084813480136, "p_lat": 0.010119860572586181, "p_lng": 2.7389640125274894e-05}, "23": {"p_type": 0.640552227211231, "p_lat": 0.18792288590981376, "p_lng": 0.0006228398494750875}, "24": {"p_type": 0.5774412871789982, "p_lat": 0.1684961413819921, "p_lng": 0.00027982654718805566}, "25": {"p_type": 0.571398724068834, "p_lat": 0.1510106325926186, "p_lng": 0.00015884661487219898}, "26": {"p_type": 0.5526190753015626, "p_lat": 0.0023078968672821665, "p_lng": 7.983735943783987e-05}, "27": {"p_type": 0.4480615108763851, "p_lat": 0.001290558270594877, "p_lng": 3.724744197153296e-05}, "28": {"p_type": 0.3552574475940604, "p_lat": 0.0007262405938067706, "p_lng": 3.087697357206931e-05}, "29": {"p_type": 0.45368365540441835, "p_lat": 0.00044752126584357566, "p_lng": 1.3243850735089602e-05}, "30": {"p_type": 0.43645807570866735, "p_lat": 0.00020598426734796949, "p_lng": 6.092313951877593e-06}, "31": {"p_type": 0.5567010067233686, "p_lat": 0.00014235525475014832, "p_lng": 6.026495152355871e-06}, "32": {"p_type": 0.4948605564473587, "p_lat": 6.588919412420235e-05, "p_lng": 2.4618525473751873e-06}, "33": {"p_type": 0.3591690168048758, "p_lat": 3.786278780837371e-05, "p_lng": 1.3148623384529046e-06}, "34": {"p_type": 0.3581992511541717, "p_lat": 1.863027042747767e-05, "p_lng": 7.564741993926205e-07}, "35": {"p_type": 0.4120475069489937, "p_lat": 1.064147555451811e-05, "p_lng": 4.6427619260214215e-07}, "36": {"p_type": 0.46292050529611395, "p_lat": 0.00024135273134540114, "p_lng": 3.39662895809667e-07}, "37": {"p_type": 0.46272497712829563, "p_lat": 2.276714115567735e-06, "p_lng": 4.3318128295499747e-07}, "38": {"p_type": 0.45822095484063385, "p_lat": 0.0001390677370955995, "p_lng": 2.8382134331650377e-07}, "39": {"p_type": 0.511299578774974, "p_lat": 0.00010584157725901377, "p_lng": 1.9852341259785078e-07}, "40": {"p_type": 0.5154448942791865, "p_lat": 2.643985210770694e-07, "p_lng": 3.3640708940740893e-07}, "41": {"p_type": 0.21142281063910862, "p_lat": 1.6213498155170925e-07, "p_lng": 1.6213498155170925e-07}, "42": {"p_type": 0.15821828251032866, "p_lat": 8.648586657944435e-08, "p_lng": 1.1692795420792379e-07}, "43": {"p_type": 0.16170731119818538, "p_lat": 4.089292882092366e-08, "p_lng": 1.2566203699826417e-07}, "44": {"p_type": 0.20137944349749126, "p_lat": 1.7033887189654706e-08, "p_lng": 7.844520677480205e-08}, "45": {"p_type": 0.2539344027464149, "p_lat": 6.506893024393889e-09, "p_lng": 7.086061237782104e-08}, "46": {"p_type": 0.25380145487542594, "p_lat": 4.5075841947905815e-09, "p_lng": 3.302891782297479e-08}, "47": {"p_type": 0.3396126462119222, "p_lat": 3.268810555567825e-09, "p_lng": 3.72654888058932e-08}, "48": {"p_type": 0.2299464487703402, "p_lat": 1.3259918718588892e-09, "p_lng": 5.9049192313587184e-08}}