{"0": {"p_type": 0.463367332099215, "p_lat": 0.9979508196721331, "p_lng": 0.9979508196721331}, "1": {"p_type": 0.463367332099215, "p_lat": 0.4966765086080265, "p_lng": 0.4966765086080265}, "2": {"p_type": 0.5162326184463125, "p_lat": 0.21916421890224436, "p_lng": 0.21916421890224436}, "3": {"p_type": 0.4988677193588429, "p_lat": 0.09156170679042397, "p_lng": 0.09156170679042397}, "4": {"p_type": 0.4900844431873984, "p_lat": 0.037043980407650334, "p_lng": 0.037043980407650334}, "5": {"p_type": 0.657704044165409, "p_lat": 0.01466677320887777, "p_lng": 0.01466677320887777}, "6": {"p_type": 0.640552227211231, "p_lat": 0.005715459051512384, "p_lng": 0.005715459051512384}, "7": {"p_type": 0.7867089815660595, "p_lat": 0.002199817371031698, "p_lng": 0.002199817371031698}, "8": {"p_type": 0.7683302619236406, "p_lat": 0.0008381444310797681, "p_lng": 0.0008381444310797681}, "9": {"p_type": 0.7544575734357659, "p_lat": 0.0003166228695794526, "p_lng": 0.0003166228695794526}, "10": {"p_type": 0.813970212824508, "p_lat": 0.00011871490945225549, "p_lng": 0.00011871490945225549}, "11": {"p_type": 0.8487961172233521, "p_lat": 4.4217987363093236e-05, "p_lng": 4.4217987363093236e-05}, "12": {"p_type": 0.8923794844029922, "p_lat": 1.6372989680601968e-05, "p_lng": 1.6372989680601968e-05}, "13": {"p_type": 0.8802722481217783, "p_lat": 6.028554426107391e-06, "p_lng": 6.028554426107391e-06}, "14": {"p_type": 0.9042348535151343, "p_lat": 2.2087596462938563e-06, "p_lng": 2.2087596462938563e-06}, "15": {"p_type": 0.9325939528825872, "p_lat": 8.052781302891887e-07, "p_lng": 8.052781302891887e-07}, "16": {"p_type": 0.925071957986247, "p_lat": 2.9226028241957636e-07, "p_lng": 2.9226028241957636e-07}, "17": {"p_type": 0.9636825556576849, "p_lat": 1.0561806407238805e-07, "p_lng": 1.0561806407238805e-07}, "18": {"p_type": 0.9587972314594162, "p_lat": 3.8010975367264166e-08, "p_lng": 3.8010975367264166e-08}, "19": {"p_type": 0.9541952221736785, "p_lat": 1.3625243822090738e-08, "p_lng": 1.3625243822090738e-08}, "20": {"p_type": 0.969079884700613, "p_lat": 4.866098302080957e-09, "p_lng": 4.866098302080957e-09}, "21": {"p_type": 0.9651056386546657, "p_lat": 1.7308563471374327e-09, "p_lng": 1.7308563471374327e-09}, "22": {"p_type": 0.9839513769923367, "p_lat": 6.135634222914632e-10, "p_lng": 6.135634222914632e-10}, "23": {"p_type": 0.9871392193647002, "p_lat": 2.1669865901685625e-10, "p_lng": 2.1669865901685625e-10}, "24": {"p_type": 0.9854710529654579, "p_lat": 7.629952225585157e-11, "p_lng": 7.629952225585157e-11}, "25": {"p_type": 0.9905695132473332, "p_lat": 2.6763480320823874e-11, "p_lng": 2.6763480320823874e-11}, "26": {"p_type": 0.9892095690875438, "p_lat": 9.351741603325081e-12, "p_lng": 9.351741603325081e-12}, "27": {"p_type": 0.9931586095618754, "p_lat": 3.2576163988551343e-12, "p_lng": 3.2576163988551343e-12}, "28": {"p_type": 0.9920769068621091, "p_lat": 1.131428284395497e-12, "p_lng": 1.131428284395497e-12}, "29": {"p_type": 0.9957228031634834, "p_lat": 3.9190872769268026e-13, "p_lng": 3.9190872769268026e-13}, "30": {"p_type": 0.9973047191019784, "p_lat": 1.3522516439934407e-13, "p_lng": 1.3522516439934407e-13}, "31": {"p_type": 0.9968832612977688, "p_lat": 4.651834473179406e-14, "p_lng": 4.651834473179406e-14}, "32": {"p_type": 0.9964474174606052, "p_lat": 1.5987211554602254e-14, "p_lng": 1.5987211554602254e-14}, "33": {"p_type": 0.9984740657590214, "p_lat": 5.440092820663267e-15, "p_lng": 5.440092820663267e-15}, "34": {"p_type": 0.9982403135469231, "p_lat": 1.887379141862766e-15, "p_lng": 1.887379141862766e-15}, "35": {"p_type": 0.9992670030229777, "p_lat": 7.771561172376096e-16, "p_lng": 6.661338147750939e-16}, "36": {"p_type": 0.9994257247241025, "p_lat": 2.220446049250313e-16, "p_lng": 2.220446049250313e-16}, "37": {"p_type": 0.9993383749775216, "p_lat": 1.1102230246251565e-16, "p_lng": 1.1102230246251565e-16}, "38": {"p_type": 0.999592045776184, "p_lat": 0.0, "p_lng": 0.0}, "39": {"p_type": 0.9996829019144035, "p_lat": 0.0, "p_lng": 0.0}, "40": {"p_type": 0.9998083091363019, "p_lat": 0.0, "p_lng": 0.0}, "41": {"p_type": 0.9999007603380394, "p_lat": 0.0, "p_lng": 0.0}, "42": {"p_type": 0.9998846909720738, "p_lat": 0.0, "p_lng": 0.0}, "43": {"p_type": 0.999930363385013, "p_lat": 0.0, "p_lng": 0.0}, "44": {"p_type": 0.9999461072067202, "p_lat": 0.0, "p_lng": 0.0}, "45": {"p_type": 0.9999680026382597, "p_lat": 0.0, "p_lng": 0.0}, "46": {"p_type": 0.9999621943971723, "p_lat": 0.0, "p_lng": 0.0}, "47": {"p_type": 0.9999709231218011, "p_lat": 0.0, "p_lng": 0.0}, "48": {"p_type": 0.9999826848534537, "p_lat": 0.0, "p_lng": 0.0}, "49": {"p_type": 0.9999796094504749, "p_lat": 0.0, "p_lng": 0.0}, "50": {"p_type": 0.9999880097320963, "p_lat": 0.0, "p_lng": 0.0}, "51": {"p_type": 0.9999906896115713, "p_lat": 0.0, "p_lng": 0.0}, "52": {"p_type": 0.9999890671366127, "p_lat": 0.0, "p_lng": 0.0}, "53": {"p_type": 0.999995792319906, "p_lat": 0.0, "p_lng": 0.0}, "54": {"p_type": 0.9999950224730169, "p_lat": 0.0, "p_lng": 0.0}, "55": {"p_type": 0.9999971039530058, "p_lat": 0.0, "p_lng": 0.0}, "56": {"p_type": 0.9999965519287154, "p_lat": 0.0, "p_lng": 0.0}, "57": {"p_type": 0.9999959353239014, "p_lat": 0.0, "p_lng": 0.0}, "58": {"p_type": 0.9999984547179207, "p_lat": 0.0, "p_lng": 0.0}, "59": {"p_type": 0.9999988090972451, "p_lat": 0.0, "p_lng": 0.0}, "60": {"p_type": 0.999999313366668, "p_lat": 0.0, "p_lng": 0.0}, "61": {"p_type": 0.9999991797141748, "p_lat": 0.0, "p_lng": 0.0}, "62": {"p_type": 0.999999029162335, "p_lat": 0.0, "p_lng": 0.0}, "63": {"p_type": 0.9999994373531197, "p_lat": 0.0, "p_lng": 0.0}, "64": {"p_type": 0.9999993302879262, "p_lat": 0.0, "p_lng": 0.0}, "65": {"p_type": 0.9999994883406562, "p_lat": 0.0, "p_lng": 0.0}, "66": {"p_type": 0.9999998080317367, "p_lat": 0.0, "p_lng": 0.0}, "67": {"p_type": 0.9999998529411804, "p_lat": 0.0, "p_lng": 0.0}, "68": {"p_type": 0.9999999155837, "p_lat": 0.0, "p_lng": 0.0}, "69": {"p_type": 0.9999998991612393, "p_lat": 0.0, "p_lng": 0.0}, "70": {"p_type": 0.9999998805349155, "p_lat": 0.0, "p_lng": 0.0}, "71": {"p_type": 0.9999999557094752, "p_lat": 0.0, "p_lng": 0.0}, "72": {"p_type": 0.9999999472370104, "p_lat": 0.0, "p_lng": 0.0}, "73": {"p_type": 0.9999999806731377, "p_lat": 0.0, "p_lng": 0.0}, "74": {"p_type": 0.9999999768518784, "p_lat": 0.0, "p_lng": 0.0}, "75": {"p_type": 0.999999972491584, "p_lat": 0.0, "p_lng": 0.0}, "76": {"p_type": 0.9999999842475431, "p_lat": 0.0, "p_lng": 0.0}, "77": {"p_type": 0.9999999879448821, "p_lat": 0.0, "p_lng": 0.0}, "78": {"p_type": 0.9999999931604212, "p_lat": 0.0, "p_lng": 0.0}, "79": {"p_type": 0.9999999947488697, "p_lat": 0.0, "p_lng": 0.0}, "80": {"p_type": 0.9999999959991023, "p_lat": 0.0, "p_lng": 0.0}, "81": {"p_type": 0.9999999977256331, "p_lat": 0.0, "p_lng": 0.0}, "82": {"p_type": 0.9999999972766442, "p_lat": 0.0, "p_lng": 0.0}, "83": {"p_type": 0.9999999993757626, "p_lat": 0.0, "p_lng": 0.0}, "84": {"p_type": 0.9999999992487447, "p_lat": 0.0, "p_lng": 0.0}, "85": {"p_type": 0.9999999991022934, "p_lat": 0.0, "p_lng": 0.0}, "86": {"p_type": 0.999999999492436, "p_lat": 0.0, "p_lng": 0.0}}