{"0": {"p_type": 0.463367332099215, "p_lat": 0.9979508196721331, "p_lng": 0.9979508196721331}, "1": {"p_type": 0.657704044165409, "p_lat": 0.4966765086080265, "p_lng": 0.4966765086080265}, "2": {"p_type": 0.8487961172233521, "p_lat": 0.21916421890224436, "p_lng": 0.21916421890224436}, "3": {"p_type": 0.9787735136970911, "p_lat": 0.8110799612129309, "p_lng": 0.8110799612129309}, "4": {"p_type": 0.9989497002688895, "p_lat": 0.9693560173927886, "p_lng": 0.9693560173927886}, "5": {"p_type": 0.9999824398333543, "p_lat": 0.9961012640886265, "p_lng": 0.9961012640886265}, "6": {"p_type": 0.9999999012047289, "p_lat": 0.988791096103701, "p_lng": 0.988791096103701}, "7": {"p_type": 0.9999999998114326, "p_lat": 0.4676521863618044, "p_lng": 0.9768349741154099}, "8": {"p_type": 0.9999999999998765, "p_lat": 0.3443086943928333, "p_lng": 0.9601826182810952}, "9": {"p_type": 1.0, "p_lat": 0.2504228754654718, "p_lng": 0.9394344585472819}, "10": {"p_type": 1.0, "p_lat": 0.22210542021876067, "p_lng": 0.9153525712392311}, "11": {"p_type": 1.0, "p_lat": 0.1592599521266832, "p_lng": 0.888557534144375}, "12": {"p_type": 1.0, "p_lat": 0.14087357095667907, "p_lng": 0.24298105601416953}}