{"0": {"p_type": 0.463367332099215, "p_lat": 0.9979508196721331, "p_lng": 0.9979508196721331}, "1": {"p_type": 0.40859235606667754, "p_lat": 0.4966765086080265, "p_lng": 0.4966765086080265}, "2": {"p_type": 0.35276811121776874, "p_lat": 0.21916421890224436, "p_lng": 0.21916421890224436}, "3": {"p_type": 0.35276811121776874, "p_lat": 0.09156170679042397, "p_lng": 0.09156170679042397}, "4": {"p_type": 0.2694478799875831, "p_lat": 0.037043980407650334, "p_lng": 0.037043980407650334}, "5": {"p_type": 0.21606831375218472, "p_lat": 0.01466677320887777, "p_lng": 0.01466677320887777}, "6": {"p_type": 0.21089369639553468, "p_lat": 0.005715459051512384, "p_lng": 0.005715459051512384}, "7": {"p_type": 0.24242386686693385, "p_lat": 0.011525247182957443, "p_lng": 0.38239402218410956}, "8": {"p_type": 0.24242386686693385, "p_lat": 0.00858045124387663, "p_lng": 0.023359247153758922}, "9": {"p_type": 0.24242386686693385, "p_lat": 0.006226849948400837, "p_lng": 0.01595418064556242}, "10": {"p_type": 0.25779602925291967, "p_lat": 0.004300730329697133, "p_lng": 0.010459209285130555}, "11": {"p_type": 0.3481006864949652, "p_lat": 0.002892552080424604, "p_lng": 0.002892552080424604}, "12": {"p_type": 0.39005241303742466, "p_lat": 0.0045925910357933475, "p_lng": 0.0045925910357933475}, "13": {"p_type": 0.383852463449077, "p_lat": 0.057485318165109045, "p_lng": 0.057485318165109045}, "14": {"p_type": 0.47054275889611974, "p_lat": 0.18183864870718702, "p_lng": 0.18482091820230262}, "15": {"p_type": 0.5230993978234079, "p_lat": 0.15642205397381992, "p_lng": 0.15933894084892075}, "16": {"p_type": 0.5146655337136556, "p_lat": 0.11647519185293431, "p_lng": 0.13616240042142524}, "17": {"p_type": 0.6608893652012323, "p_lat": 0.084115206448108, "p_lng": 0.11730514818215942}, "18": {"p_type": 0.6506253925751793, "p_lat": 0.059875501776512574, "p_lng": 0.08513136726103254}, "19": {"p_type": 0.46613126211020695, "p_lat": 0.04477956397873728, "p_lng": 0.06336753661172201}, "20": {"p_type": 0.5228361560579076, "p_lat": 0.03199963194732203, "p_lng": 0.044831799198604916}, "21": {"p_type": 0.5642006301166558, "p_lat": 0.02158023327896552, "p_lng": 0.032552748446606605}, "22": {"p_type": 0.6897539800916217, "p_lat": 0.015701477162614053, "p_lng": 0.028738549812383773}, "23": {"p_type": 0.6045966303976438, "p_lat": 0.01038356956656461, "p_lng": 0.02133692079671279}, "24": {"p_type": 0.46875221024420877, "p_lat": 0.00724013187444994, "p_lng": 0.015002974246975831}, "25": {"p_type": 0.5019263545104939, "p_lat": 0.0052294506495810245, "p_lng": 0.010187129312276832}, "26": {"p_type": 0.3567217219751786, "p_lat": 0.004380490785717894, "p_lng": 0.0068779416741169275}, "27": {"p_type": 0.24620272632838158, "p_lat": 0.00356964398049453, "p_lng": 0.004802498836439906}, "28": {"p_type": 0.1525235674057812, "p_lat": 0.0033212242156377414, "p_lng": 0.0033212242156377414}, "29": {"p_type": 0.18724133320421155, "p_lat": 0.0028613628668089364, "p_lng": 0.0023371331298892573}, "30": {"p_type": 0.19250071320920026, "p_lat": 0.002457408738381628, "p_lng": 0.0017476630561019668}, "31": {"p_type": 0.19223664790000572, "p_lat": 0.0020737594313597896, "p_lng": 0.001133486694462782}, "32": {"p_type": 0.19199782996553694, "p_lat": 0.0018696855119614275, "p_lng": 0.0009298588813363429}, "33": {"p_type": 0.03893855161227999, "p_lat": 0.0014055554393914704, "p_lng": 0.0007381874313494574}, "34": {"p_type": 0.015169880586168305, "p_lat": 0.0012393159827035483, "p_lng": 0.0006445240339897351}, "35": {"p_type": 0.03973836570582079, "p_lat": 0.0011313703104878226, "p_lng": 0.0006042935096005619}, "36": {"p_type": 0.09714622543961293, "p_lat": 0.0012068046117594822, "p_lng": 0.0005230166751367671}, "37": {"p_type": 0.09714622543961293, "p_lat": 0.0008648065577785413, "p_lng": 0.0004727586881974055}, "38": {"p_type": 0.10034887710840656, "p_lat": 0.000699133227314519, "p_lng": 0.00037324391574911076}, "39": {"p_type": 0.14218977770387542, "p_lat": 0.030155839295197828, "p_lng": 0.0003543779598076391}, "40": {"p_type": 0.15315569362767456, "p_lat": 0.02674099081152581, "p_lng": 0.0002851291770814557}, "41": {"p_type": 0.21142281063910862, "p_lat": 0.000512697809465279, "p_lng": 0.00022419439404475217}, "42": {"p_type": 0.2112757969254655, "p_lat": 0.0003565833878725888, "p_lng": 0.00020846316285272337}, "43": {"p_type": 0.22282676911297916, "p_lat": 0.0003310570017931447, "p_lng": 0.0001872400476575775}, "44": {"p_type": 0.2655532901629356, "p_lat": 0.00023726561107417776, "p_lng": 0.0001601402783981687}, "45": {"p_type": 0.2851205966916561, "p_lat": 0.00022903937646434613, "p_lng": 0.00012874625127134998}, "46": {"p_type": 0.17423293397009898, "p_lat": 0.0001642563580817047, "p_lng": 9.558346972404763e-05}, "47": {"p_type": 0.24055932144062453, "p_lat": 0.00016120918342410473, "p_lng": 0.00010257197664442774}, "48": {"p_type": 0.25848376075642077, "p_lat": 0.00014252303012529666, "p_lng": 7.91941926320261e-05}, "49": {"p_type": 0.25743566997518164, "p_lat": 0.00011036743673364935, "p_lng": 6.952443716723433e-05}}