{"0": {"p_type": 0.463367332099215, "p_lat": 0.9979508196721331, "p_lng": 0.9979508196721331}, "1": {"p_type": 0.40859235606667754, "p_lat": 0.4966765086080265, "p_lng": 0.4966765086080265}, "2": {"p_type": 0.5162326184463125, "p_lat": 0.925234989121893, "p_lng": 0.925234989121893}, "3": {"p_type": 0.4988677193588429, "p_lat": 0.8110799612129309, "p_lng": 0.09384588327385923}, "4": {"p_type": 0.463367332099215, "p_lat": 0.6886603435922968, "p_lng": 0.0860208803090432}, "5": {"p_type": 0.4900844431873984, "p_lat": 0.5732104359258673, "p_lng": 0.06640028061272307}, "6": {"p_type": 0.38633343894262195, "p_lat": 0.47068844356171224, "p_lng": 0.048586480092980056}, "7": {"p_type": 0.38633343894262195, "p_lat": 0.38239402218410956, "p_lng": 0.03434320082604869}, "8": {"p_type": 0.3714311596950832, "p_lat": 0.30814528597005864, "p_lng": 0.00858045124387663}, "9": {"p_type": 0.36076904073585236, "p_lat": 0.2465499138106937, "p_lng": 0.001830715144040207}, "10": {"p_type": 0.312833587545134, "p_lat": 0.19638479987081725, "p_lng": 0.00033765237218053024}, "11": {"p_type": 0.3481006864949652, "p_lat": 0.15574868679582743, "p_lng": 0.0002921278713831077}, "12": {"p_type": 0.3341052627308787, "p_lat": 0.12292637695404385, "p_lng": 0.0007577039502593141}, "13": {"p_type": 0.3092988310803946, "p_lat": 0.09678123104381875, "p_lng": 0.0005413856889666668}, "14": {"p_type": 0.47054275889611974, "p_lat": 0.0759279806747617, "p_lng": 0.00035279574526880797}, "15": {"p_type": 0.43799579470222305, "p_lat": 0.05949817613886599, "p_lng": 0.0002254931178476971}, "16": {"p_type": 0.5694843625683415, "p_lat": 0.046457077255978585, "p_lng": 0.00016025381839457342}, "17": {"p_type": 0.3468278417918652, "p_lat": 0.03616652588991165, "p_lng": 0.00010535338085515544}, "18": {"p_type": 0.35276811121776874, "p_lat": 0.028146419741017503, "p_lng": 7.728659744676847e-05}, "19": {"p_type": 0.3463056669568134, "p_lat": 0.021840992530247072, "p_lng": 4.331026142945227e-05}, "20": {"p_type": 0.3033598689343031, "p_lat": 0.016933017661607375, "p_lng": 2.840836340145536e-05}, "21": {"p_type": 0.30091998020308885, "p_lat": 0.01309758777451664, "p_lng": 0.0012966196595962654}, "22": {"p_type": 0.30488589062657745, "p_lat": 0.010119860572586181, "p_lng": 0.000672306574338366}, "23": {"p_type": 0.27126879115945357, "p_lat": 0.007794695545380259, "p_lng": 0.0004424143965414684}, "24": {"p_type": 0.3261843966441451, "p_lat": 0.006003593934093554, "p_lng": 0.0001798967279450503}, "25": {"p_type": 0.2914269430554062, "p_lat": 0.00461904944665148, "p_lng": 0.00015884661487219898}, "26": {"p_type": 0.38961504998470897, "p_lat": 0.0035501507643046493, "p_lng": 6.646447411973178e-05}, "27": {"p_type": 0.3567217219751786, "p_lat": 0.002729367049142062, "p_lng": 3.724744197153296e-05}, "28": {"p_type": 0.3552574475940604, "p_lat": 0.0020893278928920678, "p_lng": 1.695425764070002e-05}, "29": {"p_type": 0.3055265260924509, "p_lat": 0.0015999539982757272, "p_lng": 1.6791597879151077e-05}, "30": {"p_type": 0.28803627135932874, "p_lat": 0.0012270550483750586, "p_lng": 1.337072976481668e-05}, "31": {"p_type": 0.2877458971773944, "p_lat": 0.0009380479898277727, "p_lng": 1.0303775819564542e-05}, "32": {"p_type": 0.28748321312621195, "p_lat": 0.0007144983266214044, "p_lng": 7.2181261904225025e-06}, "33": {"p_type": 0.17738027228796682, "p_lat": 0.0005454727147650162, "p_lng": 3.6339637641269462e-06}}