{"0": {"p_type": 0.463367332099215, "p_lat": 0.9979508196721331, "p_lng": 0.9979508196721331}, "1": {"p_type": 0.657704044165409, "p_lat": 0.9999968522575624, "p_lng": 0.9999968522575624}, "2": {"p_type": 0.8487961172233521, "p_lat": 0.925234989121893, "p_lng": 0.925234989121893}, "3": {"p_type": 0.9787735136970911, "p_lat": 0.09384588327385923, "p_lng": 0.8110799612129309}, "4": {"p_type": 0.9989497002688895, "p_lat": 0.6886603435922968, "p_lng": 0.6886603435922968}, "5": {"p_type": 0.9999824398333543, "p_lat": 0.5732104359258673, "p_lng": 0.5732104359258673}, "6": {"p_type": 0.9999999012047289, "p_lat": 0.47068844356171224, "p_lng": 0.47068844356171224}, "7": {"p_type": 0.9999999998114326, "p_lat": 0.8360361168992981, "p_lng": 0.8360361168992981}, "8": {"p_type": 0.9999999999998765, "p_lat": 0.9601826182810952, "p_lng": 0.9601826182810952}, "9": {"p_type": 0.9999999999998765, "p_lat": 0.9394344585472819, "p_lng": 0.3665387736552915}, "10": {"p_type": 0.9999999999997089, "p_lat": 0.9153525712392311, "p_lng": 0.3210544234796293}, "11": {"p_type": 1.0, "p_lat": 0.888557534144375, "p_lng": 0.279463713031162}}