{"0": {"p_type": 0.463367332099215, "p_lat": 0.9979508196721331, "p_lng": 0.9979508196721331}, "1": {"p_type": 0.657704044165409, "p_lat": 0.4966765086080265, "p_lng": 0.4966765086080265}, "2": {"p_type": 0.8487961172233521, "p_lat": 0.21916421890224436, "p_lng": 0.21916421890224436}, "3": {"p_type": 0.9787735136970911, "p_lat": 0.09156170679042397, "p_lng": 0.09156170679042397}, "4": {"p_type": 0.9989497002688895, "p_lat": 0.037043980407650334, "p_lng": 0.037043980407650334}, "5": {"p_type": 0.9787735136970911, "p_lat": 0.01466677320887777, "p_lng": 0.01466677320887777}, "6": {"p_type": 0.997221745498938, "p_lat": 0.005715459051512384, "p_lng": 0.005715459051512384}, "7": {"p_type": 0.9997886214965332, "p_lat": 0.002199817371031698, "p_lng": 0.002199817371031698}, "8": {"p_type": 0.9999906896115713, "p_lat": 0.0008381444310797681, "p_lng": 0.0008381444310797681}, "9": {"p_type": 0.9999997623006615, "p_lat": 0.0003166228695794526, "p_lng": 0.0003166228695794526}, "10": {"p_type": 0.9999999944786236, "p_lat": 0.00011871490945225549, "p_lng": 0.00011871490945225549}, "11": {"p_type": 0.9999986457547075, "p_lat": 4.4217987363093236e-05, "p_lng": 4.4217987363093236e-05}, "12": {"p_type": 0.9999999146934593, "p_lat": 1.6372989680601968e-05, "p_lng": 1.6372989680601968e-05}, "13": {"p_type": 0.9999999975709023, "p_lat": 6.028554426107391e-06, "p_lng": 6.028554426107391e-06}, "14": {"p_type": 0.9999999999694005, "p_lat": 2.2087596462938563e-06, "p_lng": 2.2087596462938563e-06}, "15": {"p_type": 0.9999999999993293, "p_lat": 8.052781302891887e-07, "p_lng": 8.052781302891887e-07}, "16": {"p_type": 0.9999999999999934, "p_lat": 2.9226028241957636e-07, "p_lng": 2.9226028241957636e-07}, "17": {"p_type": 0.9999999999877222, "p_lat": 1.0561806407238805e-07, "p_lng": 1.0561806407238805e-07}, "18": {"p_type": 0.9999999999997229, "p_lat": 3.8010975367264166e-08, "p_lng": 3.8010975367264166e-08}, "19": {"p_type": 0.9999999999999952, "p_lat": 1.3625243822090738e-08, "p_lng": 1.3625243822090738e-08}, "20": {"p_type": 0.9999999999999999, "p_lat": 4.364023370451164e-06, "p_lng": 3.4033674281452875e-05}, "21": {"p_type": 1.0, "p_lat": 3.2763758169851442e-06, "p_lng": 2.1265640553047582e-05}, "22": {"p_type": 1.0, "p_lat": 2.10785995702345e-06, "p_lng": 5.771276631927336e-06}, "23": {"p_type": 1.0, "p_lat": 1.7423709712804936e-06, "p_lng": 1.7423709712804936e-06}, "24": {"p_type": 1.0, "p_lat": 1.0258863413215025e-06, "p_lng": 3.0645231285930663e-07}, "25": {"p_type": 1.0, "p_lat": 5.172894333993483e-07, "p_lng": 6.7552387794656e-08}, "26": {"p_type": 1.0, "p_lat": 3.9646687466365904e-07, "p_lng": 1.819783645995443e-08}, "27": {"p_type": 1.0, "p_lat": 2.3267807158777742e-07, "p_lng": 5.238151579156636e-09}, "28": {"p_type": 1.0, "p_lat": 2.0347930851372098e-07, "p_lng": 6.734761637261499e-10}, "29": {"p_type": 1.0, "p_lat": 1.220234289167621e-07, "p_lng": 1.2959000539325416e-10}, "30": {"p_type": 1.0, "p_lat": 1.8438850224455905e-08, "p_lng": 2.7091329179995682e-11}, "31": {"p_type": 1.0, "p_lat": 8.503596604647612e-09, "p_lng": 3.674838211509268e-12}, "32": {"p_type": 1.0, "p_lat": 2.350126537820074e-09, "p_lng": 8.516520821899576e-13}, "33": {"p_type": 1.0, "p_lat": 3.9999337175800065e-10, "p_lng": 6.372680161348399e-14}, "34": {"p_type": 1.0, "p_lat": 7.972011939472168e-11, "p_lng": 6.061817714453355e-14}, "35": {"p_type": 1.0, "p_lat": 1.1625922446967252e-11, "p_lng": 9.481304630298837e-14}, "36": {"p_type": 1.0, "p_lat": 1.6865953078593066e-11, "p_lng": 7.993605777301127e-14}, "37": {"p_type": 1.0, "p_lat": 4.126587960229244e-12, "p_lng": 8.859579736508749e-14}}