{"0": {"p_type": 0.463367332099215, "p_lat": 0.9979508196721331, "p_lng": 0.9979508196721331}, "1": {"p_type": 0.657704044165409, "p_lat": 0.9999968522575624, "p_lng": 0.9999968522575624}, "2": {"p_type": 0.566529879633291, "p_lat": 0.925234989121893, "p_lng": 0.925234989121893}, "3": {"p_type": 0.4988677193588429, "p_lat": 0.09384588327385923, "p_lng": 0.8110799612129309}, "4": {"p_type": 0.463367332099215, "p_lat": 0.08722167940126135, "p_lng": 0.0860208803090432}, "5": {"p_type": 0.4900844431873984, "p_lat": 0.5732104359258673, "p_lng": 0.5732104359258673}, "6": {"p_type": 0.48478388953385176, "p_lat": 0.048586480092980056, "p_lng": 0.47068844356171224}, "7": {"p_type": 0.35276811121776874, "p_lat": 0.03345002491076754, "p_lng": 0.38239402218410956}, "8": {"p_type": 0.20746367004646726, "p_lat": 0.022622265806791275, "p_lng": 0.30814528597005864}, "9": {"p_type": 0.20502360176536283, "p_lat": 0.01595418064556242, "p_lng": 0.2465499138106937}, "10": {"p_type": 0.15599024992650945, "p_lat": 0.010938878414279207, "p_lng": 0.19638479987081725}, "11": {"p_type": 0.19056689262255755, "p_lat": 0.007041212518425488, "p_lng": 0.15574868679582743}, "12": {"p_type": 0.15432699912114867, "p_lat": 0.0045925910357933475, "p_lng": 0.12292637695404385}, "13": {"p_type": 0.15303801360580205, "p_lat": 0.003066329385662092, "p_lng": 0.09678123104381875}, "14": {"p_type": 0.18393474671574084, "p_lat": 0.001983414979921938, "p_lng": 0.0759279806747617}, "15": {"p_type": 0.17413327204962858, "p_lat": 0.0013024768030946987, "p_lng": 0.05949817613886599}, "16": {"p_type": 0.17413327204962858, "p_lat": 0.0008274578211623362, "p_lng": 0.046457077255978585}, "17": {"p_type": 0.17413327204962858, "p_lat": 0.0004915359889370308, "p_lng": 0.03616652588991165}, "18": {"p_type": 0.20746367004646715, "p_lat": 0.0003301688312778994, "p_lng": 0.028146419741017503}, "19": {"p_type": 0.2068059039679262, "p_lat": 0.00019525469071535184, "p_lng": 0.021840992530247072}, "20": {"p_type": 0.19896087138581198, "p_lat": 0.016933017661607375, "p_lng": 0.016933017661607375}, "21": {"p_type": 0.28643281667856557, "p_lat": 0.01309758777451664, "p_lng": 0.01309758777451664}, "22": {"p_type": 0.2772663903798125, "p_lat": 4.950819552651531e-05, "p_lng": 0.010119860572586181}, "23": {"p_type": 0.18724133320421155, "p_lat": 3.2435268310759824e-05, "p_lng": 0.007794695545380259}, "24": {"p_type": 0.1855856405059182, "p_lat": 1.9116584966227812e-05, "p_lng": 0.006003593934093554}, "25": {"p_type": 0.16730283509510024, "p_lat": 1.2300929906561286e-05, "p_lng": 0.00461904944665148}, "26": {"p_type": 0.16695095065575827, "p_lat": 0.0023078968672821665, "p_lng": 0.0035501507643046493}, "27": {"p_type": 0.16135715110945337, "p_lat": 0.001290558270594877, "p_lng": 0.002729367049142062}, "28": {"p_type": 0.19112296582398902, "p_lat": 0.0007262405938067706, "p_lng": 0.0020893278928920678}, "29": {"p_type": 0.14765611183763527, "p_lat": 0.0003861334153223428, "p_lng": 0.0015999539982757272}, "30": {"p_type": 0.1631847031968391, "p_lat": 0.00020598426734796949, "p_lng": 0.0012270550483750586}, "31": {"p_type": 0.22827266684586278, "p_lat": 0.00014235525475014832, "p_lng": 0.0009380479898277727}, "32": {"p_type": 0.22726987817385635, "p_lat": 6.588919412420235e-05, "p_lng": 0.0007144983266214044}, "33": {"p_type": 0.2655532901629356, "p_lat": 3.786278780837371e-05, "p_lng": 0.0005454727147650162}, "34": {"p_type": 0.2653175855624039, "p_lat": 2.3798252785867113e-05, "p_lng": 0.0004164540287682206}, "35": {"p_type": 0.20502360176536283, "p_lat": 1.064147555451811e-05, "p_lng": 0.00031643021440652674}, "36": {"p_type": 0.2222729852283445, "p_lat": 4.304590448755974e-06, "p_lng": 0.00024135273134540114}, "37": {"p_type": 0.2222729852283445, "p_lat": 2.276714115567735e-06, "p_lng": 0.0001831813829691331}, "38": {"p_type": 0.2266437048459975, "p_lat": 1.2590802973555526e-06, "p_lng": 0.0001390677370955995}, "39": {"p_type": 0.3359169994533511, "p_lat": 2.5704672561244202e-05, "p_lng": 0.00010584157725901377}, "40": {"p_type": 0.3493541849672087, "p_lat": 0.0018338982886301203, "p_lng": 0.0003659348443617594}}