{"0": {"p_type": 0.463367332099215, "p_lat": 0.9979508196721331, "p_lng": 0.9979508196721331}, "1": {"p_type": 0.463367332099215, "p_lat": 0.4966765086080265, "p_lng": 0.4966765086080265}, "2": {"p_type": 0.29696000553144253, "p_lat": 0.21916421890224436, "p_lng": 0.21916421890224436}, "3": {"p_type": 0.27857305582251723, "p_lat": 0.09156170679042397, "p_lng": 0.09156170679042397}, "4": {"p_type": 0.2694478799875831, "p_lat": 0.6886603435922968, "p_lng": 0.6886603435922968}, "5": {"p_type": 0.35276811121776874, "p_lat": 0.06755099136694642, "p_lng": 0.06755099136694642}, "6": {"p_type": 0.21089369639553468, "p_lat": 0.013857133772826491, "p_lng": 0.048586480092980056}, "7": {"p_type": 0.24242386686693385, "p_lat": 0.0024279319210173123, "p_lng": 0.03434320082604869}, "8": {"p_type": 0.20746367004646726, "p_lat": 0.0021816908389646894, "p_lng": 0.023359247153758922}, "9": {"p_type": 0.30488589062657745, "p_lat": 0.0019519232136359088, "p_lng": 0.015355903265716231}, "10": {"p_type": 0.25779602925291967, "p_lat": 0.0014218230321632053, "p_lng": 0.010459209285130555}, "11": {"p_type": 0.20319910431563237, "p_lat": 0.0011227846378425443, "p_lng": 0.006679518241769267}, "12": {"p_type": 0.19056689262255755, "p_lat": 0.0007577039502593141, "p_lng": 0.0045925910357933475}, "13": {"p_type": 0.19056689262255755, "p_lat": 0.0005413856889666668, "p_lng": 0.002860200765011145}, "14": {"p_type": 0.3266500448095673, "p_lat": 0.00035279574526880797, "p_lng": 0.001832496007059592}, "15": {"p_type": 0.31548700479724523, "p_lat": 0.0002535560071593723, "p_lng": 0.0011915154567506692}, "16": {"p_type": 0.31548700479724523, "p_lat": 0.046457077255978585, "p_lng": 0.0008274578211623362}, "17": {"p_type": 0.17413327204962858, "p_lat": 0.0004915359889370308, "p_lng": 0.0004915359889370308}, "18": {"p_type": 0.15047239213537522, "p_lat": 0.0001439478798899163, "p_lng": 0.0003301688312778994}, "19": {"p_type": 0.14988268426745677, "p_lat": 4.331026142945227e-05, "p_lng": 0.00022363778736700368}, "20": {"p_type": 0.14287653950145296, "p_lat": 0.00015080629452313143, "p_lng": 0.00013007763881012213}, "21": {"p_type": 0.14287653950145296, "p_lat": 3.93121163392296e-05, "p_lng": 8.276837633902634e-05}, "22": {"p_type": 0.17297863438855043, "p_lat": 1.1713316804606855e-05, "p_lng": 4.950819552651531e-05}, "23": {"p_type": 0.19223664790000572, "p_lat": 8.422318278134e-06, "p_lng": 3.2435268310759824e-05}, "24": {"p_type": 0.16135715110945337, "p_lat": 6.322302627537191e-06, "p_lng": 2.354799011361486e-05}, "25": {"p_type": 0.1855856405059182, "p_lat": 3.7266122446810712e-06, "p_lng": 1.539206969813911e-05}, "26": {"p_type": 0.17175898373062737, "p_lat": 1.568731866630202e-06, "p_lng": 8.716706573652644e-06}, "27": {"p_type": 0.1914503072798649, "p_lat": 1.4509628196712754e-06, "p_lng": 5.260080455649074e-06}, "28": {"p_type": 0.19112296582398902, "p_lat": 9.128790580126278e-07, "p_lng": 3.422827065446832e-06}, "29": {"p_type": 0.14765611183763527, "p_lat": 7.08749294808797e-07, "p_lng": 2.4074106529381467e-06}, "30": {"p_type": 0.14287653950145296, "p_lat": 3.403713332295055e-07, "p_lng": 1.8674400624751897e-06}, "31": {"p_type": 0.14287653950145296, "p_lat": 2.760926191003321e-07, "p_lng": 8.179664608976012e-07}, "32": {"p_type": 0.14287653950145296, "p_lat": 7.2181261904225025e-06, "p_lng": 2.4618525473751873e-06}}