{"0": {"p_type": 0.463367332099215, "p_lat": 0.9979508196721331, "p_lng": 0.9979508196721331}, "1": {"p_type": 0.463367332099215, "p_lat": 0.4966765086080265, "p_lng": 0.4966765086080265}, "2": {"p_type": 0.5162326184463125, "p_lat": 0.21916421890224436, "p_lng": 0.21916421890224436}, "3": {"p_type": 0.4988677193588429, "p_lat": 0.09156170679042397, "p_lng": 0.09156170679042397}, "4": {"p_type": 0.4900844431873984, "p_lat": 0.037043980407650334, "p_lng": 0.037043980407650334}, "5": {"p_type": 0.657704044165409, "p_lat": 0.01466677320887777, "p_lng": 0.01466677320887777}, "6": {"p_type": 0.640552227211231, "p_lat": 0.005715459051512384, "p_lng": 0.005715459051512384}, "7": {"p_type": 0.7867089815660595, "p_lat": 0.002199817371031698, "p_lng": 0.002199817371031698}, "8": {"p_type": 0.7683302619236406, "p_lat": 0.0008381444310797681, "p_lng": 0.0008381444310797681}, "9": {"p_type": 0.7544575734357659, "p_lat": 0.0003166228695794526, "p_lng": 0.0003166228695794526}, "10": {"p_type": 0.813970212824508, "p_lat": 0.00011871490945225549, "p_lng": 0.00011871490945225549}, "11": {"p_type": 0.8487961172233521, "p_lat": 4.4217987363093236e-05, "p_lng": 4.4217987363093236e-05}, "12": {"p_type": 0.8923794844029922, "p_lat": 1.6372989680601968e-05, "p_lng": 1.6372989680601968e-05}, "13": {"p_type": 0.8802722481217783, "p_lat": 6.028554426107391e-06, "p_lng": 6.028554426107391e-06}, "14": {"p_type": 0.9042348535151343, "p_lat": 2.2087596462938563e-06, "p_lng": 2.2087596462938563e-06}, "15": {"p_type": 0.9325939528825872, "p_lat": 2.402252824895701e-05, "p_lng": 0.05949817613886599}, "16": {"p_type": 0.925071957986247, "p_lat": 4.739064541015026e-06, "p_lng": 0.046457077255978585}, "17": {"p_type": 0.9636825556576849, "p_lat": 1.0877087527338958e-06, "p_lng": 0.03616652588991165}, "18": {"p_type": 0.9587972314594162, "p_lat": 0.028146419741017503, "p_lng": 0.028146419741017503}, "19": {"p_type": 0.9541952221736785, "p_lat": 0.021840992530247072, "p_lng": 0.021840992530247072}, "20": {"p_type": 0.969079884700613, "p_lat": 0.00015080629452313143, "p_lng": 0.016933017661607375}, "21": {"p_type": 0.9651056386546657, "p_lat": 3.93121163392296e-05, "p_lng": 0.01309758777451664}, "22": {"p_type": 0.9839513769923367, "p_lat": 1.1713316804606855e-05, "p_lng": 0.010119860572586181}, "23": {"p_type": 0.9871392193647002, "p_lat": 0.007794695545380259, "p_lng": 0.007794695545380259}, "24": {"p_type": 0.9854710529654579, "p_lat": 1.9116584966227812e-05, "p_lng": 0.006003593934093554}, "25": {"p_type": 0.9729853620418509, "p_lat": 1.2300929906561286e-05, "p_lng": 0.00461904944665148}, "26": {"p_type": 0.9361146487149072, "p_lat": 8.716706573652644e-06, "p_lng": 0.0035501507643046493}, "27": {"p_type": 0.9186170827383382, "p_lat": 0.0009787610102376387, "p_lng": 0.002729367049142062}, "28": {"p_type": 0.9130235503485685, "p_lat": 0.0007262405938067706, "p_lng": 0.0020893278928920678}, "29": {"p_type": 0.9440478273158492, "p_lat": 0.0003861334153223428, "p_lng": 0.0015999539982757272}, "30": {"p_type": 0.9585150020969858, "p_lat": 0.00020598426734796949, "p_lng": 0.0012270550483750586}, "31": {"p_type": 0.9554219104408885, "p_lat": 0.00014235525475014832, "p_lng": 0.0009380479898277727}, "32": {"p_type": 0.9524412440983996, "p_lat": 6.588919412420235e-05, "p_lng": 0.0007144983266214044}, "33": {"p_type": 0.9752382183449663, "p_lat": 3.786278780837371e-05, "p_lng": 0.0005454727147650162}, "34": {"p_type": 0.973293698720046, "p_lat": 2.3798252785867113e-05, "p_lng": 0.0004164540287682206}, "35": {"p_type": 0.986664985409937, "p_lat": 1.064147555451811e-05, "p_lng": 0.00031643021440652674}, "36": {"p_type": 0.988720371045118, "p_lat": 4.304590448755974e-06, "p_lng": 0.00024135273134540114}, "37": {"p_type": 0.9877836154682026, "p_lat": 2.276714115567735e-06, "p_lng": 0.0001831813829691331}, "38": {"p_type": 0.9913988275340121, "p_lat": 1.2590802973555526e-06, "p_lng": 0.0001390677370955995}, "39": {"p_type": 0.9935120903624655, "p_lat": 5.367665991684589e-07, "p_lng": 0.00010584157725901377}, "40": {"p_type": 0.9955436828426003, "p_lat": 3.99449957000364e-07, "p_lng": 8.020950447262809e-05}, "41": {"p_type": 0.9977082087922086, "p_lat": 1.6213498155170925e-07, "p_lng": 6.071852225764118e-05}, "42": {"p_type": 0.9974853104254209, "p_lat": 8.648586657944435e-08, "p_lng": 4.597438399789322e-05}, "43": {"p_type": 0.99829254019988, "p_lat": 4.089292882092366e-08, "p_lng": 5.669688907250503e-08}, "44": {"p_type": 0.9986096559322301, "p_lat": 1.7033887189654706e-08, "p_lng": 2.6305629114653506e-05}, "45": {"p_type": 0.9990748138507319, "p_lat": 2.6014576293142966e-07, "p_lng": 0.014616683068126357}, "46": {"p_type": 0.9989678917841506, "p_lat": 0.000165032895841577, "p_lng": 0.1304555627667725}, "47": {"p_type": 0.9992302011902313, "p_lat": 0.003087188999932877, "p_lng": 0.3438294669707712}, "48": {"p_type": 0.9994900929385744, "p_lat": 0.0023565557930000924, "p_lng": 0.3306902999985124}, "49": {"p_type": 0.999430757664005, "p_lat": 0.002016255240889109, "p_lng": 0.3179106212716687}, "50": {"p_type": 0.9996286097933125, "p_lat": 0.0014875791234854052, "p_lng": 0.3057350254895088}, "51": {"p_type": 0.9997023144101937, "p_lat": 0.0010859500303607161, "p_lng": 0.293840596558652}, "52": {"p_type": 0.99966750060728, "p_lat": 0.0009335114432692526, "p_lng": 0.28239614168200866}, "53": {"p_type": 0.999856187443298, "p_lat": 0.0009822008959379236, "p_lng": 0.2713366186716665}, "54": {"p_type": 0.9998381469588622, "p_lat": 0.0006335072650862639, "p_lng": 0.26066297482122713}, "55": {"p_type": 0.9998964380420433, "p_lat": 0.0005021835368622662, "p_lng": 0.25023712791247354}, "56": {"p_type": 0.9998826737236921, "p_lat": 0.00041911107671699366, "p_lng": 0.0031273777846020367}, "57": {"p_type": 0.9998680275449113, "p_lat": 0.00024265438289117203, "p_lng": 0.0028269213569537266}, "58": {"p_type": 0.999941187179746, "p_lat": 0.00023165119717361016, "p_lng": 0.00296566839006851}, "59": {"p_type": 0.9999560385738232, "p_lat": 0.00019205231708374626, "p_lng": 0.0023792806053669624}, "60": {"p_type": 0.9999723367963447, "p_lat": 0.0001376241539716716, "p_lng": 0.0019169205182102411}, "61": {"p_type": 0.9999684525409925, "p_lat": 0.00013993433001824318, "p_lng": 0.0015295618508827102}, "62": {"p_type": 0.9999642716210051, "p_lat": 9.72265472520828e-05, "p_lng": 0.0017145700739262804}, "63": {"p_type": 0.9999774923157216, "p_lat": 7.605830420664983e-05, "p_lng": 0.0013937223885861494}, "64": {"p_type": 0.9999743600527642, "p_lat": 6.832971389381104e-05, "p_lng": 0.001130791517859553}, "65": {"p_type": 0.999980935274961, "p_lat": 5.378825922031094e-05, "p_lng": 0.0011138501122278655}, "66": {"p_type": 0.999991811976741, "p_lat": 4.662094122986904e-05, "p_lng": 0.000759716049619219}, "67": {"p_type": 0.9999939031401356, "p_lat": 4.011492695454866e-05, "p_lng": 0.0009216843052258783}, "68": {"p_type": 0.9999962203809797, "p_lat": 3.918460719121164e-05, "p_lng": 0.0006320378864975718}, "69": {"p_type": 0.9999956675960988, "p_lat": 3.1865563056454604e-05, "p_lng": 0.0006487598467429523}, "70": {"p_type": 0.9999950654920441, "p_lat": 2.901987594283728e-05, "p_lng": 0.0005478769386141336}, "71": {"p_type": 0.9999980071646071, "p_lat": 2.9778732322571777e-05, "p_lng": 0.000462686980846283}, "72": {"p_type": 0.9999977171236981, "p_lat": 2.4890524151999216e-05, "p_lng": 0.0003945656915469442}, "73": {"p_type": 0.9999990586467444, "p_lat": 2.3027676948839115e-05, "p_lng": 0.00033714333500367566}, "74": {"p_type": 0.9999989156174965, "p_lat": 1.6864921158932233e-05, "p_lng": 0.0002886773003057952}, "75": {"p_type": 0.9999987585378819, "p_lat": 1.963912556846026e-05, "p_lng": 0.00031953158439479434}, "76": {"p_type": 0.9999992383570107, "p_lat": 1.7800895434683106e-05, "p_lng": 0.0002179139368092553}, "77": {"p_type": 0.9999994324461243, "p_lat": 8.362091310276654e-06, "p_lng": 0.00024609272828801654}, "78": {"p_type": 0.9999996555529324, "p_lat": 9.411724520846931e-06, "p_lng": 0.00021921770400079588},