{"0": {"p_type": 0.463367332099215, "p_lat": 0.9979508196721331, "p_lng": 0.9979508196721331}, "1": {"p_type": 0.657704044165409, "p_lat": 0.4966765086080265, "p_lng": 0.4966765086080265}, "2": {"p_type": 0.8487961172233521, "p_lat": 0.21916421890224436, "p_lng": 0.21916421890224436}, "3": {"p_type": 0.9787735136970911, "p_lat": 0.09156170679042397, "p_lng": 0.09156170679042397}, "4": {"p_type": 0.9989497002688895, "p_lat": 0.037043980407650334, "p_lng": 0.037043980407650334}, "5": {"p_type": 0.9787735136970911, "p_lat": 0.5732104359258673, "p_lng": 0.5732104359258673}, "6": {"p_type": 0.997221745498938, "p_lat": 0.47068844356171224, "p_lng": 0.47068844356171224}, "7": {"p_type": 0.9997886214965332, "p_lat": 0.38239402218410956, "p_lng": 0.03434320082604869}, "8": {"p_type": 0.9999906896115713, "p_lat": 0.30814528597005864, "p_lng": 0.00858045124387663}, "9": {"p_type": 0.9999997623006615, "p_lat": 0.2465499138106937, "p_lng": 0.001830715144040207}, "10": {"p_type": 0.9999999944786236, "p_lat": 0.19638479987081725, "p_lng": 0.19638479987081725}, "11": {"p_type": 0.9999986457547075, "p_lat": 0.15574868679582743, "p_lng": 0.15574868679582743}, "12": {"p_type": 0.9999999146934593, "p_lat": 0.5650100967078902, "p_lng": 0.12292637695404385}, "13": {"p_type": 0.9999999975709023, "p_lat": 0.057485318165109045, "p_lng": 0.011138355463428784}, "14": {"p_type": 0.9999999999694005, "p_lat": 0.03148079056121289, "p_lng": 0.009253163291008115}, "15": {"p_type": 0.9999999999993293, "p_lat": 0.025028922162323997, "p_lng": 0.007817483400631486}, "16": {"p_type": 0.9999999999999934, "p_lat": 0.020200998441699536, "p_lng": 0.006114477854593514}, "17": {"p_type": 0.9999999999877222, "p_lat": 0.014697917805729044, "p_lng": 0.004959404529601863}, "18": {"p_type": 0.9999999999997229, "p_lat": 0.012034462832058113, "p_lng": 0.003918342738607139}, "19": {"p_type": 0.9999999999999952, "p_lat": 0.00990873775622858, "p_lng": 0.003075993479147998}, "20": {"p_type": 0.9999999999999999, "p_lat": 0.007555594956653033, "p_lng": 0.002480633060174098}, "21": {"p_type": 1.0, "p_lat": 0.005906725960884707, "p_lng": 0.0021859630154962284}, "22": {"p_type": 1.0, "p_lat": 0.0047155048924908405, "p_lng": 0.0016808372444623298}, "23": {"p_type": 1.0, "p_lat": 0.0034942859242603763, "p_lng": 0.0013041352262301853}, "24": {"p_type": 1.0, "p_lat": 0.0028033791144567166, "p_lng": 0.0010023584092825333}, "25": {"p_type": 1.0, "p_lat": 0.0016399025820158508, "p_lng": 0.000737386982613053}, "26": {"p_type": 1.0, "p_lat": 0.0012750909719454473, "p_lng": 0.0005756023143528299}, "27": {"p_type": 1.0, "p_lat": 0.0006393645800363279, "p_lng": 0.00046738819553326927}, "28": {"p_type": 1.0, "p_lat": 0.0005022151108982076, "p_lng": 0.0003930735723167711}, "29": {"p_type": 1.0, "p_lat": 0.0003861334153223428, "p_lng": 0.0003336882120597018}, "30": {"p_type": 1.0, "p_lat": 0.00028892584505724184, "p_lng": 0.00024316934909163201}, "31": {"p_type": 1.0, "p_lat": 0.00024224306456654965, "p_lng": 0.00017111397591573763}, "32": {"p_type": 1.0, "p_lat": 0.00019210431674210326, "p_lng": 0.00013724483024779577}, "33": {"p_type": 1.0, "p_lat": 0.0001263102034766428, "p_lng": 0.00010425419266091307}, "34": {"p_type": 1.0, "p_lat": 5.64741348122455e-05, "p_lng": 9.001567729005622e-05}, "35": {"p_type": 1.0, "p_lat": 2.5573337783857397e-05, "p_lng": 4.682183477655588e-05}, "36": {"p_type": 1.0, "p_lat": 1.655250043164358e-05, "p_lng": 5.253969102947398e-05}, "37": {"p_type": 1.0, "p_lat": 1.2220751826719223e-05, "p_lng": 3.373076062163083e-05}, "38": {"p_type": 1.0, "p_lat": 8.216342970657209e-06, "p_lng": 2.3764832934758395e-05}}