{"0": {"p_type": 0.463367332099215, "p_lat": 0.9979508196721331, "p_lng": 0.9979508196721331}, "1": {"p_type": 0.40859235606667754, "p_lat": 0.4966765086080265, "p_lng": 0.4966765086080265}, "2": {"p_type": 0.35276811121776874, "p_lat": 0.21916421890224436, "p_lng": 0.21916421890224436}, "3": {"p_type": 0.27857305582251746, "p_lat": 0.09156170679042397, "p_lng": 0.09156170679042397}, "4": {"p_type": 0.2694478799875831, "p_lat": 0.037043980407650334, "p_lng": 0.037043980407650334}, "5": {"p_type": 0.29696000553144253, "p_lat": 0.01466677320887777, "p_lng": 0.01466677320887777}, "6": {"p_type": 0.21089369639553468, "p_lat": 0.005715459051512384, "p_lng": 0.005715459051512384}, "7": {"p_type": 0.24242386686693385, "p_lat": 0.002199817371031698, "p_lng": 0.002199817371031698}, "8": {"p_type": 0.24242386686693385, "p_lat": 0.0008381444310797681, "p_lng": 0.0008381444310797681}, "9": {"p_type": 0.24242386686693385, "p_lat": 0.0003166228695794526, "p_lng": 0.0003166228695794526}, "10": {"p_type": 0.25779602925291967, "p_lat": 0.00011871490945225549, "p_lng": 0.00011871490945225549}, "11": {"p_type": 0.3481006864949652, "p_lat": 4.4217987363093236e-05, "p_lng": 4.4217987363093236e-05}, "12": {"p_type": 0.23797989050030877, "p_lat": 0.12292637695404385, "p_lng": 0.12292637695404385}, "13": {"p_type": 0.2365028358656508, "p_lat": 0.09678123104381875, "p_lng": 0.09678123104381875}, "14": {"p_type": 0.3266500448095673, "p_lat": 0.0759279806747617, "p_lng": 0.0759279806747617}, "15": {"p_type": 0.360235713050986, "p_lat": 0.05949817613886599, "p_lng": 0.05949817613886599}, "16": {"p_type": 0.35616264087681837, "p_lat": 0.046457077255978585, "p_lng": 0.046457077255978585}, "17": {"p_type": 0.5363833331603691, "p_lat": 0.03616652588991165, "p_lng": 0.03616652588991165}, "18": {"p_type": 0.7630099267359858, "p_lat": 0.028146419741017503, "p_lng": 0.028146419741017503}, "19": {"p_type": 0.6850387012073269, "p_lat": 0.021840992530247072, "p_lng": 0.021840992530247072}, "20": {"p_type": 0.6911227704189662, "p_lat": 0.016933017661607375, "p_lng": 0.016933017661607375}, "21": {"p_type": 0.6906909862951243, "p_lat": 0.01309758777451664, "p_lng": 0.23273328133611249}, "22": {"p_type": 0.7544575734357659, "p_lat": 0.010119860572586181, "p_lng": 0.20930930655107094}, "23": {"p_type": 0.8020496855833769, "p_lat": 0.007794695545380259, "p_lng": 0.18792288590981376}, "24": {"p_type": 0.8011178053199224, "p_lat": 0.006003593934093554, "p_lng": 0.1684961413819921}, "25": {"p_type": 0.8180069073205812, "p_lat": 0.00461904944665148, "p_lng": 0.1510106325926186}, "26": {"p_type": 0.8162763608498163, "p_lat": 0.0035501507643046493, "p_lng": 0.13528666678819223}, "27": {"p_type": 0.836869094068024, "p_lat": 0.002729367049142062, "p_lng": 0.002729367049142062}, "28": {"p_type": 0.7554020106430015, "p_lat": 0.0020893278928920678, "p_lng": 0.0020893278928920678}, "29": {"p_type": 0.8384092332120436, "p_lat": 0.0015999539982757272, "p_lng": 0.0015999539982757272}, "30": {"p_type": 0.9674461147440631, "p_lat": 0.0012270550483750586, "p_lng": 0.0012270550483750586}, "31": {"p_type": 0.967179817858624, "p_lat": 0.0009380479898277727, "p_lng": 0.0009380479898277727}, "32": {"p_type": 0.9524412440983995, "p_lat": 0.0007144983266214044, "p_lng": 0.0007144983266214044}, "33": {"p_type": 0.5323428241523297, "p_lat": 0.0005454727147650162, "p_lng": 0.0005454727147650162}, "34": {"p_type": 0.5314621347620062, "p_lat": 0.0004164540287682206, "p_lng": 0.0004164540287682206}, "35": {"p_type": 0.4919377140850415, "p_lat": 0.00031643021440652674, "p_lng": 0.00031643021440652674}, "36": {"p_type": 0.44483117309483133, "p_lat": 0.00024135273134540114, "p_lng": 0.00024135273134540114}, "37": {"p_type": 0.3474339511288941, "p_lat": 0.0001831813829691331, "p_lng": 0.0001831813829691331}, "38": {"p_type": 0.2916901168043273, "p_lat": 0.0001390677370955995, "p_lng": 0.0001390677370955995}, "39": {"p_type": 0.3474339511288941, "p_lat": 0.00010584157725901377, "p_lng": 0.00010584157725901377}, "40": {"p_type": 0.6094280069989333, "p_lat": 8.020950447262809e-05, "p_lng": 8.020950447262809e-05}, "41": {"p_type": 0.6431716848944853, "p_lat": 6.071852225764118e-05, "p_lng": 6.071852225764118e-05}, "42": {"p_type": 0.5606287834013387, "p_lat": 4.597438399789322e-05, "p_lng": 4.597438399789322e-05}, "43": {"p_type": 0.5496205859496713, "p_lat": 3.478922240340854e-05, "p_lng": 3.478922240340854e-05}, "44": {"p_type": 0.5888713272038597, "p_lat": 2.6305629114653506e-05, "p_lng": 2.6305629114653506e-05}, "45": {"p_type": 0.5471105263047493, "p_lat": 1.987837015482441e-05, "p_lng": 1.987837015482441e-05}, "46": {"p_type": 0.5469873407281054, "p_lat": 1.5029553111167715e-05, "p_lng": 1.5029553111167715e-05}, "47": {"p_type": 0.6095738428138884, "p_lat": 1.1342239766176654e-05, "p_lng": 1.1342239766176654e-05}, "48": {"p_type": 0.6065042480687839, "p_lat": 8.561250988026181e-06, "p_lng": 8.561250988026181e-06}, "49": {"p_type": 0.6065042480687839, "p_lat": 6.4294199983994105e-06, "p_lng": 6.4294199983994105e-06}, "50": {"p_type": 0.6094750544801775, "p_lat": 4.840770008618378e-06, "p_lng": 4.840770008618378e-06}, "51": {"p_type": 0.6413384576569081, "p_lat": 3.6505964770006116e-06, "p_lng": 3.6505964770006116e-06}, "52": {"p_type": 0.6412560390074682, "p_lat": 2.7487634693956764e-06, "p_lng": 2.7487634693956764e-06}, "53": {"p_type": 0.7073757251624591, "p_lat": 2.057425868784435e-06, "p_lng": 2.057425868784435e-06}, "54": {"p_type": 0.625484294209746, "p_lat": 1.5468929936979237e-06, "p_lng": 1.5468929936979237e-06}, "55": {"p_type": 0.6333280383419327, "p_lat": 1.1644021583601116e-06, "p_lng": 1.1644021583601116e-06}, "56": {"p_type": 0.6330311860674558, "p_lat": 8.695888457088685e-07, "p_lng": 8.695888457088685e-07}}