{"0": {"p_type": 0.463367332099215, "p_lat": 0.9979508196721331, "p_lng": 0.9979508196721331}, "1": {"p_type": 0.463367332099215, "p_lat": 0.4966765086080265, "p_lng": 0.4966765086080265}, "2": {"p_type": 0.35276811121776874, "p_lat": 0.21916421890224436, "p_lng": 0.21916421890224436}, "3": {"p_type": 0.27857305582251723, "p_lat": 0.09156170679042397, "p_lng": 0.09156170679042397}, "4": {"p_type": 0.24242386686693385, "p_lat": 0.037043980407650334, "p_lng": 0.037043980407650334}, "5": {"p_type": 0.21606831375218472, "p_lat": 0.06755099136694642, "p_lng": 0.5732104359258673}, "6": {"p_type": 0.21089369639553468, "p_lat": 0.013857133772826491, "p_lng": 0.47068844356171224}, "7": {"p_type": 0.21089369639553468, "p_lat": 0.011525247182957443, "p_lng": 0.38239402218410956}, "8": {"p_type": 0.31548700479724523, "p_lat": 0.00858045124387663, "p_lng": 0.30814528597005864}, "9": {"p_type": 0.30488589062657745, "p_lat": 0.006226849948400837, "p_lng": 0.2465499138106937}, "10": {"p_type": 0.25779602925291967, "p_lat": 0.004300730329697133, "p_lng": 0.19638479987081725}, "11": {"p_type": 0.20319910431563237, "p_lat": 0.001038585463938646, "p_lng": 0.15574868679582743}, "12": {"p_type": 0.23797989050030877, "p_lat": 0.00024206510164759276, "p_lng": 0.12292637695404385}, "13": {"p_type": 0.383852463449077, "p_lat": 0.002860200765011145, "p_lng": 0.09678123104381875}, "14": {"p_type": 0.47054275889611974, "p_lat": 0.0008531834670557625, "p_lng": 0.0759279806747617}, "15": {"p_type": 0.360235713050986, "p_lat": 0.0002535560071593723, "p_lng": 0.05949817613886599}, "16": {"p_type": 0.36973563254249564, "p_lat": 5.938629915080984e-05, "p_lng": 0.046457077255978585}, "17": {"p_type": 0.20204057439759704, "p_lat": 1.229355231291418e-05, "p_lng": 0.03616652588991165}, "18": {"p_type": 0.19896087138581198, "p_lat": 0.0003301688312778994, "p_lng": 0.028146419741017503}, "19": {"p_type": 0.19636619446969483, "p_lat": 8.894639911238844e-05, "p_lng": 0.021840992530247072}, "20": {"p_type": 0.23084252967747232, "p_lat": 3.4033674281452875e-05, "p_lng": 0.016933017661607375}, "21": {"p_type": 0.3501009678825071, "p_lat": 7.057889260586592e-06, "p_lng": 0.01309758777451664}, "22": {"p_type": 0.451764421039647, "p_lat": 2.10785995702345e-06, "p_lng": 0.010119860572586181}, "23": {"p_type": 0.2859078243837888, "p_lat": 4.4900088758126344e-07, "p_lng": 0.007794695545380259}, "24": {"p_type": 0.28177845818467073, "p_lat": 9.989665352039268e-06, "p_lng": 0.006003593934093554}, "25": {"p_type": 0.24778105791912441, "p_lat": 3.7266122446810712e-06, "p_lng": 0.00461904944665148}, "26": {"p_type": 0.24620272632838158, "p_lat": 4.40569949455849e-06, "p_lng": 0.0035501507643046493}, "27": {"p_type": 0.2274467595760532, "p_lat": 1.4509628196712754e-06, "p_lng": 0.002729367049142062}}