{"0": {"p_type": 0.463367332099215, "p_lat": 0.9979508196721331, "p_lng": 0.9979508196721331}, "1": {"p_type": 0.657704044165409, "p_lat": 0.4966765086080265, "p_lng": 0.4966765086080265}, "2": {"p_type": 0.8487961172233521, "p_lat": 0.21916421890224436, "p_lng": 0.21916421890224436}, "3": {"p_type": 0.9787735136970911, "p_lat": 0.09156170679042397, "p_lng": 0.09156170679042397}, "4": {"p_type": 0.9989497002688895, "p_lat": 0.037043980407650334, "p_lng": 0.037043980407650334}, "5": {"p_type": 0.9787735136970911, "p_lat": 0.01466677320887777, "p_lng": 0.01466677320887777}, "6": {"p_type": 0.997221745498938, "p_lat": 0.005715459051512384, "p_lng": 0.005715459051512384}, "7": {"p_type": 0.9997886214965332, "p_lat": 0.002199817371031698, "p_lng": 0.002199817371031698}, "8": {"p_type": 0.9999906896115713, "p_lat": 0.0008381444310797681, "p_lng": 0.0008381444310797681}, "9": {"p_type": 0.9999997623006615, "p_lat": 0.0003166228695794526, "p_lng": 0.0003166228695794526}, "10": {"p_type": 0.9999999944786236, "p_lat": 0.00011871490945225549, "p_lng": 0.00011871490945225549}, "11": {"p_type": 0.9999986457547075, "p_lat": 4.4217987363093236e-05, "p_lng": 4.4217987363093236e-05}, "12": {"p_type": 0.9999999146934593, "p_lat": 1.6372989680601968e-05, "p_lng": 1.6372989680601968e-05}, "13": {"p_type": 0.9999999975709023, "p_lat": 6.028554426107391e-06, "p_lng": 6.028554426107391e-06}, "14": {"p_type": 0.9999999999694005, "p_lat": 2.2087596462938563e-06, "p_lng": 2.2087596462938563e-06}, "15": {"p_type": 0.9999999999993293, "p_lat": 8.052781302891887e-07, "p_lng": 8.052781302891887e-07}, "16": {"p_type": 0.9999999999999934, "p_lat": 2.9226028241957636e-07, "p_lng": 2.9226028241957636e-07}, "17": {"p_type": 0.9999999999877222, "p_lat": 1.0561806407238805e-07, "p_lng": 1.0561806407238805e-07}, "18": {"p_type": 0.9999999999997229, "p_lat": 3.8010975367264166e-08, "p_lng": 3.8010975367264166e-08}, "19": {"p_type": 0.9999999999999952, "p_lat": 1.3625243822090738e-08, "p_lng": 1.3625243822090738e-08}, "20": {"p_type": 0.9999999999999999, "p_lat": 4.866098302080957e-09, "p_lng": 4.866098302080957e-09}, "21": {"p_type": 1.0, "p_lat": 1.7308563471374327e-09, "p_lng": 1.7308563471374327e-09}, "22": {"p_type": 1.0, "p_lat": 6.135634222914632e-10, "p_lng": 6.135634222914632e-10}, "23": {"p_type": 0.999999999999998, "p_lat": 2.1669865901685625e-10, "p_lng": 2.1669865901685625e-10}, "24": {"p_type": 1.0, "p_lat": 7.629952225585157e-11, "p_lng": 7.629952225585157e-11}, "25": {"p_type": 1.0, "p_lat": 2.6763480320823874e-11, "p_lng": 2.6763480320823874e-11}, "26": {"p_type": 1.0, "p_lat": 9.351741603325081e-12, "p_lng": 9.351741603325081e-12}, "27": {"p_type": 1.0, "p_lat": 3.2576163988551343e-12, "p_lng": 3.2576163988551343e-12}, "28": {"p_type": 1.0, "p_lat": 1.131428284395497e-12, "p_lng": 1.131428284395497e-12}, "29": {"p_type": 1.0, "p_lat": 3.9190872769268026e-13, "p_lng": 3.9190872769268026e-13}, "30": {"p_type": 1.0, "p_lat": 1.3522516439934407e-13, "p_lng": 1.3522516439934407e-13}, "31": {"p_type": 1.0, "p_lat": 4.651834473179406e-14, "p_lng": 4.651834473179406e-14}, "32": {"p_type": 1.0, "p_lat": 1.5987211554602254e-14, "p_lng": 1.5987211554602254e-14}, "33": {"p_type": 1.0, "p_lat": 5.440092820663267e-15, "p_lng": 5.440092820663267e-15}}