{"0": {"p_type": 0.463367332099215, "p_lat": 0.9979508196721331, "p_lng": 0.9979508196721331}, "1": {"p_type": 0.657704044165409, "p_lat": 0.9999968522575624, "p_lng": 0.9999968522575624}, "2": {"p_type": 0.5162326184463125, "p_lat": 0.925234989121893, "p_lng": 0.925234989121893}, "3": {"p_type": 0.4988677193588429, "p_lat": 0.8110799612129309, "p_lng": 0.09384588327385923}, "4": {"p_type": 0.463367332099215, "p_lat": 0.6886603435922968, "p_lng": 0.0860208803090432}, "5": {"p_type": 0.4900844431873984, "p_lat": 0.5732104359258673, "p_lng": 0.06640028061272307}, "6": {"p_type": 0.38633343894262195, "p_lat": 0.47068844356171224, "p_lng": 0.048586480092980056}, "7": {"p_type": 0.38633343894262195, "p_lat": 0.38239402218410956, "p_lng": 0.03434320082604869}, "8": {"p_type": 0.5162326184463125, "p_lat": 0.30814528597005864, "p_lng": 0.023359247153758922}, "9": {"p_type": 0.4938566337202983, "p_lat": 0.2465499138106937, "p_lng": 0.006226849948400837}, "10": {"p_type": 0.41650390015411765, "p_lat": 0.19638479987081725, "p_lng": 0.010459209285130555}, "11": {"p_type": 0.35276811121776874, "p_lat": 0.15574868679582743, "p_lng": 0.007041212518425488}, "12": {"p_type": 0.39005241303742466, "p_lat": 0.12292637695404385, "p_lng": 0.0045925910357933475}, "13": {"p_type": 0.5500821645755408, "p_lat": 0.09678123104381875, "p_lng": 0.003066329385662092}, "14": {"p_type": 0.6198418785546892, "p_lat": 0.0759279806747617, "p_lng": 0.0009345438138801399}, "15": {"p_type": 0.5730148239578773, "p_lat": 0.05949817613886599, "p_lng": 0.0002254931178476971}, "16": {"p_type": 0.7454477747934456, "p_lat": 0.046457077255978585, "p_lng": 5.938629915080984e-05}, "17": {"p_type": 0.5363833331603691, "p_lat": 0.03616652588991165, "p_lng": 1.4789470829668083e-05}, "18": {"p_type": 0.47233105671635756, "p_lat": 0.028146419741017503, "p_lng": 1.034540680644458e-05}, "19": {"p_type": 0.46613126211020695, "p_lat": 0.021840992530247072, "p_lng": 6.6962639160284e-06}, "20": {"p_type": 0.4241890154930096, "p_lat": 0.016933017661607375, "p_lng": 4.364023370451164e-06}, "21": {"p_type": 0.42439091812932817, "p_lat": 0.01309758777451664, "p_lng": 3.2763758169851442e-06}, "22": {"p_type": 0.42439091812932817, "p_lat": 0.010119860572586181, "p_lng": 2.10785995702345e-06}, "23": {"p_type": 0.33037658245019985, "p_lat": 0.007794695545380259, "p_lng": 1.7423709712804936e-06}, "24": {"p_type": 0.3261843966441451, "p_lat": 0.006003593934093554, "p_lng": 1.0258863413215025e-06}, "25": {"p_type": 0.2914269430554062, "p_lat": 0.00461904944665148, "p_lng": 7.050413280973444e-07}, "26": {"p_type": 0.38961504998470897, "p_lat": 0.0035501507643046493, "p_lng": 2.840618444910348e-07}, "27": {"p_type": 0.3567217219751786, "p_lat": 0.002729367049142062, "p_lng": 2.3267807158777742e-07}, "28": {"p_type": 0.3552574475940604, "p_lat": 0.0020893278928920678, "p_lng": 1.4084481392284687e-07}, "29": {"p_type": 0.3055265260924509, "p_lat": 0.0015999539982757272, "p_lng": 8.248259797394297e-08}, "30": {"p_type": 0.3614146278536148, "p_lat": 0.0012270550483750586, "p_lng": 6.953311437740695e-08}, "31": {"p_type": 0.360235713050986, "p_lat": 0.0009380479898277727, "p_lng": 1.3991058978035653e-08}}