{"0": {"p_type": 0.463367332099215, "p_lat": 0.9979508196721331, "p_lng": 0.9979508196721331}, "1": {"p_type": 0.463367332099215, "p_lat": 0.4966765086080265, "p_lng": 0.4966765086080265}, "2": {"p_type": 0.5162326184463125, "p_lat": 0.21916421890224436, "p_lng": 0.21916421890224436}, "3": {"p_type": 0.4988677193588429, "p_lat": 0.09156170679042397, "p_lng": 0.09156170679042397}, "4": {"p_type": 0.4900844431873984, "p_lat": 0.08722167940126135, "p_lng": 0.0860208803090432}, "5": {"p_type": 0.657704044165409, "p_lat": 0.015503331841321133, "p_lng": 0.015503331841321133}, "6": {"p_type": 0.640552227211231, "p_lat": 0.014319731338656383, "p_lng": 0.014319731338656383}, "7": {"p_type": 0.7867089815660595, "p_lat": 0.011525247182957443, "p_lng": 0.0024279319210173123}, "8": {"p_type": 0.7683302619236406, "p_lat": 0.00858045124387663, "p_lng": 0.0021816908389646894}, "9": {"p_type": 0.7544575734357659, "p_lat": 0.006226849948400837, "p_lng": 0.001830715144040207}, "10": {"p_type": 0.813970212824508, "p_lat": 0.004300730329697133, "p_lng": 0.0014218230321632053}, "11": {"p_type": 0.8487961172233521, "p_lat": 0.002892552080424604, "p_lng": 0.0011227846378425443}, "12": {"p_type": 0.8923794844029922, "p_lat": 0.001949151141641181, "p_lng": 0.0007577039502593141}, "13": {"p_type": 0.8802722481217783, "p_lat": 0.001377894206032404, "p_lng": 0.0005413856889666668}, "14": {"p_type": 0.9042348535151343, "p_lat": 0.0759279806747617, "p_lng": 0.00035279574526880797}, "15": {"p_type": 0.9325939528825872, "p_lat": 0.0013024768030946987, "p_lng": 0.0002254931178476971}, "16": {"p_type": 0.925071957986247, "p_lat": 0.0008274578211623362, "p_lng": 5.938629915080984e-05}, "17": {"p_type": 0.9636825556576849, "p_lat": 0.0004915359889370308, "p_lng": 0.0002524063031682511}, "18": {"p_type": 0.9587972314594162, "p_lat": 0.0003301688312778994, "p_lng": 7.728659744676847e-05}, "19": {"p_type": 0.9541952221736785, "p_lat": 0.00022363778736700368, "p_lng": 1.9807919657499617e-05}, "20": {"p_type": 0.969079884700613, "p_lat": 0.00015080629452313143, "p_lng": 4.364023370451164e-06}, "21": {"p_type": 0.9651056386546657, "p_lat": 3.93121163392296e-05, "p_lng": 1.105189127659223e-06}, "22": {"p_type": 0.9839513769923367, "p_lat": 2.7389640125274894e-05, "p_lng": 8.98768790280613e-07}, "23": {"p_type": 0.9871392193647002, "p_lat": 1.8936899021881892e-05, "p_lng": 6.068822292482068e-07}, "24": {"p_type": 0.9854710529654579, "p_lat": 9.989665352039268e-06, "p_lng": 3.0645231285930663e-07}, "25": {"p_type": 0.9905695132473332, "p_lat": 6.110633715805669e-06, "p_lng": 6.7552387794656e-08}, "26": {"p_type": 0.9892095690875438, "p_lat": 4.40569949455849e-06, "p_lng": 1.819783645995443e-08}, "27": {"p_type": 0.9931586095618754, "p_lat": 2.1163912644617255e-06, "p_lng": 5.238151579156636e-09}, "28": {"p_type": 0.9920769068621091, "p_lat": 1.565912601253494e-06, "p_lng": 2.941493604247114e-09}, "29": {"p_type": 0.9957228031634834, "p_lat": 1.3302668621095748e-06, "p_lng": 2.2723442016925333e-09}, "30": {"p_type": 0.9973047191019784, "p_lat": 0.0012270550483750586, "p_lng": 2.3317462405358924e-09}, "31": {"p_type": 0.9968832612977688, "p_lat": 8.179664608976012e-07, "p_lng": 9.840069870037382e-10}, "32": {"p_type": 0.9964474174606052, "p_lat": 5.158840528096675e-07, "p_lng": 8.091453063130416e-10}, "33": {"p_type": 0.9984740657590214, "p_lat": 3.535370320939535e-07, "p_lng": 3.9999337175800065e-10}, "34": {"p_type": 0.9982403135469231, "p_lat": 1.7301252452917026e-07, "p_lng": 3.646251078848195e-10}, "35": {"p_type": 0.9992670030229777, "p_lat": 1.3415864896781926e-07, "p_lng": 1.6950951753358368e-10}, "36": {"p_type": 0.9994257247241025, "p_lat": 7.271067503644701e-08, "p_lng": 2.696816103764377e-10}, "37": {"p_type": 0.9993383749775216, "p_lat": 6.571165522828437e-08, "p_lng": 0.0001831813829691331}, "38": {"p_type": 0.999592045776184, "p_lat": 6.173931960562484e-06, "p_lng": 0.03393132586108949}, "39": {"p_type": 0.9996829019144035, "p_lat": 4.235557207299401e-06, "p_lng": 7.731651312647969e-05}, "40": {"p_type": 0.9998083091363019, "p_lat": 2.247881483063985e-06, "p_lng": 5.284181389120235e-05}, "41": {"p_type": 0.9999007603380394, "p_lat": 1.3152286081341558e-06, "p_lng": 5.9346717102060076e-05}, "42": {"p_type": 0.9998846909720738, "p_lat": 4.1115386217871475e-07, "p_lng": 3.355768381463342e-05}, "43": {"p_type": 0.999930363385013, "p_lat": 2.28504339672142e-07, "p_lng": 2.4571037698595255e-05}, "44": {"p_type": 0.9999461072067202, "p_lat": 1.7042224265129136e-07, "p_lng": 1.385580209334325e-05}, "45": {"p_type": 0.9998830176276793, "p_lat": 4.258819708002903e-08, "p_lng": 1.4183444360882369e-05}, "46": {"p_type": 0.9998646143532031, "p_lat": 4.354432581177292e-08, "p_lng": 1.1169801360066955e-05}, "47": {"p_type": 0.9998965146568956, "p_lat": 2.5368120715185682e-08, "p_lng": 9.092353368211903e-06}, "48": {"p_type": 0.9999360987164619, "p_lat": 4.204764869619737e-09, "p_lng": 5.447561364557707e-06}, "49": {"p_type": 0.9999261782316266, "p_lat": 4.436388811868142e-09, "p_lng": 4.612402061621168e-06}, "50": {"p_type": 0.9999550280353058, "p_lat": 1.3269073617649951e-09, "p_lng": 4.0803588294835436e-06}, "51": {"p_type": 0.999965513964415, "p_lat": 8.445502075460354e-10, "p_lng": 1.735039311334674e-06}, "52": {"p_type": 0.9999602206106034, "p_lat": 2.9013169644542813e-10, "p_lng": 2.3725664011209346e-06}, "53": {"p_type": 0.999984003972616, "p_lat": 2.948915889255943e-09, "p_lng": 1.5270475773876413e-06}, "54": {"p_type": 0.9999814096606445, "p_lat": 1.645990455045876e-09, "p_lng": 9.96692837484936e-07}, "55": {"p_type": 0.9999888301097002, "p_lat": 1.0311843601229498e-09, "p_lng": 1.0122587740246658e-06}, "56": {"p_type": 0.9999869330965953, "p_lat": 3.4699587647679664e-10, "p_lng": 6.82954943043157e-07}, "57": {"p_type": 0.9999848503016602, "p_lat": 3.2176428188535056e-10, "p_lng": 4.668651643058297e-07}, "58": {"p_type": 0.999994029711028, "p_lat": 1.6882062414680377e-10, "p_lng": 5.172618919857541e-07}, "59": {"p_type": 0.9999954329350598, "p_lat": 4.65626426304766e-11, "p_lng": 2.2478513983514858e-07}, "60": {"p_type": 0.9999972880118001, "p_lat": 4.5627057687624983e-11, "p_lng": 2.7060263463329903e-07}, "61": {"p_type": 0.9999968126751415, "p_lat": 8.945733043219661e-12, "p_lng": 1.1546295219933e-07}, "62": {"p_type": 0.9999962857355057, "p_lat": 7.519429523483723e-12, "p_lng": 8.511104288011495e-08}, "63": {"p_type": 0.9999977860473888, "p_lat": 2.405640209257598e-08, "p_lng": 1.121573169893253e-07}, "64": {"p_type": 0.9999974050764311, "p_lat": 1.4127820135989566e-08, "p_lng": 4.760380356572114e-08}, "65": {"p_type": 0.9999980306889144, "p_lat": 4.6211409143737114e-09, "p_lng": 6.802533591976356e-08}, "66": {"p_type": 0.9999992378330204, "p_lat": 3.5178057133933294e-09, "p_lng": 2.918722108447014e-08}, "67": {"p_type": 0.9999994221330201, "p_lat": 1.5075338755110579e-09, "p_lng": 4.450949331324949e-08}, "68": {"p_type": 0.9999996595981512, "p_lat": 3.2976987807131763e-10, "p_lng": 1.9520236760328658e-08}, "69": {"p_type": 0.9999995991953957, "p_lat": 2.1630908175751529e-10, "p_lng": 1.642060176720861e-08}, "70": {"p_type": 0.999999531648315, "p_lat": 1.9845591836542553e-10, "p_lng": 1.4096173783784138e-08}, "71": {"p_type": 0.9999998208250841, "p_lat": 1.0149203699683085e-10, "p_lng": 1.2303325358509198e-08}, "72": {"p_type": 0.9999992387187575, "p_lat": 7.613987218491047e-11, "p_lng": 1.1062313065579588e-08}, "73": {"p_type": 0.9999997051859646, "p_lat": 3.152211824897222e-11, "p_lng": 4.811210652100328e-09}, "74": {"p_type": 0.9999996561544576, "p_lat": 2.0646262477441724e-11, "p_lng": 4.4639297813731105e-09}, "75": {"p_type": 0.9999996016469707, "p_lat": 2.309064051075893e-11, "p_lng": 1.892420664617589e-09}, "76": {"p_type": 0.999999761105661, "p_lat": 4.530709141192801e-12, "p_lng": 7.72307884311374e-10}, "77": {"p_type": 0.9999998187659357, "p_lat": 5.257572155414891e-12, "p_lng": 1.8169403759316083e-09}, "78": {"p_type": 0.9999998924253591, "p_lat": 3.4516833835596117e-12,