{"0": {"p_type": 0.463367332099215, "p_lat": 0.9979508196721331, "p_lng": 0.9979508196721331}, "1": {"p_type": 0.657704044165409, "p_lat": 0.9999968522575624, "p_lng": 0.9999968522575624}, "2": {"p_type": 0.8487961172233521, "p_lat": 0.925234989121893, "p_lng": 0.925234989121893}, "3": {"p_type": 0.9787735136970911, "p_lat": 0.09384588327385923, "p_lng": 0.8110799612129309}, "4": {"p_type": 0.9989497002688895, "p_lat": 0.08722167940126135, "p_lng": 0.0860208803090432}, "5": {"p_type": 0.9999824398333543, "p_lat": 0.06755099136694642, "p_lng": 0.06640028061272307}, "6": {"p_type": 0.9999999012047289, "p_lat": 0.048586480092980056, "p_lng": 0.048586480092980056}, "7": {"p_type": 0.9999999998114326, "p_lat": 0.03345002491076754, "p_lng": 0.03434320082604869}, "8": {"p_type": 0.9999999999998765, "p_lat": 0.023359247153758922, "p_lng": 0.023359247153758922}, "9": {"p_type": 1.0, "p_lat": 0.015355903265716231, "p_lng": 0.01595418064556242}, "10": {"p_type": 1.0, "p_lat": 0.010459209285130555, "p_lng": 0.010459209285130555}}