{"0": {"p_type": 0.463367332099215, "p_lat": 0.9979508196721331, "p_lng": 0.9979508196721331}, "1": {"p_type": 0.463367332099215, "p_lat": 0.4966765086080265, "p_lng": 0.4966765086080265}, "2": {"p_type": 0.35276811121776874, "p_lat": 0.21916421890224436, "p_lng": 0.21916421890224436}, "3": {"p_type": 0.35276811121776874, "p_lat": 0.09156170679042397, "p_lng": 0.09156170679042397}, "4": {"p_type": 0.35276811121776874, "p_lat": 0.037043980407650334, "p_lng": 0.037043980407650334}, "5": {"p_type": 0.4900844431873984, "p_lat": 0.01466677320887777, "p_lng": 0.01466677320887777}, "6": {"p_type": 0.48478388953385176, "p_lat": 0.005715459051512384, "p_lng": 0.005715459051512384}, "7": {"p_type": 0.5952725818014318, "p_lat": 0.002199817371031698, "p_lng": 0.002199817371031698}, "8": {"p_type": 0.5826385879301059, "p_lat": 0.0008381444310797681, "p_lng": 0.0008381444310797681}, "9": {"p_type": 0.5734759343050904, "p_lat": 0.0003166228695794526, "p_lng": 0.0003166228695794526}, "10": {"p_type": 0.6393057737729978, "p_lat": 0.00011871490945225549, "p_lng": 0.00011871490945225549}, "11": {"p_type": 0.7076617736972612, "p_lat": 4.4217987363093236e-05, "p_lng": 4.4217987363093236e-05}, "12": {"p_type": 0.7683302619236406, "p_lat": 1.6372989680601968e-05, "p_lng": 1.6372989680601968e-05}, "13": {"p_type": 0.7539316699219338, "p_lat": 6.028554426107391e-06, "p_lng": 6.028554426107391e-06}, "14": {"p_type": 0.7944946841934495, "p_lat": 2.2087596462938563e-06, "p_lng": 2.2087596462938563e-06}, "15": {"p_type": 0.8412035095367114, "p_lat": 8.052781302891887e-07, "p_lng": 8.052781302891887e-07}, "16": {"p_type": 0.8303352347047928, "p_lat": 2.9226028241957636e-07, "p_lng": 2.9226028241957636e-07}, "17": {"p_type": 0.9073710368500634, "p_lat": 1.0561806407238805e-07, "p_lng": 1.0561806407238805e-07}, "18": {"p_type": 0.8991162760690998, "p_lat": 3.8010975367264166e-08, "p_lng": 3.8010975367264166e-08}, "19": {"p_type": 0.8916309099221789, "p_lat": 1.3625243822090738e-08, "p_lng": 1.3625243822090738e-08}, "20": {"p_type": 0.9208690194862023, "p_lat": 4.866098302080957e-09, "p_lng": 4.866098302080957e-09}, "21": {"p_type": 0.9137857077733331, "p_lat": 1.7308563471374327e-09, "p_lng": 1.7308563471374327e-09}, "22": {"p_type": 0.9549914896142638, "p_lat": 6.135634222914632e-10, "p_lng": 6.135634222914632e-10}, "23": {"p_type": 0.9644454877114943, "p_lat": 2.1669865901685625e-10, "p_lng": 2.1669865901685625e-10}, "24": {"p_type": 0.9610615411807999, "p_lat": 0.006003593934093554, "p_lng": 0.006003593934093554}, "25": {"p_type": 0.9729853620418509, "p_lat": 0.1510106325926186, "p_lng": 0.1510106325926186}, "26": {"p_type": 0.9700436876904929, "p_lat": 0.0023078968672821665, "p_lng": 0.13528666678819223}, "27": {"p_type": 0.979744187185856, "p_lat": 0.001290558270594877, "p_lng": 0.12103414478012442}, "28": {"p_type": 0.9772675449197151, "p_lat": 0.0007262405938067706, "p_lng": 0.10819556587206969}, "29": {"p_type": 0.9874304083740507, "p_lat": 0.0003861334153223428, "p_lng": 0.0965845741444672}, "30": {"p_type": 0.9916133216561788, "p_lat": 0.00020598426734796949, "p_lng": 0.08632464135787998}, "31": {"p_type": 0.9905695132473332, "p_lat": 0.00014235525475014832, "p_lng": 0.07700053113030458}, "32": {"p_type": 0.9895188576974884, "p_lat": 0.0007144983266214044, "p_lng": 0.06853845834092442}, "33": {"p_type": 0.9858130353589105, "p_lat": 0.0005454727147650162, "p_lng": 0.06109794169397076}, "34": {"p_type": 0.9844107898822204, "p_lat": 0.0004164540287682206, "p_lng": 0.05438685538424892}, "35": {"p_type": 0.9925498883578618, "p_lat": 0.00031643021440652674, "p_lng": 0.04836355533262604}, "36": {"p_type": 0.9942229288562783, "p_lat": 0.00024135273134540114, "p_lng": 0.04302477991521714}, "37": {"p_type": 0.9936308933348692, "p_lat": 0.0001831813829691331, "p_lng": 0.038235760295621035}, "38": {"p_type": 0.9956948092761502, "p_lat": 0.0001390677370955995, "p_lng": 0.03393132586108949}, "39": {"p_type": 0.9967238768507819, "p_lat": 5.367665991684589e-07, "p_lng": 0.030155839295197828}, "40": {"p_type": 0.9978368594209178, "p_lat": 3.99449957000364e-07, "p_lng": 0.02674099081152581}, "41": {"p_type": 0.9988770567299948, "p_lat": 1.6213498155170925e-07, "p_lng": 0.02373666903299443}, "42": {"p_type": 0.9987468778802027, "p_lat": 8.648586657944435e-08, "p_lng": 0.021033572252494692}, "43": {"p_type": 0.999179542720045, "p_lat": 4.089292882092366e-08, "p_lng": 0.01863644872807324}, "44": {"p_type": 0.9993734949664677, "p_lat": 1.7033887189654706e-08, "p_lng": 0.016505825013755637}, "45": {"p_type": 0.9995978637389774, "p_lat": 1.987837015482441e-05, "p_lng": 0.014616683068126357}, "46": {"p_type": 0.9995435632069777, "p_lat": 0.012921447256112661, "p_lng": 0.012921447256112661}, "47": {"p_type": 0.999654467174316, "p_lat": 0.12224772977197917, "p_lng": 0.011435348495251296}, "48": {"p_type": 0.9997787036900722, "p_lat": 0.3306902999985124, "p_lng": 0.01011819692571192}, "49": {"p_type": 0.9997489267830514, "p_lat": 0.3179106212716687, "p_lng": 0.008928227652591714}, "50": {"p_type": 0.9998414984330073, "p_lat": 0.3057350254895088, "p_lng": 0.007894991165901089}, "51": {"p_type": 0.9998788442161196, "p_lat": 0.005945671631783389, "p_lng": 0.00696849106956543}, "52": {"p_type": 0.9998625886758102, "p_lat": 0.005030699122715365, "p_lng": 0.006160221399132526}, "53": {"p_type": 0.9999424740125644, "p_lat": 0.0036173833801828037, "p_lng": 0.005427566720504595}, "54": {"p_type": 0.9999342589890791, "p_lat": 0.0032150602271042716, "p_lng": 0.004796133433685235}, "55": {"p_type": 0.9999591985597549, "p_lat": 0.002440244195989427, "p_lng": 0.004230324424698062}, "56": {"p_type": 0.9999530624846753, "p_lat": 0.0020850786680984834, "p_lng": 0.0037243186060995637}, "57": {"p_type": 0.9999464351041653, "p_lat": 0.0017731745849880465, "p_lng": 0.003282851251221741}, "58": {"p_type": 0.999977968340242, "p_lat": 0.0012887841875000028, "p_lng": 0.0028888957797540415}, "59": {"p_type": 0.9999833128119667, "p_lat": 0.0010986204961861423, "p_lng": 0.0025452121744468093}, "60": {"p_type": 0.999989792219376, "p_lat": 0.0008022300033619922, "p_lng": 0.0022466443736274266}, "61": {"p_type": 0.9999881892661638, "p_lat": 0.0007121858975411843, "p_lng": 0.001975197408365492}, "62": {"p_type": 0.9999864393216673, "p_lat": 0.0006647736219355105, "p_lng": 0.0017395292453386002}, "63": {"p_type": 0.9999916846219843, "p_lat": 0.0004333683847298486, "p_lng": 0.0015285064129340054}, "64": {"p_type": 0.9999903967409863, "p_lat": 0.00036208671965787254, "p_lng": 0.0013411112975461048}, "65": {"p_type": 0.9999927757309695, "p_lat": 0.0002587125010004021, "p_lng": 0.001179272477407678}, "66": {"p_type": 0.9999970999963466, "p_lat": 0.0002493767902882471, "p_lng": 0.0010357174345454467}, "67": {"p_type": 0.9999978214703266, "p_lat": 0.00020841767020485236, "p_lng": 0.0009108420905935555}, "68": {"p_type": 0.9999986828601484, "p_lat": 0.00019120344354739416, "p_lng": 0.0007998538169052827}, "69": {"p_type": 0.9999984704939892, "p_lat": 0.00011630053394018347, "p_lng": 0.000703301353484731}, "70": {"p_type": 0.9999982362197716, "p_lat": 0.00010284964617668368, "p_lng": 0.0006169728365951199}, "71": {"p_type": 0.9999993052632734, "p_lat": 5.821855394383402e-05, "p_lng": 0.000540005658689946}, "72": {"p_type": 0.9999991942644453, "p_lat": 5.0514332293749575e-05, "p_lng": 0.0004743957684302247}, "73": {"p_type": 0.9999996866055684, "p_lat": 0.0011909722115732713, "p_lng": 0.0008387202463521204}, "74": {"p_type": 0.9999996345078015, "p_lat": 0.0009231300674999998, "p_lng": 0.0006238288448060514}, "75": {"p_type": 0.9999995765957218, "p_lat": 0.0008479215681127528, "p_lng": 0.0005608702403085974}, "76": {"p_type": 0.9999997460272629, "p_lat": 0.0008747399808636258, "p_lng": 0.0005783880422635113}, "77": {"p_type": 0.9999998086925278, "p_lat": 0.000672814442790659, "p_lng": 0.0004401410188648036}, "78": {"p_type": 0.9999998864256623, "p_lat": 0.000583989650150718, "p_lng": 0.0003850813408309284},