{"0": {"p_type": 0.463367332099215, "p_lat": 0.9979508196721331, "p_lng": 0.9979508196721331}, "1": {"p_type": 0.463367332099215, "p_lat": 0.4966765086080265, "p_lng": 0.4966765086080265}, "2": {"p_type": 0.566529879633291, "p_lat": 0.21916421890224436, "p_lng": 0.21916421890224436}, "3": {"p_type": 0.8487961172233521, "p_lat": 0.09156170679042397, "p_lng": 0.09156170679042397}, "4": {"p_type": 0.9787735136970911, "p_lat": 0.037043980407650334, "p_lng": 0.037043980407650334}, "5": {"p_type": 0.9989497002688895, "p_lat": 0.015503331841321133, "p_lng": 0.015503331841321133}, "6": {"p_type": 0.9999824398333543, "p_lat": 0.013857133772826491, "p_lng": 0.013857133772826491}, "7": {"p_type": 0.9999999012047289, "p_lat": 0.011525247182957443, "p_lng": 0.011525247182957443}, "8": {"p_type": 0.9999999998114326, "p_lat": 0.00858045124387663, "p_lng": 0.00858045124387663}, "9": {"p_type": 0.9999999999998765, "p_lat": 0.001830715144040207, "p_lng": 0.005929966487258742}, "10": {"p_type": 1.0, "p_lat": 0.00033765237218053024, "p_lng": 0.004300730329697133}, "11": {"p_type": 1.0, "p_lat": 5.5222051140280115e-05, "p_lng": 0.002892552080424604}, "12": {"p_type": 1.0, "p_lat": 0.001949151141641181, "p_lng": 0.12292637695404385}, "13": {"p_type": 1.0, "p_lat": 0.001377894206032404, "p_lng": 0.09678123104381875}}