{"0": {"type-based": 0.25, "geo-based": 0.25, "mixed": 0.25, "none": 0.25}, "1": {"type-based": 0.25, "geo-based": 0.25, "mixed": 0.25, "none": 0.25}, "2": {"type-based": 0.25, "geo-based": 0.25, "mixed": 0.25, "none": 0.25}, "3": {"type-based": 0.00030827985914682503, "geo-based": 0.8020807527970001, "mixed": 0.0012107832298617325, "none": 0.19640018411399138}, "4": {"type-based": 9.453560536857852e-05, "geo-based": 0.9515651678437019, "mixed": 0.0018057015390937263, "none": 0.04653459501183573}, "5": {"type-based": 1.9874447745628317e-05, "geo-based": 0.990634897182371, "mixed": 0.0025993517920287856, "none": 0.006745876577854603}, "6": {"type-based": 1.0534136748675402e-09, "geo-based": 0.9992885963534562, "mixed": 1.2507493611844314e-06, "none": 0.0007101518437688572}, "7": {"type-based": 4.085023878643486e-11, "geo-based": 0.999940157510926, "mixed": 5.617698092615193e-07, "none": 5.928067841446144e-05}, "8": {"type-based": 3.854326204526853e-12, "geo-based": 0.9999949553730522, "mixed": 7.142552119354364e-07, "none": 4.330367881670635e-06}, "9": {"type-based": 1.6270285594200885e-13, "geo-based": 0.9999992548525981, "mixed": 4.77504392371834e-07, "none": 2.676428467812338e-07}, "10": {"type-based": 8.339204274345996e-15, "geo-based": 0.9999995276384981, "mixed": 4.58198515072074e-07, "none": 1.4162978527043106e-08}, "11": {"type-based": 4.738501397868882e-16, "geo-based": 0.9999994377652898, "mixed": 5.61577575728129e-07, "none": 6.571339381303254e-10}, "12": {"type-based": 2.5720503742613905e-17, "geo-based": 0.9999992762898053, "mixed": 7.236825684438821e-07, "none": 2.7626434406357144e-11}, "13": {"type-based": 1.2507667860927541e-18, "geo-based": 0.9999990324232771, "mixed": 9.675757199833946e-07, "none": 1.0028819344114982e-12}, "14": {"type-based": 5.589324629014139e-20, "geo-based": 0.9999986665324354, "mixed": 1.333467531940494e-06, "none": 3.255789378657773e-14}, "15": {"type-based": 2.542595620555751e-21, "geo-based": 0.9999981115051101, "mixed": 1.8884948886921124e-06, "none": 1.05372789127706e-15}, "16": {"type-based": 4.791371064201436e-23, "geo-based": 0.9999987904891064, "mixed": 1.2095108936424576e-06, "none": 3.126079212752587e-17}, "17": {"type-based": 2.102388767314909e-25, "geo-based": 0.9999998103483725, "mixed": 1.8965162749181725e-07, "none": 8.862386576296875e-19}, "18": {"type-based": 1.8430447592885572e-27, "geo-based": 0.9999999419756704, "mixed": 5.802432944058531e-08, "none": 2.5640013604820228e-20}, "19": {"type-based": 2.2166119782330408e-29, "geo-based": 0.9999999741167569, "mixed": 2.588324317948445e-08, "none": 6.925847336674403e-22}, "20": {"type-based": 7.223857428284045e-31, "geo-based": 0.9999999663274823, "mixed": 3.367251756926063e-08, "none": 1.7243516500367123e-23}, "21": {"type-based": 2.297462438445796e-32, "geo-based": 0.9999999554222181, "mixed": 4.457778190409942e-08, "none": 4.1032317343487747e-25}, "22": {"type-based": 7.037150488906711e-34, "geo-based": 0.9999999401216799, "mixed": 5.987832011034682e-08, "none": 9.24156920768039e-27}, "23": {"type-based": 2.1542051776813013e-35, "geo-based": 0.9999999186118274, "mixed": 8.138817265381907e-08, "none": 2.04981115188272e-28}, "24": {"type-based": 6.212755977189396e-37, "geo-based": 0.9999998881989097, "mixed": 1.1180109039871058e-07, "none": 4.229652152031436e-30}, "25": {"type-based": 4.838982249877757e-39, "geo-based": 0.9999999558713588, "mixed": 4.412864125575826e-08, "none": 8.15833970106134e-32}, "26": {"type-based": 5.388815112158532e-41, "geo-based": 0.9999999787531673, "mixed": 2.1246832822205016e-08, "none": 1.824800628530414e-33}, "27": {"type-based": 6.0137488727606115e-43, "geo-based": 0.999999988040169, "mixed": 1.1959831078156514e-08, "none": 3.465816690210792e-35}, "28": {"type-based": 1.4834028535167325e-44, "geo-based": 0.999999984623726, "mixed": 1.5376273922395264e-08, "none": 6.3391974957292876e-37}, "29": {"type-based": 1.6251004943309678e-46, "geo-based": 0.9999999907155069, "mixed": 9.284493017789985e-09, "none": 1.0899870081439427e-38}, "30": {"type-based": 1.926196604861881e-48, "geo-based": 0.9999999937101149, "mixed": 6.2898849625705555e-09, "none": 1.801514541111226e-40}, "31": {"type-based": 2.448673233499913e-50, "geo-based": 0.9999999952883645, "mixed": 4.711635399027853e-09, "none": 2.881593128968001e-42}, "32": {"type-based": 5.6882526257603076e-52, "geo-based": 0.9999999942129636, "mixed": 5.787036404948336e-09, "none": 5.129023916960476e-44}}