{"0": {"type-based": 0.25, "geo-based": 0.25, "mixed": 0.25, "none": 0.25}, "1": {"type-based": 0.25, "geo-based": 0.25, "mixed": 0.25, "none": 0.25}, "2": {"type-based": 0.25, "geo-based": 0.25, "mixed": 0.25, "none": 0.25}, "3": {"type-based": 0.003200477962579575, "geo-based": 0.7871998807804936, "mixed": 0.016109340813961565, "none": 0.19349030044296534}, "4": {"type-based": 1.0087760610873192e-06, "geo-based": 0.9593040885345557, "mixed": 2.7840926901372846e-05, "none": 0.040667061762481915}, "5": {"type-based": 1.994159861490251e-07, "geo-based": 0.9935150529422363, "mixed": 3.456418219673705e-05, "none": 0.006450183459580638}, "6": {"type-based": 3.0789866499423996e-08, "geo-based": 0.999251811098405, "mixed": 4.6637396270616324e-05, "none": 0.0007015207154576601}, "7": {"type-based": 1.2886145561115455e-12, "geo-based": 0.9999407924794416, "mixed": 2.1791371325494766e-08, "none": 5.9185727898360276e-05}, "8": {"type-based": 4.113516799497984e-14, "geo-based": 0.999995867308132, "mixed": 9.587337063491649e-09, "none": 4.123104490038711e-06}, "9": {"type-based": 2.060891330136595e-15, "geo-based": 0.999999749114811, "mixed": 7.964524228428882e-09, "none": 2.4292066283803717e-07}, "10": {"type-based": 1.278730682450705e-16, "geo-based": 0.9999999779343847, "mixed": 9.400009342195525e-09, "none": 1.2665605705943692e-08}, "11": {"type-based": 7.540979277741927e-18, "geo-based": 0.9999999875395705, "mixed": 1.187646191826736e-08, "none": 5.839675132897224e-10}, "12": {"type-based": 4.412564416788339e-19, "geo-based": 0.9999999842683989, "mixed": 1.570608439793586e-08, "none": 2.5516677275724104e-11}, "13": {"type-based": 1.2123248695837239e-20, "geo-based": 0.9999999892751624, "mixed": 1.0723823499829193e-08, "none": 1.0140478113700158e-12}, "14": {"type-based": 3.8687869024678783e-22, "geo-based": 0.99999999054284, "mixed": 9.45712364012834e-09, "none": 3.6472870502459206e-14}, "15": {"type-based": 1.553409614436001e-23, "geo-based": 0.9999999878788098, "mixed": 1.2121188975027029e-08, "none": 1.1416315104116007e-15}, "16": {"type-based": 5.888185197713174e-25, "geo-based": 0.9999999839048439, "mixed": 1.6095156127989696e-08, "none": 3.266334618892943e-17}, "17": {"type-based": 1.389027015433642e-26, "geo-based": 0.9999999862179052, "mixed": 1.3782094729341489e-08, "none": 9.076268528933921e-19}, "18": {"type-based": 4.898300950520755e-28, "geo-based": 0.9999999815778234, "mixed": 1.842217654706117e-08, "none": 2.4239838589027314e-20}, "19": {"type-based": 1.8542977548987854e-30, "geo-based": 0.9999999971973106, "mixed": 2.8026895084295853e-09, "none": 6.11056129448677e-22}, "20": {"type-based": 6.18633306646879e-32, "geo-based": 0.9999999962558233, "mixed": 3.744176727909254e-09, "none": 1.540596635933764e-23}, "21": {"type-based": 1.9861677650925627e-33, "geo-based": 0.9999999949133545, "mixed": 5.086645591760718e-09, "none": 3.66401680970708e-25}, "22": {"type-based": 1.1547278558883744e-35, "geo-based": 0.9999999987255626, "mixed": 1.27443745380445e-09, "none": 8.532354441139745e-27}, "23": {"type-based": 9.645368165918044e-38, "geo-based": 0.9999999995325348, "mixed": 4.674651384746407e-10, "none": 1.935809027993092e-28}, "24": {"type-based": 2.656792748610657e-39, "geo-based": 0.9999999993885142, "mixed": 6.114857057265183e-10, "none": 4.016925615070714e-30}, "25": {"type-based": 7.761962965379027e-41, "geo-based": 0.9999999991910031, "mixed": 8.089969668866181e-10, "none": 8.697236625706476e-32}, "26": {"type-based": 2.1437389610843905e-42, "geo-based": 0.9999999989231765, "mixed": 1.0768235032322733e-09, "none": 1.7552502171253077e-33}, "27": {"type-based": 2.401130725409928e-44, "geo-based": 0.9999999993831707, "mixed": 6.168292299285705e-10, "none": 3.311035417739111e-35}, "28": {"type-based": 5.784673045983533e-46, "geo-based": 0.9999999991934494, "mixed": 8.065505242370795e-10, "none": 5.854082552664341e-37}, "29": {"type-based": 1.3930702447774753e-47, "geo-based": 0.9999999989395096, "mixed": 1.0604904068141588e-09, "none": 1.0226441833106957e-38}, "30": {"type-based": 3.200537660381819e-49, "geo-based": 0.9999999985993535, "mixed": 1.4006465332298414e-09, "none": 1.6868214903669229e-40}, "31": {"type-based": 2.853198288953865e-51, "geo-based": 0.9999999992358537, "mixed": 7.641462462830915e-10, "none": 2.597755523917389e-42}, "32": {"type-based": 7.239395187778587e-53, "geo-based": 0.9999999990063779, "mixed": 9.936221343424192e-10, "none": 4.754314718505694e-44}}