{"0": {"type-based": 0.25, "geo-based": 0.25, "mixed": 0.25, "none": 0.25}, "1": {"type-based": 0.25, "geo-based": 0.25, "mixed": 0.25, "none": 0.25}, "2": {"type-based": 0.25, "geo-based": 0.25, "mixed": 0.25, "none": 0.25}, "3": {"type-based": 0.1375588293596905, "geo-based": 0.33060494479710334, "mixed": 0.42519897418254954, "none": 0.10663725166065652}, "4": {"type-based": 0.04645140467712993, "geo-based": 0.32094538521025745, "mixed": 0.6077267820297053, "none": 0.024876428082907204}, "5": {"type-based": 0.011321740657163883, "geo-based": 0.2515553324301495, "mixed": 0.7331049693192897, "none": 0.004017957593396999}, "6": {"type-based": 2.775737597793551e-06, "geo-based": 0.9963098411960404, "mixed": 0.0011310525221385954, "none": 0.002556330544223164}, "7": {"type-based": 1.66400923734631e-10, "geo-based": 0.9995809970026152, "mixed": 4.2252461291321693e-07, "none": 0.0004185803063709978}, "8": {"type-based": 2.6048237085462042e-11, "geo-based": 0.9999541725121943, "mixed": 6.087069276350845e-07, "none": 4.521875482998156e-05}, "9": {"type-based": 4.233279838309454e-12, "geo-based": 0.9999941441431281, "mixed": 9.074475153857603e-07, "none": 4.948405123262701e-06}, "10": {"type-based": 6.49476104747575e-13, "geo-based": 0.999998093293752, "mixed": 1.4039723714933315e-06, "none": 5.027332271496553e-07}, "11": {"type-based": 1.0489317209116916e-13, "geo-based": 0.9999977141382872, "mixed": 2.232743198258843e-06, "none": 5.3118409599384046e-08}, "12": {"type-based": 1.7567119731121666e-14, "geo-based": 0.9999963834487342, "mixed": 3.610784481864891e-06, "none": 5.766766390879071e-09}, "13": {"type-based": 3.0085121803062015e-15, "geo-based": 0.9999940850933134, "mixed": 5.914271076113421e-06, "none": 6.356074229596963e-10}, "14": {"type-based": 5.235846294467076e-16, "geo-based": 0.9999902156931342, "mixed": 9.784236085427253e-06, "none": 7.077994496980158e-11}, "15": {"type-based": 6.959911823567388e-17, "geo-based": 0.9999836791402353, "mixed": 1.632085377313414e-05, "none": 5.9915756688081485e-12}, "16": {"type-based": 1.029952160571321e-17, "geo-based": 0.9999724766639093, "mixed": 2.752333552832619e-05, "none": 5.623852529940761e-13}, "17": {"type-based": 1.0544421767092117e-19, "geo-based": 0.9999964070371796, "mixed": 3.5929627730796987e-06, "none": 4.72703529644001e-14}, "18": {"type-based": 1.366295195056603e-20, "geo-based": 0.9999940211578391, "mixed": 5.978842156853475e-06, "none": 3.9512837590036504e-15}, "19": {"type-based": 1.3795453965217025e-22, "geo-based": 0.9999992849059904, "mixed": 7.150940090571531e-07, "none": 3.584389859475691e-16}, "20": {"type-based": 1.529965608763089e-23, "geo-based": 0.9999988220380291, "mixed": 1.177961970858676e-06, "none": 2.5618561395910056e-17}, "21": {"type-based": 2.140664117179364e-25, "geo-based": 0.9999997396678926, "mixed": 2.603321074418757e-07, "none": 1.7249382141435064e-18}, "22": {"type-based": 1.4828487054833066e-27, "geo-based": 0.9999999716894256, "mixed": 2.8310574427536748e-08, "none": 1.169570534743057e-19}, "23": {"type-based": 1.5447919889129186e-28, "geo-based": 0.9999999544636545, "mixed": 4.553634553250602e-08, "none": 8.068997771249578e-21}, "24": {"type-based": 9.916787215086707e-34, "geo-based": 0.9999999999953961, "mixed": 4.603884858824385e-12, "none": 5.459979237704498e-22}, "25": {"type-based": 7.785304079155305e-39, "geo-based": 0.9999999999999996, "mixed": 4.644097611644953e-16, "none": 4.5285316616742415e-23}, "26": {"type-based": 6.574441170194302e-40, "geo-based": 0.9999999999999993, "mixed": 7.474116644699472e-16, "none": 2.5309675977258008e-24}, "27": {"type-based": 6.424610006153875e-42, "geo-based": 0.9999999999999998, "mixed": 1.4210804973447192e-16, "none": 1.3838892860573817e-25}, "28": {"type-based": 5.3902617735538756e-43, "geo-based": 0.9999999999999998, "mixed": 2.268115707287977e-16, "none": 7.739634956921042e-27}, "29": {"type-based": 5.359801416965487e-45, "geo-based": 1.0, "mixed": 4.037673991515688e-17, "none": 4.591763112714335e-28}, "30": {"type-based": 9.721975317303123e-47, "geo-based": 1.0, "mixed": 1.0606677024237971e-17, "none": 3.3217473523542096e-29}, "31": {"type-based": 4.415754959600556e-52, "geo-based": 1.0, "mixed": 9.163541393980234e-22, "none": 1.8312202354854808e-30}, "32": {"type-based": 4.1509466148414373e-53, "geo-based": 1.0, "mixed": 1.4214644249171791e-21, "none": 1.1609174805143868e-31}, "33": {"type-based": 3.7490646281127604e-54, "geo-based": 1.0, "mixed": 2.2153175987710724e-21, "none": 7.03369294509264e-33}, "34": {"type-based": 3.2551114488700642e-55, "geo-based": 1.0, "mixed": 3.467289400444033e-21, "none": 4.077002179575359e-34}, "35": {"type-based": 2.5502310853087206e-56, "geo-based": 1.0, "mixed": 5.448243693797443e-21, "none": 2.1230881367204147e-35}, "36": {"type-based": 2.0741648693163386e-57, "geo-based": 1.0, "mixed": 8.58897356341268e-21, "none": 1.1431666619133686e-36}, "37": {"type-based": 1.0460799611121789e-58, "geo-based": 1.0, "mixed": 1.3589403873428508e-20, "none": 3.8029285329657514e-38}, "38": {"type-based": 5.471337879224922e-60, "geo-based": 1.0, "mixed": 2.1534693297683118e-20, "none": 1.3075865992836007e-39}, "39": {"type-based": 2.486788469973433e-61, "geo-based": 1.0, "mixed": 3.41767448869399e-20, "none": 3.8948321915508094e-41}, "40": {"type-based": 1.6187755443087948e-63, "geo-based": 1.0, "mixed": 8.353510797855458e-21, "none": 1.0766647868761782e-42}, "41": {"type-based": 6.6219684244546425e-65, "geo-based": 1.0, "mixed": 1.3122441175858409e-20, "none": 2.906648587756933e-44}, "42": {"type-based": 3.370094680411738e-66, "geo-based": 1.0, "mixed": 2.0643192652250664e-20, "none": 9.733093194612124e-46}, "43": {"type-based": 2.1567990472211684e-68, "geo-based": 1.0, "mixed": 3.489673387582458e-21, "none": 3.813388676860334e-47}, "44": {"type-based": 1.5596723678811397e-69, "geo-based": 1.0, "mixed": 5.482162089807634e-21, "none": 1.8227657342847086e-48}, "45": {"type-based": 6.905898498278486e-71, "geo-based": 1.0, "mixed": 8.647232510148326e-21, "none": 5.319541195738709e-50}, "46": {"type-based": 2.4762249900507174e-72, "geo-based": 1.0, "mixed": 1.3663853703982315e-20, "none": 1.2538351781926601e-51}, "47": {"type-based": 1.194403288479026e-74, "geo-based": 1.0, "mixed": 3.483203139659014e-21, "none": 2.4582635261223062e-53}}