{"0": {"type-based": 0.25, "geo-based": 0.25, "mixed": 0.25, "none": 0.25}, "1": {"type-based": 0.25, "geo-based": 0.25, "mixed": 0.25, "none": 0.25}, "2": {"type-based": 0.25, "geo-based": 0.25, "mixed": 0.25, "none": 0.25}, "3": {"type-based": 0.1354576060170982, "geo-based": 0.33223657839987375, "mixed": 0.42729745741777464, "none": 0.10500835816525346}, "4": {"type-based": 6.22353171553432e-05, "geo-based": 0.9323722422411616, "mixed": 0.0008736108237699972, "none": 0.06669191161791319}, "5": {"type-based": 1.882635353670619e-05, "geo-based": 0.9844507477591058, "mixed": 0.0012936388173726474, "none": 0.014236787069985013}, "6": {"type-based": 4.867649726602069e-06, "geo-based": 0.9955848385825038, "mixed": 0.0019345132457487366, "none": 0.0024757805220206523}, "7": {"type-based": 2.568808670463106e-10, "geo-based": 0.9996563173140817, "mixed": 7.425959996003929e-07, "none": 0.0003429398330379236}, "8": {"type-based": 4.1190991319055975e-11, "geo-based": 0.9999609684422917, "mixed": 1.0820546335765102e-06, "none": 3.7949461883913615e-05}, "9": {"type-based": 6.455426627498333e-12, "geo-based": 0.9999943653879719, "mixed": 1.6298470531624139e-06, "none": 4.004758519388726e-06}, "10": {"type-based": 9.818948757031845e-13, "geo-based": 0.9999970529239106, "mixed": 2.5437061051066227e-06, "none": 4.033690025470955e-07}, "11": {"type-based": 1.6443082862661344e-13, "geo-based": 0.9999958808987952, "mixed": 4.0749089844861555e-06, "none": 4.419205573618673e-08}, "12": {"type-based": 2.886654465855194e-14, "geo-based": 0.9999933635357234, "mixed": 6.631435154113697e-06, "none": 5.029093546787735e-09}, "13": {"type-based": 4.000382214446264e-15, "geo-based": 0.9999890753836551, "mixed": 1.092416780024947e-05, "none": 4.4854063038777906e-10}, "14": {"type-based": 6.451791716657153e-16, "geo-based": 0.9999817520306241, "mixed": 1.8247923087303918e-05, "none": 4.6287826182595016e-11}, "15": {"type-based": 9.056526595272075e-18, "geo-based": 0.9999972070190705, "mixed": 2.7929763819922914e-06, "none": 4.547368823510486e-12}, "16": {"type-based": 1.2883677436467292e-18, "geo-based": 0.9999953938741256, "mixed": 4.606125460612215e-06, "none": 4.137055682404132e-13}, "17": {"type-based": 1.587987575291304e-20, "geo-based": 0.9999993624331466, "mixed": 6.375668146265216e-07, "none": 3.892730733319147e-14}, "18": {"type-based": 1.9264297480805907e-21, "geo-based": 0.9999989636715783, "mixed": 1.0363284187181504e-06, "none": 3.0733520230122647e-15}, "19": {"type-based": 1.7408403567615054e-26, "geo-based": 0.9999999998695257, "mixed": 1.3047401815137808e-10, "none": 2.3375403334202674e-16}, "20": {"type-based": 3.03838708972639e-28, "geo-based": 0.9999999999672526, "mixed": 3.274726688861477e-11, "none": 1.7211995276475023e-17}, "21": {"type-based": 2.616021936579376e-30, "geo-based": 0.9999999999959666, "mixed": 4.033544351302495e-12, "none": 1.2747361852074017e-18}, "22": {"type-based": 2.858392018647517e-31, "geo-based": 0.9999999999936406, "mixed": 6.359257491210995e-12, "none": 9.370693672880945e-20}, "23": {"type-based": 3.2261459841237395e-32, "geo-based": 0.9999999999898981, "mixed": 1.0101851378561455e-11, "none": 7.065318544511008e-21}, "24": {"type-based": 3.8029602983872526e-34, "geo-based": 0.9999999999978457, "mixed": 2.1541671075795947e-12, "none": 4.145331071899935e-22}, "25": {"type-based": 3.6331506238027247e-35, "geo-based": 0.999999999996602, "mixed": 3.398041407108667e-12, "none": 2.6652770366520135e-23}, "26": {"type-based": 9.250854905537337e-37, "geo-based": 0.9999999999989895, "mixed": 1.01043308093537e-12, "none": 2.4201764683211127e-24}, "27": {"type-based": 7.842934721395018e-42, "geo-based": 1.0, "mixed": 9.912384068398033e-17, "none": 2.2238921250926508e-25}, "28": {"type-based": 1.584296227266315e-43, "geo-based": 1.0, "mixed": 2.914701349641782e-17, "none": 1.6260716342159374e-26}, "29": {"type-based": 1.267168820329605e-44, "geo-based": 1.0, "mixed": 4.50300015257813e-17, "none": 8.966335967179034e-28}, "30": {"type-based": 1.3221154156707322e-46, "geo-based": 1.0, "mixed": 8.237161746729296e-18, "none": 5.440841940246206e-29}, "31": {"type-based": 6.517934505203373e-52, "geo-based": 1.0, "mixed": 7.411842442545381e-22, "none": 3.129522128989311e-30}, "32": {"type-based": 6.37638612324006e-53, "geo-based": 1.0, "mixed": 1.1315763603057674e-21, "none": 2.1015264183997896e-31}, "33": {"type-based": 5.950044140504145e-54, "geo-based": 1.0, "mixed": 1.738444940791319e-21, "none": 1.3373629716467772e-32}, "34": {"type-based": 4.994330080562585e-55, "geo-based": 1.0, "mixed": 2.6856189390184056e-21, "none": 7.610853906587517e-34}, "35": {"type-based": 3.6595765892170487e-56, "geo-based": 1.0, "mixed": 4.168430151008407e-21, "none": 3.7610887099811853e-35}, "36": {"type-based": 2.697231090403454e-57, "geo-based": 1.0, "mixed": 6.501598654669789e-21, "none": 1.8605252523696193e-36}, "37": {"type-based": 1.927044636845325e-58, "geo-based": 1.0, "mixed": 1.018659141626169e-20, "none": 8.882461360819279e-38}, "38": {"type-based": 2.1526311204971622e-60, "geo-based": 1.0, "mixed": 2.787585962908674e-21, "none": 3.7963102234076624e-39}, "39": {"type-based": 1.2187580446644521e-61, "geo-based": 1.0, "mixed": 4.356792946409101e-21, "none": 1.4432210028871192e-40}, "40": {"type-based": 6.170490593725691e-63, "geo-based": 1.0, "mixed": 6.831826725149457e-21, "none": 4.886525504285606e-42}, "41": {"type-based": 2.677221933767247e-64, "geo-based": 1.0, "mixed": 1.0737939686334222e-20, "none": 1.4125576439763344e-43}, "42": {"type-based": 1.9401226726920507e-66, "geo-based": 1.0, "mixed": 2.5988233431944885e-21, "none": 4.4168181721873784e-45}, "43": {"type-based": 1.0931462380284927e-67, "geo-based": 1.0, "mixed": 4.0473391864312504e-21, "none": 1.6684656890101183e-46}, "44": {"type-based": 5.187189446524272e-69, "geo-based": 1.0, "mixed": 6.321287991757507e-21, "none": 5.28919637637037e-48}, "45": {"type-based": 3.445532819456864e-70, "geo-based": 1.0, "mixed": 9.894796284583183e-21, "none": 2.3393624703064842e-49}, "46": {"type-based": 1.859223805969601e-71, "geo-based": 1.0, "mixed": 1.5527264558240674e-20, "none": 8.379459579509943e-51}}