{"0": {"type-based": 0.25, "geo-based": 0.25, "mixed": 0.25, "none": 0.25}, "1": {"type-based": 0.25, "geo-based": 0.25, "mixed": 0.25, "none": 0.25}, "2": {"type-based": 0.25, "geo-based": 0.25, "mixed": 0.25, "none": 0.25}, "3": {"type-based": 0.1375588293596905, "geo-based": 0.33060494479710334, "mixed": 0.42519897418254954, "none": 0.10663725166065652}, "4": {"type-based": 6.394145342727118e-05, "geo-based": 0.930535268154592, "mixed": 0.0008805681836109797, "none": 0.06852022220836976}, "5": {"type-based": 2.0672965175721624e-05, "geo-based": 0.9819126144670194, "mixed": 0.0012531732708984797, "none": 0.01681353929690634}, "6": {"type-based": 1.8441028093565089e-09, "geo-based": 0.99681219389975, "mixed": 6.110188772993571e-07, "none": 0.003187193237269887}, "7": {"type-based": 4.2057106587997936e-10, "geo-based": 0.9994772409422917, "mixed": 8.469315273709689e-07, "none": 0.0005219117056099929}, "8": {"type-based": 6.527529522440091e-11, "geo-based": 0.9999428854854405, "mixed": 1.2129191581586799e-06, "none": 5.59015301258912e-05}, "9": {"type-based": 9.714915749253743e-12, "geo-based": 0.9999925995940668, "mixed": 1.7981538205468965e-06, "none": 5.602242397941913e-06}, "10": {"type-based": 1.4405540341986215e-12, "geo-based": 0.9999966902393851, "mixed": 2.7596630901333926e-06, "none": 5.500960840363265e-07}, "11": {"type-based": 2.192171771975234e-13, "geo-based": 0.9999956012620319, "mixed": 4.343972254447869e-06, "none": 5.4765494459219316e-08}, "12": {"type-based": 3.4309197614484585e-14, "geo-based": 0.9999930261851662, "mixed": 6.968258611107559e-06, "none": 5.556188182458733e-09}, "13": {"type-based": 5.53917095061021e-15, "geo-based": 0.9999886590898878, "mixed": 1.1340332786781388e-05, "none": 5.773199198136841e-10}, "14": {"type-based": 8.720937044724711e-16, "geo-based": 0.9999813288757982, "mixed": 1.8671066041473588e-05, "none": 5.815955446781027e-11}, "15": {"type-based": 1.6161192017794271e-16, "geo-based": 0.9999689017566502, "mixed": 3.109823648608245e-05, "none": 6.863494483891815e-12}, "16": {"type-based": 2.5507719386362406e-17, "geo-based": 0.9999477550986889, "mixed": 5.224490062402479e-05, "none": 6.871049690031568e-13}, "17": {"type-based": 3.238043322572367e-18, "geo-based": 0.9999115749980076, "mixed": 8.842500193743367e-05, "none": 5.513668331045836e-14}, "18": {"type-based": 4.689447406146688e-19, "geo-based": 0.9998491486141218, "mixed": 0.00015085138587312577, "none": 5.032914712658222e-15}, "19": {"type-based": 4.011633877539452e-21, "geo-based": 0.9999827593436987, "mixed": 1.724065630079313e-05, "none": 4.056434906654039e-16}, "20": {"type-based": 5.031184665261701e-22, "geo-based": 0.9999709608942489, "mixed": 2.9039105750999687e-05, "none": 3.2555880978487156e-17}, "21": {"type-based": 4.285897751334832e-24, "geo-based": 0.9999969277532615, "mixed": 3.072246738456688e-06, "none": 2.827635776538226e-18}, "22": {"type-based": 4.481476442183868e-25, "geo-based": 0.999994874805951, "mixed": 5.12519404905538e-06, "none": 1.8913651585640213e-19}, "23": {"type-based": 5.0806972176635604e-26, "geo-based": 0.9999914105609063, "mixed": 8.58943909368716e-06, "none": 1.3674668511241757e-20}, "24": {"type-based": 2.902385149407236e-28, "geo-based": 0.999999196752247, "mixed": 8.032477530074907e-07, "none": 8.934322764031084e-22}, "25": {"type-based": 3.391704006109194e-30, "geo-based": 0.9999998515834132, "mixed": 1.4841658664509725e-07, "none": 6.044579724330257e-23}, "26": {"type-based": 2.1691199690901815e-35, "geo-based": 0.9999999999864864, "mixed": 1.3513576965704304e-11, "none": 4.543562799502862e-24}, "27": {"type-based": 1.1447583912454287e-40, "geo-based": 0.9999999999999987, "mixed": 1.226943085378713e-15, "none": 2.824350732597076e-25}, "28": {"type-based": 1.189505464568957e-42, "geo-based": 0.9999999999999998, "mixed": 2.224620243632626e-16, "none": 1.7310248870225273e-26}, "29": {"type-based": 1.5854285861080677e-44, "geo-based": 1.0, "mixed": 5.982576240550266e-17, "none": 9.178776668183176e-28}, "30": {"type-based": 1.178282756106047e-45, "geo-based": 1.0, "mixed": 9.542107920910067e-17, "none": 4.5760386935501297e-29}, "31": {"type-based": 8.84714085456367e-47, "geo-based": 0.9999999999999998, "mixed": 1.5248904829403084e-16, "none": 2.2932073387508054e-30}, "32": {"type-based": 8.209737363805982e-48, "geo-based": 0.9999999999999998, "mixed": 2.4355859957991856e-16, "none": 1.4137695064093484e-31}, "33": {"type-based": 7.196890178770678e-50, "geo-based": 1.0, "mixed": 3.7196402752095657e-17, "none": 8.605707004776602e-33}, "34": {"type-based": 5.953890923012739e-51, "geo-based": 1.0, "mixed": 5.881230333707473e-17, "none": 4.720306755911335e-34}, "35": {"type-based": 4.9512213935594225e-52, "geo-based": 1.0, "mixed": 9.329220784615907e-17, "none": 2.5925013897866533e-35}, "36": {"type-based": 3.9673398619605306e-53, "geo-based": 0.9999999999999998, "mixed": 1.4843913158028996e-16, "none": 1.367080880104858e-36}, "37": {"type-based": 4.707393410039238e-55, "geo-based": 1.0, "mixed": 3.948040574123421e-17, "none": 6.382624640841743e-38}, "38": {"type-based": 2.9282151149296e-56, "geo-based": 1.0, "mixed": 6.257239625695415e-17, "none": 2.626817652146254e-39}, "39": {"type-based": 1.0694225150358152e-61, "geo-based": 1.0, "mixed": 3.974773021771944e-21, "none": 1.581569909803082e-40}, "40": {"type-based": 1.6258905892154843e-63, "geo-based": 1.0, "mixed": 7.570836509582869e-22, "none": 1.3211253383924374e-41}, "41": {"type-based": 1.6940820870766662e-64, "geo-based": 1.0, "mixed": 1.1913855277412515e-21, "none": 9.171249009156208e-43}, "42": {"type-based": 1.6498107062935598e-65, "geo-based": 1.0, "mixed": 1.8811972786420123e-21, "none": 5.930143152694758e-44}, "43": {"type-based": 1.4126381623598604e-66, "geo-based": 1.0, "mixed": 2.97950242540001e-21, "none": 3.360481264918322e-45}, "44": {"type-based": 7.687411765127368e-68, "geo-based": 1.0, "mixed": 4.7310928268133204e-21, "none": 1.2066697158199814e-46}, "45": {"type-based": 3.6019353452233416e-69, "geo-based": 1.0, "mixed": 7.523794958643758e-21, "none": 3.720200990676036e-48}, "46": {"type-based": 1.5750814122502263e-71, "geo-based": 1.0, "mixed": 1.5972460899630838e-21, "none": 8.005442619289626e-50}, "47": {"type-based": 5.798274653237063e-73, "geo-based": 1.0, "mixed": 2.5147165684356656e-21, "none": 1.9506062569419955e-51}, "48": {"type-based": 3.62483137274129e-75, "geo-based": 1.0, "mixed": 6.3889633966036795e-22, "none": 4.989866259071097e-53}, "49": {"type-based": 1.4128768062761437e-76, "geo-based": 1.0, "mixed": 9.977305261258137e-22, "none": 1.2944370485468147e-54}, "50": {"type-based": 6.397783861024666e-78, "geo-based": 1.0, "mixed": 1.5610523655622794e-21, "none": 3.890211159652167e-56}}