{"0": {"type-based": 0.25, "geo-based": 0.25, "mixed": 0.25, "none": 0.25}, "1": {"type-based": 0.25, "geo-based": 0.25, "mixed": 0.25, "none": 0.25}, "2": {"type-based": 0.25, "geo-based": 0.25, "mixed": 0.25, "none": 0.25}, "3": {"type-based": 0.1375588293596905, "geo-based": 0.33060494479710334, "mixed": 0.42519897418254954, "none": 0.10663725166065652}, "4": {"type-based": 0.04645140467712993, "geo-based": 0.32094538521025745, "mixed": 0.6077267820297053, "none": 0.024876428082907204}, "5": {"type-based": 0.011318167820303003, "geo-based": 0.2515565691288344, "mixed": 0.7331085734168218, "none": 0.004016689634040763}, "6": {"type-based": 0.0021940444261929907, "geo-based": 0.17888798153224603, "mixed": 0.8184129460301526, "none": 0.0005050280114083751}, "7": {"type-based": 5.414682610000125e-07, "geo-based": 0.9981637346630815, "mixed": 0.0014367133376381447, "none": 0.00039901053101930247}, "8": {"type-based": 2.0475713660831803e-11, "geo-based": 0.999950804901956, "mixed": 4.4155947467620587e-07, "none": 4.8753518093740414e-05}, "9": {"type-based": 2.8834351418731235e-12, "geo-based": 0.9999947238716074, "mixed": 6.531125984944866e-07, "none": 4.6230129107539975e-06}, "10": {"type-based": 4.2801450854003583e-13, "geo-based": 0.9999985541764181, "mixed": 9.914009401042098e-07, "none": 4.544222135436174e-07}, "11": {"type-based": 6.011083555878721e-14, "geo-based": 0.9999984036595949, "mixed": 1.5545883472743363e-06, "none": 4.175199757725899e-08}, "12": {"type-based": 8.840042382431625e-15, "geo-based": 0.9999974969215513, "mixed": 2.499098167517753e-06, "none": 3.980272390370923e-09}, "13": {"type-based": 1.342241815997158e-15, "geo-based": 0.9999959196798129, "mixed": 4.07993123496549e-06, "none": 3.889507385725075e-10}, "14": {"type-based": 2.0977798712942916e-16, "geo-based": 0.9999932618013709, "mixed": 6.738159732468221e-06, "none": 3.889644367459889e-11}, "15": {"type-based": 2.6650400651659947e-17, "geo-based": 0.9999887699453118, "mixed": 1.123005154142062e-05, "none": 3.1467895764073245e-12}, "16": {"type-based": 3.4118416099910224e-18, "geo-based": 0.9999811154460261, "mixed": 1.888455371850101e-05, "none": 2.555244028049764e-13}, "17": {"type-based": 3.377662136684943e-20, "geo-based": 0.9999975309311343, "mixed": 2.469068844791208e-06, "none": 2.07686817364398e-14}, "18": {"type-based": 4.2750617743462145e-21, "geo-based": 0.9999958841612644, "mixed": 4.115838733760281e-06, "none": 1.6957535015260569e-15}, "19": {"type-based": 4.271002886470303e-23, "geo-based": 0.9999995068099411, "mixed": 4.931900587358172e-07, "none": 1.5220739673842881e-16}, "20": {"type-based": 5.3814325700980594e-24, "geo-based": 0.9999991861532704, "mixed": 8.138467296691919e-07, "none": 1.2359406663159783e-17}, "21": {"type-based": 5.860750658902661e-25, "geo-based": 0.9999986500014526, "mixed": 1.349998547481765e-06, "none": 8.640358980844917e-19}, "22": {"type-based": 3.795816217024638e-30, "geo-based": 0.9999999998593792, "mixed": 1.4062080203113145e-10, "none": 5.728005788779589e-20}, "23": {"type-based": 2.1899004676947165e-35, "geo-based": 0.9999999999999853, "mixed": 1.460213961242685e-14, "none": 3.3908352929057265e-21}, "24": {"type-based": 1.2650952346814283e-37, "geo-based": 0.9999999999999984, "mixed": 1.5140000113539328e-15, "none": 2.01267632855068e-22}, "25": {"type-based": 1.6637264303511828e-39, "geo-based": 0.9999999999999998, "mixed": 3.0959217619730387e-16, "none": 1.3785017801685574e-23}, "26": {"type-based": 2.1428348731138537e-41, "geo-based": 1.0, "mixed": 6.234473787868871e-17, "none": 9.396369155724581e-25}, "27": {"type-based": 2.1524515528393064e-42, "geo-based": 1.0, "mixed": 9.922989119388308e-17, "none": 6.327123520369062e-26}, "28": {"type-based": 3.013562095539946e-44, "geo-based": 1.0, "mixed": 2.804151295255132e-17, "none": 3.345165335915735e-27}, "29": {"type-based": 2.4225338041592164e-45, "geo-based": 1.0, "mixed": 4.436461580345715e-17, "none": 1.8140825867920582e-28}, "30": {"type-based": 2.109595959512385e-46, "geo-based": 1.0, "mixed": 7.047896304680663e-17, "none": 1.0597136812069681e-29}, "31": {"type-based": 1.9331508177244822e-48, "geo-based": 1.0, "mixed": 1.1837644564846633e-17, "none": 6.154383827472081e-31}, "32": {"type-based": 3.3181219663541074e-50, "geo-based": 1.0, "mixed": 2.936752116749102e-18, "none": 4.4744405713209043e-32}, "33": {"type-based": 1.393630776235776e-55, "geo-based": 1.0, "mixed": 2.398076395637053e-22, "none": 2.420534166553699e-33}, "34": {"type-based": 1.063872164073884e-56, "geo-based": 1.0, "mixed": 3.7120724661084763e-22, "none": 1.2527948841741474e-34}, "35": {"type-based": 7.910406017117807e-58, "geo-based": 1.0, "mixed": 5.772491344651274e-22, "none": 6.282259809157347e-36}, "36": {"type-based": 1.008722136692475e-59, "geo-based": 1.0, "mixed": 1.7171672588372718e-22, "none": 2.822245367828769e-37}, "37": {"type-based": 5.9438770687930436e-61, "geo-based": 1.0, "mixed": 2.6606141534204784e-22, "none": 1.1269595926168544e-38}, "38": {"type-based": 6.398095683144181e-62, "geo-based": 1.0, "mixed": 4.1362760110196093e-22, "none": 8.181301490523091e-40}, "39": {"type-based": 6.460953093806869e-63, "geo-based": 1.0, "mixed": 6.45678228149425e-22, "none": 5.547426027496562e-41}, "40": {"type-based": 5.725382389795522e-64, "geo-based": 1.0, "mixed": 1.011622140766023e-21, "none": 3.287490902921043e-42}, "41": {"type-based": 3.1707127643631354e-65, "geo-based": 1.0, "mixed": 1.5898534000463285e-21, "none": 1.2129929950435786e-43}, "42": {"type-based": 1.5057446996169424e-66, "geo-based": 1.0, "mixed": 2.5033592216094144e-21, "none": 3.824632928685159e-45}, "43": {"type-based": 7.1071224668224245e-68, "geo-based": 1.0, "mixed": 3.946881723936696e-21, "none": 1.1947353121980625e-46}, "44": {"type-based": 2.917403994708627e-69, "geo-based": 1.0, "mixed": 6.234689519080908e-21, "none": 3.2360274694726795e-48}, "45": {"type-based": 1.6007728884329387e-71, "geo-based": 1.0, "mixed": 1.3605311203151298e-21, "none": 8.468607217746431e-50}, "46": {"type-based": 6.784662168216817e-73, "geo-based": 1.0, "mixed": 2.1320827738080828e-21, "none": 2.3826141082776534e-51}, "47": {"type-based": 2.2774323288628e-74, "geo-based": 1.0, "mixed": 3.347941577061291e-21, "none": 5.293701515144456e-53}}