{"0": {"type-based": 0.25, "geo-based": 0.25, "mixed": 0.25, "none": 0.25}, "1": {"type-based": 0.25, "geo-based": 0.25, "mixed": 0.25, "none": 0.25}, "2": {"type-based": 0.25, "geo-based": 0.25, "mixed": 0.25, "none": 0.25}, "3": {"type-based": 0.00020377883210491446, "geo-based": 0.7518475881654367, "mixed": 0.0006199352773614747, "none": 0.24732869772509689}, "4": {"type-based": 8.92295768771612e-05, "geo-based": 0.9239950922313739, "mixed": 0.0010999386160387857, "none": 0.07481573957571024}, "5": {"type-based": 2.699559090775709e-05, "geo-based": 0.9831989856975202, "mixed": 0.00177440916460905, "none": 0.014999609546962936}, "6": {"type-based": 6.890080084245489e-06, "geo-based": 0.9947003247522548, "mixed": 0.002809713301990772, "none": 0.0024830718656703274}, "7": {"type-based": 2.9954221231149977e-10, "geo-based": 0.9996535137331671, "mixed": 8.934299428823039e-07, "none": 0.0003455925373477438}, "8": {"type-based": 1.0629464288327683e-14, "geo-based": 0.9999603743610013, "mixed": 2.75472119401713e-10, "none": 3.9625363515984046e-05}, "9": {"type-based": 1.4949982711588467e-15, "geo-based": 0.9999962468328962, "mixed": 4.089313482454175e-10, "none": 3.7527581708672033e-06}, "10": {"type-based": 2.073331634276692e-16, "geo-based": 0.9999996547381378, "mixed": 6.225569044381986e-10, "none": 3.446393050296194e-07}, "11": {"type-based": 2.6365730257165677e-17, "geo-based": 0.99999997036222, "mixed": 9.656955774880734e-10, "none": 2.8672084505865216e-08}, "12": {"type-based": 3.4019525357876003e-18, "geo-based": 0.9999999960673143, "mixed": 1.534506366470285e-09, "none": 2.3981793910412037e-09}, "13": {"type-based": 4.524526425468734e-19, "geo-based": 0.9999999973113183, "mixed": 2.48340867039109e-09, "none": 2.052730496655887e-10}, "14": {"type-based": 6.207704250449181e-20, "geo-based": 0.9999999959058397, "mixed": 4.076139475618629e-09, "none": 1.802087892945896e-11}, "15": {"type-based": 8.502529002827118e-21, "geo-based": 0.999999993233907, "mixed": 6.764521017975385e-09, "none": 1.5718353516089653e-12}, "16": {"type-based": 1.3769695779301661e-21, "geo-based": 0.9999999886442482, "mixed": 1.135559033165694e-08, "none": 1.6145921453052868e-13}, "17": {"type-based": 1.6203187411035993e-22, "geo-based": 0.9999999807798058, "mixed": 1.922018217419414e-08, "none": 1.2010068092421189e-14}, "18": {"type-based": 2.1534975035493144e-23, "geo-based": 0.9999999671500146, "mixed": 3.284998437110535e-08, "none": 1.0060725635231334e-15}, "19": {"type-based": 1.7290964134804043e-25, "geo-based": 0.999999996236437, "mixed": 3.763563001649285e-09, "none": 7.610785156524335e-17}, "20": {"type-based": 2.0686585358408792e-26, "geo-based": 0.9999999936420925, "mixed": 6.357907399203759e-09, "none": 5.826866057256002e-18}, "21": {"type-based": 1.7127047961433423e-28, "geo-based": 0.9999999993251527, "mixed": 6.748472406867815e-10, "none": 4.918709880472412e-19}, "22": {"type-based": 1.0383392144922522e-33, "geo-based": 0.9999999999999294, "mixed": 7.059733912578395e-14, "none": 3.0523032525964297e-20}, "23": {"type-based": 1.0781162496733429e-34, "geo-based": 0.9999999999998821, "mixed": 1.1788236597685075e-13, "none": 2.0323146003974427e-21}, "24": {"type-based": 1.2319970655947352e-36, "geo-based": 0.9999999999999767, "mixed": 2.3262125817853903e-14, "none": 1.2612654149809978e-22}, "25": {"type-based": 6.996128932245499e-39, "geo-based": 0.9999999999999978, "mixed": 2.2615337756783774e-15, "none": 7.89635171105039e-24}, "26": {"type-based": 6.748817676445943e-40, "geo-based": 0.9999999999999962, "mixed": 3.6880983456044446e-15, "none": 5.005648917943469e-25}, "27": {"type-based": 3.653052089782009e-45, "geo-based": 1.0, "mixed": 3.3545003142255437e-19, "none": 3.1913937080496587e-26}, "28": {"type-based": 1.999036184808745e-47, "geo-based": 1.0, "mixed": 3.0464370693059855e-20, "none": 2.0591608134116424e-27}, "29": {"type-based": 2.8262351740178985e-49, "geo-based": 1.0, "mixed": 8.274627826300229e-21, "none": 1.147298980773099e-28}, "30": {"type-based": 2.1665091499477667e-50, "geo-based": 1.0, "mixed": 1.328082762312519e-20, "none": 5.8606469540196064e-30}, "31": {"type-based": 1.645397194610968e-51, "geo-based": 1.0, "mixed": 2.1363655479768958e-20, "none": 2.951950492127699e-31}, "32": {"type-based": 1.1652275619115273e-52, "geo-based": 1.0, "mixed": 3.443396293689476e-20, "none": 1.3805013200165195e-32}, "33": {"type-based": 6.300068910183998e-54, "geo-based": 1.0, "mixed": 5.556366866029968e-20, "none": 4.909806102784291e-34}, "34": {"type-based": 3.285538704381629e-55, "geo-based": 1.0, "mixed": 8.961414894956897e-20, "none": 1.678309689496114e-35}, "35": {"type-based": 1.5197827023351213e-56, "geo-based": 1.0, "mixed": 1.4445024746734543e-19, "none": 5.071969564163726e-37}, "36": {"type-based": 6.596359937164335e-58, "geo-based": 1.0, "mixed": 2.3255351281965396e-19, "none": 1.433924420760062e-38}, "37": {"type-based": 3.100625994121514e-59, "geo-based": 1.0, "mixed": 3.7401560908484354e-19, "none": 4.378203894081125e-40}, "38": {"type-based": 1.9763844084853328e-61, "geo-based": 1.0, "mixed": 9.257164603801265e-20, "none": 1.1750371972987741e-41}, "39": {"type-based": 1.017806471441008e-62, "geo-based": 1.0, "mixed": 1.4713807766388474e-19, "none": 3.9598906920220684e-43}, "40": {"type-based": 4.664748941956587e-65, "geo-based": 1.0, "mixed": 1.7362671801916777e-20, "none": 1.5982125176271202e-44}, "41": {"type-based": 1.423937816773702e-70, "geo-based": 1.0, "mixed": 1.0194795364343205e-24, "none": 8.663232284147113e-46}, "42": {"type-based": 5.192011183166856e-72, "geo-based": 1.0, "mixed": 1.6165246305750166e-24, "none": 2.0777345462588255e-47}, "43": {"type-based": 2.1870392228031626e-73, "geo-based": 1.0, "mixed": 2.562084038957893e-24, "none": 5.740672587759655e-49}, "44": {"type-based": 1.662901333372324e-75, "geo-based": 1.0, "mixed": 2.8062439645984544e-25, "none": 4.1386360976228776e-50}, "45": {"type-based": 1.46940010125472e-76, "geo-based": 1.0, "mixed": 4.422354579135623e-25, "none": 2.3962352587021948e-51}, "46": {"type-based": 1.5486258420677658e-77, "geo-based": 1.0, "mixed": 6.997086440188999e-25, "none": 1.6506433447094637e-52}, "47": {"type-based": 1.171385939589965e-79, "geo-based": 1.0, "mixed": 1.0765442762441727e-25, "none": 8.410461977131616e-54}}