{"0": {"type-based": 0.25, "geo-based": 0.25, "mixed": 0.25, "none": 0.25}, "1": {"type-based": 0.25, "geo-based": 0.25, "mixed": 0.25, "none": 0.25}, "2": {"type-based": 0.25, "geo-based": 0.25, "mixed": 0.25, "none": 0.25}, "3": {"type-based": 0.0006724909410919056, "geo-based": 0.7907350490474461, "mixed": 0.00282919000851463, "none": 0.20576327000294733}, "4": {"type-based": 0.00017489813537069574, "geo-based": 0.9473324248677522, "mixed": 0.0037192474996645595, "none": 0.04877342949721253}, "5": {"type-based": 2.1419171138258536e-05, "geo-based": 0.9884115442931232, "mixed": 0.002504831209057562, "none": 0.009062205326680995}, "6": {"type-based": 3.236784062993146e-06, "geo-based": 0.9958898724055055, "mixed": 0.0029742242978249653, "none": 0.0011326665126065829}, "7": {"type-based": 3.6309006444670286e-07, "geo-based": 0.9966495314533826, "mixed": 0.0032363585925701596, "none": 0.00011374686398282535}, "8": {"type-based": 4.006539460543488e-08, "geo-based": 0.9960787469777268, "mixed": 0.003911184666637904, "none": 1.0028290240775547e-05}, "9": {"type-based": 1.0283302189079572e-09, "geo-based": 0.9987349249579166, "mixed": 0.001264301570094155, "none": 7.724436590094928e-07}, "10": {"type-based": 3.9808493085826385e-11, "geo-based": 0.9992115423517762, "mixed": 0.0007884101959209661, "none": 4.7412494490399095e-08}, "11": {"type-based": 8.075848360015662e-16, "geo-based": 0.9999997592008487, "mixed": 2.3758529995204216e-07, "none": 3.2138504955758114e-09}, "12": {"type-based": 4.975336489714329e-17, "geo-based": 0.999999714940887, "mixed": 2.848922889312466e-07, "none": 1.6682408749848503e-10}, "13": {"type-based": 2.7607922228939658e-18, "geo-based": 0.9999996378955723, "mixed": 3.620970653461984e-07, "none": 7.362323184544165e-12}, "14": {"type-based": 1.5375137268327882e-19, "geo-based": 0.9999995218920609, "mixed": 4.781076259974577e-07, "none": 3.1318439309791005e-13}, "15": {"type-based": 9.250331444181371e-21, "geo-based": 0.9999993508222842, "mixed": 6.491777017184744e-07, "none": 1.396872856474902e-14}, "16": {"type-based": 1.6636835868138604e-21, "geo-based": 0.9999990984566053, "mixed": 9.015433930464346e-07, "none": 1.820082604803744e-15}, "17": {"type-based": 6.85872285705016e-23, "geo-based": 0.9999995794331619, "mixed": 4.2056683788109233e-07, "none": 1.600923680403446e-16}, "18": {"type-based": 9.752496829230434e-24, "geo-based": 0.9999994301282399, "mixed": 5.698717599985839e-07, "none": 1.6619402315567466e-17}, "19": {"type-based": 2.1732898400137313e-25, "geo-based": 0.999999691360431, "mixed": 3.086395690924768e-07, "none": 6.644189259509876e-19}, "20": {"type-based": 1.0073374791402108e-26, "geo-based": 0.9999995929890251, "mixed": 4.070109749292509e-07, "none": 2.2622169770084013e-20}, "21": {"type-based": 4.386186083108085e-28, "geo-based": 0.9999994582257508, "mixed": 5.41774249174409e-07, "none": 7.12090648608691e-22}, "22": {"type-based": 1.8099459268268925e-29, "geo-based": 0.9999992734629873, "mixed": 7.265370127443557e-07, "none": 2.0956961493043557e-23}}