{"0": {"type-based": 0.25, "geo-based": 0.25, "mixed": 0.25, "none": 0.25}, "1": {"type-based": 0.25, "geo-based": 0.25, "mixed": 0.25, "none": 0.25}, "2": {"type-based": 0.25, "geo-based": 0.25, "mixed": 0.25, "none": 0.25}, "3": {"type-based": 0.0007323422830325234, "geo-based": 0.79564692996842, "mixed": 0.003192796242914335, "none": 0.20042793150563315}, "4": {"type-based": 5.315701186272398e-07, "geo-based": 0.9558448839880046, "mixed": 1.4497549307403897e-05, "none": 0.04414008689256929}, "5": {"type-based": 9.592108235159473e-08, "geo-based": 0.9927442933321037, "mixed": 1.6558418975744716e-05, "none": 0.007239052327838205}, "6": {"type-based": 1.3989375389843429e-08, "geo-based": 0.9991787793096789, "mixed": 2.1275591510929005e-05, "none": 0.0007999311094349683}, "7": {"type-based": 1.8188957232518107e-09, "geo-based": 0.9998975640809481, "mixed": 2.887457938206304e-05, "none": 7.35595207743785e-05}, "8": {"type-based": 2.1664345780971752e-10, "geo-based": 0.9999534938215542, "mixed": 4.053031531563618e-05, "none": 5.97564648653143e-06}, "9": {"type-based": 4.546207581831926e-15, "geo-based": 0.9999995701280975, "mixed": 1.1647998444930527e-08, "none": 4.182238996649433e-07}, "10": {"type-based": 3.77489180225404e-16, "geo-based": 0.9999999594891525, "mixed": 1.618046605319803e-08, "none": 2.433038104484166e-08}, "11": {"type-based": 4.873306571908713e-18, "geo-based": 0.9999999948704088, "mixed": 3.839874306125149e-09, "none": 1.2897167739032844e-09}, "12": {"type-based": 1.0909478305995693e-19, "geo-based": 0.999999998166468, "mixed": 1.7717943583501638e-09, "none": 6.173765527403432e-11}, "13": {"type-based": 6.686024114676808e-21, "geo-based": 0.9999999976128682, "mixed": 2.3843276985538177e-09, "none": 2.8041441539716913e-12}, "14": {"type-based": 3.919668255355005e-22, "geo-based": 0.9999999967015794, "mixed": 3.2983019859322356e-09, "none": 1.1866950163738224e-13}, "15": {"type-based": 2.068203165786965e-23, "geo-based": 0.999999995341331, "mixed": 4.658664535914326e-09, "none": 4.429621421180059e-15}, "16": {"type-based": 1.0567993062311075e-24, "geo-based": 0.9999999932976773, "mixed": 6.702322519242364e-09, "none": 1.5757980234975215e-16}, "17": {"type-based": 5.062785266403801e-26, "geo-based": 0.9999999902196098, "mixed": 9.780390236751404e-09, "none": 5.187900601477523e-18}, "18": {"type-based": 6.328164173333004e-28, "geo-based": 0.9999999960594594, "mixed": 3.940540611829864e-09, "none": 1.6161064904804274e-19}, "19": {"type-based": 9.520771525424615e-30, "geo-based": 0.9999999979236747, "mixed": 2.0763253276725984e-09, "none": 4.6476676387572306e-21}, "20": {"type-based": 3.7163035392333205e-31, "geo-based": 0.9999999970491686, "mixed": 2.9508313996226e-09, "none": 1.2890005815839036e-22}, "21": {"type-based": 1.3630599717753065e-32, "geo-based": 0.9999999957485965, "mixed": 4.2514033493045014e-09, "none": 3.3181632862399974e-24}, "22": {"type-based": 1.8208880659424114e-34, "geo-based": 0.9999999976152989, "mixed": 2.384701030433098e-09, "none": 8.003095673046578e-26}, "23": {"type-based": 9.41200123830275e-37, "geo-based": 0.999999999473477, "mixed": 5.26523076027049e-10, "none": 1.901492660995257e-27}, "24": {"type-based": 7.383168689429755e-39, "geo-based": 0.9999999998284419, "mixed": 1.7155808285028278e-10, "none": 4.639432175890586e-29}, "25": {"type-based": 2.2753370085763584e-40, "geo-based": 0.9999999997626825, "mixed": 2.373174429131786e-10, "none": 1.0415114505674727e-30}, "26": {"type-based": 6.68964261805751e-42, "geo-based": 0.9999999996688007, "mixed": 3.3119939662593165e-10, "none": 2.2038769432356734e-32}, "27": {"type-based": 1.891780948217819e-43, "geo-based": 0.9999999995342521, "mixed": 4.657478920018089e-10, "none": 4.438507917484843e-34}, "28": {"type-based": 5.1830649166556813e-45, "geo-based": 0.9999999993407163, "mixed": 6.592838153999767e-10, "none": 8.579916748943159e-36}, "29": {"type-based": 3.7969998308664607e-47, "geo-based": 0.9999999997791709, "mixed": 2.2082922951561403e-10, "none": 1.8688166478243778e-37}, "30": {"type-based": 9.887422993742961e-49, "geo-based": 0.999999999692126, "mixed": 3.0787388750104224e-10, "none": 3.444151035544139e-39}, "31": {"type-based": 1.1744157286245857e-50, "geo-based": 0.9999999998565055, "mixed": 1.434945585283523e-10, "none": 8.6158280342285e-41}, "32": {"type-based": 1.2073092652795421e-52, "geo-based": 0.9999999999238447, "mixed": 7.61552702722789e-11, "none": 1.6202782969867213e-42}, "33": {"type-based": 2.7738845955728996e-54, "geo-based": 0.9999999998981632, "mixed": 1.0183667884624081e-10, "none": 2.6834889737711805e-44}, "34": {"type-based": 6.220349760530791e-56, "geo-based": 0.9999999998635056, "mixed": 1.364944579474824e-10, "none": 4.3015124694751596e-46}, "35": {"type-based": 1.3455457918042754e-57, "geo-based": 0.9999999998167328, "mixed": 1.832670728239869e-10, "none": 6.600739290680426e-48}, "36": {"type-based": 2.863846602988156e-59, "geo-based": 0.9999999997537146, "mixed": 2.4628544419207554e-10, "none": 9.897315844136726e-50}, "37": {"type-based": 6.169941663370378e-61, "geo-based": 0.999999999668604, "mixed": 3.3139603388297745e-10, "none": 1.4926703543710915e-51}, "38": {"type-based": 1.3056654788686575e-62, "geo-based": 0.9999999995537197, "mixed": 4.462803923990336e-10, "none": 2.198345723792882e-53}, "39": {"type-based": 2.8758714431665905e-64, "geo-based": 0.9999999993985713, "mixed": 6.014286238068226e-10, "none": 3.351806235244457e-55}, "40": {"type-based": 5.887592979911237e-66, "geo-based": 0.9999999991913084, "mixed": 8.08691583070247e-10, "none": 4.7264213065229616e-57}, "41": {"type-based": 1.1914712614126712e-67, "geo-based": 0.9999999989117063, "mixed": 1.0882937683086123e-09, "none": 6.5578256980024045e-59}}