{"0": {"type-based": 0.25, "geo-based": 0.25, "mixed": 0.25, "none": 0.25}, "1": {"type-based": 0.25, "geo-based": 0.25, "mixed": 0.25, "none": 0.25}, "2": {"type-based": 0.25, "geo-based": 0.25, "mixed": 0.25, "none": 0.25}, "3": {"type-based": 0.1375588293596905, "geo-based": 0.33060494479710334, "mixed": 0.42519897418254954, "none": 0.10663725166065652}, "4": {"type-based": 0.04645140467712993, "geo-based": 0.32094538521025745, "mixed": 0.6077267820297053, "none": 0.024876428082907204}, "5": {"type-based": 1.3501344079401274e-05, "geo-based": 0.9846510840779094, "mixed": 0.0009562005814742891, "none": 0.014379213996536938}, "6": {"type-based": 3.970752212452972e-06, "geo-based": 0.9956024757731387, "mixed": 0.0013990016849039445, "none": 0.00299455178974472}, "7": {"type-based": 9.532434893969187e-07, "geo-based": 0.9974309576357936, "mixed": 0.0020773182295110203, "none": 0.0004907708912059702}, "8": {"type-based": 6.994634273986956e-08, "geo-based": 0.9992554871283618, "mixed": 0.0006243659507904698, "none": 0.00012007697450502296}, "9": {"type-based": 1.355737592017044e-08, "geo-based": 0.9991035741155404, "mixed": 0.0008800941095131157, "none": 1.631821757046007e-05}, "10": {"type-based": 1.745328043351685e-09, "geo-based": 0.9987444277647837, "mixed": 0.0012541307583461827, "none": 1.4397315423143481e-06}, "11": {"type-based": 2.0277929673709581e-10, "geo-based": 0.9981715827284369, "mixed": 0.0018283043161876737, "none": 1.1275259603768689e-07}, "12": {"type-based": 2.1815313654216692e-11, "geo-based": 0.9973063815201307, "mixed": 0.002693610384283978, "none": 8.073769723971242e-09}, "13": {"type-based": 2.126952257031931e-12, "geo-based": 0.9960237930975308, "mixed": 0.0039762063815796805, "none": 5.187626758877854e-10}, "14": {"type-based": 1.8470033348854475e-17, "geo-based": 0.9999994092855095, "mixed": 5.906850372121445e-07, "none": 2.945331842883199e-11}, "15": {"type-based": 1.6313265346763693e-19, "geo-based": 0.9999999133769559, "mixed": 8.662133736079254e-08, "none": 1.706864970292247e-12}, "16": {"type-based": 1.7332300457961723e-20, "geo-based": 0.9999998749597642, "mixed": 1.250401143719473e-07, "none": 1.2156817429686766e-13}, "17": {"type-based": 1.3225360529794702e-21, "geo-based": 0.9999998138896433, "mixed": 1.8611035054462084e-07, "none": 6.164404965896415e-15}, "18": {"type-based": 1.0837464597489934e-22, "geo-based": 0.9999997191571455, "mixed": 2.808428540185012e-07, "none": 3.3323551531124806e-16}, "19": {"type-based": 8.708489363871811e-24, "geo-based": 0.999999567168193, "mixed": 4.328318068170614e-07, "none": 1.755485477147866e-17}, "20": {"type-based": 7.655350175752742e-25, "geo-based": 0.9999993209276452, "mixed": 6.790723547804779e-07, "none": 1.0062702733522188e-18}, "21": {"type-based": 7.50497765659047e-26, "geo-based": 0.9999989149084, "mixed": 1.0850916000151486e-06, "none": 6.402648833442491e-20}, "22": {"type-based": 6.227411649862503e-27, "geo-based": 0.9999982308969384, "mixed": 1.7691030614998593e-06, "none": 3.433922760499558e-21}, "23": {"type-based": 2.987577523405398e-29, "geo-based": 0.9999998281368707, "mixed": 1.718631293587492e-07, "none": 1.8019028320880874e-22}, "24": {"type-based": 2.862434174516518e-31, "geo-based": 0.9999999667376849, "mixed": 3.326231511205258e-08, "none": 9.471996567557644e-24}, "25": {"type-based": 2.2777483255896965e-32, "geo-based": 0.9999999456020657, "mixed": 5.439793433513864e-08, "none": 4.880368881688217e-25}, "26": {"type-based": 2.1143261376342882e-34, "geo-based": 0.9999999900287829, "mixed": 9.971216987522012e-09, "none": 2.629501968493842e-26}, "27": {"type-based": 1.656424194803226e-35, "geo-based": 0.9999999837494098, "mixed": 1.625059017436817e-08, "none": 1.348460844818913e-27}, "28": {"type-based": 1.3896000582443832e-37, "geo-based": 0.9999999971897588, "mixed": 2.8102411279572186e-09, "none": 7.004287206201669e-29}, "29": {"type-based": 1.7325284207026416e-39, "geo-based": 0.9999999992785196, "mixed": 7.214804438545672e-10, "none": 3.644987258584867e-30}, "30": {"type-based": 2.8878792752067107e-41, "geo-based": 0.9999999997556885, "mixed": 2.443114008869659e-10, "none": 1.9228051535441177e-31}, "31": {"type-based": 2.396182269087406e-42, "geo-based": 0.9999999996113811, "mixed": 3.8861899609520824e-10, "none": 1.074632711903096e-32}, "32": {"type-based": 1.1006045901577965e-47, "geo-based": 0.9999999999999689, "mixed": 3.106791908689669e-14, "none": 6.61660115848685e-34}, "33": {"type-based": 4.27027741182968e-53, "geo-based": 1.0, "mixed": 2.4758724320712864e-18, "none": 3.4477525379544516e-35}, "34": {"type-based": 1.688080700989675e-55, "geo-based": 1.0, "mixed": 1.969874193475152e-19, "none": 1.831866445670396e-36}, "35": {"type-based": 1.7401317011160425e-57, "geo-based": 1.0, "mixed": 4.6862872829422877e-20, "none": 8.481024910635707e-38}, "36": {"type-based": 1.6659832404485487e-59, "geo-based": 1.0, "mixed": 1.0997778875523514e-20, "none": 3.69234608141994e-39}, "37": {"type-based": 1.1139349331741632e-60, "geo-based": 1.0, "mixed": 1.6958427881162874e-20, "none": 1.688171155047738e-40}, "38": {"type-based": 1.7358648180997252e-62, "geo-based": 1.0, "mixed": 6.249488223741573e-21, "none": 7.513327122722913e-42}, "39": {"type-based": 1.2355372634280017e-63, "geo-based": 1.0, "mixed": 9.57187238148232e-21, "none": 3.671764790595e-43}, "40": {"type-based": 8.66148320413518e-65, "geo-based": 1.0, "mixed": 1.4710324250684032e-20, "none": 1.7579266683209846e-44}, "41": {"type-based": 5.61930067511924e-66, "geo-based": 1.0, "mixed": 2.267325129506237e-20, "none": 7.750994571502148e-46}, "42": {"type-based": 1.4250705914450466e-71, "geo-based": 1.0, "mixed": 1.459344510649335e-24, "none": 3.1919235441197027e-47}, "43": {"type-based": 8.637181252693374e-73, "geo-based": 1.0, "mixed": 2.24837625618109e-24, "none": 1.3090862935785684e-48}, "44": {"type-based": 5.33075745974546e-74, "geo-based": 1.0, "mixed": 3.4744833821902965e-24, "none": 5.444479414412925e-50}, "45": {"type-based": 6.5189661657483e-76, "geo-based": 1.0, "mixed": 1.2428281619418175e-24, "none": 1.9364543678183743e-51}, "46": {"type-based": 3.0134559103835506e-77, "geo-based": 1.0, "mixed": 1.913522970235134e-24, "none": 6.055742656836389e-53}, "47": {"type-based": 1.2600788706722271e-78, "geo-based": 1.0, "mixed": 2.952600945899587e-24, "none": 1.706487720840526e-54}, "48": {"type-based": 4.57452344251049e-80, "geo-based": 1.0, "mixed": 4.562509531542695e-24, "none": 4.160031216743575e-56}, "49": {"type-based": 2.3366662525763417e-82, "geo-based": 1.0, "mixed": 9.727552024210493e-25, "none": 1.0308178616418908e-57}, "50": {"type-based": 1.460045127558394e-84, "geo-based": 1.0, "mixed": 2.568041571460914e-25, "none": 2.5214753791100755e-59}, "51": {"type-based": 6.733424677600266e-86, "geo-based": 1.0, "mixed": 3.8955448144730453e-25, "none": 7.917650206570839e-61}, "52": {"type-based": 3.805248566759561e-87, "geo-based": 1.0, "mixed": 5.924875023062051e-25, "none": 3.0354830548743413e-62}, "53": {"type-based": 1.6849902115728532e-88, "geo-based": 1.0, "mixed": 9.031952613705064e-25, "none": 9.087332159494373e-64}, "54": {"type-based": 7.118629039370905e-91, "geo-based": 1.0, "mixed": 2.5865199811074246e-25, "none": 1.379646370912876e-65}}