{"0": {"type-based": 0.25, "geo-based": 0.25, "mixed": 0.25, "none": 0.25}, "1": {"type-based": 0.25, "geo-based": 0.25, "mixed": 0.25, "none": 0.25}, "2": {"type-based": 0.25, "geo-based": 0.25, "mixed": 0.25, "none": 0.25}, "3": {"type-based": 0.0011879516672685798, "geo-based": 0.7949387984554632, "mixed": 0.0054037296835915336, "none": 0.1984695201936765}, "4": {"type-based": 0.0003620779591312053, "geo-based": 0.944791680628331, "mixed": 0.00810707878056034, "none": 0.04673916263197756}, "5": {"type-based": 7.584165425459619e-05, "geo-based": 0.9815125952151019, "mixed": 0.011660853494909756, "none": 0.006750709635733751}, "6": {"type-based": 4.078301134445893e-09, "geo-based": 0.9992733415149785, "mixed": 5.663367867635347e-06, "none": 0.0007209910388527287}, "7": {"type-based": 1.576012706684971e-10, "geo-based": 0.9999374825237373, "mixed": 2.541444036427201e-06, "none": 5.997587462500009e-05}, "8": {"type-based": 1.4946978930360945e-11, "geo-based": 0.9999923680867755, "mixed": 3.2280935100972818e-06, "none": 4.403804767398103e-06}, "9": {"type-based": 6.339283412020468e-13, "geo-based": 0.9999975704088698, "mixed": 2.1561272642837774e-06, "none": 2.734632320391041e-07}, "10": {"type-based": 3.2634373443834865e-14, "geo-based": 0.9999979183707925, "mixed": 2.0670945584610464e-06, "none": 1.453461635904913e-08}, "11": {"type-based": 1.860916384252541e-15, "geo-based": 0.9999974680000923, "mixed": 2.531323140820198e-06, "none": 6.767652540737075e-10}, "12": {"type-based": 9.647915567451079e-17, "geo-based": 0.9999967407555467, "mixed": 3.259217277774115e-06, "none": 2.7175476649940396e-11}, "13": {"type-based": 4.6104994644952285e-18, "geo-based": 0.9999956403019838, "mixed": 4.359697046780366e-06, "none": 9.69437362602651e-13}, "14": {"type-based": 2.225938963618632e-19, "geo-based": 0.9999939773939349, "mixed": 6.022606031144127e-06, "none": 3.4002318341095964e-14}, "15": {"type-based": 5.002600512682381e-21, "geo-based": 0.9999957518889931, "mixed": 4.248111005719251e-06, "none": 1.0872290126021262e-15}, "16": {"type-based": 2.5921604239304427e-23, "geo-based": 0.9999992679255881, "mixed": 7.320744118943273e-07, "none": 3.298602976144137e-17}, "17": {"type-based": 2.6494676186323915e-25, "geo-based": 0.9999997543275416, "mixed": 2.4567245845745134e-07, "none": 1.0105169193397608e-18}, "18": {"type-based": 9.620214248485758e-27, "geo-based": 0.9999996801199906, "mixed": 3.198800094436205e-07, "none": 2.81288314372034e-20}, "19": {"type-based": 3.345529421330299e-28, "geo-based": 0.9999995753897697, "mixed": 4.2461023036414256e-07, "none": 7.325004626519977e-22}, "20": {"type-based": 1.142196235635574e-29, "geo-based": 0.999999427728566, "mixed": 5.722714339486107e-07, "none": 1.8370403426526836e-23}, "21": {"type-based": 1.004909978957531e-31, "geo-based": 0.9999997876263316, "mixed": 2.123736684112352e-07, "none": 4.283120203036413e-25}, "22": {"type-based": 3.225245753500672e-33, "geo-based": 0.9999997192342134, "mixed": 2.807657866211416e-07, "none": 1.0108045136503807e-26}, "23": {"type-based": 1.021504873644484e-34, "geo-based": 0.9999996266081721, "mixed": 3.733918278666449e-07, "none": 2.3196513168750483e-28}, "24": {"type-based": 3.5031088588289273e-36, "geo-based": 0.9999995011915429, "mixed": 4.988084570032624e-07, "none": 5.6915357540710454e-30}, "25": {"type-based": 3.5210501010886494e-38, "geo-based": 0.999999761940082, "mixed": 2.3805991801122866e-07, "none": 1.1334102502579529e-31}, "26": {"type-based": 3.927307017318439e-40, "geo-based": 0.9999998667847916, "mixed": 1.3321520835692264e-07, "none": 2.1228109528983057e-33}, "27": {"type-based": 1.0345819236999702e-41, "geo-based": 0.9999998293258181, "mixed": 1.7067418192472784e-07, "none": 4.092182847384149e-35}, "28": {"type-based": 2.701961712806423e-43, "geo-based": 0.9999997799326339, "mixed": 2.2006736607871095e-07, "none": 7.7313037270046e-37}, "29": {"type-based": 6.909330066417322e-45, "geo-based": 0.9999997146682097, "mixed": 2.853317902194033e-07, "none": 1.4157247086789972e-38}, "30": {"type-based": 1.680943223601084e-46, "geo-based": 0.9999996285251299, "mixed": 3.714748701626507e-07, "none": 2.444178020641335e-40}, "31": {"type-based": 4.056740484944198e-48, "geo-based": 0.9999995145997607, "mixed": 4.854002393214187e-07, "none": 4.152104624655298e-42}, "32": {"type-based": 9.715389659916099e-50, "geo-based": 0.9999993636551047, "mixed": 6.363448953162758e-07, "none": 6.948380109732418e-44}, "33": {"type-based": 2.4709475124998322e-51, "geo-based": 0.999999163295239, "mixed": 8.367047611409162e-07, "none": 1.2266989903434501e-45}, "34": {"type-based": 6.096658800003068e-53, "geo-based": 0.9999988960549805, "mixed": 1.1039450195420882e-06, "none": 2.0883062550925198e-47}}