{"0": {"type-based": 0.25, "geo-based": 0.25, "mixed": 0.25, "none": 0.25}, "1": {"type-based": 0.25, "geo-based": 0.25, "mixed": 0.25, "none": 0.25}, "2": {"type-based": 0.25, "geo-based": 0.25, "mixed": 0.25, "none": 0.25}, "3": {"type-based": 0.0011879516672685798, "geo-based": 0.7949387984554632, "mixed": 0.0054037296835915336, "none": 0.1984695201936765}, "4": {"type-based": 0.00035571015202856397, "geo-based": 0.945612995062356, "mixed": 0.00811412632443356, "none": 0.04591716846118197}, "5": {"type-based": 7.489826013555176e-05, "geo-based": 0.9816030677958307, "mixed": 0.011655296366034084, "none": 0.006666737577999503}, "6": {"type-based": 1.2328182237812586e-05, "geo-based": 0.9825611236589142, "mixed": 0.016700302370314904, "none": 0.0007262457885330793}, "7": {"type-based": 4.022318043693678e-10, "geo-based": 0.9999323680241321, "mixed": 6.201881775060376e-06, "none": 6.142969186074773e-05}, "8": {"type-based": 4.0899530257377243e-11, "geo-based": 0.9999870384721448, "mixed": 8.650889640128245e-06, "none": 4.310597315706697e-06}, "9": {"type-based": 7.521685803553247e-13, "geo-based": 0.999997253772756, "mixed": 2.479537490349432e-06, "none": 2.6668900178688513e-07}, "10": {"type-based": 2.2986168369520062e-14, "geo-based": 0.9999986148362383, "mixed": 1.370761327584392e-06, "none": 1.4402411113057712e-08}, "11": {"type-based": 1.484774595259588e-15, "geo-based": 0.9999981727275105, "mixed": 1.8265833117637892e-06, "none": 6.891761251303139e-10}, "12": {"type-based": 8.330357330394156e-17, "geo-based": 0.9999974930106483, "mixed": 2.5069615739256183e-06, "none": 2.7777779965576308e-11}, "13": {"type-based": 4.259474363679823e-18, "geo-based": 0.9999964674363481, "mixed": 3.5325626543616116e-06, "none": 9.976312860017624e-13}, "14": {"type-based": 2.0893115762078633e-19, "geo-based": 0.9999949012076215, "mixed": 5.0987923449373025e-06, "none": 3.3784043729156744e-14}, "15": {"type-based": 3.2740270424874528e-21, "geo-based": 0.9999975000374367, "mixed": 2.4999625622044324e-06, "none": 1.0814260272534283e-15}, "16": {"type-based": 1.4275987037444424e-22, "geo-based": 0.9999964022081401, "mixed": 3.5977918600183156e-06, "none": 3.2997989646197195e-17}, "17": {"type-based": 5.949651210375085e-24, "geo-based": 0.9999947470771761, "mixed": 5.252922823985752e-06, "none": 9.495167743209541e-19}, "18": {"type-based": 2.1281658127752523e-26, "geo-based": 0.9999992933629438, "mixed": 7.066370561490145e-07, "none": 2.5486466083499576e-20}, "19": {"type-based": 1.5261793140563237e-28, "geo-based": 0.9999998139232631, "mixed": 1.8607673698544163e-07, "none": 6.985570300370678e-22}, "20": {"type-based": 5.419616719170438e-30, "geo-based": 0.9999997373083813, "mixed": 2.6269161883219655e-07, "none": 1.7552785122372045e-23}, "21": {"type-based": 1.8546328379889326e-31, "geo-based": 0.9999996259647148, "mixed": 3.740352852733373e-07, "none": 4.199601496888822e-25}, "22": {"type-based": 8.599000648944008e-33, "geo-based": 0.9999994635599605, "mixed": 5.364400394333322e-07, "none": 1.347454878955557e-26}, "23": {"type-based": 5.876744567909853e-34, "geo-based": 0.9999992354109644, "mixed": 7.645890357617522e-07, "none": 6.31629610044041e-28}, "24": {"type-based": 2.690522356172042e-35, "geo-based": 0.9999989261969131, "mixed": 1.0738030868157331e-06, "none": 1.9681185483031384e-29}, "25": {"type-based": 1.476019540653966e-37, "geo-based": 0.9999997204706537, "mixed": 2.7952934641268787e-07, "none": 3.8914020355371816e-31}, "26": {"type-based": 1.0450602103404203e-39, "geo-based": 0.9999999049096703, "mixed": 9.509032967978248e-08, "none": 7.542101378259835e-33}, "27": {"type-based": 7.22230829827622e-42, "geo-based": 0.9999999682705535, "mixed": 3.172944643980455e-08, "none": 1.4445650296765241e-34}, "28": {"type-based": 6.303344725713375e-44, "geo-based": 0.9999999870256833, "mixed": 1.2974316745993941e-08, "none": 2.837975890899776e-36}, "29": {"type-based": 1.969894632239584e-45, "geo-based": 0.999999983287348, "mixed": 1.6712652042869076e-08, "none": 6.333216354975731e-38}, "30": {"type-based": 6.041180270890299e-47, "geo-based": 0.9999999783590161, "mixed": 2.1640983894622047e-08, "none": 1.3745991813269639e-39}, "31": {"type-based": 1.72537333861453e-48, "geo-based": 0.9999999718459335, "mixed": 2.8154066474294007e-08, "none": 2.7563886454207853e-41}, "32": {"type-based": 5.684521670176036e-50, "geo-based": 0.9999999632187218, "mixed": 3.678127814898312e-08, "none": 6.330325782527136e-43}, "33": {"type-based": 2.6571911770705276e-51, "geo-based": 0.9999999516327548, "mixed": 4.8367245199682956e-08, "none": 2.0492493305439878e-44}}