{"0": {"type-based": 0.25, "geo-based": 0.25, "mixed": 0.25, "none": 0.25}, "1": {"type-based": 0.25, "geo-based": 0.25, "mixed": 0.25, "none": 0.25}, "2": {"type-based": 0.25, "geo-based": 0.25, "mixed": 0.25, "none": 0.25}, "3": {"type-based": 0.0006470510815192721, "geo-based": 0.798516527231, "mixed": 0.002857031547036169, "none": 0.19797939014044452}, "4": {"type-based": 4.1947036201647275e-07, "geo-based": 0.9569018471015349, "mixed": 1.192603406165682e-05, "none": 0.04308580739404131}, "5": {"type-based": 7.731995370339582e-08, "geo-based": 0.992512440115156, "mixed": 1.3241135060998554e-05, "none": 0.0074742414298292975}, "6": {"type-based": 1.152611101612137e-08, "geo-based": 0.9991209732004743, "mixed": 1.6835841582481936e-05, "none": 0.000862179431831973}, "7": {"type-based": 1.5313338063537409e-09, "geo-based": 0.9998950007086341, "mixed": 2.275094091174335e-05, "none": 8.224681912017245e-05}, "8": {"type-based": 4.566209365346378e-11, "geo-based": 0.9999852599873321, "mixed": 7.975139312456667e-06, "none": 6.764827693384379e-06}, "9": {"type-based": 2.153197345234401e-12, "geo-based": 0.9999941799388534, "mixed": 5.353003060198191e-06, "none": 4.6705593325878987e-07}, "10": {"type-based": 1.701864230147323e-13, "geo-based": 0.9999930806324848, "mixed": 6.89077979537874e-06, "none": 2.8587549675542405e-08}, "11": {"type-based": 1.268768698557233e-14, "geo-based": 0.9999907616381926, "mixed": 9.23678296413385e-06, "none": 1.578830666800023e-09}, "12": {"type-based": 8.733649570010525e-16, "geo-based": 0.9999872599769354, "mixed": 1.2739944988440117e-05, "none": 7.807519303633488e-11}, "13": {"type-based": 2.387631742394106e-17, "geo-based": 0.9999922967124072, "mixed": 7.703284095210738e-06, "none": 3.497509313266242e-12}, "14": {"type-based": 7.595672058004557e-19, "geo-based": 0.9999939526369522, "mixed": 6.047362906413427e-06, "none": 1.4144016930337353e-13}, "15": {"type-based": 3.715065933710713e-20, "geo-based": 0.9999919144900639, "mixed": 8.085509931114764e-06, "none": 5.192329711501137e-15}, "16": {"type-based": 2.221815116346423e-22, "geo-based": 0.9999986143393254, "mixed": 1.3856606743100697e-06, "none": 1.8182207706023934e-16}, "17": {"type-based": 2.5808553930940172e-24, "geo-based": 0.9999995359214979, "mixed": 4.6407850198275105e-07, "none": 6.3302253609636656e-18}, "18": {"type-based": 1.0472344688259764e-25, "geo-based": 0.9999993951004327, "mixed": 6.048995673670891e-07, "none": 1.9691617954359938e-19}, "19": {"type-based": 4.016254539096885e-27, "geo-based": 0.9999991962905233, "mixed": 8.037094767487603e-07, "none": 5.65502860240363e-21}, "20": {"type-based": 1.5716767348054138e-28, "geo-based": 0.9999989153987847, "mixed": 1.0846012152837605e-06, "none": 1.6255926254152276e-22}, "21": {"type-based": 1.6463266866594897e-30, "geo-based": 0.9999995968455777, "mixed": 4.031544223500071e-07, "none": 4.512525287419895e-24}, "22": {"type-based": 3.240812573351226e-32, "geo-based": 0.9999997567975264, "mixed": 2.432024735297015e-07, "none": 1.4368257823696864e-25}, "23": {"type-based": 5.887057972070047e-34, "geo-based": 0.9999998291351772, "mixed": 1.7086482279686835e-07, "none": 3.59160684329998e-27}, "24": {"type-based": 1.7360676744484547e-35, "geo-based": 0.9999997853723505, "mixed": 2.146276496084381e-07, "none": 8.112752243163123e-29}, "25": {"type-based": 4.964598083166561e-37, "geo-based": 0.9999997275341405, "mixed": 2.724658594983567e-07, "none": 1.7461823187407644e-30}, "26": {"type-based": 1.4222838727565027e-38, "geo-based": 0.9999996511040472, "mixed": 3.4889595285610344e-07, "none": 3.7089676829687014e-32}, "27": {"type-based": 3.977581270134141e-40, "geo-based": 0.9999995500971405, "mixed": 4.499028593996698e-07, "none": 7.590309832774527e-34}, "28": {"type-based": 1.1535826776237784e-41, "geo-based": 0.9999994164118302, "mixed": 5.83588169873259e-07, "none": 1.5924747968797518e-35}}