{"0": {"type-based": 0.25, "geo-based": 0.25, "mixed": 0.25, "none": 0.25}, "1": {"type-based": 0.25, "geo-based": 0.25, "mixed": 0.25, "none": 0.25}, "2": {"type-based": 0.25, "geo-based": 0.25, "mixed": 0.25, "none": 0.25}, "3": {"type-based": 0.0006860766504975618, "geo-based": 0.7650204723329932, "mixed": 0.002219144726137978, "none": 0.23207430629037146}, "4": {"type-based": 0.0002012451722752184, "geo-based": 0.9326796969678202, "mixed": 0.0028795309106806896, "none": 0.0642395269492238}, "5": {"type-based": 5.09416381512544e-05, "geo-based": 0.9833627697718771, "mixed": 0.003982320262840604, "none": 0.012603968327131237}, "6": {"type-based": 1.1800746413504107e-05, "geo-based": 0.9921946532909984, "mixed": 0.0056946327598903414, "none": 0.0020989132026977227}, "7": {"type-based": 5.852388158983086e-10, "geo-based": 0.9997102213757064, "mixed": 2.0999455814446327e-06, "none": 0.0002876780934734606}, "8": {"type-based": 2.4773273312523526e-14, "geo-based": 0.9999659825343975, "mixed": 7.490289525094231e-10, "none": 3.4016716548645134e-05}, "9": {"type-based": 3.127839117730262e-15, "geo-based": 0.9999968540121383, "mixed": 1.0209491113376487e-09, "none": 3.1449669094062612e-06}, "10": {"type-based": 4.2441374293433133e-16, "geo-based": 0.9999996968075919, "mixed": 1.4543792390665511e-09, "none": 3.0173802839318237e-07}, "11": {"type-based": 5.582194136071784e-17, "geo-based": 0.9999999704409279, "mixed": 2.1634690445255846e-09, "none": 2.739560293251489e-08}, "12": {"type-based": 7.919190202991997e-18, "geo-based": 0.999999994037186, "mixed": 3.3265890818174405e-09, "none": 2.636225038018968e-09}, "13": {"type-based": 1.2053373264639102e-18, "geo-based": 0.9999999945051079, "mixed": 5.226332953788065e-09, "none": 2.685591166247264e-10}, "14": {"type-based": 1.5126863632648064e-19, "geo-based": 0.9999999916277925, "mixed": 8.349884642045038e-09, "none": 2.2322733817928198e-11}, "15": {"type-based": 2.145617852032095e-20, "geo-based": 0.9999999864145706, "mixed": 1.3583350050936681e-08, "none": 2.079376948035474e-12}, "16": {"type-based": 2.661082308307271e-22, "geo-based": 0.9999999979688419, "mixed": 2.030973335450247e-09, "none": 1.8483374121651817e-13}, "17": {"type-based": 3.407406007541998e-23, "geo-based": 0.99999999672334, "mixed": 3.2766444465434688e-09, "none": 1.5498395274548418e-14}, "18": {"type-based": 7.74499334982931e-25, "geo-based": 0.9999999991112756, "mixed": 8.887230610497268e-10, "none": 1.3750108088569477e-15}, "19": {"type-based": 8.720005527291365e-26, "geo-based": 0.9999999985830754, "mixed": 1.4169245702911688e-09, "none": 1.0292732273852514e-16}, "20": {"type-based": 2.1370706662973025e-27, "geo-based": 0.9999999994741611, "mixed": 5.258390140247572e-10, "none": 7.216441168916901e-18}, "21": {"type-based": 1.74129146676299e-29, "geo-based": 0.9999999999361291, "mixed": 6.38708948002709e-11, "none": 5.142159099557699e-19}, "22": {"type-based": 1.8337057541848278e-30, "geo-based": 0.9999999999007188, "mixed": 9.928115791046878e-11, "none": 3.7029064085393757e-20}, "23": {"type-based": 1.7331579967439894e-35, "geo-based": 0.9999999999999889, "mixed": 1.1112560960278677e-14, "none": 3.3236965549881327e-21}, "24": {"type-based": 1.296958676913043e-40, "geo-based": 1.0, "mixed": 1.2394340378295758e-18, "none": 2.3682443879042435e-22}, "25": {"type-based": 3.291863741710968e-42, "geo-based": 1.0, "mixed": 5.51695988874486e-19, "none": 1.4341290325449806e-23}, "26": {"type-based": 2.5956314590325374e-43, "geo-based": 1.0, "mixed": 8.440900257117406e-19, "none": 7.846029222603938e-25}, "27": {"type-based": 2.0055935234052785e-44, "geo-based": 1.0, "mixed": 1.299424869316653e-18, "none": 4.1710411640062134e-26}, "28": {"type-based": 1.4383457013711426e-45, "geo-based": 1.0, "mixed": 2.0105792022487892e-18, "none": 2.04280199806723e-27}, "29": {"type-based": 7.741903158299145e-47, "geo-based": 1.0, "mixed": 3.1233187345802494e-18, "none": 7.459318765309251e-29}, "30": {"type-based": 3.67690833669447e-48, "geo-based": 1.0, "mixed": 4.861518847057696e-18, "none": 2.3892017526416816e-30}, "31": {"type-based": 1.6558307684502881e-49, "geo-based": 1.0, "mixed": 7.574103328919076e-18, "none": 7.217590619749209e-32}, "32": {"type-based": 1.831684944067449e-51, "geo-based": 1.0, "mixed": 2.9533864090900654e-18, "none": 2.131751271586531e-33}, "33": {"type-based": 8.724538637441044e-53, "geo-based": 1.0, "mixed": 4.538848632704726e-18, "none": 6.864252185160676e-35}, "34": {"type-based": 4.506361276226961e-54, "geo-based": 1.0, "mixed": 6.993439111208294e-18, "none": 2.385092547139377e-36}, "35": {"type-based": 2.5906320690796585e-55, "geo-based": 1.0, "mixed": 1.0808524957311913e-17, "none": 9.182521563167456e-38}, "36": {"type-based": 1.5838784645421288e-57, "geo-based": 1.0, "mixed": 1.4588370563761371e-18, "none": 4.303930112949816e-39}, "37": {"type-based": 1.4015390099191042e-58, "geo-based": 1.0, "mixed": 2.2543899678466855e-18, "none": 2.562588594269168e-40}, "38": {"type-based": 1.2227652354059915e-59, "geo-based": 1.0, "mixed": 3.503226971091653e-18, "none": 1.4981481263188216e-41}, "39": {"type-based": 1.0522626441263621e-60, "geo-based": 1.0, "mixed": 5.4719880347589575e-18, "none": 8.606335198894666e-43}, "40": {"type-based": 8.464199804154775e-62, "geo-based": 1.0, "mixed": 8.588137066669765e-18, "none": 4.60498926059217e-44}, "41": {"type-based": 2.815122165660895e-67, "geo-based": 1.0, "mixed": 5.013510111919902e-22, "none": 2.7418479480342327e-45}, "42": {"type-based": 1.9638098144965125e-69, "geo-based": 1.0, "mixed": 5.85894117550437e-23, "none": 1.7114492718155478e-46}, "43": {"type-based": 1.8506187711388723e-70, "geo-based": 1.0, "mixed": 9.165052787168033e-23, "none": 1.071242474068408e-47}, "44": {"type-based": 1.508681629309427e-72, "geo-based": 1.0, "mixed": 1.5442683429025073e-23, "none": 5.395467715746365e-49}, "45": {"type-based": 5.895122500801497e-74, "geo-based": 1.0, "mixed": 2.419759538013575e-23, "none": 1.4062398000819873e-50}, "46": {"type-based": 4.3352648114238407e-76, "geo-based": 1.0, "mixed": 7.852115118936463e-24, "none": 3.3230937925259524e-52}}