{"0": {"type-based": 0.25, "geo-based": 0.25, "mixed": 0.25, "none": 0.25}, "1": {"type-based": 0.25, "geo-based": 0.25, "mixed": 0.25, "none": 0.25}, "2": {"type-based": 0.25, "geo-based": 0.25, "mixed": 0.25, "none": 0.25}, "3": {"type-based": 0.13278401223414124, "geo-based": 0.334604063086006, "mixed": 0.4296761684289848, "none": 0.10293575625086776}, "4": {"type-based": 8.857543320180669e-05, "geo-based": 0.9337781379053502, "mixed": 0.0012712955470176636, "none": 0.06486199111443032}, "5": {"type-based": 1.6872038682186818e-05, "geo-based": 0.9865871998437928, "mixed": 0.0013698469891129763, "none": 0.012026081128412098}, "6": {"type-based": 3.3870325562452566e-06, "geo-based": 0.9963477255797596, "mixed": 0.001741762871803222, "none": 0.0019071245158808823}, "7": {"type-based": 6.466281558651686e-07, "geo-based": 0.9973527422794725, "mixed": 0.00238126745411088, "none": 0.0002653436382608593}, "8": {"type-based": 2.6451800907609117e-11, "geo-based": 0.9999688231515229, "mixed": 8.55743709259336e-07, "none": 3.0321078316111422e-05}, "9": {"type-based": 9.946535708588409e-13, "geo-based": 0.9999963699119888, "mixed": 2.9307021524246647e-07, "none": 3.3370168013235592e-06}, "10": {"type-based": 1.1428437840759729e-13, "geo-based": 0.9999993231237164, "mixed": 3.8305001688589115e-07, "none": 2.9382615240294966e-07}, "11": {"type-based": 1.3430220518672496e-14, "geo-based": 0.9999994476485796, "mixed": 5.269951105630873e-07, "none": 2.5356296532220984e-08}, "12": {"type-based": 1.5692985224395464e-15, "geo-based": 0.9999992373652814, "mixed": 7.605221659310035e-07, "none": 2.1125511801659705e-09}, "13": {"type-based": 2.022826984971767e-16, "geo-based": 0.9999988610032055, "mixed": 1.1388067829336093e-06, "none": 1.9001124420734264e-10}, "14": {"type-based": 2.780330983180791e-17, "geo-based": 0.9999982520478645, "mixed": 1.7479342102110785e-06, "none": 1.7925248231172844e-11}, "15": {"type-based": 4.015909934838345e-18, "geo-based": 0.9999972654109626, "mixed": 2.734587283325908e-06, "none": 1.7540431996095107e-12}, "16": {"type-based": 5.999552441633902e-19, "geo-based": 0.999995656974432, "mixed": 4.3430253921926e-06, "none": 1.7566312122170184e-13}, "17": {"type-based": 6.741423312852723e-20, "geo-based": 0.9999930185734492, "mixed": 6.981426537655973e-06, "none": 1.3116963075403277e-14}, "18": {"type-based": 7.95536822147209e-21, "geo-based": 0.9999886097043952, "mixed": 1.1390295603757897e-05, "none": 1.0211321058038634e-15}, "19": {"type-based": 1.0016489066076218e-21, "geo-based": 0.9999812118111003, "mixed": 1.8788188899609974e-05, "none": 8.428843538388415e-17}, "20": {"type-based": 1.6852675937240326e-22, "geo-based": 0.9999687316149489, "mixed": 3.1268385051018013e-05, "none": 9.247333222087206e-18}, "21": {"type-based": 1.7377196720523335e-24, "geo-based": 0.9999965110999085, "mixed": 3.4889000915001134e-06, "none": 9.274151497700783e-19}, "22": {"type-based": 2.337376099374028e-25, "geo-based": 0.999994259307314, "mixed": 5.740692686097611e-06, "none": 8.120968714250928e-20}, "23": {"type-based": 3.992739296332177e-27, "geo-based": 0.999998813095201, "mixed": 1.186904799042036e-06, "none": 7.19067158086332e-21}, "24": {"type-based": 4.25370292462772e-28, "geo-based": 0.999998068028584, "mixed": 1.931971415907224e-06, "none": 5.0464844557412585e-22}, "25": {"type-based": 4.8194664948338645e-30, "geo-based": 0.9999996279303712, "mixed": 3.7206962880735617e-07, "none": 3.1851855528820036e-23}, "26": {"type-based": 4.642843333184882e-31, "geo-based": 0.9999993985499169, "mixed": 6.014500830386925e-07, "none": 2.036507715286998e-24}, "27": {"type-based": 3.064256378339468e-36, "geo-based": 0.9999999999457427, "mixed": 5.425720694961438e-11, "none": 1.598088274569046e-25}, "28": {"type-based": 1.622808165195557e-41, "geo-based": 0.9999999999999951, "mixed": 4.878614281893876e-15, "none": 1.0084001441533308e-26}, "29": {"type-based": 2.2320038730839217e-43, "geo-based": 0.9999999999999987, "mixed": 1.3132105907124122e-15, "none": 5.517748571909247e-28}, "30": {"type-based": 8.65328968264475e-49, "geo-based": 1.0, "mixed": 1.1604655710507704e-19, "none": 2.59004136831953e-29}, "31": {"type-based": 6.53319131584617e-50, "geo-based": 1.0, "mixed": 1.8387327537341435e-19, "none": 1.3155416836276097e-30}, "32": {"type-based": 4.821869014623845e-51, "geo-based": 1.0, "mixed": 2.9214545986221524e-19, "none": 6.498106504861862e-32}, "33": {"type-based": 3.302432462567246e-52, "geo-based": 1.0, "mixed": 4.651891159146323e-19, "none": 2.964503518342938e-33}, "34": {"type-based": 1.6926757301839536e-53, "geo-based": 1.0, "mixed": 7.418226753952226e-19, "none": 1.0078114754927711e-34}, "35": {"type-based": 7.69356159010818e-55, "geo-based": 1.0, "mixed": 1.1828520276756002e-18, "none": 3.02637986260916e-36}, "36": {"type-based": 3.292303579204318e-56, "geo-based": 1.0, "mixed": 1.884471186098091e-18, "none": 8.525719968077521e-38}, "37": {"type-based": 2.2989629948236826e-58, "geo-based": 1.0, "mixed": 5.00167897036018e-19, "none": 2.3433035402853538e-39}, "38": {"type-based": 1.0429628116779432e-59, "geo-based": 1.0, "mixed": 7.86058271857031e-19, "none": 7.050106025343356e-41}, "39": {"type-based": 5.2420038430685985e-61, "geo-based": 1.0, "mixed": 1.2368602314539126e-18, "none": 2.3418737014366473e-42}, "40": {"type-based": 3.6439920278291533e-63, "geo-based": 1.0, "mixed": 2.250983435869543e-19, "none": 9.292361499754303e-44}, "41": {"type-based": 4.2035092178614215e-65, "geo-based": 1.0, "mixed": 5.436990253243047e-20, "none": 4.6257661581601696e-45}, "42": {"type-based": 6.060299936774992e-67, "geo-based": 1.0, "mixed": 1.63643047660568e-20, "none": 2.320686098545196e-46}, "43": {"type-based": 2.118567321437462e-68, "geo-based": 1.0, "mixed": 2.5528840519128847e-20, "none": 5.4723167875939105e-48}, "44": {"type-based": 8.799363301896933e-70, "geo-based": 1.0, "mixed": 3.9867342740339e-20, "none": 1.5274184101498562e-49}}