{"0": {"type-based": 0.25, "geo-based": 0.25, "mixed": 0.25, "none": 0.25}, "1": {"type-based": 0.25, "geo-based": 0.25, "mixed": 0.25, "none": 0.25}, "2": {"type-based": 0.25, "geo-based": 0.25, "mixed": 0.25, "none": 0.25}, "3": {"type-based": 0.14408284534286786, "geo-based": 0.32286712395080236, "mixed": 0.4213552837363966, "none": 0.1116947469699332}, "4": {"type-based": 0.04853016848435761, "geo-based": 0.31516219723269556, "mixed": 0.6103179520646419, "none": 0.025989682218304958}, "5": {"type-based": 0.010497087293857496, "geo-based": 0.24424112553240918, "mixed": 0.7415364897236263, "none": 0.0037252974501070465}, "6": {"type-based": 0.0017153750883198001, "geo-based": 0.17008842438950406, "mixed": 0.827801353244094, "none": 0.0003948472780821498}, "7": {"type-based": 0.00023047426654836, "geo-based": 0.11220362856450651, "mixed": 0.887531936444947, "none": 3.3960723998032404e-05}, "8": {"type-based": 2.7237269708926522e-05, "geo-based": 0.07149180231788989, "mixed": 0.9284784137893395, "none": 2.5466230618654902e-06}, "9": {"type-based": 2.9987343614727174e-06, "geo-based": 0.044311843676143915, "mixed": 0.9556849808134976, "none": 1.7677599710235402e-07}, "10": {"type-based": 1.4442842346837373e-09, "geo-based": 0.9954980782897952, "mixed": 0.004501492818236404, "none": 4.274476841210511e-07}, "11": {"type-based": 2.340571790456308e-10, "geo-based": 0.9926274877315384, "mixed": 0.007372467387663919, "none": 4.464674051877743e-08}, "12": {"type-based": 4.263186649031133e-12, "geo-based": 0.9986337153747943, "mixed": 0.001366279938960566, "none": 4.68198196489944e-09}, "13": {"type-based": 6.558405556356836e-13, "geo-based": 0.9977774155644011, "mixed": 0.0022225839628592817, "none": 4.720838047893715e-10}, "14": {"type-based": 9.695681070552206e-18, "geo-based": 0.9999996342577081, "mixed": 3.6569688699419315e-07, "none": 4.5405084521242287e-11}, "15": {"type-based": 1.3395060531233844e-18, "geo-based": 0.9999994115035341, "mixed": 5.884923664441985e-07, "none": 4.099328554470362e-12}, "16": {"type-based": 1.6252710105035358e-23, "geo-based": 0.9999999999128397, "mixed": 8.680503022791534e-11, "none": 3.552309897070447e-13}, "17": {"type-based": 2.1300971468270952e-24, "geo-based": 0.9999999998592528, "mixed": 1.407168978069416e-10, "none": 3.023605486815113e-14}, "18": {"type-based": 2.599421551842391e-25, "geo-based": 0.9999999997707096, "mixed": 2.2928793092882353e-10, "none": 2.3830631484379914e-15}, "19": {"type-based": 2.97067761166553e-26, "geo-based": 0.9999999996246853, "mixed": 3.7531446748166375e-10, "none": 1.7506520189058849e-16}, "20": {"type-based": 3.149810132303623e-27, "geo-based": 0.9999999993832218, "mixed": 6.167782363153475e-10, "none": 1.1883689179181134e-17}, "21": {"type-based": 2.2080722925305825e-29, "geo-based": 0.9999999999321232, "mixed": 6.787691612710433e-11, "none": 7.9644408085639625e-19}, "22": {"type-based": 1.538303492336499e-34, "geo-based": 0.9999999999999927, "mixed": 7.338803298711171e-15, "none": 5.4035507953481627e-20}, "23": {"type-based": 1.0338918667996117e-36, "geo-based": 0.9999999999999991, "mixed": 7.935538713800295e-16, "none": 3.541982808346182e-21}, "24": {"type-based": 1.3410814669861816e-38, "geo-based": 0.9999999999999998, "mixed": 1.7138218544594086e-16, "none": 2.247076906902035e-22}, "25": {"type-based": 1.6852200393070252e-40, "geo-based": 1.0, "mixed": 3.6981609806208786e-17, "none": 1.3844540430768832e-23}, "26": {"type-based": 1.797046218916796e-41, "geo-based": 1.0, "mixed": 5.902876421968552e-17, "none": 9.789511143055484e-25}, "27": {"type-based": 3.263303604684153e-43, "geo-based": 1.0, "mixed": 1.7802283854078338e-17, "none": 6.251601503878732e-26}, "28": {"type-based": 3.7972293195460774e-45, "geo-based": 1.0, "mixed": 3.5366457133374265e-18, "none": 3.886210059376243e-27}, "29": {"type-based": 2.1139370196827618e-50, "geo-based": 1.0, "mixed": 3.4588111327510103e-22, "none": 2.349209155720729e-28}, "30": {"type-based": 1.8425947849680212e-51, "geo-based": 1.0, "mixed": 5.396204072632485e-22, "none": 1.3927908159726655e-29}, "31": {"type-based": 1.6792321562433765e-52, "geo-based": 1.0, "mixed": 8.471205891678587e-22, "none": 8.578504918679656e-31}, "32": {"type-based": 8.445890494404472e-55, "geo-based": 1.0, "mixed": 7.42624818189724e-23, "none": 5.21394040779369e-32}, "33": {"type-based": 1.1381713489892687e-56, "geo-based": 1.0, "mixed": 1.9314462166491677e-23, "none": 2.8391094090445065e-33}, "34": {"type-based": 9.156848455722873e-58, "geo-based": 1.0, "mixed": 2.969756495908198e-23, "none": 1.560061263573709e-34}, "35": {"type-based": 7.711180210455602e-59, "geo-based": 1.0, "mixed": 4.589242171904171e-23, "none": 8.920005499262779e-36}, "36": {"type-based": 6.775692899461604e-60, "geo-based": 1.0, "mixed": 7.13519894968505e-23, "none": 5.2931994481247396e-37}, "37": {"type-based": 5.592778274241919e-61, "geo-based": 1.0, "mixed": 1.112733552551923e-22, "none": 2.9362632027594996e-38}, "38": {"type-based": 4.382349983503429e-62, "geo-based": 1.0, "mixed": 1.7398228043579712e-22, "none": 1.539371071981061e-39}, "39": {"type-based": 3.2685457199681926e-63, "geo-based": 1.0, "mixed": 2.7265390479161505e-22, "none": 7.650439146878862e-41}, "40": {"type-based": 2.4098981872108628e-64, "geo-based": 1.0, "mixed": 4.281156330084867e-22, "none": 3.744502083898814e-42}, "41": {"type-based": 1.8593623488639186e-65, "geo-based": 1.0, "mixed": 6.738964524224383e-22, "none": 1.9112440807101426e-43}, "42": {"type-based": 1.6448997994406625e-66, "geo-based": 1.0, "mixed": 1.0625668818056645e-21, "none": 1.1149431329716157e-44}, "43": {"type-based": 2.2405959953128805e-68, "geo-based": 1.0, "mixed": 2.479283027524186e-22, "none": 6.7383418858386545e-46}, "44": {"type-based": 2.146466817031234e-69, "geo-based": 1.0, "mixed": 3.8494466400826886e-22, "none": 4.276626913269805e-47}, "45": {"type-based": 2.1489182722855715e-70, "geo-based": 1.0, "mixed": 5.954463549666107e-22, "none": 2.82792783097453e-48}, "46": {"type-based": 1.5285123723635948e-72, "geo-based": 1.0, "mixed": 6.322970622416714e-23, "none": 1.9201061219349606e-49}, "47": {"type-based": 1.487408638670259e-73, "geo-based": 1.0, "mixed": 9.627965286133697e-23, "none": 1.2325482836106432e-50}, "48": {"type-based": 1.5319669075256992e-74, "geo-based": 1.0, "mixed": 1.459493844458747e-22, "none": 8.351589850188927e-52}, "49": {"type-based": 1.8850024427869382e-76, "geo-based": 1.0, "mixed": 2.8339356037783407e-23, "none": 5.225001663527115e-53}}