{"0": {"type-based": 0.25, "geo-based": 0.25, "mixed": 0.25, "none": 0.25}, "1": {"type-based": 0.25, "geo-based": 0.25, "mixed": 0.25, "none": 0.25}, "2": {"type-based": 0.25, "geo-based": 0.25, "mixed": 0.25, "none": 0.25}, "3": {"type-based": 0.00030827985914682503, "geo-based": 0.8020807527970001, "mixed": 0.0012107832298617325, "none": 0.19640018411399138}, "4": {"type-based": 9.116503373391582e-05, "geo-based": 0.9532245336203119, "mixed": 0.0018088503716046304, "none": 0.04487545097434968}, "5": {"type-based": 2.007376397079815e-05, "geo-based": 0.9905654128988387, "mixed": 0.002600983928315446, "none": 0.0068135294088750445}, "6": {"type-based": 1.2605361209011888e-09, "geo-based": 0.9991489621176912, "mixed": 1.254554430705753e-06, "none": 0.0008497820673419534}, "7": {"type-based": 5.4767146396629965e-11, "geo-based": 0.9999199586086654, "mixed": 5.648465966738207e-07, "none": 7.947648997083613e-05}, "8": {"type-based": 5.700485551680792e-12, "geo-based": 0.9999928759425554, "mixed": 7.195083212955554e-07, "none": 6.404543422903227e-06}, "9": {"type-based": 5.374210472664332e-13, "geo-based": 0.9999985945491232, "mixed": 9.633165845315256e-07, "none": 4.421337548586506e-07}, "10": {"type-based": 4.37814966711298e-14, "geo-based": 0.9999986422651375, "mixed": 1.3322666019322714e-06, "none": 2.5468217019303556e-08}, "11": {"type-based": 1.075507020355033e-15, "geo-based": 0.9999993694467569, "mixed": 6.292580532131867e-07, "none": 1.2951886878605357e-09}, "12": {"type-based": 3.395289482838643e-17, "geo-based": 0.9999995676683799, "mixed": 4.3227288230458486e-07, "none": 5.873790321805614e-11}, "13": {"type-based": 1.2478755548124297e-18, "geo-based": 0.9999996161273982, "mixed": 3.838701845650299e-07, "none": 2.417108164777206e-12}, "14": {"type-based": 5.0208708230342046e-20, "geo-based": 0.9999995868900259, "mixed": 4.1310988374512284e-07, "none": 9.039549506776446e-14}, "15": {"type-based": 2.0951616769209795e-21, "geo-based": 0.999999482526837, "mixed": 5.174731598246612e-07, "none": 3.0278723457753536e-15}, "16": {"type-based": 8.352335891194317e-23, "geo-based": 0.9999993705722208, "mixed": 6.294277791981972e-07, "none": 1.0028218845400145e-16}, "17": {"type-based": 3.0668325755805053e-24, "geo-based": 0.9999992038690931, "mixed": 7.961309068105525e-07, "none": 2.9411107080703244e-18}, "18": {"type-based": 1.379058171595937e-26, "geo-based": 0.9999998701951469, "mixed": 1.29804853140574e-07, "none": 8.18926334307811e-20}, "19": {"type-based": 4.787284701775383e-28, "geo-based": 0.9999998348126067, "mixed": 1.6518739324009912e-07, "none": 2.250772381692743e-21}, "20": {"type-based": 1.5948783786123542e-29, "geo-based": 0.9999997850047144, "mixed": 2.1499528550851898e-07, "none": 5.782333002592511e-23}, "21": {"type-based": 1.0422587668560773e-31, "geo-based": 0.9999999429940448, "mixed": 5.700595511040599e-08, "none": 1.4252812947624621e-24}, "22": {"type-based": 4.466412244714438e-33, "geo-based": 0.9999999262361255, "mixed": 7.37638743789465e-08, "none": 4.692586880890174e-26}, "23": {"type-based": 3.6668468666262094e-35, "geo-based": 0.9999999737883845, "mixed": 2.621161562897417e-08, "none": 1.0642389470572452e-27}, "24": {"type-based": 7.788293847893011e-37, "geo-based": 0.9999999787966012, "mixed": 2.1203398901617626e-08, "none": 2.7206449896546306e-29}, "25": {"type-based": 1.5165878739429174e-38, "geo-based": 0.999999980916748, "mixed": 1.9083251950504064e-08, "none": 5.6911689931089974e-31}, "26": {"type-based": 3.8183715294921876e-40, "geo-based": 0.9999999769177733, "mixed": 2.3082226676828758e-08, "none": 1.1414758292395056e-32}, "27": {"type-based": 9.165985281495541e-42, "geo-based": 0.9999999716232205, "mixed": 2.837677940707287e-08, "none": 2.139398916465894e-34}, "28": {"type-based": 2.1970248886852015e-43, "geo-based": 0.9999999647106873, "mixed": 3.528931271375377e-08, "none": 3.934998468687711e-36}, "29": {"type-based": 5.0610641652697524e-45, "geo-based": 0.999999955695779, "mixed": 4.4304221053736245e-08, "none": 6.851584787253222e-38}, "30": {"type-based": 1.2315942252299895e-46, "geo-based": 0.9999999439601128, "mixed": 5.60398870866559e-08, "none": 1.2436326555774236e-39}, "31": {"type-based": 2.9612836247769393e-48, "geo-based": 0.999999928639721, "mixed": 7.136027895300593e-08, "none": 2.204308608250772e-41}}