{"0": {"type-based": 0.25, "geo-based": 0.25, "mixed": 0.25, "none": 0.25}, "1": {"type-based": 0.25, "geo-based": 0.25, "mixed": 0.25, "none": 0.25}, "2": {"type-based": 0.25, "geo-based": 0.25, "mixed": 0.25, "none": 0.25}, "3": {"type-based": 0.00030827985914682503, "geo-based": 0.8020807527970001, "mixed": 0.0012107832298617325, "none": 0.19640018411399138}, "4": {"type-based": 9.116503373391582e-05, "geo-based": 0.9532245336203119, "mixed": 0.0018088503716046304, "none": 0.04487545097434968}, "5": {"type-based": 1.226271085951286e-05, "geo-based": 0.9903664832304799, "mixed": 0.001300880584188635, "none": 0.008320373474472127}, "6": {"type-based": 2.080223885369477e-06, "geo-based": 0.9972820962885733, "mixed": 0.0016463918482190955, "none": 0.001069431639322346}, "7": {"type-based": 3.9134632859534144e-07, "geo-based": 0.9976500757636895, "mixed": 0.0022072407075502845, "none": 0.0001422921824317921}, "8": {"type-based": 5.306663379369717e-08, "geo-based": 0.9969144451428085, "mixed": 0.0030723419827938018, "none": 1.3159807763792073e-05}, "9": {"type-based": 1.1301889873301671e-12, "geo-based": 0.9999981846950281, "mixed": 8.805455124023803e-07, "none": 9.347583292963148e-07}, "10": {"type-based": 1.9265566422645085e-14, "geo-based": 0.9999997007651488, "mixed": 2.434600797662506e-07, "none": 5.577475211860698e-08}, "11": {"type-based": 1.4255291568523492e-15, "geo-based": 0.999999671458367, "mixed": 3.255110145091952e-07, "none": 3.0306171177959835e-09}, "12": {"type-based": 3.246644552738888e-17, "geo-based": 0.9999998505859998, "mixed": 1.4926640729649676e-07, "none": 1.4759282473245864e-10}, "13": {"type-based": 9.527518485745724e-19, "geo-based": 0.9999999004004801, "mixed": 9.959310087867784e-08, "none": 6.418804978658642e-12}, "14": {"type-based": 4.8572624158458246e-20, "geo-based": 0.9999998710216891, "mixed": 1.289780590299125e-07, "none": 2.5171820800606823e-13}, "15": {"type-based": 1.329910053308335e-21, "geo-based": 0.9999999014787971, "mixed": 9.852119366586713e-08, "none": 8.995990459496486e-15}, "16": {"type-based": 5.752492523764596e-23, "geo-based": 0.9999998716844576, "mixed": 1.283155421457963e-07, "none": 2.9963778379434895e-16}, "17": {"type-based": 6.061109785786433e-25, "geo-based": 0.9999999570933295, "mixed": 4.2906670521252564e-08, "none": 9.46257787090406e-18}, "18": {"type-based": 2.4809681378112842e-26, "geo-based": 0.9999999440029006, "mixed": 5.599709945261149e-08, "none": 2.969343740186348e-19}, "19": {"type-based": 9.585727849469187e-28, "geo-based": 0.9999999255236798, "mixed": 7.447632018895221e-08, "none": 8.590936066677071e-21}, "20": {"type-based": 1.0848353758622037e-29, "geo-based": 0.9999999698083799, "mixed": 3.019162012135885e-08, "none": 2.3800801512958565e-22}, "21": {"type-based": 3.8821699347715805e-31, "geo-based": 0.9999999601748231, "mixed": 3.9825176802003906e-08, "none": 6.372696561053847e-24}, "22": {"type-based": 8.006325348881175e-33, "geo-based": 0.9999999758465673, "mixed": 2.415343265683321e-08, "none": 2.125829840334966e-25}, "23": {"type-based": 1.500250743483252e-34, "geo-based": 0.9999999829464111, "mixed": 1.7053588955031765e-08, "none": 5.4814997157623015e-27}, "24": {"type-based": 4.458767477383985e-36, "geo-based": 0.999999978480848, "mixed": 2.151915203198765e-08, "none": 1.2478473315706685e-28}, "25": {"type-based": 1.295363419932479e-37, "geo-based": 0.999999972553213, "mixed": 2.7446786899135326e-08, "none": 2.7286145288137972e-30}, "26": {"type-based": 3.763062101131155e-39, "geo-based": 0.9999999646888512, "mixed": 3.531114880155506e-08, "none": 5.87696651796586e-32}, "27": {"type-based": 1.0420353857384204e-40, "geo-based": 0.9999999542541528, "mixed": 4.574584728244263e-08, "none": 1.190879931054614e-33}, "28": {"type-based": 3.1000153559288355e-42, "geo-based": 0.999999940423898, "mixed": 5.9576101995764626e-08, "none": 2.5629064511532345e-35}}