{"0": {"type-based": 0.25, "geo-based": 0.25, "mixed": 0.25, "none": 0.25}, "1": {"type-based": 0.25, "geo-based": 0.25, "mixed": 0.25, "none": 0.25}, "2": {"type-based": 0.25, "geo-based": 0.25, "mixed": 0.25, "none": 0.25}, "3": {"type-based": 0.1354576060170982, "geo-based": 0.33223657839987375, "mixed": 0.42729745741777464, "none": 0.10500835816525346}, "4": {"type-based": 6.22353171553432e-05, "geo-based": 0.9323722422411616, "mixed": 0.0008736108237699972, "none": 0.06669191161791319}, "5": {"type-based": 1.882635353670619e-05, "geo-based": 0.9844507477591058, "mixed": 0.0012936388173726474, "none": 0.014236787069985013}, "6": {"type-based": 4.867649726602069e-06, "geo-based": 0.9955848385825038, "mixed": 0.0019345132457487366, "none": 0.0024757805220206523}, "7": {"type-based": 2.568808670463106e-10, "geo-based": 0.9996563173140817, "mixed": 7.425959996003929e-07, "none": 0.0003429398330379236}, "8": {"type-based": 4.1190991319055975e-11, "geo-based": 0.9999609684422917, "mixed": 1.0820546335765102e-06, "none": 3.7949461883913615e-05}, "9": {"type-based": 6.455426627498333e-12, "geo-based": 0.9999943653879719, "mixed": 1.6298470531624139e-06, "none": 4.004758519388726e-06}, "10": {"type-based": 9.818948757031845e-13, "geo-based": 0.9999970529239106, "mixed": 2.5437061051066227e-06, "none": 4.033690025470955e-07}, "11": {"type-based": 1.652505975249638e-13, "geo-based": 0.9999958806784763, "mixed": 4.074908983588373e-06, "none": 4.441237496190174e-08}, "12": {"type-based": 2.8925116654980593e-14, "geo-based": 0.9999933613652333, "mixed": 6.633595439860683e-06, "none": 5.039297887236031e-09}, "13": {"type-based": 9.640647234108612e-15, "geo-based": 0.9999987750537388, "mixed": 1.2152263206877291e-06, "none": 9.719930893727456e-09}, "14": {"type-based": 5.290807734155423e-15, "geo-based": 0.9999980934987401, "mixed": 1.9029682341412116e-06, "none": 3.533020523498371e-09}, "15": {"type-based": 8.53263811680653e-16, "geo-based": 0.9999970404555926, "mixed": 2.959170218455497e-06, "none": 3.7418801196763376e-10}, "16": {"type-based": 1.3484548133083843e-16, "geo-based": 0.9999953744296828, "mixed": 4.6255317523581696e-06, "none": 3.85644328542873e-11}, "17": {"type-based": 2.0320607616986015e-17, "geo-based": 0.9999927733743861, "mixed": 7.226621846074424e-06, "none": 3.767757173716207e-12}, "18": {"type-based": 1.8389265986498467e-19, "geo-based": 0.9999991347287129, "mixed": 8.65271001352152e-07, "none": 2.8568069458182416e-13}, "19": {"type-based": 2.9215393380009657e-21, "geo-based": 0.9999997958764723, "mixed": 2.0412350857649809e-07, "none": 1.9090714551920964e-14}, "20": {"type-based": 2.0094505906001023e-23, "geo-based": 0.9999999762152777, "mixed": 2.3784721190471923e-08, "none": 1.107964876690564e-15}, "21": {"type-based": 1.4826520884795661e-24, "geo-based": 0.9999999645601193, "mixed": 3.543988059900395e-08, "none": 5.396817947908375e-17}, "22": {"type-based": 1.066326399401386e-25, "geo-based": 0.999999946686686, "mixed": 5.331331397039417e-08, "none": 2.5474343894453016e-18}, "23": {"type-based": 9.596175438043097e-27, "geo-based": 0.9999999191163508, "mixed": 8.088364914349372e-08, "none": 1.4969794678263524e-19}, "24": {"type-based": 8.286889162621301e-28, "geo-based": 0.999999875413633, "mixed": 1.245863669892067e-07, "none": 8.403716780989097e-21}, "25": {"type-based": 6.349495553354497e-29, "geo-based": 0.9999998053138869, "mixed": 1.9468611311990541e-07, "none": 4.1692697075551077e-22}, "26": {"type-based": 4.7673798537684656e-30, "geo-based": 0.9999996925374294, "mixed": 3.0746257049178816e-07, "none": 2.0197870756906157e-23}, "27": {"type-based": 4.497484195037765e-31, "geo-based": 0.9999995099166198, "mixed": 4.900833801609933e-07, "none": 1.225523819640522e-24}, "28": {"type-based": 3.415181881114747e-32, "geo-based": 0.9999992082157164, "mixed": 7.917842836309642e-07, "none": 5.968257593418745e-26}, "29": {"type-based": 2.4904589021788403e-34, "geo-based": 0.9999998770418339, "mixed": 1.229581659732383e-07, "none": 2.9218531292479413e-27}, "30": {"type-based": 1.827196840211635e-35, "geo-based": 0.9999998010153125, "mixed": 1.9898468755737694e-07, "none": 1.3884635448037192e-28}, "31": {"type-based": 1.8122906023904219e-37, "geo-based": 0.9999999557161148, "mixed": 4.4283885367577876e-08, "none": 6.520213921887629e-30}, "32": {"type-based": 1.358770246698134e-38, "geo-based": 0.9999999280058441, "mixed": 7.199415595544833e-08, "none": 3.163706494655456e-31}, "33": {"type-based": 1.3884811697384008e-40, "geo-based": 0.9999999846100214, "mixed": 1.5389978686632016e-08, "none": 1.599170248910138e-32}, "34": {"type-based": 9.367406347794921e-43, "geo-based": 0.9999999978234841, "mixed": 2.176515787253213e-09, "none": 8.094745170541515e-34}, "35": {"type-based": 8.040453581628007e-44, "geo-based": 0.9999999964867283, "mixed": 3.513271696586209e-09, "none": 4.5763582488560687e-35}, "36": {"type-based": 2.442782020113991e-49, "geo-based": 0.9999999999997622, "mixed": 2.3776335580970803e-13, "none": 2.1906353017365552e-36}, "37": {"type-based": 7.077862394049506e-55, "geo-based": 1.0, "mixed": 1.6080220423043844e-17, "none": 1.0016710110798192e-37}, "38": {"type-based": 6.080821100685018e-57, "geo-based": 1.0, "mixed": 3.2627947577717316e-18, "none": 4.532306784699144e-39}, "39": {"type-based": 8.300017318023682e-59, "geo-based": 1.0, "mixed": 8.751457645679052e-19, "none": 2.464891929882638e-40}, "40": {"type-based": 5.728012366272947e-60, "geo-based": 1.0, "mixed": 1.3954492916014736e-18, "none": 1.1395211121226103e-41}, "41": {"type-based": 6.046978265271705e-62, "geo-based": 1.0, "mixed": 3.574486771954467e-19, "none": 5.01642931497702e-43}, "42": {"type-based": 6.462256296919434e-64, "geo-based": 1.0, "mixed": 9.06585525138363e-20, "none": 2.23950210655796e-44}, "43": {"type-based": 1.5502518530423388e-69, "geo-based": 1.0, "mixed": 5.6877504898221145e-24, "none": 9.070032970645368e-46}, "44": {"type-based": 9.271257355698336e-71, "geo-based": 1.0, "mixed": 8.897479761852513e-24, "none": 3.663473834229112e-47}, "45": {"type-based": 5.44882450739721e-72, "geo-based": 1.0, "mixed": 1.395748242193311e-23, "none": 1.4484206911526964e-48}, "46": {"type-based": 5.665914585407437e-74, "geo-based": 1.0, "mixed": 4.064515096149502e-24, "none": 5.450453188748698e-50}, "47": {"type-based": 2.970356333762615e-75, "geo-based": 1.0, "mixed": 6.335689708939717e-24, "none": 1.9296490725340027e-51}, "48": {"type-based": 2.0087251262842124e-76, "geo-based": 1.0, "mixed": 9.891204802629994e-24, "none": 8.780328786928356e-53}, "49": {"type-based": 1.328742475762095e-77, "geo-based": 1.0, "mixed": 1.5478744938610437e-23, "none": 3.894655556548097e-54}, "50": {"type-based": 8.196152569294307e-79, "geo-based": 1.0, "mixed": 2.4273123046734353e-23, "none": 1.6057871434401844e-55}, "51": {"type-based": 3.725984434423763e-80, "geo-based": 1.0, "mixed": 3.812607649983653e-23, "none": 4.864810788664047e-57}, "52": {"type-based": 1.5255953220920182e-81, "geo-based": 1.0, "mixed": 5.991484826820727e-23, "none": 1.3236902451326474e-58}, "53": {"type-based": 5.7715257178630176e-83, "geo-based": 1.0, "mixed": 9.415018353769003e-23, "none": 3.3189901439639995e-60}, "54": {"type-based": 2.2874552944743655e-84, "geo-based": 1.0, "mixed": 1.479291529473182e-22, "none": 8.69656036664426e-62}, "55": {"type-based": 1.1782667809078644e-86, "geo-based": 1.0, "mixed": 3.322405616282828e-23, "none": 2.0678197426462362e-63}, "56": {"type-based": 4.7744399925850806e-88, "geo-based": 1.0, "mixed": 5.174826261868149e-23, "none": 5.566765490330167e-65}, "57": {"type-based": 1.709117224153868e-89, "geo-based": 1.0, "mixed": 8.064359876613994e-23, "none": 1.3207148526351893e-66}}