{"0": {"type-based": 0.25, "geo-based": 0.25, "mixed": 0.25, "none": 0.25}, "1": {"type-based": 0.25, "geo-based": 0.25, "mixed": 0.25, "none": 0.25}, "2": {"type-based": 0.25, "geo-based": 0.25, "mixed": 0.25, "none": 0.25}, "3": {"type-based": 0.0004941809102184452, "geo-based": 0.39940470879354406, "mixed": 0.00030809105857634313, "none": 0.5997930192376612}, "4": {"type-based": 0.00042435543045083753, "geo-based": 0.6430640503023145, "mixed": 0.0007050726712046275, "none": 0.35580652159603005}, "5": {"type-based": 0.00024249387313315815, "geo-based": 0.8635965290923335, "mixed": 0.001423662820641834, "none": 0.13473731421389143}, "6": {"type-based": 0.00011606936941001399, "geo-based": 0.9556065507745569, "mixed": 0.002447882647850458, "none": 0.04182949720818269}, "7": {"type-based": 9.228350010865776e-09, "geo-based": 0.9893521088321164, "mixed": 8.052848696825956e-07, "none": 0.010647076654664021}, "8": {"type-based": 3.668810442008279e-09, "geo-based": 0.9972639128713688, "mixed": 1.2536750327978227e-06, "none": 0.0027348297847878053}, "9": {"type-based": 2.457941192332869e-13, "geo-based": 0.9992968881150693, "mixed": 3.2682949313339113e-10, "none": 0.0007031115578554427}, "10": {"type-based": 6.750242009051988e-14, "geo-based": 0.9998721325745399, "mixed": 4.961929066476587e-10, "none": 0.0001278669291997603}, "11": {"type-based": 1.9295819999821685e-14, "geo-based": 0.999976086703418, "mixed": 7.646362926457744e-10, "none": 2.3912531926423367e-05}, "12": {"type-based": 4.732787676076992e-15, "geo-based": 0.9999961967908313, "mixed": 1.1987841140492693e-09, "none": 3.8020103800208833e-06}, "13": {"type-based": 1.1858567518611697e-15, "geo-based": 0.9999993849963015, "mixed": 1.9000548011535656e-09, "none": 6.131036426217298e-07}, "14": {"type-based": 3.0076732063813113e-16, "geo-based": 0.9999998974612084, "mixed": 3.0398505208885597e-09, "none": 9.949894095523585e-08}, "15": {"type-based": 6.066118060999649e-17, "geo-based": 0.9999999823110498, "mixed": 4.909485942246672e-09, "none": 1.2779464292296178e-08}, "16": {"type-based": 1.2705834023698022e-17, "geo-based": 0.9999999903310212, "mixed": 7.971186699542606e-09, "none": 1.6977921774325385e-09}, "17": {"type-based": 1.8290278013964035e-19, "geo-based": 0.9999999987953994, "mixed": 1.0039450730312067e-09, "none": 2.0065540486916762e-10}, "18": {"type-based": 3.144395438982046e-20, "geo-based": 0.9999999983649162, "mixed": 1.6128305244077464e-09, "none": 2.2253345739311642e-11}, "19": {"type-based": 3.885691561566059e-22, "geo-based": 0.999999999811505, "mixed": 1.8602427147284064e-10, "none": 2.470654670688571e-12}, "20": {"type-based": 3.95725382312678e-27, "geo-based": 0.999999999999752, "mixed": 2.1112974891265418e-14, "none": 2.2703379676106671e-13}, "21": {"type-based": 6.1163676522755e-28, "geo-based": 0.9999999999999438, "mixed": 3.348765397884969e-14, "none": 2.2677291269616053e-14}, "22": {"type-based": 5.990058021237046e-30, "geo-based": 0.9999999999999942, "mixed": 3.566942385002505e-15, "none": 2.142026452018009e-15}, "23": {"type-based": 1.1388402408003496e-31, "geo-based": 0.9999999999999991, "mixed": 7.517570516560616e-16, "none": 1.9926451831879463e-16}, "24": {"type-based": 1.6615060765580414e-32, "geo-based": 0.9999999999999989, "mixed": 1.170980621877011e-15, "none": 1.930126081405862e-17}, "25": {"type-based": 2.477735206603358e-34, "geo-based": 0.9999999999999998, "mixed": 2.2996843125786973e-16, "none": 1.51983176984409e-18}, "26": {"type-based": 2.987046652039327e-35, "geo-based": 0.9999999999999996, "mixed": 3.578983359581962e-16, "none": 1.2254841899681607e-19}, "27": {"type-based": 3.459404707013774e-36, "geo-based": 0.9999999999999993, "mixed": 5.612092487841406e-16, "none": 9.44058578500461e-21}, "28": {"type-based": 4.260601753794983e-38, "geo-based": 1.0, "mixed": 9.839706078563194e-17, "none": 6.923273248720322e-22}, "29": {"type-based": 4.406284065828659e-39, "geo-based": 0.9999999999999998, "mixed": 1.5328712127993752e-16, "none": 4.751039925709309e-23}, "30": {"type-based": 4.491248063853834e-40, "geo-based": 0.9999999999999998, "mixed": 2.401028313065061e-16, "none": 3.198778850581393e-24}, "31": {"type-based": 2.745977937893673e-45, "geo-based": 1.0, "mixed": 1.889685579751529e-20, "none": 2.573250032037893e-25}, "32": {"type-based": 4.86329573890431e-47, "geo-based": 1.0, "mixed": 4.4611979124609206e-21, "none": 2.0017592118562484e-26}, "33": {"type-based": 2.2727379872698902e-52, "geo-based": 1.0, "mixed": 3.482729753078385e-25, "none": 1.2458384538965727e-27}, "34": {"type-based": 2.1176780397619784e-53, "geo-based": 1.0, "mixed": 5.434137357902602e-25, "none": 7.730994311191734e-29}, "35": {"type-based": 1.9530736627725815e-54, "geo-based": 1.0, "mixed": 8.522016408543305e-25, "none": 4.728263151417848e-30}, "36": {"type-based": 1.7594333043245035e-55, "geo-based": 1.0, "mixed": 1.3426768065527732e-24, "none": 2.813647700988525e-31}, "37": {"type-based": 2.589673962729284e-57, "geo-based": 1.0, "mixed": 3.69553435835961e-25, "none": 1.5670463483421848e-32}, "38": {"type-based": 2.327782963554022e-58, "geo-based": 1.0, "mixed": 5.808630976818856e-25, "none": 9.35480024169035e-34}, "39": {"type-based": 1.9947122539399004e-59, "geo-based": 1.0, "mixed": 9.163970939137044e-25, "none": 5.304573995195225e-35}, "40": {"type-based": 1.588351225721068e-60, "geo-based": 1.0, "mixed": 1.450673989087787e-24, "none": 2.7857301747524424e-36}, "41": {"type-based": 1.0456368801369109e-61, "geo-based": 1.0, "mixed": 2.3034937816333068e-24, "none": 1.2057223795039027e-37}, "42": {"type-based": 6.262711664786721e-63, "geo-based": 1.0, "mixed": 3.6681706621125426e-24, "none": 4.73424329194095e-39}, "43": {"type-based": 3.644642039597021e-64, "geo-based": 1.0, "mixed": 5.8564601592416335e-24, "none": 1.8013527284727259e-40}, "44": {"type-based": 2.2135139804878794e-65, "geo-based": 1.0, "mixed": 9.376241575281838e-24, "none": 7.134991610909116e-42}, "45": {"type-based": 1.462488435311311e-66, "geo-based": 1.0, "mixed": 1.5052307291956702e-23, "none": 3.0672744387742596e-43}, "46": {"type-based": 8.102470385486463e-69, "geo-based": 1.0, "mixed": 2.3457581716411612e-24, "none": 1.1396764202831708e-44}, "47": {"type-based": 5.304645366965271e-70, "geo-based": 1.0, "mixed": 3.7469426339637775e-24, "none": 4.884704220283541e-46}, "48": {"type-based": 2.8330903601715598e-71, "geo-based": 1.0, "mixed": 6.0020559115098705e-24, "none": 1.7039528494009907e-47}}