{"0": {"type-based": 0.25, "geo-based": 0.25, "mixed": 0.25, "none": 0.25}, "1": {"type-based": 0.25, "geo-based": 0.25, "mixed": 0.25, "none": 0.25}, "2": {"type-based": 0.25, "geo-based": 0.25, "mixed": 0.25, "none": 0.25}, "3": {"type-based": 0.0006860766504975618, "geo-based": 0.7650204723329932, "mixed": 0.002219144726137978, "none": 0.23207430629037146}, "4": {"type-based": 0.00020698570685332327, "geo-based": 0.9308471764830484, "mixed": 0.0028738732348488785, "none": 0.06607196457524944}, "5": {"type-based": 4.822064543936217e-05, "geo-based": 0.9840924322422819, "mixed": 0.003928606172480696, "none": 0.011930740939797992}, "6": {"type-based": 9.924277358168496e-06, "geo-based": 0.9926448316270364, "mixed": 0.0055800848383523146, "none": 0.0017651592572531715}, "7": {"type-based": 4.365028423157128e-10, "geo-based": 0.9997833739680259, "mixed": 2.059674582306253e-06, "none": 0.0002145659208888673}, "8": {"type-based": 8.615652303452691e-11, "geo-based": 0.999966411385547, "mixed": 2.891580599805541e-06, "none": 3.069694769653154e-05}, "9": {"type-based": 2.7963722043040438e-15, "geo-based": 0.9999965056652174, "mixed": 8.310031392330531e-10, "none": 3.4935037764817807e-06}, "10": {"type-based": 3.128116526660472e-16, "geo-based": 0.9999997225097752, "mixed": 1.1665474609999248e-09, "none": 2.7632367716665487e-07}, "11": {"type-based": 3.9518200219959926e-17, "geo-based": 0.9999999742089734, "mixed": 1.693767325117794e-09, "none": 2.4097259303560436e-08}, "12": {"type-based": 4.7891186520137056e-18, "geo-based": 0.9999999954641559, "mixed": 2.554992947212035e-09, "none": 1.9808512800015284e-09}, "13": {"type-based": 6.1058257719030865e-19, "geo-based": 0.9999999958582126, "mixed": 3.972754869716907e-09, "none": 1.690325209048968e-10}, "14": {"type-based": 8.218757621175158e-20, "geo-based": 0.9999999936825423, "mixed": 6.302388104587201e-09, "none": 1.50695133885294e-11}, "15": {"type-based": 9.70196891708416e-21, "geo-based": 0.9999999898463691, "mixed": 1.015246270390027e-08, "none": 1.1682486745788662e-12}, "16": {"type-based": 1.2467632673158294e-21, "geo-based": 0.9999999833526338, "mixed": 1.664726814722881e-08, "none": 9.790467377393209e-14}, "17": {"type-based": 2.4975115725922525e-23, "geo-based": 0.9999999954047281, "mixed": 4.595264447574271e-09, "none": 7.625932329763746e-15}, "18": {"type-based": 2.982711883365359e-24, "geo-based": 0.9999999925350059, "mixed": 7.46499350223958e-09, "none": 6.032599045723882e-16}, "19": {"type-based": 3.106838474363097e-26, "geo-based": 0.9999999990588797, "mixed": 9.41120336267721e-10, "none": 5.370659087147658e-17}, "20": {"type-based": 3.315264438481409e-27, "geo-based": 0.9999999984843386, "mixed": 1.5156614572282034e-09, "none": 3.784483353013919e-18}, "21": {"type-based": 2.3835090611903139e-29, "geo-based": 0.9999999998242264, "mixed": 1.757736431593273e-10, "none": 2.498421142036807e-19}, "22": {"type-based": 5.3232254181193065e-31, "geo-based": 0.9999999999397835, "mixed": 6.021646704445142e-11, "none": 1.7343901049932437e-20}, "23": {"type-based": 4.290888106057783e-36, "geo-based": 0.9999999999999933, "mixed": 6.753913575371923e-15, "none": 1.3276672530680571e-21}, "24": {"type-based": 2.885185194327286e-41, "geo-based": 1.0, "mixed": 7.545575466736549e-19, "none": 8.500273803052261e-23}, "25": {"type-based": 1.981040442541309e-43, "geo-based": 1.0, "mixed": 8.413242976458307e-20, "none": 5.5658697028204754e-24}, "26": {"type-based": 2.0693787803453569e-44, "geo-based": 1.0, "mixed": 1.3084106606312374e-19, "none": 3.974017719825949e-25}, "27": {"type-based": 1.6794984703952738e-45, "geo-based": 1.0, "mixed": 2.0496479965917393e-19, "none": 2.1879575196407173e-26}, "28": {"type-based": 1.635206025243544e-47, "geo-based": 1.0, "mixed": 4.0335773387721136e-20, "none": 1.147916211015675e-27}, "29": {"type-based": 1.2916145789369823e-48, "geo-based": 1.0, "mixed": 6.270082157154622e-20, "none": 6.187369078901931e-29}, "30": {"type-based": 3.373359044447281e-50, "geo-based": 1.0, "mixed": 2.303927161679272e-20, "none": 4.655015069898255e-30}, "31": {"type-based": 3.452340429608692e-52, "geo-based": 1.0, "mixed": 4.175250616320547e-21, "none": 2.784115960033247e-31}, "32": {"type-based": 2.703599219143901e-53, "geo-based": 1.0, "mixed": 6.3243409081974875e-21, "none": 1.5035105536102925e-32}, "33": {"type-based": 2.067053777700829e-54, "geo-based": 1.0, "mixed": 9.634032651151086e-21, "none": 7.873803520061834e-34}, "34": {"type-based": 2.2274658925658943e-56, "geo-based": 1.0, "mixed": 2.3295874731509494e-21, "none": 3.657563679937374e-35}, "35": {"type-based": 2.3447818241929897e-57, "geo-based": 1.0, "mixed": 3.537497339649994e-21, "none": 2.648951693310849e-36}, "36": {"type-based": 2.3547056804455606e-58, "geo-based": 1.0, "mixed": 5.400188747830703e-21, "none": 1.8193425778245023e-37}, "37": {"type-based": 2.053952917940224e-59, "geo-based": 1.0, "mixed": 8.285630998896016e-21, "none": 1.0795005787631162e-38}, "38": {"type-based": 1.6941147725073383e-60, "geo-based": 1.0, "mixed": 1.2765215333578153e-20, "none": 6.026716106162721e-40}, "39": {"type-based": 8.807615280813917e-62, "geo-based": 1.0, "mixed": 1.9742663259155256e-20, "none": 2.1112042412454719e-41}, "40": {"type-based": 3.9040149133191137e-63, "geo-based": 1.0, "mixed": 3.060784270925217e-20, "none": 6.279170539860399e-43}, "41": {"type-based": 1.557618080944072e-64, "geo-based": 1.0, "mixed": 4.753372376937999e-20, "none": 1.6745343168281516e-44}, "42": {"type-based": 7.081402181856095e-66, "geo-based": 1.0, "mixed": 7.395279079061591e-20, "none": 5.070387601682936e-46}, "43": {"type-based": 3.5663081553697096e-67, "geo-based": 1.0, "mixed": 1.1533724877293802e-19, "none": 1.6950645935333337e-47}, "44": {"type-based": 2.453882724897985e-69, "geo-based": 1.0, "mixed": 3.222284366472075e-20, "none": 4.321542662218914e-49}, "45": {"type-based": 1.0168242555507807e-70, "geo-based": 1.0, "mixed": 4.9926046607532227e-20, "none": 1.1958211740762214e-50}, "46": {"type-based": 3.169157077468414e-72, "geo-based": 1.0, "mixed": 7.754466601200829e-20, "none": 2.48095987489909e-52}}