{"0": {"type-based": 0.25, "geo-based": 0.25, "mixed": 0.25, "none": 0.25}, "1": {"type-based": 0.25, "geo-based": 0.25, "mixed": 0.25, "none": 0.25}, "2": {"type-based": 0.25, "geo-based": 0.25, "mixed": 0.25, "none": 0.25}, "3": {"type-based": 0.00030827985914682503, "geo-based": 0.8020807527970001, "mixed": 0.0012107832298617325, "none": 0.19640018411399138}, "4": {"type-based": 9.116503373391582e-05, "geo-based": 0.9532245336203119, "mixed": 0.0018088503716046304, "none": 0.04487545097434968}, "5": {"type-based": 1.9081153363225872e-05, "geo-based": 0.990902437029527, "mixed": 0.0026018688717386446, "none": 0.006476612945371059}, "6": {"type-based": 3.379662613498361e-06, "geo-based": 0.9954846715508293, "mixed": 0.003752742808388181, "none": 0.0007592059781689574}, "7": {"type-based": 6.117848184121261e-07, "geo-based": 0.9944178913635693, "mixed": 0.0054924468843228335, "none": 8.904996728935478e-05}, "8": {"type-based": 8.046482414540125e-08, "geo-based": 0.991848760694504, "mixed": 0.008143667185420264, "none": 7.491655251321545e-06}, "9": {"type-based": 1.411015880878183e-12, "geo-based": 0.9999974417751298, "mixed": 2.0583254046472747e-06, "none": 4.998980544870118e-07}, "10": {"type-based": 2.001319396128096e-14, "geo-based": 0.9999994702428274, "mixed": 5.016095349996953e-07, "none": 2.8147617552443794e-08}, "11": {"type-based": 1.5196476170663746e-15, "geo-based": 0.9999992861146987, "mixed": 7.124099212804539e-07, "none": 1.4753784897757336e-09}, "12": {"type-based": 3.002406737510112e-17, "geo-based": 0.9999997053973033, "mixed": 2.945335184649373e-07, "none": 6.917813487223507e-11}, "13": {"type-based": 7.643226442836674e-19, "geo-based": 0.999999822232761, "mixed": 1.7776435330565908e-07, "none": 2.8856940261499465e-12}, "14": {"type-based": 3.945933994125788e-20, "geo-based": 0.9999997563228508, "mixed": 2.4367704101466413e-07, "none": 1.0822980350851097e-13}, "15": {"type-based": 1.9186304158025336e-21, "geo-based": 0.9999996582170187, "mixed": 3.4178297749286484e-07, "none": 3.74405820727388e-15}, "16": {"type-based": 3.856586389073938e-23, "geo-based": 0.999999783152759, "mixed": 2.1684724082524078e-07, "none": 1.1847953004511827e-16}, "17": {"type-based": 1.8055942868763546e-25, "geo-based": 0.9999999663006933, "mixed": 3.369930663407477e-08, "none": 3.583916810246658e-18}, "18": {"type-based": 1.658706231277407e-27, "geo-based": 0.999999989761457, "mixed": 1.0238543001692762e-08, "none": 1.0865555412400944e-19}, "19": {"type-based": 6.111690132976375e-29, "geo-based": 0.999999986371517, "mixed": 1.3628482986519838e-08, "none": 2.9979189360680184e-21}, "20": {"type-based": 2.1555313675138974e-30, "geo-based": 0.9999999815794091, "mixed": 1.842059096141086e-08, "none": 7.766901989804879e-23}, "21": {"type-based": 7.32869429479167e-32, "geo-based": 0.9999999747858332, "mixed": 2.5214166765165807e-08, "none": 1.909013717943524e-24}, "22": {"type-based": 2.414722256718366e-33, "geo-based": 0.9999999651184929, "mixed": 3.488150709405567e-08, "none": 4.4860500366848047e-26}, "23": {"type-based": 7.651787323189833e-35, "geo-based": 0.9999999513050396, "mixed": 4.869496044290145e-08, "none": 1.002168370077673e-27}, "24": {"type-based": 5.21126621184321e-37, "geo-based": 0.9999999853203068, "mixed": 1.4679693134923591e-08, "none": 2.222457623495325e-29}, "25": {"type-based": 1.514615762369752e-38, "geo-based": 0.9999999798381469, "mixed": 2.016185320652601e-08, "none": 4.571193408365365e-31}, "26": {"type-based": 5.359512783026091e-40, "geo-based": 0.9999999721813068, "mixed": 2.781869333460883e-08, "none": 1.1337681932148785e-32}, "27": {"type-based": 5.1385216598472296e-42, "geo-based": 0.9999999880452876, "mixed": 1.195471244431843e-08, "none": 2.417250917536246e-34}, "28": {"type-based": 5.01923973666741e-44, "geo-based": 0.9999999939775297, "mixed": 6.022470279969654e-09, "none": 4.4419662498530664e-36}, "29": {"type-based": 1.2910857664355615e-45, "geo-based": 0.9999999920637593, "mixed": 7.93624080672569e-09, "none": 8.182042589325898e-38}, "30": {"type-based": 3.1485365273045874e-47, "geo-based": 0.9999999895059567, "mixed": 1.0494043272315185e-08, "none": 1.4159642751913851e-39}, "31": {"type-based": 7.514884616817604e-49, "geo-based": 0.999999986090871, "mixed": 1.3909128883502982e-08, "none": 2.378905275858672e-41}, "32": {"type-based": 1.8398058193468927e-50, "geo-based": 0.9999999815263708, "mixed": 1.8473629115084624e-08, "none": 4.0696691441375336e-43}, "33": {"type-based": 4.286632549653726e-52, "geo-based": 0.9999999754045527, "mixed": 2.4595447395987466e-08, "none": 6.58194903891113e-45}, "34": {"type-based": 9.433887128389684e-54, "geo-based": 0.9999999671747943, "mixed": 3.2825205645336853e-08, "none": 9.994400421842512e-47}, "35": {"type-based": 2.156403086662754e-55, "geo-based": 0.999999956122163, "mixed": 4.3877836922835016e-08, "none": 1.5675634860737308e-48}}