{"0": {"type-based": 0.25, "geo-based": 0.25, "mixed": 0.25, "none": 0.25}, "1": {"type-based": 0.25, "geo-based": 0.25, "mixed": 0.25, "none": 0.25}, "2": {"type-based": 0.25, "geo-based": 0.25, "mixed": 0.25, "none": 0.25}, "3": {"type-based": 0.1375588293596905, "geo-based": 0.33060494479710334, "mixed": 0.42519897418254954, "none": 0.10663725166065652}, "4": {"type-based": 0.04645140467712993, "geo-based": 0.32094538521025745, "mixed": 0.6077267820297053, "none": 0.024876428082907204}, "5": {"type-based": 0.011321740657163883, "geo-based": 0.2515553324301495, "mixed": 0.7331049693192897, "none": 0.004017957593396999}, "6": {"type-based": 2.8584458368840774e-06, "geo-based": 0.9962336743557294, "mixed": 0.0011309660543619227, "none": 0.0026325011440716836}, "7": {"type-based": 1.5367583984340453e-10, "geo-based": 0.9996280887694382, "mixed": 4.292716926953896e-07, "none": 0.0003714818051933331}, "8": {"type-based": 2.4186198521703997e-11, "geo-based": 0.9999590322859818, "mixed": 6.201768719539488e-07, "none": 4.03475129601973e-05}, "9": {"type-based": 3.899118775658476e-12, "geo-based": 0.9999946931225553, "mixed": 9.26979263532878e-07, "none": 4.379894282057539e-06}, "10": {"type-based": 5.975152524164224e-13, "geo-based": 0.9999981181409363, "mixed": 1.437398855343315e-06, "none": 4.4445961098815934e-07}, "11": {"type-based": 9.831866283086828e-14, "geo-based": 0.9999976619662271, "mixed": 2.2901879980585046e-06, "none": 4.784567666744265e-08}, "12": {"type-based": 1.6708941330674617e-14, "geo-based": 0.9999962837976751, "mixed": 3.7109313494151283e-06, "none": 5.270958839930386e-09}, "13": {"type-based": 2.3254589996596964e-15, "geo-based": 0.9999939111417894, "mixed": 6.088386085955809e-06, "none": 4.721225744068062e-10}, "14": {"type-based": 3.6267756423999667e-16, "geo-based": 0.9999898629035322, "mixed": 1.0137049353210412e-05, "none": 4.711431872855558e-11}, "15": {"type-based": 4.693327712543157e-18, "geo-based": 0.99999845281025, "mixed": 1.5471854829317102e-06, "none": 4.267024844872853e-12}, "16": {"type-based": 6.532906210853319e-19, "geo-based": 0.9999974611793653, "mixed": 2.538820247390152e-06, "none": 3.873421181031122e-13}, "17": {"type-based": 8.342729423849678e-21, "geo-based": 0.9999996500575606, "mixed": 3.499424009327794e-07, "none": 3.844815294739624e-14}, "18": {"type-based": 9.558005213444329e-22, "geo-based": 0.9999994321763139, "mixed": 5.678236830691806e-07, "none": 2.8667277682435187e-15}, "19": {"type-based": 8.546321355414554e-24, "geo-based": 0.9999999285502892, "mixed": 7.144971068289479e-08, "none": 2.1552882802509665e-16}, "20": {"type-based": 1.575735085274384e-25, "geo-based": 0.9999999822999562, "mixed": 1.770004372316983e-08, "none": 1.6985642773817837e-17}, "21": {"type-based": 4.375401347460267e-27, "geo-based": 0.9999999935456081, "mixed": 6.454391912983046e-09, "none": 1.3707228064158809e-18}, "22": {"type-based": 7.874427194199051e-29, "geo-based": 0.9999999984588099, "mixed": 1.541190113710106e-09, "none": 1.0960224089630717e-19}, "23": {"type-based": 2.933579649940969e-30, "geo-based": 0.9999999992738069, "mixed": 7.261930703738761e-10, "none": 9.212029795962091e-21}, "24": {"type-based": 4.212475839017501e-31, "geo-based": 0.9999999989068526, "mixed": 1.0931472454345475e-09, "none": 9.355825166426599e-22}, "25": {"type-based": 4.032735014845282e-36, "geo-based": 0.9999999999998812, "mixed": 1.1883745119746268e-13, "none": 8.778938435604538e-23}, "26": {"type-based": 2.9733527018335136e-41, "geo-based": 1.0, "mixed": 1.2882683401702549e-17, "none": 6.360595636773185e-24}, "27": {"type-based": 2.1724318428083765e-43, "geo-based": 1.0, "mixed": 1.3957652968510922e-18, "none": 4.57336486397386e-25}, "28": {"type-based": 4.594935377599375e-45, "geo-based": 1.0, "mixed": 4.527020801445207e-19, "none": 3.182997411485259e-26}, "29": {"type-based": 9.889159795661728e-47, "geo-based": 1.0, "mixed": 1.9350950568108673e-19, "none": 1.714099694090499e-27}, "30": {"type-based": 7.811425869105108e-48, "geo-based": 1.0, "mixed": 2.862974428435491e-19, "none": 9.813206063606367e-29}, "31": {"type-based": 8.165617494592822e-50, "geo-based": 1.0, "mixed": 5.710693380547411e-20, "none": 5.5130311526845434e-30}, "32": {"type-based": 2.521297446677853e-51, "geo-based": 1.0, "mixed": 2.80083097779862e-20, "none": 3.670586445576385e-31}, "33": {"type-based": 1.4519518697726366e-52, "geo-based": 1.0, "mixed": 4.062023513267355e-20, "none": 1.5432951506073617e-32}, "34": {"type-based": 7.846415422277284e-54, "geo-based": 1.0, "mixed": 5.945777174366298e-20, "none": 6.024604414424078e-34}, "35": {"type-based": 4.5414921969178315e-55, "geo-based": 1.0, "mixed": 8.760567179822289e-20, "none": 2.495135382975645e-35}, "36": {"type-based": 2.823270271609579e-56, "geo-based": 1.0, "mixed": 1.2989686376294754e-19, "none": 1.1004973333475679e-36}, "37": {"type-based": 1.6926566734439943e-57, "geo-based": 1.0, "mixed": 1.937667518495816e-19, "none": 4.6452744924979364e-38}, "38": {"type-based": 8.763379331033422e-59, "geo-based": 1.0, "mixed": 2.906141055939395e-19, "none": 1.6814984788477572e-39}, "39": {"type-based": 3.936657067041818e-60, "geo-based": 1.0, "mixed": 4.381172898222366e-19, "none": 5.247843858617747e-41}, "40": {"type-based": 4.629028772766008e-62, "geo-based": 1.0, "mixed": 1.8091857131544813e-19, "none": 1.562685697815323e-42}, "41": {"type-based": 2.5269319256010346e-63, "geo-based": 1.0, "mixed": 2.7087104027394276e-19, "none": 5.9576852386256215e-44}, "42": {"type-based": 3.5519448196727535e-65, "geo-based": 1.0, "mixed": 8.866196814150528e-20, "none": 2.6745258625767057e-45}, "43": {"type-based": 2.7983680264788886e-66, "geo-based": 1.0, "mixed": 1.3290102521897622e-19, "none": 1.4756510888415061e-46}, "44": {"type-based": 2.1724545619449794e-67, "geo-based": 1.0, "mixed": 2.0047015652385796e-19, "none": 7.977982773459178e-48}, "45": {"type-based": 7.108041588603737e-73, "geo-based": 1.0, "mixed": 1.2166050167172677e-23, "none": 4.521277901395729e-49}, "46": {"type-based": 7.103023573788455e-74, "geo-based": 1.0, "mixed": 1.845866726343124e-23, "none": 3.1306190254320776e-50}, "47": {"type-based": 6.560656547580806e-75, "geo-based": 1.0, "mixed": 2.814436136278114e-23, "none": 1.9939697182417346e-51}, "48": {"type-based": 5.623775393972004e-76, "geo-based": 1.0, "mixed": 4.311081958337154e-23, "none": 1.1733780959302197e-52}, "49": {"type-based": 4.504042173714257e-77, "geo-based": 1.0, "mixed": 6.631272771150275e-23, "none": 6.424462505101061e-54}, "50": {"type-based": 3.1795590353328437e-78, "geo-based": 1.0, "mixed": 1.0240418001493175e-22, "none": 3.0883709407039632e-55}}