{"0": {"type-based": 0.25, "geo-based": 0.25, "mixed": 0.25, "none": 0.25}, "1": {"type-based": 0.25, "geo-based": 0.25, "mixed": 0.25, "none": 0.25}, "2": {"type-based": 0.25, "geo-based": 0.25, "mixed": 0.25, "none": 0.25}, "3": {"type-based": 0.12191602088934574, "geo-based": 0.31878572205975775, "mixed": 0.4817050967102478, "none": 0.07759316034064884}, "4": {"type-based": 9.376334381410726e-05, "geo-based": 0.9580641908717414, "mixed": 0.002049711349441679, "none": 0.03979233443500275}, "5": {"type-based": 1.8755781395407793e-05, "geo-based": 0.991054982907835, "mixed": 0.00253972240210946, "none": 0.006386538908660195}, "6": {"type-based": 2.9038135003627536e-06, "geo-based": 0.9958783088935939, "mixed": 0.0034222895433262466, "none": 0.0006964977495797565}, "7": {"type-based": 1.2199490184024881e-10, "geo-based": 0.999939408943229, "mixed": 1.604255782760856e-06, "none": 5.898667899351743e-05}, "8": {"type-based": 3.863959817621457e-12, "geo-based": 0.9999952168851999, "mixed": 7.059113581318785e-07, "none": 4.077199577934809e-06}, "9": {"type-based": 2.9564248908312157e-13, "geo-based": 0.9999988754248513, "mixed": 8.799640620927961e-07, "none": 2.446107909263151e-07}, "10": {"type-based": 2.0103177666093647e-14, "geo-based": 0.9999988274350096, "mixed": 1.1602616946552955e-06, "none": 1.2303275410924307e-08}, "11": {"type-based": 1.2055583232048398e-15, "geo-based": 0.9999984088044346, "mixed": 1.5906694875443146e-06, "none": 5.260767170661792e-10}, "12": {"type-based": 8.072218772143744e-17, "geo-based": 0.9999977519342312, "mixed": 2.2480412783379767e-06, "none": 2.4490332053913392e-11}, "13": {"type-based": 4.962362936994111e-18, "geo-based": 0.9999967585696925, "mixed": 3.2414292798530363e-06, "none": 1.0276052847850274e-12}, "14": {"type-based": 7.032407405226687e-20, "geo-based": 0.9999988120218517, "mixed": 1.187978109303962e-06, "none": 3.9189781314969525e-14}, "15": {"type-based": 1.3190116323915468e-21, "geo-based": 0.9999993631807454, "mixed": 6.368192531349937e-07, "none": 1.3602575023248175e-15}, "16": {"type-based": 5.601799589510292e-23, "geo-based": 0.9999991122059387, "mixed": 8.877940611823729e-07, "none": 4.1315827310199e-17}, "17": {"type-based": 9.967850490138607e-25, "geo-based": 0.9999994395475148, "mixed": 5.604524850845674e-07, "none": 1.1628516280264388e-18}, "18": {"type-based": 4.11884056175851e-27, "geo-based": 0.9999999133913751, "mixed": 8.660862502047184e-08, "none": 3.1187960517364206e-20}, "19": {"type-based": 3.3591999168322223e-29, "geo-based": 0.999999973861819, "mixed": 2.613818084477346e-08, "none": 8.432245432804787e-22}, "20": {"type-based": 1.1118912653906701e-30, "geo-based": 0.9999999654608015, "mixed": 3.453919849875422e-08, "none": 2.0992159838559843e-23}, "21": {"type-based": 3.573261795498771e-32, "geo-based": 0.9999999535933962, "mixed": 4.640660383101928e-08, "none": 4.975634147755417e-25}, "22": {"type-based": 1.120608796831444e-33, "geo-based": 0.9999999367897061, "mixed": 6.321029397058287e-08, "none": 1.1322621794179842e-26}, "23": {"type-based": 3.390646120733803e-35, "geo-based": 0.999999912911187, "mixed": 8.708881295464036e-08, "none": 2.451860365553108e-28}, "24": {"type-based": 2.2693019984718786e-37, "geo-based": 0.9999999721251874, "mixed": 2.787481258047776e-08, "none": 5.028095889861969e-30}, "25": {"type-based": 2.8564732088601404e-39, "geo-based": 0.9999999854992849, "mixed": 1.4500715011238452e-08, "none": 1.1809748705625624e-31}, "26": {"type-based": 8.951457230002569e-41, "geo-based": 0.9999999809094277, "mixed": 1.90905722339574e-08, "none": 2.7043422732592904e-33}, "27": {"type-based": 9.724226902844393e-43, "geo-based": 0.9999999892050256, "mixed": 1.0794974287267527e-08, "none": 4.947706017944094e-35}, "28": {"type-based": 2.327302718534951e-44, "geo-based": 0.9999999860450233, "mixed": 1.3954976738347254e-08, "none": 8.690278277633421e-37}, "29": {"type-based": 5.580925780012815e-46, "geo-based": 0.9999999818620292, "mixed": 1.8137970748566403e-08, "none": 1.5116754670682126e-38}, "30": {"type-based": 1.4103591811660417e-47, "geo-based": 0.9999999763012987, "mixed": 2.3698701357903015e-08, "none": 2.7426898237737558e-40}, "31": {"type-based": 3.3753783343050676e-49, "geo-based": 0.9999999689028872, "mixed": 3.1097112902329336e-08, "none": 4.669551530783739e-42}, "32": {"type-based": 8.389156433568952e-51, "geo-based": 0.9999999590353009, "mixed": 4.096469910292718e-08, "none": 8.188418340566959e-44}, "33": {"type-based": 1.9400630721352458e-52, "geo-based": 0.9999999458578079, "mixed": 5.414219200561461e-08, "none": 1.3261760402241047e-45}, "34": {"type-based": 4.4538126630691364e-54, "geo-based": 0.9999999282706549, "mixed": 7.172934498861233e-08, "none": 2.11786053011349e-47}}