{"0": {"type-based": 0.25, "geo-based": 0.25, "mixed": 0.25, "none": 0.25}, "1": {"type-based": 0.25, "geo-based": 0.25, "mixed": 0.25, "none": 0.25}, "2": {"type-based": 0.25, "geo-based": 0.25, "mixed": 0.25, "none": 0.25}, "3": {"type-based": 0.00030827985914682503, "geo-based": 0.8020807527970001, "mixed": 0.0012107832298617325, "none": 0.19640018411399138}, "4": {"type-based": 9.453560536857852e-05, "geo-based": 0.9515651678437019, "mixed": 0.0018057015390937263, "none": 0.04653459501183573}, "5": {"type-based": 1.9874447745628317e-05, "geo-based": 0.990634897182371, "mixed": 0.0025993517920287856, "none": 0.006745876577854603}, "6": {"type-based": 1.0534136748675402e-09, "geo-based": 0.9992885963534562, "mixed": 1.2507493611844314e-06, "none": 0.0007101518437688572}, "7": {"type-based": 4.054027196702757e-11, "geo-based": 0.9999406073258164, "mixed": 5.617700619690671e-07, "none": 5.883086358139518e-05}, "8": {"type-based": 3.830326049551981e-12, "geo-based": 0.9999949821524612, "mixed": 7.144402028085161e-07, "none": 4.303403505864498e-06}, "9": {"type-based": 1.6191925895985505e-13, "geo-based": 0.9999992559297747, "mixed": 4.777162174964549e-07, "none": 2.663538458855914e-07}, "10": {"type-based": 1.1207508250434144e-14, "geo-based": 0.9999993744834141, "mixed": 6.112395901617711e-07, "none": 1.4276984752284496e-08}, "11": {"type-based": 4.2710874005048826e-16, "geo-based": 0.9999995104668434, "mixed": 4.888614834342435e-07, "none": 6.716728934927462e-10}, "12": {"type-based": 2.3282303979583265e-17, "geo-based": 0.9999993712024736, "mixed": 6.287691682566256e-07, "none": 2.835814382538814e-11}, "13": {"type-based": 1.1379664839321296e-18, "geo-based": 0.9999991608510538, "mixed": 8.391479115428941e-07, "none": 1.0346880145436888e-12}, "14": {"type-based": 5.1262455701245116e-20, "geo-based": 0.999998845531629, "mixed": 1.1544683373095526e-06, "none": 3.3861239692507924e-14}, "15": {"type-based": 1.1431865964150666e-21, "geo-based": 0.9999991837359307, "mixed": 8.162640681426338e-07, "none": 1.0743616636805702e-15}, "16": {"type-based": 4.7202223462932654e-23, "geo-based": 0.9999988731223153, "mixed": 1.1268776846894563e-06, "none": 3.249590257108057e-17}, "17": {"type-based": 2.06526403112165e-25, "geo-based": 0.9999998235633043, "mixed": 1.7643669566813478e-07, "none": 9.186270265035245e-19}, "18": {"type-based": 1.800705565333873e-27, "geo-based": 0.9999999460895665, "mixed": 5.3910433460767725e-08, "none": 2.6433279632706068e-20}, "19": {"type-based": 6.311310842794356e-29, "geo-based": 0.999999927954467, "mixed": 7.204553300342464e-08, "none": 6.937516313528287e-22}, "20": {"type-based": 2.138113529120739e-30, "geo-based": 0.9999999022200088, "mixed": 9.777999117224206e-08, "none": 1.7264345869718697e-23}, "21": {"type-based": 6.94487811388113e-32, "geo-based": 0.9999998655897887, "mixed": 1.344102114297653e-07, "none": 4.05389933085663e-25}, "22": {"type-based": 2.201755238874562e-33, "geo-based": 0.9999998133255161, "mixed": 1.8667448385313312e-07, "none": 9.166253320787315e-27}, "23": {"type-based": 1.524998732253925e-35, "geo-based": 0.9999999398288998, "mixed": 6.017110024896103e-08, "none": 1.9390273519509501e-28}, "24": {"type-based": 5.635442699456203e-37, "geo-based": 0.9999999181374728, "mixed": 8.186252710738769e-08, "none": 5.126678240828948e-30}, "25": {"type-based": 6.163705556502902e-39, "geo-based": 0.9999999602755252, "mixed": 3.972447470027641e-08, "none": 1.1109359045544257e-31}, "26": {"type-based": 7.00374334436447e-41, "geo-based": 0.9999999774467278, "mixed": 2.2553272245977095e-08, "none": 2.11972185065524e-33}, "27": {"type-based": 1.8102721897843025e-42, "geo-based": 0.9999999707373559, "mixed": 2.9262644093753803e-08, "none": 4.0092783784932144e-35}, "28": {"type-based": 4.788720869690093e-44, "geo-based": 0.9999999618489469, "mixed": 3.8151053181405727e-08, "none": 7.672294329326904e-37}, "29": {"type-based": 1.1740084370611847e-45, "geo-based": 0.9999999500264038, "mixed": 4.997359618324798e-08, "none": 1.3469338819653806e-38}, "30": {"type-based": 2.777825936364873e-47, "geo-based": 0.9999999342581803, "mixed": 6.574181967841907e-08, "none": 2.2616063034076124e-40}, "31": {"type-based": 6.839150875673989e-49, "geo-based": 0.9999999132568649, "mixed": 8.674313522508114e-08, "none": 3.919452760658411e-42}}