{"0": {"type-based": 0.25, "geo-based": 0.25, "mixed": 0.25, "none": 0.25}, "1": {"type-based": 0.25, "geo-based": 0.25, "mixed": 0.25, "none": 0.25}, "2": {"type-based": 0.25, "geo-based": 0.25, "mixed": 0.25, "none": 0.25}, "3": {"type-based": 0.00022651645363689442, "geo-based": 0.7242435853663948, "mixed": 0.0006042893096773672, "none": 0.2749256088702908}, "4": {"type-based": 0.00011727520364630341, "geo-based": 0.9004644089153016, "mixed": 0.0010873431054099693, "none": 0.0983309727756423}, "5": {"type-based": 4.200804705191889e-05, "geo-based": 0.9748567545752429, "mixed": 0.0017602293678317233, "none": 0.023341008009873657}, "6": {"type-based": 1.127006855285458e-05, "geo-based": 0.9931620717271843, "mixed": 0.0027651103259214676, "none": 0.004061547878341328}, "7": {"type-based": 2.513247345242544e-06, "geo-based": 0.9950976770248339, "mixed": 0.004320001063690785, "none": 0.0005798086641303369}, "8": {"type-based": 7.736450129663468e-11, "geo-based": 0.9999309123299475, "mixed": 1.1263325319709368e-06, "none": 6.796126015617804e-05}, "9": {"type-based": 2.1873855827061347e-15, "geo-based": 0.9999926258893571, "mixed": 2.8677863675150897e-10, "none": 7.373823862075823e-06}, "10": {"type-based": 2.976794185395943e-16, "geo-based": 0.9999993350629626, "mixed": 4.2574422370128903e-10, "none": 6.645112928461904e-07}, "11": {"type-based": 4.1012552493338504e-17, "geo-based": 0.9999999394597839, "mixed": 6.44772101461695e-10, "none": 5.989544391326071e-08}, "12": {"type-based": 5.3162694088106625e-18, "geo-based": 0.9999999939653648, "mixed": 1.0017396159210655e-09, "none": 5.032895616365381e-09}, "13": {"type-based": 6.71961109914869e-19, "geo-based": 0.9999999980027949, "mixed": 1.5877932329561736e-09, "none": 4.094119073868458e-10}, "14": {"type-based": 8.755611452000597e-20, "geo-based": 0.9999999974089551, "mixed": 2.5569109609938767e-09, "none": 3.413413933773161e-11}, "15": {"type-based": 1.2189913713158123e-20, "geo-based": 0.9999999958127703, "mixed": 4.1842034609528225e-09, "none": 3.026335601693445e-12}, "16": {"type-based": 1.5134922592650871e-21, "geo-based": 0.9999999930712908, "mixed": 6.9284709248994935e-09, "none": 2.383286316738453e-13}, "17": {"type-based": 1.860988824282675e-22, "geo-based": 0.9999999883691754, "mixed": 1.163080619132261e-08, "none": 1.852449190725792e-14}, "18": {"type-based": 1.5849349263616796e-24, "geo-based": 0.9999999985944417, "mixed": 1.4055569136196104e-09, "none": 1.3908454440093295e-15}, "19": {"type-based": 1.7793041061559247e-25, "geo-based": 0.9999999976508984, "mixed": 2.3491015512281628e-09, "none": 9.874568266108252e-17}, "20": {"type-based": 1.3512421561351193e-27, "geo-based": 0.9999999997364681, "mixed": 2.635318823000275e-10, "none": 7.087503124740813e-18}, "21": {"type-based": 1.3838540014812107e-28, "geo-based": 0.9999999995638311, "mixed": 4.3616895727745974e-10, "none": 4.659391182892794e-19}, "22": {"type-based": 1.7271603164641083e-30, "geo-based": 0.9999999999091309, "mixed": 9.086910729091429e-11, "none": 2.97470697574539e-20}, "23": {"type-based": 1.0633853895968564e-32, "geo-based": 0.9999999999906659, "mixed": 9.334040432821862e-12, "none": 1.903638494145537e-21}, "24": {"type-based": 1.066242668097718e-33, "geo-based": 0.9999999999848559, "mixed": 1.5144026664334318e-11, "none": 1.2573990603573888e-22}, "25": {"type-based": 6.989786774139464e-39, "geo-based": 0.9999999999999984, "mixed": 1.4540246980588692e-15, "none": 9.188446219851294e-24}, "26": {"type-based": 3.9098745342182707e-44, "geo-based": 1.0, "mixed": 1.3922922580101809e-19, "none": 5.742215008205664e-25}, "27": {"type-based": 4.314500739214361e-46, "geo-based": 1.0, "mixed": 2.663117635147162e-20, "none": 3.545471608415997e-26}, "28": {"type-based": 6.35983745737559e-48, "geo-based": 1.0, "mixed": 7.550966567976785e-21, "none": 1.9735766386527073e-27}, "29": {"type-based": 5.2285331989212624e-49, "geo-based": 1.0, "mixed": 1.1989954975893695e-20, "none": 1.094555065078272e-28}, "30": {"type-based": 4.726602258497783e-51, "geo-based": 1.0, "mixed": 2.127086758921529e-21, "none": 5.971155677613799e-30}, "31": {"type-based": 3.612398154945782e-52, "geo-based": 1.0, "mixed": 3.3439386290734495e-21, "none": 3.0688444427361707e-31}, "32": {"type-based": 5.342263507830056e-54, "geo-based": 1.0, "mixed": 1.1116728432668643e-21, "none": 1.441881504347655e-32}, "33": {"type-based": 3.422893681061384e-55, "geo-based": 1.0, "mixed": 1.7374538969183e-21, "none": 6.24666381843233e-34}, "34": {"type-based": 1.400131138805383e-60, "geo-based": 1.0, "mixed": 1.362412158255434e-25, "none": 3.4377803216627986e-35}, "35": {"type-based": 2.2513248476327286e-62, "geo-based": 1.0, "mixed": 3.1997217938118445e-26, "none": 2.478671521859846e-36}, "36": {"type-based": 2.084696987028744e-63, "geo-based": 1.0, "mixed": 4.952132470707451e-26, "none": 1.5635722810199467e-37}, "37": {"type-based": 1.8527789478722783e-64, "geo-based": 1.0, "mixed": 7.700105652282745e-26, "none": 9.41702969595952e-39}, "38": {"type-based": 1.4915995562496548e-65, "geo-based": 1.0, "mixed": 1.202272521134471e-25, "none": 5.112999129011512e-40}, "39": {"type-based": 8.203921557363737e-67, "geo-based": 1.0, "mixed": 1.8837934103594818e-25, "none": 1.888288018924038e-41}, "40": {"type-based": 3.965278533478549e-68, "geo-based": 1.0, "mixed": 2.9586050029049978e-25, "none": 6.1035930168298e-43}, "41": {"type-based": 2.3069931767536754e-70, "geo-based": 1.0, "mixed": 7.448746823618297e-26, "none": 1.4783876888338866e-44}, "42": {"type-based": 9.471068384481072e-72, "geo-based": 1.0, "mixed": 1.1568977368040586e-25, "none": 4.0846692606819595e-46}, "43": {"type-based": 4.3545590766465593e-73, "geo-based": 1.0, "mixed": 1.8008976162606325e-25, "none": 1.2591016616506297e-47}, "44": {"type-based": 3.1883312078274977e-75, "geo-based": 1.0, "mixed": 5.206222436166466e-26, "none": 3.3252293202932136e-49}, "45": {"type-based": 1.12700949746229e-76, "geo-based": 1.0, "mixed": 8.047356160776079e-26, "none": 7.925842532090905e-51}, "46": {"type-based": 4.690791852394351e-78, "geo-based": 1.0, "mixed": 1.2455119541170327e-25, "none": 2.2164496166103997e-52}}