{"0": {"type-based": 0.25, "geo-based": 0.25, "mixed": 0.25, "none": 0.25}, "1": {"type-based": 0.25, "geo-based": 0.25, "mixed": 0.25, "none": 0.25}, "2": {"type-based": 0.25, "geo-based": 0.25, "mixed": 0.25, "none": 0.25}, "3": {"type-based": 0.1375588293596905, "geo-based": 0.33060494479710334, "mixed": 0.42519897418254954, "none": 0.10663725166065652}, "4": {"type-based": 0.04645140467712993, "geo-based": 0.32094538521025745, "mixed": 0.6077267820297053, "none": 0.024876428082907204}, "5": {"type-based": 1.3501344079401274e-05, "geo-based": 0.9846510840779094, "mixed": 0.0009562005814742891, "none": 0.014379213996536938}, "6": {"type-based": 1.25837348644841e-09, "geo-based": 0.9971515671732667, "mixed": 4.669038449551479e-07, "none": 0.002847964664514848}, "7": {"type-based": 2.982598317458504e-10, "geo-based": 0.9995146723455588, "mixed": 6.483748808883703e-07, "none": 0.0004846789813004635}, "8": {"type-based": 5.985867472668681e-11, "geo-based": 0.9999319415217071, "mixed": 9.304166499527092e-07, "none": 6.712800178432288e-05}, "9": {"type-based": 8.350920613112232e-12, "geo-based": 0.9999923346964082, "mixed": 1.3592223841704403e-06, "none": 6.3060728567564575e-06}, "10": {"type-based": 1.2923709476411865e-12, "geo-based": 0.9999973127878246, "mixed": 2.040964748562057e-06, "none": 6.462461345884845e-07}, "11": {"type-based": 1.8428901504563132e-13, "geo-based": 0.9999967674706057, "mixed": 3.1722408248620828e-06, "none": 6.02883853116913e-08}, "12": {"type-based": 2.616808431462382e-14, "geo-based": 0.9999949312110685, "mixed": 5.0632395814293055e-06, "none": 5.549324063660308e-09}, "13": {"type-based": 3.834074039192015e-15, "geo-based": 0.9999917854100422, "mixed": 8.214066674177663e-06, "none": 5.232798851265645e-10}, "14": {"type-based": 5.763793584257922e-16, "geo-based": 0.9999865052849958, "mixed": 1.3494664668789815e-05, "none": 5.033477253559368e-11}, "15": {"type-based": 8.809689655789027e-17, "geo-based": 0.999977608174202, "mixed": 2.2391820898749793e-05, "none": 4.899302777420479e-12}, "16": {"type-based": 1.3685934230320233e-17, "geo-based": 0.9999625460865124, "mixed": 3.745391300494493e-05, "none": 4.82755998492202e-13}, "17": {"type-based": 1.677679221123842e-18, "geo-based": 0.9999369227997948, "mixed": 6.307720016775582e-05, "none": 3.7408360969574544e-14}, "18": {"type-based": 2.107654712439251e-19, "geo-based": 0.9998927052024877, "mixed": 0.00010729479750932336, "none": 2.9620960492896474e-15}, "19": {"type-based": 3.024167547961382e-20, "geo-based": 0.9998161835115702, "mixed": 0.0001838164884295147, "none": 2.6720507830302614e-16}, "20": {"type-based": 2.389666910507205e-22, "geo-based": 0.9999802290524601, "mixed": 1.977094753986087e-05, "none": 2.1172055286479587e-17}, "21": {"type-based": 2.9524331135488725e-23, "geo-based": 0.9999665389018502, "mixed": 3.346109814975647e-05, "none": 1.6684574568180254e-18}, "22": {"type-based": 2.349467603440978e-25, "geo-based": 0.999996653901293, "mixed": 3.3460987068668923e-06, "none": 1.434140514118077e-19}, "23": {"type-based": 2.4209058762211205e-26, "geo-based": 0.9999943906654172, "mixed": 5.609334582834414e-06, "none": 9.424088914173863e-21}, "24": {"type-based": 1.3630544162263473e-28, "geo-based": 0.9999994750795311, "mixed": 5.249204689079486e-07, "none": 6.068589563509903e-22}, "25": {"type-based": 1.569279893951233e-30, "geo-based": 0.9999999029562091, "mixed": 9.704379086739052e-08, "none": 4.0449816257762973e-23}, "26": {"type-based": 1.86523291486112e-31, "geo-based": 0.9999998408711217, "mixed": 1.5912887826858002e-07, "none": 3.1391883816070564e-24}, "27": {"type-based": 1.1143282326756432e-36, "geo-based": 0.9999999999862117, "mixed": 1.37883291379591e-11, "none": 2.3179739255639684e-25}, "28": {"type-based": 5.49755742213213e-42, "geo-based": 0.9999999999999989, "mixed": 1.1913427842385485e-15, "none": 1.4163085941942644e-26}, "29": {"type-based": 5.353534285461087e-44, "geo-based": 0.9999999999999998, "mixed": 2.055355885416199e-16, "none": 8.552995764604685e-28}, "30": {"type-based": 6.8421742685054444e-46, "geo-based": 1.0, "mixed": 5.261422786918215e-17, "none": 4.569704425496754e-29}, "31": {"type-based": 5.009190194088246e-47, "geo-based": 1.0, "mixed": 8.410539892996298e-17, "none": 2.2385466369764716e-30}, "32": {"type-based": 3.575779680769124e-48, "geo-based": 0.9999999999999998, "mixed": 1.3481643597385112e-16, "none": 1.0642225013447406e-31}, "33": {"type-based": 2.385292325327662e-49, "geo-based": 0.9999999999999998, "mixed": 2.1657277285302655e-16, "none": 4.707722886129045e-33}, "34": {"type-based": 7.0325839054488e-55, "geo-based": 1.0, "mixed": 1.5836513102383476e-20, "none": 2.01716078895097e-34}, "35": {"type-based": 6.863421435896387e-57, "geo-based": 1.0, "mixed": 3.4652850502460865e-21, "none": 9.53527360474848e-36}, "36": {"type-based": 5.227855377964682e-58, "geo-based": 1.0, "mixed": 5.512424894963304e-21, "none": 4.843520238715717e-37}, "37": {"type-based": 3.3778196563008555e-60, "geo-based": 1.0, "mixed": 7.655289929851888e-22, "none": 2.389471077619321e-38}, "38": {"type-based": 2.2118340332749088e-61, "geo-based": 1.0, "mixed": 1.2082220549381072e-21, "none": 1.0413344030197431e-39}, "39": {"type-based": 1.4616453286007744e-62, "geo-based": 1.0, "mixed": 1.912387818643035e-21, "none": 4.5628901028742154e-41}, "40": {"type-based": 9.744526567711943e-64, "geo-based": 1.0, "mixed": 3.0351645445178862e-21, "none": 2.0101603144367045e-42}, "41": {"type-based": 6.802394282881862e-65, "geo-based": 1.0, "mixed": 4.829594525051431e-21, "none": 9.243261923033899e-44}, "42": {"type-based": 6.05612711246157e-67, "geo-based": 1.0, "mixed": 1.1417316577426557e-21, "none": 3.647396685483752e-45}, "43": {"type-based": 3.2037548131773473e-68, "geo-based": 1.0, "mixed": 1.810380177690314e-21, "none": 1.276987873140369e-46}, "44": {"type-based": 1.5212977005586727e-69, "geo-based": 1.0, "mixed": 2.8756969952006482e-21, "none": 4.0011002719476434e-48}, "45": {"type-based": 7.780757147289501e-71, "geo-based": 1.0, "mixed": 4.5721182688413276e-21, "none": 1.3465091496846007e-49}, "46": {"type-based": 3.4302947509442034e-72, "geo-based": 1.0, "mixed": 7.278301716845649e-21, "none": 3.8958619494216925e-51}, "47": {"type-based": 1.8477137258370498e-74, "geo-based": 1.0, "mixed": 1.4963966636505115e-21, "none": 1.064465922893227e-52}, "48": {"type-based": 9.461556248591606e-76, "geo-based": 1.0, "mixed": 2.362593836836853e-21, "none": 3.5980821325195504e-54}, "49": {"type-based": 5.4808610888578586e-77, "geo-based": 1.0, "mixed": 3.733734277979472e-21, "none": 1.3723418363697184e-55}, "50": {"type-based": 1.811555708807981e-78, "geo-based": 1.0, "mixed": 5.90915445383479e-21, "none": 2.979396366430292e-57}}