{"0": {"type-based": 0.25, "geo-based": 0.25, "mixed": 0.25, "none": 0.25}, "1": {"type-based": 0.25, "geo-based": 0.25, "mixed": 0.25, "none": 0.25}, "2": {"type-based": 0.25, "geo-based": 0.25, "mixed": 0.25, "none": 0.25}, "3": {"type-based": 0.0003120813812818684, "geo-based": 0.7996569689722808, "mixed": 0.0012088763785381403, "none": 0.19882207326789922}, "4": {"type-based": 9.267762722038889e-05, "geo-based": 0.9524760320498392, "mixed": 0.0018112741127081042, "none": 0.04562001621023234}, "5": {"type-based": 2.0336302193204315e-05, "geo-based": 0.9904702718269502, "mixed": 0.0026067505295147334, "none": 0.006902641341341742}, "6": {"type-based": 1.204166972825223e-09, "geo-based": 0.9991869600522858, "mixed": 1.257563599033117e-06, "none": 0.0008117811799480617}, "7": {"type-based": 5.2653510765565555e-11, "geo-based": 0.9999230253150428, "mixed": 5.653888861511121e-07, "none": 7.640924341725946e-05}, "8": {"type-based": 5.466784986624045e-12, "geo-based": 0.999993227549616, "mixed": 7.158286842140363e-07, "none": 6.056616233054611e-06}, "9": {"type-based": 5.637201473643006e-13, "geo-based": 0.9999985978706276, "mixed": 9.498450214265159e-07, "none": 4.522837873046281e-07}, "10": {"type-based": 1.0968797666259927e-14, "geo-based": 0.9999997081344313, "mixed": 2.6106106369432426e-07, "none": 3.080449425539858e-08}, "11": {"type-based": 3.488717039561859e-16, "geo-based": 0.9999998590847036, "mixed": 1.3911713043282156e-07, "none": 1.7981655400916338e-09}, "12": {"type-based": 2.4450025832943818e-17, "geo-based": 0.9999998202595685, "mixed": 1.796436395341397e-07, "none": 9.679211320653858e-11}, "13": {"type-based": 1.5970037574411978e-18, "geo-based": 0.9999997592714462, "mixed": 2.407238684572919e-07, "none": 4.685466488657169e-12}, "14": {"type-based": 3.775938013355685e-20, "geo-based": 0.9999998579013913, "mixed": 1.420984221424825e-07, "none": 1.865620246217808e-13}, "15": {"type-based": 1.0754708558861445e-21, "geo-based": 0.9999998911024205, "mixed": 1.0889757264266704e-07, "none": 6.9358659169149295e-15}, "16": {"type-based": 4.8136682512253343e-23, "geo-based": 0.9999998579008165, "mixed": 1.4209918333074118e-07, "none": 2.3905178740232234e-16}, "17": {"type-based": 2.332173572486931e-24, "geo-based": 0.9999998096753708, "mixed": 1.903246291438592e-07, "none": 8.681531185748669e-18}, "18": {"type-based": 1.013500587775829e-25, "geo-based": 0.9999997405737098, "mixed": 2.594262901289441e-07, "none": 2.7679643872075695e-19}, "19": {"type-based": 8.330881009655514e-28, "geo-based": 0.9999999282341456, "mixed": 7.176585421872943e-08, "none": 8.198285558482774e-21}, "20": {"type-based": 3.3512080349394193e-29, "geo-based": 0.9999999030370749, "mixed": 9.696292519483027e-08, "none": 2.4225258390982474e-22}, "21": {"type-based": 3.631210052366691e-31, "geo-based": 0.9999999639056383, "mixed": 3.609436182770543e-08, "none": 6.956223640255615e-24}, "22": {"type-based": 7.404954715520031e-33, "geo-based": 0.999999978182545, "mixed": 2.181745494476375e-08, "none": 2.294516249386248e-25}, "23": {"type-based": 1.3733129684610942e-34, "geo-based": 0.9999999846424505, "mixed": 1.5357549339632355e-08, "none": 5.855696139972963e-27}, "24": {"type-based": 4.711962104097529e-36, "geo-based": 0.9999999806756835, "mixed": 1.9324316541698702e-08, "none": 1.5389406982185635e-28}, "25": {"type-based": 1.333120990838819e-37, "geo-based": 0.9999999755027972, "mixed": 2.4497202781594417e-08, "none": 3.277129408192605e-30}, "26": {"type-based": 3.6660714675466244e-39, "geo-based": 0.9999999686620561, "mixed": 3.133794402658685e-08, "none": 6.681688485341151e-32}, "27": {"type-based": 9.982381197516476e-41, "geo-based": 0.9999999596366066, "mixed": 4.036339340325651e-08, "none": 1.3313527071221707e-33}, "28": {"type-based": 2.7405576189567794e-42, "geo-based": 0.9999999476814502, "mixed": 5.231854985421294e-08, "none": 2.64412092154541e-35}, "29": {"type-based": 7.146341387294746e-44, "geo-based": 0.9999999318287329, "mixed": 6.817126706182653e-08, "none": 4.937367589325549e-37}}