{"0": {"type-based": 0, "geo-based": 0, "mixed": 0, "none": 0}, "1": {"type-based": -7.576097340623111, "geo-based": -7.576097340623111, "mixed": -7.576097340623111, "none": -7.576097340623111}, "2": {"type-based": -15.152194681246222, "geo-based": -15.152194681246222, "mixed": -15.152194681246222, "none": -15.152194681246222}, "3": {"type-based": -16.939362582529427, "geo-based": -21.47714602122421, "mixed": -16.762129349588964, "none": -22.728292021869333}, "4": {"type-based": -18.670743845207546, "geo-based": -32.04546087193072, "mixed": -22.675034473035172, "none": -30.304389362492444}, "5": {"type-based": -20.373012211902452, "geo-based": -38.56430268827283, "mixed": -23.421165861169428, "none": -37.88048670311555}, "6": {"type-based": -22.057394721883703, "geo-based": -47.55325032254071, "mixed": -26.661110673944442, "none": -45.45658404373866}, "7": {"type-based": -23.72967207911461, "geo-based": -54.78548456775287, "mixed": -28.384982088406026, "none": -53.032681384361766}, "8": {"type-based": -25.393211793747046, "geo-based": -61.71132101570276, "mixed": -30.115144172296013, "none": -60.60877872498487}, "9": {"type-based": -27.05014753041041, "geo-based": -68.12999293257958, "mixed": -31.037074757549448, "none": -68.18487606560798}, "10": {"type-based": -37.807007314074546, "geo-based": -84.58900077992078, "mixed": -50.972396602402185, "none": -75.76097340623109}, "11": {"type-based": -49.25753596281906, "geo-based": -93.35410516377212, "mixed": -63.18257326722487, "none": -83.3370707468542}, "12": {"type-based": -54.212430764657995, "geo-based": -101.18532879493766, "mixed": -68.38267306456589, "none": -90.9131680874773}}