{"0": {"type-based": 0, "geo-based": 0, "mixed": 0, "none": 0}, "1": {"type-based": -7.576097340623111, "geo-based": -7.576097340623111, "mixed": -7.576097340623111, "none": -7.576097340623111}, "2": {"type-based": -15.152194681246222, "geo-based": -15.152194681246222, "mixed": -15.152194681246222, "none": -15.152194681246222}, "3": {"type-based": -22.473673249789684, "geo-based": -21.666820841191523, "mixed": -21.40058531665926, "none": -22.728292021869333}, "4": {"type-based": -29.679903348827583, "geo-based": -27.80900156584164, "mixed": -27.14810892972995, "none": -30.304389362492444}, "5": {"type-based": -36.844535586040955, "geo-based": -33.697477447415785, "mixed": -32.58690903308365, "none": -37.88048670311555}, "6": {"type-based": -43.987696050032454, "geo-based": -39.39100937183707, "mixed": -37.80855460306635, "none": -45.45658404373866}, "7": {"type-based": -51.11774685038712, "geo-based": -44.92981545302386, "mixed": -42.86168628030781, "none": -53.032681384361766}, "8": {"type-based": -58.23896067173646, "geo-based": -50.36620884783217, "mixed": -47.80224450601658, "none": -60.60877872498487}, "9": {"type-based": -65.3538138444742, "geo-based": -55.75299689270991, "mixed": -52.681820544863974, "none": -68.18487606560798}, "10": {"type-based": -81.45119145127015, "geo-based": -61.10005155972461, "mixed": -66.49888567368055, "none": -75.76097340623109}, "11": {"type-based": -88.58804188939112, "geo-based": -66.41998603742137, "mixed": -71.32258905466213, "none": -83.3370707468542}, "12": {"type-based": -97.91462796319522, "geo-based": -71.73499098642746, "mixed": -78.32928737306062, "none": -90.9131680874773}, "13": {"type-based": -105.06825952545945, "geo-based": -77.01762589255895, "mixed": -83.12448564724214, "none": -98.48926542810041}, "14": {"type-based": -121.42481688342683, "geo-based": -82.24996611117375, "mixed": -97.07142676971647, "none": -106.06536276872352}, "15": {"type-based": -128.57549293147275, "geo-based": -87.42126277501131, "mixed": -101.7669640680527, "none": -113.64146010934662}, "16": {"type-based": -145.02533186946062, "geo-based": -92.55154930825539, "mixed": -115.71890585217511, "none": -121.21755744996973}, "17": {"type-based": -152.16978812211028, "geo-based": -97.66391347791422, "mixed": -120.34818453866252, "none": -128.79365479059285}, "18": {"type-based": -159.3087008182618, "geo-based": -102.6993624338544, "mixed": -124.89540499548924, "none": -136.36975213121596}, "19": {"type-based": -166.44289862368754, "geo-based": -107.66447628508548, "mixed": -129.36773314612893, "none": -143.94584947183907}, "20": {"type-based": -173.57303727654283, "geo-based": -112.55058194188211, "mixed": -133.75709352039974, "none": -151.52194681246218}, "21": {"type-based": -183.40676194878088, "geo-based": -117.42391412108263, "mixed": -140.8372392288541, "none": -159.09804415308528}, "22": {"type-based": -200.1667089069609, "geo-based": -122.30949592599745, "mixed": -154.85509652989663, "none": -166.6741414937084}, "23": {"type-based": -210.02037172187946, "geo-based": -127.1606385671482, "mixed": -161.93064881254094, "none": -174.2502388343315}, "24": {"type-based": -219.18385152858136, "geo-based": -131.97909434818374, "mixed": -168.28172995686916, "none": -181.8263361749546}, "25": {"type-based": -228.34978982327274, "geo-based": -136.76828224591532, "mixed": -174.60439316299002, "none": -189.4024335155777}, "26": {"type-based": -235.51505953757274, "geo-based": -141.69521505233027, "mixed": -179.06372187197388, "none": -196.97853085620082}, "27": {"type-based": -244.3486723913375, "geo-based": -146.52025345052363, "mixed": -185.08745836894008, "none": -204.55462819682393}, "28": {"type-based": -253.60041994190266, "geo-based": -151.31836243152574, "mixed": -191.5017153660766, "none": -212.13072553744703}, "29": {"type-based": -270.4692215709855, "geo-based": -156.08851901627364, "mixed": -205.50446613536928, "none": -219.70682287807014}, "30": {"type-based": -277.65992699264973, "geo-based": -160.83926203738486, "mixed": -209.810438326381, "none": -227.28292021869325}, "31": {"type-based": -284.8442275195245, "geo-based": -165.62813932291505, "mixed": -214.14833849815503, "none": -234.85901755931636}, "32": {"type-based": -294.9122279339318, "geo-based": -170.40372781030743, "mixed": -221.3581641733038, "none": -242.43511489993946}, "33": {"type-based": -303.8847368993961, "geo-based": -175.06939458638846, "mixed": -227.37058266789467, "none": -250.01121224056257}, "34": {"type-based": -311.0795748406213, "geo-based": -179.7441415114001, "mixed": -231.61511868871943, "none": -257.5873095811857}, "35": {"type-based": -318.2684893726264, "geo-based": -184.45864013712418, "mixed": -235.89438236970628, "none": -265.1634069218088}, "36": {"type-based": -325.45204264043105, "geo-based": -189.2102786953078, "mixed": -240.2046957000029, "none": -272.7395042624319}, "37": {"type-based": -332.6307203237548, "geo-based": -193.894505822732, "mixed": -244.44455822069784, "none": -280.31560160305503}, "38": {"type-based": -339.80494491430954, "geo-based": -198.52225425510252, "mixed": -248.62534302950667, "none": -287.89169894367814}, "39": {"type-based": -346.97508622915086, "geo-based": -203.096570522557, "mixed": -252.75040951151752, "none": -295.46779628430124}, "40": {"type-based": -354.1414698233835, "geo-based": -207.65560837240415, "mixed": -256.85825727458837, "none": -303.04389362492435}, "41": {"type-based": -361.3043837868387, "geo-based": -212.25658634798208, "mixed": -261.0055521121501, "none": -310.61999096554746}, "42": {"type-based": -368.46408428366385, "geo-based": -216.99114761622482, "mixed": -265.28474700168266, "none": -318.19608830617057}, "43": {"type-based": -377.53012967650517, "geo-based": -221.76108525272295, "mixed": -271.5099878820178, "none": -325.7721856467937}, "44": {"type-based": -384.6944964783277, "geo-based": -226.5799482111966, "mixed": -275.8888908489447, "none": -333.3482829874168}, "45": {"type-based": -391.8558320158021, "geo-based": -231.43984009257701, "mixed": -280.3125710237157, "none": -340.9243803280399}, "46": {"type-based": -401.68802030711555, "geo-based": -236.32618856830814, "mixed": -287.44145657425184, "none": -348.500477668663}, "47": {"type-based": -408.8480805124898, "geo-based": -241.1564041610945, "mixed": -291.8511893855549, "none": -356.0765750092861}, "48": {"type-based": -416.0054438474839, "geo-based": -246.04069943617782, "mixed": -296.3194817883122, "none": -363.6526723499092}, "49": {"type-based": -425.20775282881726, "geo-based": -250.84521487807712, "mixed": -302.76300559866155, "none": -371.2287696905323}}