{"0": {"type-based": 0, "geo-based": 0, "mixed": 0, "none": 0}, "1": {"type-based": -7.576097340623111, "geo-based": -7.576097340623111, "mixed": -7.576097340623111, "none": -7.576097340623111}, "2": {"type-based": -15.152194681246222, "geo-based": -15.152194681246222, "mixed": -15.152194681246222, "none": -15.152194681246222}, "3": {"type-based": -19.022385270138873, "geo-based": -23.28141156400759, "mixed": -19.560263033998623, "none": -22.728292021869333}, "4": {"type-based": -22.885941617877407, "geo-based": -29.75400070093972, "mixed": -22.30409979821702, "none": -30.304389362492444}, "5": {"type-based": -26.746163432165385, "geo-based": -36.17302521508945, "mixed": -24.981598997277, "none": -37.88048670311555}, "6": {"type-based": -39.121772079851816, "geo-based": -46.64345313448233, "mixed": -40.241364776484204, "none": -45.45658404373866}, "7": {"type-based": -44.609507805834824, "geo-based": -54.53340764746979, "mixed": -46.00499441218892, "none": -53.032681384361766}, "8": {"type-based": -49.425050686614334, "geo-based": -61.63929190206335, "mixed": -50.43589518564423, "none": -60.60877872498487}}