{"0": {"type-based": 0, "geo-based": 0, "mixed": 0, "none": 0}, "1": {"type-based": -7.576097340623111, "geo-based": -7.576097340623111, "mixed": -7.576097340623111, "none": -7.576097340623111}, "2": {"type-based": -15.152194681246222, "geo-based": -15.152194681246222, "mixed": -15.152194681246222, "none": -15.152194681246222}, "3": {"type-based": -22.228327928866857, "geo-based": -21.4843753297195, "mixed": -21.02022167809443, "none": -22.728292021869333}, "4": {"type-based": -29.304353096326626, "geo-based": -27.38273106335297, "mixed": -26.46842220342077, "none": -30.304389362492444}, "5": {"type-based": -36.380324205817054, "geo-based": -32.89183717394279, "mixed": -31.531891678240253, "none": -37.88048670311555}, "6": {"type-based": -43.45626287479911, "geo-based": -38.27354781852363, "mixed": -36.46620047313226, "none": -45.45658404373866}, "7": {"type-based": -50.532179914388855, "geo-based": -43.979589085720356, "mixed": -41.716863165989764, "none": -53.032681384361766}, "8": {"type-based": -57.60808150324353, "geo-based": -49.556934252156154, "mixed": -46.82241747544607, "none": -60.60877872498487}, "9": {"type-based": -64.68397150340746, "geo-based": -54.980578835571144, "mixed": -51.768155971327964, "none": -68.18487606560798}, "10": {"type-based": -71.75985248976629, "geo-based": -60.530875901997106, "mixed": -56.84248839395964, "none": -75.76097340623109}, "11": {"type-based": -78.83572626484226, "geo-based": -66.07455363986647, "mixed": -61.9143353687955, "none": -83.3370707468542}, "12": {"type-based": -85.91159413961988, "geo-based": -71.41823431980977, "mixed": -66.7926119700781, "none": -90.9131680874773}, "13": {"type-based": -92.98745709737364, "geo-based": -76.71569658843839, "mixed": -71.6319770219543, "none": -98.48926542810041}, "14": {"type-based": -100.06331589449168, "geo-based": -81.95927604043521, "mixed": -76.42555797706368, "none": -106.06536276872352}, "15": {"type-based": -107.13917112529433, "geo-based": -87.01145192708772, "mixed": -81.03587473029025, "none": -113.64146010934662}, "16": {"type-based": -114.21502326524828, "geo-based": -91.85699154557719, "mixed": -85.4473127960998, "none": -121.21755744996973}, "17": {"type-based": -121.29087270067765, "geo-based": -96.69368422989953, "mixed": -89.85520683295826, "none": -128.79365479059285}, "18": {"type-based": -128.36671974973703, "geo-based": -102.07984885860142, "mixed": -94.81752021686064, "none": -136.36975213121596}, "19": {"type-based": -135.44256467755915, "geo-based": -106.82646568646999, "mixed": -99.14733155803005, "none": -143.94584947183907}, "20": {"type-based": -142.51840770741654, "geo-based": -111.5034140558126, "mixed": -103.41351073324667, "none": -151.52194681246218}, "21": {"type-based": -149.5942490290931, "geo-based": -116.13317100387299, "mixed": -107.63711315851613, "none": -159.09804415308528}, "22": {"type-based": -156.67008880526248, "geo-based": -120.79516267954102, "mixed": -111.89573384038599, "none": -166.6741414937084}, "23": {"type-based": -163.74592717641687, "geo-based": -125.85149346213993, "mixed": -116.550613379531, "none": -174.2502388343315}, "24": {"type-based": -170.82176426472444, "geo-based": -130.54456531040276, "mixed": -120.8394645919101, "none": -181.8263361749546}, "25": {"type-based": -177.8976001770832, "geo-based": -135.07687546021103, "mixed": -124.96284049921866, "none": -189.4024335155777}, "26": {"type-based": -184.97343500756406, "geo-based": -139.65033589483636, "mixed": -129.1241945218886, "none": -196.97853085620082}, "27": {"type-based": -192.04926883938415, "geo-based": -144.169605709547, "mixed": -133.22710843574512, "none": -204.55462819682393}, "28": {"type-based": -199.12510174651476, "geo-based": -148.69274853067392, "mixed": -137.32981842073613, "none": -212.13072553744703}, "29": {"type-based": -206.20093379500196, "geo-based": -153.21320963777163, "mixed": -141.42637975073924, "none": -219.70682287807014}, "30": {"type-based": -213.27676504405986, "geo-based": -157.78485565104273, "mixed": -145.57119480208738, "none": -227.28292021869325}, "31": {"type-based": -220.3525955469814, "geo-based": -162.31105407954269, "mixed": -149.6674088445313, "none": -234.85901755931636}, "32": {"type-based": -227.42842535190232, "geo-based": -166.88481053098496, "mixed": -153.807685043047, "none": -242.43511489993946}, "33": {"type-based": -234.5042545024459, "geo-based": -171.44815057655205, "mixed": -157.9318826805983, "none": -250.01121224056257}, "34": {"type-based": -241.5800830382697, "geo-based": -175.98969029498315, "mixed": -162.02640031913063, "none": -257.5873095811857}, "35": {"type-based": -248.65591099553237, "geo-based": -180.37800578724537, "mixed": -165.96103247460863, "none": -265.1634069218088}, "36": {"type-based": -255.73173840729328, "geo-based": -184.72529147726019, "mixed": -169.84024658159734, "none": -272.7395042624319}, "37": {"type-based": -262.80756530385696, "geo-based": -189.0683495388429, "mixed": -173.70120470074144, "none": -280.31560160305503}, "38": {"type-based": -269.8833917130709, "geo-based": -193.69858316973668, "mixed": -177.835547607968, "none": -287.89169894367814}, "39": {"type-based": -276.9592176605843, "geo-based": -198.43562871376653, "mixed": -182.0691902100477, "none": -295.46779628430124}, "40": {"type-based": -284.03504317007315, "geo-based": -203.3037915959325, "mixed": -186.42826007036064, "none": -303.04389362492435}, "41": {"type-based": -291.110868263438, "geo-based": -208.74857114191434, "mixed": -191.36038936891893, "none": -310.61999096554746}, "42": {"type-based": -298.186692960977, "geo-based": -213.8242815634033, "mixed": -195.92301442776548, "none": -318.19608830617057}, "43": {"type-based": -305.2625172815383, "geo-based": -220.88213026147247, "mixed": -202.46694783221392, "none": -325.7721856467937}, "44": {"type-based": -312.3383412426553, "geo-based": -227.50727685929178, "mixed": -208.58207247215597, "none": -333.3482829874168}, "45": {"type-based": -319.41416486066584, "geo-based": -234.666318850971, "mixed": -215.23416987989648, "none": -340.9243803280399}, "46": {"type-based": -337.2044281415464, "geo-based": -242.15720048597916, "mixed": -232.93575558300063, "none": -348.500477668663}, "47": {"type-based": -344.28641233247026, "geo-based": -250.57409733343155, "mixed": -240.85685316609514, "none": -356.0765750092861}, "48": {"type-based": -351.3682626847649, "geo-based": -257.3447064539956, "mixed": -247.1351391303835, "none": -363.6526723499092}, "49": {"type-based": -358.449984876782, "geo-based": -263.9516945072561, "mixed": -253.2508602613604, "none": -371.2287696905323}, "50": {"type-based": -365.53158423300727, "geo-based": -270.2901575338947, "mixed": -259.0992258327292, "none": -378.8048670311554}, "51": {"type-based": -372.613065752865, "geo-based": -276.17440315462903, "mixed": -264.49337240560624, "none": -386.38096437177853}, "52": {"type-based": -379.6944341366507, "geo-based": -281.6320357761749, "mixed": -269.45991046274855, "none": -393.95706171240164}, "53": {"type-based": -386.7756938089281, "geo-based": -287.9544399525009, "mixed": -275.2894622933525, "none": -401.53315905302475}, "54": {"type-based": -393.8568489396823, "geo-based": -294.02863884689685, "mixed": -280.8704914473043, "none": -409.10925639364785}, "55": {"type-based": -400.93790346348294, "geo-based": -299.85773276817065, "mixed": -286.2059636796017, "none": -416.68535373427096}, "56": {"type-based": -408.01886109687706, "geo-based": -306.15683083930645, "mixed": -292.01010478738147, "none": -424.26145107489407}, "57": {"type-based": -415.0997253542054, "geo-based": -312.3433579270074, "mixed": -297.7014784374188, "none": -431.8375484155172}, "58": {"type-based": -422.18049956200963, "geo-based": -318.358188533059, "mixed": -303.22091775472126, "none": -439.4136457561403}, "59": {"type-based": -429.2611868721789, "geo-based": -324.0867407613978, "mixed": -308.45362358676647, "none": -446.9897430967634}, "60": {"type-based": -436.34179027396596,