{"0": {"type-based": 0, "geo-based": 0, "mixed": 0, "none": 0}, "1": {"type-based": -7.576097340623111, "geo-based": -7.576097340623111, "mixed": -7.576097340623111, "none": -7.576097340623111}, "2": {"type-based": -15.152194681246222, "geo-based": -15.152194681246222, "mixed": -15.152194681246222, "none": -15.152194681246222}, "3": {"type-based": -20.950713215484743, "geo-based": -21.267473184079915, "mixed": -19.515690244440176, "none": -22.728292021869333}, "4": {"type-based": -26.74841243442691, "geo-based": -27.169073355982043, "mixed": -23.628884791680182, "none": -30.304389362492444}, "5": {"type-based": -32.54570164138144, "geo-based": -32.76492197025394, "mixed": -27.453966177710324, "none": -37.88048670311555}, "6": {"type-based": -38.34274472761719, "geo-based": -38.50623356261681, "mixed": -31.49120351373997, "none": -45.45658404373866}, "7": {"type-based": -44.13962368603931, "geo-based": -44.06404378681166, "mixed": -35.415336292183135, "none": -53.032681384361766}, "8": {"type-based": -49.93638538711455, "geo-based": -49.479719531895945, "mixed": -39.24269175186614, "none": -60.60877872498487}, "9": {"type-based": -55.733059132491405, "geo-based": -54.71927402022003, "mixed": -42.948700163640204, "none": -68.18487606560798}, "10": {"type-based": -61.52966446036002, "geo-based": -59.83684786824753, "mixed": -46.56246887561235, "none": -75.76097340623109}, "11": {"type-based": -67.32621504948315, "geo-based": -64.88036799298622, "mixed": -50.129470701216434, "none": -83.3370707468542}, "12": {"type-based": -73.12272084922651, "geo-based": -69.84634258057078, "mixed": -53.64417148521393, "none": -90.9131680874773}, "13": {"type-based": -78.91918932233216, "geo-based": -74.74494777138413, "mixed": -57.110767608642874, "none": -98.48926542810041}, "14": {"type-based": -84.71562620982972, "geo-based": -79.80198817476278, "mixed": -60.75787245034228, "none": -106.06536276872352}, "15": {"type-based": -90.51203602283259, "geo-based": -84.76474385035256, "mixed": -64.32215906533075, "none": -113.64146010934662}, "16": {"type-based": -96.30842237043974, "geo-based": -89.6069303853887, "mixed": -67.7784018382695, "none": -121.21755744996973}, "17": {"type-based": -102.10478818519066, "geo-based": -94.35623318129825, "mixed": -71.1505058263856, "none": -128.79365479059285}, "18": {"type-based": -107.90113588222323, "geo-based": -98.91786635480355, "mixed": -74.33815998385725, "none": -136.36975213121596}, "19": {"type-based": -113.69746747422994, "geo-based": -103.46466303162104, "mixed": -77.51897953045106, "none": -143.94584947183907}, "20": {"type-based": -119.49378465616753, "geo-based": -107.92264388626974, "mixed": -80.62069712288094, "none": -151.52194681246218}, "21": {"type-based": -125.29008886879336, "geo-based": -112.59853454141339, "mixed": -83.95554556145346, "none": -159.09804415308528}, "22": {"type-based": -131.08638134707618, "geo-based": -117.4067465385371, "mixed": -87.4369883413888, "none": -166.6741414937084}, "23": {"type-based": -136.8826631576065, "geo-based": -121.70582103021516, "mixed": -90.4227304295014, "none": -174.2502388343315}, "24": {"type-based": -142.67893522787523, "geo-based": -125.99705258718924, "mixed": -93.42012278446776, "none": -181.8263361749546}, "25": {"type-based": -148.47519836945366, "geo-based": -131.64716302591722, "mixed": -97.79594906859849, "none": -189.4024335155777}, "26": {"type-based": -154.27145329653808, "geo-based": -137.01581954203832, "mixed": -101.89819360314755, "none": -196.97853085620082}, "27": {"type-based": -160.0677006409284, "geo-based": -142.55531775328757, "mixed": -106.17921706790709, "none": -204.55462819682393}, "28": {"type-based": -165.86394096423365, "geo-based": -147.79254722462957, "mixed": -110.1582441206569, "none": -212.13072553744703}, "29": {"type-based": -171.66017476789784, "geo-based": -152.58557466582644, "mixed": -113.69245322805877, "none": -219.70682287807014}, "30": {"type-based": -177.45640250149768, "geo-based": -158.38748420801653, "mixed": -118.23244156379481, "none": -227.28292021869325}, "31": {"type-based": -183.25262456965737, "geo-based": -163.86399774072746, "mixed": -122.44679430219536, "none": -234.85901755931636}, "32": {"type-based": -189.04884133784833, "geo-based": -168.13949483124287, "mixed": -125.45621621984203, "none": -242.43511489993946}, "33": {"type-based": -194.84505313728275, "geo-based": -172.4487215101378, "mixed": -128.50319763397238, "none": -250.01121224056257}, "34": {"type-based": -200.64126026906578, "geo-based": -176.32922262341367, "mixed": -131.12160350324987, "none": -257.5873095811857}, "35": {"type-based": -206.4374630077372, "geo-based": -180.22236490818864, "mixed": -133.7589600421584, "none": -265.1634069218088}, "36": {"type-based": -212.23366160430703, "geo-based": -183.9629360179588, "mixed": -136.2463556201189, "none": -272.7395042624319}, "37": {"type-based": -218.02985628886992, "geo-based": -187.96505023992697, "mixed": -138.99601684483076, "none": -280.31560160305503}}