{"0": {"type-based": 0, "geo-based": 0, "mixed": 0, "none": 0}, "1": {"type-based": -7.576097340623111, "geo-based": -7.576097340623111, "mixed": -7.576097340623111, "none": -7.576097340623111}, "2": {"type-based": -15.152194681246222, "geo-based": -15.152194681246222, "mixed": -15.152194681246222, "none": -15.152194681246222}, "3": {"type-based": -27.846697023549414, "geo-based": -21.340662430928795, "mixed": -26.331838162239222, "none": -22.728292021869333}, "4": {"type-based": -35.164867509621295, "geo-based": -27.279395060951202, "mixed": -32.03762191680856, "none": -30.304389362492444}, "5": {"type-based": -42.369241942538416, "geo-based": -32.888430305951594, "mixed": -37.32185662424921, "none": -37.88048670311555}, "6": {"type-based": -49.5325846726264, "geo-based": -38.24655471980029, "mixed": -42.3212904487184, "none": -45.45658404373866}, "7": {"type-based": -64.96905669116796, "geo-based": -43.33513175972003, "mixed": -55.32572192531421, "none": -53.032681384361766}, "8": {"type-based": -72.17424718796025, "geo-based": -48.25435761147666, "mixed": -59.9121930436041, "none": -60.60877872498487}, "9": {"type-based": -80.96350934093492, "geo-based": -53.047696167085824, "mixed": -65.95513193186154, "none": -68.18487606560798}, "10": {"type-based": -89.10898693537558, "geo-based": -57.70510458542189, "mixed": -71.20524745916777, "none": -75.76097340623109}, "11": {"type-based": -96.38505991543593, "geo-based": -62.24154832082917, "mixed": -75.45460987251475, "none": -83.3370707468542}, "12": {"type-based": -103.63042361966957, "geo-based": -66.60638589782802, "mixed": -79.50282245725383, "none": -90.9131680874773}, "13": {"type-based": -110.85325869836473, "geo-based": -70.8558763209025, "mixed": -83.40935977432798, "none": -98.48926542810041}, "14": {"type-based": -118.05885713036336, "geo-based": -75.04658008462377, "mixed": -87.23308182720311, "none": -106.06536276872352}, "15": {"type-based": -126.34923049441139, "geo-based": -79.18096678018709, "mixed": -92.08019908154188, "none": -113.64146010934662}, "16": {"type-based": -133.56835065710737, "geo-based": -83.26747601367383, "mixed": -95.80266268878454, "none": -121.21755744996973}, "17": {"type-based": -140.7740306684151, "geo-based": -87.2953262872289, "mixed": -99.45204694219053, "none": -128.79365479059285}, "18": {"type-based": -150.36556467765266, "geo-based": -91.25361345442585, "mixed": -105.41636140829083, "none": -136.36975213121596}, "19": {"type-based": -159.2824392337239, "geo-based": -95.23282424786103, "mixed": -110.72993074566094, "none": -143.94584947183907}, "20": {"type-based": -166.512644907248, "geo-based": -99.12511747704912, "mixed": -114.27740225907185, "none": -151.52194681246218}, "21": {"type-based": -173.730857604679, "geo-based": -102.96840684136413, "mixed": -117.76732216566029, "none": -159.09804415308528}, "22": {"type-based": -180.9388086900058, "geo-based": -107.10514715053861, "mixed": -121.5434576576928, "none": -166.6741414937084}, "23": {"type-based": -188.137879404918, "geo-based": -111.6209899713891, "mixed": -125.70491656242221, "none": -174.2502388343315}, "24": {"type-based": -195.32918940848066, "geo-based": -115.72844758670568, "mixed": -129.47275043719867, "none": -181.8263361749546}, "25": {"type-based": -204.18736462166697, "geo-based": -119.38106542543277, "mixed": -134.47122369965655, "none": -189.4024335155777}, "26": {"type-based": -212.7704677534304, "geo-based": -123.01372372306055, "mixed": -139.18216218634234, "none": -196.97853085620082}, "27": {"type-based": -221.36594258878966, "geo-based": -126.63454332548045, "mixed": -143.90056397121086, "none": -204.55462819682393}, "28": {"type-based": -229.75341696364026, "geo-based": -130.2807532862352, "mixed": -148.4410473418102, "none": -212.13072553744703}, "29": {"type-based": -236.99274669394256, "geo-based": -134.05439758106982, "mixed": -151.96149736136303, "none": -219.70682287807014}, "30": {"type-based": -244.22316374483432, "geo-based": -137.8002637976998, "mixed": -155.44894069358077, "none": -227.28292021869325}, "31": {"type-based": -251.4455911161676, "geo-based": -141.46695013585594, "mixed": -158.8525241431494, "none": -234.85901755931636}, "32": {"type-based": -258.6608152674321, "geo-based": -145.2693076392425, "mixed": -162.38758446963942, "none": -242.43511489993946}, "33": {"type-based": -265.8695118209709, "geo-based": -149.41494174305933, "mixed": -166.25938469908863, "none": -250.01121224056257}}