{"0": {"type-based": 0, "geo-based": 0, "mixed": 0, "none": 0}, "1": {"type-based": -7.576097340623111, "geo-based": -7.576097340623111, "mixed": -7.576097340623111, "none": -7.576097340623111}, "2": {"type-based": -15.152194681246222, "geo-based": -15.152194681246222, "mixed": -15.152194681246222, "none": -15.152194681246222}, "3": {"type-based": -29.185193630205795, "geo-based": -21.32123706316245, "mixed": -27.817178907624772, "none": -22.728292021869333}, "4": {"type-based": -36.50336411627767, "geo-based": -27.2484297757582, "mixed": -33.515588769145566, "none": -30.304389362492444}, "5": {"type-based": -43.707738549194794, "geo-based": -32.90112105333993, "mixed": -38.84350715017264, "none": -37.88048670311555}, "6": {"type-based": -58.87778212472314, "geo-based": -38.38690481124309, "mixed": -51.97478349473715, "none": -45.45658404373866}, "7": {"type-based": -67.22056270075285, "geo-based": -43.59271212528046, "mixed": -57.97934373366303, "none": -53.032681384361766}, "8": {"type-based": -74.5407455755587, "geo-based": -48.65028293943089, "mixed": -62.79497356064748, "none": -60.60877872498487}, "9": {"type-based": -81.80521721226835, "geo-based": -53.55322408321549, "mixed": -67.40610640872227, "none": -68.18487606560798}, "10": {"type-based": -89.03470396987385, "geo-based": -58.2751402103932, "mixed": -71.80376770693034, "none": -75.76097340623109}, "11": {"type-based": -97.33844549703655, "geo-based": -62.87246192991041, "mixed": -77.15118570425592, "none": -83.3370707468542}, "12": {"type-based": -105.27678975681934, "geo-based": -67.35523263303249, "mixed": -82.0094409768225, "none": -90.9131680874773}, "13": {"type-based": -112.96590528917078, "geo-based": -71.74081654843076, "mixed": -86.51377756710085, "none": -98.48926542810041}, "14": {"type-based": -120.46887927714569, "geo-based": -76.03078121975811, "mixed": -90.73033302368488, "none": -106.06536276872352}, "15": {"type-based": -127.82520012091219, "geo-based": -80.2105444086616, "mixed": -94.68485206941335, "none": -113.64146010934662}, "16": {"type-based": -135.21592976423716, "geo-based": -84.37901450199125, "mixed": -98.65746858985366, "none": -121.21755744996973}, "17": {"type-based": -142.56730735576673, "geo-based": -88.42591121469712, "mixed": -102.46941262739715, "none": -128.79365479059285}, "18": {"type-based": -151.96668585527985, "geo-based": -92.4208743490594, "mixed": -108.27810786325725, "none": -136.36975213121596}, "19": {"type-based": -159.30925517827168, "geo-based": -96.40283612221282, "mixed": -112.0190212479028, "none": -143.94584947183907}, "20": {"type-based": -166.6254671236633, "geo-based": -100.31729712350709, "mixed": -115.6699466454383, "none": -151.52194681246218}, "21": {"type-based": -175.52911874890194, "geo-based": -104.19037117230728, "mixed": -120.87048121424922, "none": -159.09804415308528}, "22": {"type-based": -182.84163569228667, "geo-based": -108.35291315377495, "mixed": -124.7753098122591, "none": -166.6741414937084}, "23": {"type-based": -191.43384738992603, "geo-based": -112.14270128971222, "mixed": -129.59976444331082, "none": -174.2502388343315}, "24": {"type-based": -199.19526408200142, "geo-based": -116.05223748007755, "mixed": -133.72134180144536, "none": -181.8263361749546}, "25": {"type-based": -206.84298184881771, "geo-based": -119.76121132582604, "mixed": -137.53566605453446, "none": -189.4024335155777}, "26": {"type-based": -214.19170958181024, "geo-based": -123.42812991567689, "mixed": -141.012332816089, "none": -196.97853085620082}, "27": {"type-based": -221.52033446988588, "geo-based": -127.02725997282657, "mixed": -144.40495459717943, "none": -204.55462819682393}, "28": {"type-based": -228.83162755929789, "geo-based": -130.6075727176682, "mixed": -147.7672583572102, "none": -212.13072553744703}, "29": {"type-based": -236.12782173981805, "geo-based": -134.13306936991953, "mixed": -151.06525520666975, "none": -219.70682287807014}, "30": {"type-based": -243.41074307919527, "geo-based": -137.7001383057306, "mixed": -154.39734038004087, "none": -227.28292021869325}, "31": {"type-based": -250.68190428230238, "geo-based": -141.24344272130165, "mixed": -157.69896708952885, "none": -234.85901755931636}}