{"0": {"type-based": 0, "geo-based": 0, "mixed": 0, "none": 0}, "1": {"type-based": -7.576097340623111, "geo-based": -7.576097340623111, "mixed": -7.576097340623111, "none": -7.576097340623111}, "2": {"type-based": -15.152194681246222, "geo-based": -15.152194681246222, "mixed": -15.152194681246222, "none": -15.152194681246222}, "3": {"type-based": -22.473673249789684, "geo-based": -21.596800782969204, "mixed": -21.34516769137122, "none": -22.728292021869333}, "4": {"type-based": -37.28130568341132, "geo-based": -27.695758301180774, "mixed": -34.65870619558045, "none": -30.304389362492444}, "5": {"type-based": -44.58159963795326, "geo-based": -33.813168858392984, "mixed": -40.47699222429474, "none": -37.88048670311555}, "6": {"type-based": -59.819242391240934, "geo-based": -39.711162329300166, "mixed": -54.01610741383034, "none": -45.45658404373866}, "7": {"type-based": -67.0640769011455, "geo-based": -45.47519214937613, "mixed": -59.45631524055105, "none": -53.032681384361766}, "8": {"type-based": -74.26926739793778, "geo-based": -50.81691703550888, "mixed": -64.43934049578714, "none": -60.60877872498487}, "9": {"type-based": -81.44989115880877, "geo-based": -56.09253985387206, "mixed": -69.3212825280969, "none": -68.18487606560798}, "10": {"type-based": -88.61379386086622, "geo-based": -61.34780384026719, "mixed": -74.14820248497956, "none": -75.76097340623109}, "11": {"type-based": -95.76557872216739, "geo-based": -66.61686964113537, "mixed": -78.9635866048384, "none": -83.3370707468542}, "12": {"type-based": -102.9081774696417, "geo-based": -71.90482151882152, "mixed": -83.77895974997672, "none": -90.9131680874773}, "13": {"type-based": -110.04357243203131, "geo-based": -77.21665221975158, "mixed": -88.6037857925954, "none": -98.48926542810041}, "14": {"type-based": -117.17316662203346, "geo-based": -82.49755049683222, "mixed": -93.38606732840607, "none": -106.06536276872352}, "15": {"type-based": -124.29798947248882, "geo-based": -87.93668680416688, "mixed": -98.3150151504544, "none": -113.64146010934662}, "16": {"type-based": -131.4188186754239, "geo-based": -93.21132037518463, "mixed": -103.07083639651307, "none": -121.21755744996973}, "17": {"type-based": -138.53625608843612, "geo-based": -98.26478207804416, "mixed": -107.5980494500947, "none": -128.79365479059285}, "18": {"type-based": -145.65077703354848, "geo-based": -103.4471258810938, "mixed": -112.24619042363614, "none": -136.36975213121596}, "19": {"type-based": -155.46988081376543, "geo-based": -108.50480971078632, "mixed": -119.47303269494323, "none": -143.94584947183907}, "20": {"type-based": -162.59958973568155, "geo-based": -113.55840220565386, "mixed": -124.00524032830664, "none": -151.52194681246218}, "21": {"type-based": -172.49766561856524, "geo-based": -118.69095649929497, "mixed": -131.38405485443968, "none": -159.09804415308528}, "22": {"type-based": -179.62699837100482, "geo-based": -123.56232872648127, "mixed": -135.74366577170036, "none": -166.6741414937084}, "23": {"type-based": -186.7532609070774, "geo-based": -128.51150557845256, "mixed": -140.17647411066838, "none": -174.2502388343315}, "24": {"type-based": -196.7662142185361, "geo-based": -133.3593652822169, "mixed": -147.3939671152995, "none": -181.8263361749546}, "25": {"type-based": -206.09835867190253, "geo-based": -138.24213848226995, "mixed": -153.9653810764666, "none": -189.4024335155777}, "26": {"type-based": -223.04635679992808, "geo-based": -143.230200086249, "mixed": -168.25752632093497, "none": -196.97853085620082}, "27": {"type-based": -239.99648949802176, "geo-based": -148.02827938098724, "mixed": -182.3625299964294, "none": -204.55462819682393}, "28": {"type-based": -249.34726303393876, "geo-based": -152.81222677294417, "mixed": -188.85400203681672, "none": -212.13072553744703}, "29": {"type-based": -258.3042235290734, "geo-based": -157.4513342094428, "mixed": -194.8064295056942, "none": -219.70682287807014}, "30": {"type-based": -265.4810573293211, "geo-based": -162.028786231666, "mixed": -198.91701839544154, "none": -227.28292021869325}, "31": {"type-based": -272.65282122294343, "geo-based": -166.6114161917647, "mixed": -203.0308550866542, "none": -234.85901755931636}, "32": {"type-based": -279.82000009366783, "geo-based": -171.40123656311408, "mixed": -207.3524106680781, "none": -242.43511489993946}, "33": {"type-based": -289.33393539673614, "geo-based": -176.17832976013653, "mixed": -214.0086493776385, "none": -250.01121224056257}, "34": {"type-based": -296.4990850077544, "geo-based": -180.851290207533, "mixed": -218.22347080798252, "none": -257.5873095811857}, "35": {"type-based": -303.6603424075913, "geo-based": -185.52555186421833, "mixed": -222.43634695093576, "none": -265.1634069218088}, "36": {"type-based": -310.818032755307, "geo-based": -190.1591186367716, "mixed": -226.60547532479708, "none": -272.7395042624319}, "37": {"type-based": -319.7639932437169, "geo-based": -194.67094746775396, "mixed": -232.44167465000072, "none": -280.31560160305503}, "38": {"type-based": -326.9270255582941, "geo-based": -199.0566534122416, "mixed": -236.36686085963908, "none": -287.89169894367814}, "39": {"type-based": -344.2133824075007, "geo-based": -203.82281053207026, "mixed": -250.7971298399103, "none": -295.46779628430124}, "40": {"type-based": -353.493193852724, "geo-based": -208.91638871465543, "mixed": -257.5489571959327, "none": -303.04389362492435}, "41": {"type-based": -360.6632103488323, "geo-based": -213.82490544981152, "mixed": -262.0040754638189, "none": -310.61999096554746}, "42": {"type-based": -367.8297630543117, "geo-based": -218.66239256757152, "mixed": -266.38477109596624, "none": -318.19608830617057}, "43": {"type-based": -374.9930978036784, "geo-based": -223.36794065938642, "mixed": -270.6304712970276, "none": -325.7721856467937}, "44": {"type-based": -382.15343514201504, "geo-based": -227.6172329737797, "mixed": -274.41736370922723, "none": -333.3482829874168}, "45": {"type-based": -389.31097368058744, "geo-based": -231.71407356090282, "mixed": -278.05028985435257, "none": -340.9243803280399}, "46": {"type-based": -398.4805792980519, "geo-based": -235.45134465673397, "mixed": -283.33735065709214, "none": -348.500477668663}, "47": {"type-based": -405.64402688068844, "geo-based": -239.31287549184162, "mixed": -286.74500234396265, "none": -356.0765750092861}, "48": {"type-based": -414.62914573403293, "geo-based": -243.22307152883968, "mixed": -292.0253715422325, "none": -363.6526723499092}, "49": {"type-based": -421.7980897115234, "geo-based": -247.14725055794403, "mixed": -295.503809563852, "none": -371.2287696905323}, "50": {"type-based": -428.96425085718363, "geo-based": -251.2185652623329, "mixed": -299.12749202807305, "none": -378.8048670311554}}