{"0": {"type-based": 0, "geo-based": 0, "mixed": 0, "none": 0}, "1": {"type-based": -7.576097340623111, "geo-based": -7.576097340623111, "mixed": -7.576097340623111, "none": -7.576097340623111}, "2": {"type-based": -15.152194681246222, "geo-based": -15.152194681246222, "mixed": -15.152194681246222, "none": -15.152194681246222}, "3": {"type-based": -17.858110338630347, "geo-based": -22.769222285139122, "mixed": -17.780120811347363, "none": -22.728292021869333}, "4": {"type-based": -20.54224014917301, "geo-based": -29.439135795267465, "mixed": -19.611800253862, "none": -30.304389362492444}, "5": {"type-based": -23.215293645190165, "geo-based": -36.311221848033156, "mixed": -21.808252790687913, "none": -37.88048670311555}, "6": {"type-based": -25.88164108453087, "geo-based": -43.59893083942546, "mixed": -24.778698601466353, "none": -45.45658404373866}, "7": {"type-based": -28.543492328955992, "geo-based": -50.43494891021743, "mixed": -27.526498167748507, "none": -53.032681384361766}, "8": {"type-based": -31.202119398859825, "geo-based": -57.13649819327373, "mixed": -30.23417582697063, "none": -60.60877872498487}, "9": {"type-based": -33.85832139642387, "geo-based": -63.091386378550666, "mixed": -32.20492829753723, "none": -68.18487606560798}, "10": {"type-based": -36.512633092277106, "geo-based": -69.43001815719536, "mixed": -34.56740337103724, "none": -75.76097340623109}}