{"0": {"type-based": 0, "geo-based": 0, "mixed": 0, "none": 0}, "1": {"type-based": -7.576097340623111, "geo-based": -7.576097340623111, "mixed": -7.576097340623111, "none": -7.576097340623111}, "2": {"type-based": -15.152194681246222, "geo-based": -15.152194681246222, "mixed": -15.152194681246222, "none": -15.152194681246222}, "3": {"type-based": -22.473673249789684, "geo-based": -21.576484669742914, "mixed": -21.324851578144933, "none": -22.728292021869333}, "4": {"type-based": -37.28130568341132, "geo-based": -27.666740906469727, "mixed": -34.639593327183704, "none": -30.304389362492444}, "5": {"type-based": -44.50881356339465, "geo-based": -33.64423208737598, "mixed": -40.27885692045801, "none": -37.88048670311555}, "6": {"type-based": -51.688283813193685, "geo-based": -39.45980941052069, "mixed": -45.703284010223165, "none": -45.45658404373866}, "7": {"type-based": -67.13713453514893, "geo-based": -45.05506958605136, "mixed": -59.16783952652901, "none": -53.032681384361766}, "8": {"type-based": -74.34232503194121, "geo-based": -50.42956252347415, "mixed": -64.1661723768303, "none": -60.60877872498487}, "9": {"type-based": -81.5229487928122, "geo-based": -55.75685442618979, "mixed": -69.08387317152572, "none": -68.18487606560798}, "10": {"type-based": -88.68685149486966, "geo-based": -61.037562298444726, "mixed": -73.91944779524643, "none": -75.76097340623109}, "11": {"type-based": -95.83863635617082, "geo-based": -66.40235406747153, "mixed": -78.81301209497815, "none": -83.3370707468542}, "12": {"type-based": -102.98123510364513, "geo-based": -71.80514864550304, "mixed": -83.7288313225409, "none": -90.9131680874773}, "13": {"type-based": -110.11663006603474, "geo-based": -76.96425450596658, "mixed": -88.38877657506477, "none": -98.48926542810041}, "14": {"type-based": -117.2462242560369, "geo-based": -82.2692388940287, "mixed": -93.18067993374011, "none": -106.06536276872352}, "15": {"type-based": -126.76803378391647, "geo-based": -87.52499057154994, "mixed": -100.3133905057452, "none": -113.64146010934662}, "16": {"type-based": -133.89709115975396, "geo-based": -92.70394019418173, "mixed": -104.99205910646435, "none": -121.21755744996973}, "17": {"type-based": -143.50580870923847, "geo-based": -97.91657502559508, "mixed": -112.18218114617646, "none": -128.79365479059285}, "18": {"type-based": -150.65236310097185, "geo-based": -102.95374560275657, "mixed": -116.73357102430583, "none": -136.36975213121596}, "19": {"type-based": -167.26643167845745, "geo-based": -107.9535872210358, "mixed": -130.71343422451855, "none": -143.94584947183907}, "20": {"type-based": -176.28207747091687, "geo-based": -112.92102167914634, "mixed": -137.0632232902261, "none": -151.52194681246218}, "21": {"type-based": -186.01014969354947, "geo-based": -117.8942517228345, "mixed": -144.13062735768824, "none": -159.09804415308528}, "22": {"type-based": -193.18990540593197, "geo-based": -122.8600267586013, "mixed": -148.6411362506518, "none": -166.6741414937084}, "23": {"type-based": -200.36258472903103, "geo-based": -127.85114998427404, "mixed": -153.1694523883355, "none": -174.2502388343315}, "24": {"type-based": -209.54356015953368, "geo-based": -132.59144678707884, "mixed": -159.4550637471597, "none": -181.8263361749546}, "25": {"type-based": -216.72366242516105, "geo-based": -137.42328438264863, "mixed": -163.83110628966884, "none": -189.4024335155777}, "26": {"type-based": -225.57126155395335, "geo-based": -142.60032908264859, "mixed": -170.2209711666231, "none": -196.97853085620082}, "27": {"type-based": -242.43822055700215, "geo-based": -147.78925974228034, "mixed": -184.63942143178232, "none": -204.55462819682393}, "28": {"type-based": -251.30069889591365, "geo-based": -152.7496801852404, "mixed": -190.82385940453847, "none": -212.13072553744703}, "29": {"type-based": -258.50487634564456, "geo-based": -157.42791739051268, "mixed": -195.06712009620836, "none": -219.70682287807014}, "30": {"type-based": -267.8415675754577, "geo-based": -162.201886339186, "mixed": -201.5397621767058, "none": -227.28292021869325}, "31": {"type-based": -284.7822123915688, "geo-based": -166.9223450879468, "mixed": -215.57613808269562, "none": -234.85901755931636}, "32": {"type-based": -291.98204939389717, "geo-based": -171.797640963719, "mixed": -220.02831624687082, "none": -242.43511489993946}, "33": {"type-based": -299.17538539176377, "geo-based": -176.61918900818745, "mixed": -224.4204849596237, "none": -250.01121224056257}, "34": {"type-based": -306.36286862302615, "geo-based": -181.32899179345404, "mixed": -228.6953675276079, "none": -257.5873095811857}, "35": {"type-based": -313.54505488598596, "geo-based": -185.89763713303427, "mixed": -232.82438458356626, "none": -265.1634069218088}, "36": {"type-based": -320.72242433218355, "geo-based": -190.46729975625288, "mixed": -236.94953861559395, "none": -272.7395042624319}, "37": {"type-based": -327.89539460873596, "geo-based": -195.00144676815046, "mixed": -241.03466143256958, "none": -280.31560160305503}, "38": {"type-based": -336.81332462681513, "geo-based": -199.4249099180827, "mixed": -246.7540208959353, "none": -287.89169894367814}, "39": {"type-based": -343.99112831633636, "geo-based": -203.73126998775803, "mixed": -250.61382071668126, "none": -295.46779628430124}, "40": {"type-based": -351.16488375040274, "geo-based": -207.92180123929361, "mixed": -254.35449609824786, "none": -303.04389362492435}, "41": {"type-based": -358.334900246511, "geo-based": -211.954233959904, "mixed": -257.9347376776379, "none": -310.61999096554746}, "42": {"type-based": -367.37304362093556, "geo-based": -216.06517868775106, "mixed": -263.4644068583447, "none": -318.19608830617057}, "43": {"type-based": -374.54931705936275, "geo-based": -220.36517582409186, "mixed": -267.32140310276617, "none": -325.7721856467937}, "44": {"type-based": -381.72204424285775, "geo-based": -224.48986484430313, "mixed": -271.0002288136188, "none": -333.3482829874168}, "45": {"type-based": -388.8914671674965, "geo-based": -228.94758921499343, "mixed": -275.00986717673845, "none": -340.9243803280399}, "46": {"type-based": -396.0578038596306, "geo-based": -233.1944213490625, "mixed": -278.80611081949013, "none": -348.500477668663}}