{"0": {"type-based": 0, "geo-based": 0, "mixed": 0, "none": 0}, "1": {"type-based": -7.576097340623111, "geo-based": -7.576097340623111, "mixed": -7.576097340623111, "none": -7.576097340623111}, "2": {"type-based": -15.152194681246222, "geo-based": -15.152194681246222, "mixed": -15.152194681246222, "none": -15.152194681246222}, "3": {"type-based": -22.473673249789684, "geo-based": -21.427650778647433, "mixed": -21.183365026638633, "none": -22.728292021869333}, "4": {"type-based": -29.679903348827583, "geo-based": -27.440440426466477, "mixed": -26.85167483386388, "none": -30.304389362492444}, "5": {"type-based": -36.844535586040955, "geo-based": -33.07037538747155, "mixed": -32.09859524821398, "none": -37.88048670311555}, "6": {"type-based": -43.987696050032454, "geo-based": -38.75075213379713, "mixed": -37.37273130935952, "none": -45.45658404373866}, "7": {"type-based": -51.11774685038712, "geo-based": -44.35444392706711, "mixed": -42.548786721693176, "none": -53.032681384361766}, "8": {"type-based": -58.23896067173646, "geo-based": -49.681150758146906, "mixed": -47.439357753263174, "none": -60.60877872498487}, "9": {"type-based": -65.3538138444742, "geo-based": -55.35564722242535, "mixed": -52.67105650014249, "none": -68.18487606560798}, "10": {"type-based": -72.46386963842002, "geo-based": -60.985398640795225, "mixed": -57.85728972576632, "none": -75.76097340623109}, "11": {"type-based": -79.57017804177255, "geo-based": -66.3937171478379, "mixed": -62.82452967931895, "none": -83.3370707468542}, "12": {"type-based": -86.67347831347715, "geo-based": -71.7461309857123, "mixed": -67.73992934528076, "none": -90.9131680874773}, "13": {"type-based": -93.77431058824928, "geo-based": -77.0377141588391, "mixed": -72.59988473940108, "none": -98.48926542810041}, "14": {"type-based": -100.87308150143762, "geo-based": -82.13380158719436, "mixed": -77.27020614635529, "none": -106.06536276872352}, "15": {"type-based": -107.97010483606994, "geo-based": -87.11708020472406, "mixed": -81.83363627784827, "none": -113.64146010934662}, "16": {"type-based": -115.06562779374295, "geo-based": -92.01870102189906, "mixed": -86.32249197689987, "none": -121.21755744996973}, "17": {"type-based": -122.15984858794695, "geo-based": -96.85832701157045, "mixed": -90.75496526036333, "none": -128.79365479059285}, "18": {"type-based": -129.25292858631616, "geo-based": -101.71350948416344, "mixed": -95.20667509549294, "none": -136.36975213121596}, "19": {"type-based": -136.34500091032098, "geo-based": -106.50285532095884, "mixed": -99.59529498008078, "none": -143.94584947183907}, "20": {"type-based": -143.436176664314, "geo-based": -111.32317686042198, "mixed": -104.00657108417953, "none": -151.52194681246218}, "21": {"type-based": -150.52654953717482, "geo-based": -116.10552678072182, "mixed": -108.37193789729315, "none": -159.09804415308528}, "22": {"type-based": -157.61619926143612, "geo-based": -120.85976516491246, "mixed": -112.70359645418901, "none": -166.6741414937084}, "23": {"type-based": -164.7051942541957, "geo-based": -125.63373538897362, "mixed": -117.05041365329012, "none": -174.2502388343315}, "24": {"type-based": -171.79359366157308, "geo-based": -130.44772181187827, "mixed": -121.43364753229253, "none": -181.8263361749546}, "25": {"type-based": -178.88144896137905, "geo-based": -135.27172520563838, "mixed": -125.82285028173142, "none": -189.4024335155777}, "26": {"type-based": -185.96880523381253, "geo-based": -140.02126751714934, "mixed": -130.13233850167282, "none": -196.97853085620082}, "27": {"type-based": -193.05570217941957, "geo-based": -144.73133238143552, "mixed": -134.39295389535744, "none": -204.55462819682393}, "28": {"type-based": -200.14217494233017, "geo-based": -149.49534033242148, "mixed": -138.69431438924877, "none": -212.13072553744703}, "29": {"type-based": -207.22825478182344, "geo-based": -155.24961845159527, "mixed": -143.96585281094545, "none": -219.70682287807014}, "30": {"type-based": -214.31396962456208, "geo-based": -161.26610323889503, "mixed": -149.49416402677397, "none": -227.28292021869325}, "31": {"type-based": -221.39934452206816, "geo-based": -167.43404999261776, "mixed": -155.1711153053169, "none": -234.85901755931636}, "32": {"type-based": -228.48440203230422, "geo-based": -173.81149277587525, "mixed": -161.056724607324, "none": -242.43511489993946}, "33": {"type-based": -235.56916253998398, "geo-based": -180.53412116476565, "mixed": -167.28881179183375, "none": -250.01121224056257}, "34": {"type-based": -242.65364452705106, "geo-based": -185.8275232471091, "mixed": -172.09519539110693, "none": -257.5873095811857}, "35": {"type-based": -249.73786480234793, "geo-based": -190.89625845955024, "mixed": -176.67431778545924, "none": -265.1634069218088}, "36": {"type-based": -256.8218386976479, "geo-based": -195.88487150841286, "mixed": -181.16946294597656, "none": -272.7395042624319}, "37": {"type-based": -263.9055802357932, "geo-based": -200.70140673196335, "mixed": -185.48870831527432, "none": -280.31560160305503}, "38": {"type-based": -270.98910227557093, "geo-based": -205.49963607655084, "mixed": -189.78453223159931, "none": -287.89169894367814}, "39": {"type-based": -278.0724166370841, "geo-based": -210.27559855796434, "mixed": -194.05375411618414, "none": -295.46779628430124}, "40": {"type-based": -285.15553421068694, "geo-based": -215.19736793480442, "mixed": -198.46605755929937, "none": -303.04389362492435}, "41": {"type-based": -292.2384650520041, "geo-based": -219.94297267964058, "mixed": -202.6997426844258, "none": -310.61999096554746}, "42": {"type-based": -299.3212184651131, "geo-based": -224.75080855460035, "mixed": -206.99294214863164, "none": -318.19608830617057}, "43": {"type-based": -306.40380307561765, "geo-based": -229.62430518913845, "mixed": -211.35013435104145, "none": -325.7721856467937}, "44": {"type-based": -313.48622689504987, "geo-based": -234.3658511396198, "mixed": -215.5745946966116, "none": -333.3482829874168}, "45": {"type-based": -320.5684973778087, "geo-based": -239.1578713358941, "mixed": -219.84842103117793, "none": -340.9243803280399}, "46": {"type-based": -327.65062147164775, "geo-based": -244.01400634825396, "mixed": -224.18659733656028, "none": -348.500477668663}, "47": {"type-based": -334.73260566257164, "geo-based": -248.74341981117146, "mixed": -228.39895763446222, "none": -356.0765750092861}, "48": {"type-based": -341.81445601486627, "geo-based": -253.68204334757442, "mixed": -232.82210995189183, "none": -363.6526723499092}, "49": {"type-based": -348.8961782068834, "geo-based": -258.632486406405, "mixed": -237.25755525229613, "none": -371.2287696905323}, "50": {"type-based": -355.97777756310865, "geo-based": -263.0810894521206, "mixed": -241.1910789869164, "none": -378.8048670311554}, "51": {"type-based": -363.0592590829664, "geo-based": -267.5209571476449, "mixed": -245.11970872197716, "none": -386.38096437177853}, "52": {"type-based": -370.1406274667521, "geo-based": -272.0493936331175, "mixed": -249.1435171155808, "none": -393.95706171240164}, "53": {"type-based": -377.2218871390295, "geo-based": -276.64079229834135, "mixed": -253.2347523218731, "none": -401.53315905302475}, "54": {"type-based": -384.3030422697837, "geo-based": -281.28356868116606, "mixed": -257.3825061935949, "none": -409.10925639364785}, "55": {"type-based": -391.3840967935843, "geo-based": -285.6944783097868, "mixed": -261.3039981312378, "none": -416.68535373427096}, "56": {"type-based": -398.46505442697844, "geo-based": -290.0222992349461, "mixed": -265.1543204750948, "none": -424.26145107489407}, "57": {"type-based": -405.5459186843068, "geo-based": -294.2401790005432, "mixed": -268.90776982631417, "none": -431.8375484155172}, "58": {"type-based": -412.626692892111, "geo-based": -298.5100182182312, "mixed": -272.7243131938259, "none": -439.4136457561403}, "59": {"type-based": -419.70738020228026, "geo-based": -302.918465868917, "mixed": -276.6893772239134, "none": -446.9897430967634},