{"0": {"type-based": 0, "geo-based": 0, "mixed": 0, "none": 0}, "1": {"type-based": -7.576097340623111, "geo-based": -7.576097340623111, "mixed": -7.576097340623111, "none": -7.576097340623111}, "2": {"type-based": -15.152194681246222, "geo-based": -15.152194681246222, "mixed": -15.152194681246222, "none": -15.152194681246222}, "3": {"type-based": -20.950713215484743, "geo-based": -21.39523413247819, "mixed": -19.742318246916177, "none": -22.728292021869333}, "4": {"type-based": -26.74841243442691, "geo-based": -26.967230542471818, "mixed": -23.739849653686043, "none": -30.304389362492444}, "5": {"type-based": -32.54570164138144, "geo-based": -32.2407240395438, "mixed": -27.480948100825263, "none": -37.88048670311555}, "6": {"type-based": -38.34274472761719, "geo-based": -37.472408842245045, "mixed": -31.22138869673726, "none": -45.45658404373866}, "7": {"type-based": -44.13962368603931, "geo-based": -42.583919797691934, "mixed": -34.86304306048727, "none": -53.032681384361766}, "8": {"type-based": -49.93638538711455, "geo-based": -47.808714362075435, "mixed": -38.62760377576397, "none": -60.60877872498487}, "9": {"type-based": -55.733059132491405, "geo-based": -52.85844081681374, "mixed": -42.199262718210115, "none": -68.18487606560798}, "10": {"type-based": -61.52966446036002, "geo-based": -57.990049302864755, "mixed": -45.83360104921387, "none": -75.76097340623109}, "11": {"type-based": -67.32621504948315, "geo-based": -63.1299099896699, "mixed": -49.50206398204943, "none": -83.3370707468542}, "12": {"type-based": -73.12272084922651, "geo-based": -68.3211020762908, "mixed": -53.25075617385791, "none": -90.9131680874773}, "13": {"type-based": -78.91918932233216, "geo-based": -73.47325630455613, "mixed": -56.9974536813642, "none": -98.48926542810041}, "14": {"type-based": -84.71562620982972, "geo-based": -78.37602703940013, "mixed": -60.525813711563295, "none": -106.06536276872352}, "15": {"type-based": -90.51203602283259, "geo-based": -83.2598897919877, "mixed": -64.05968093423662, "none": -113.64146010934662}, "16": {"type-based": -96.30842237043974, "geo-based": -88.14079108610457, "mixed": -67.61353062227153, "none": -121.21755744996973}, "17": {"type-based": -102.10478818519066, "geo-based": -93.17919686869801, "mixed": -71.34196164526924, "none": -128.79365479059285}, "18": {"type-based": -107.90113588222323, "geo-based": -99.2342558562441, "mixed": -76.09598350744507, "none": -136.36975213121596}, "19": {"type-based": -113.69746747422994, "geo-based": -104.26554666102476, "mixed": -79.79962232121652, "none": -143.94584947183907}, "20": {"type-based": -119.49378465616753, "geo-based": -109.00354792911327, "mixed": -83.18594956201161, "none": -151.52194681246218}, "21": {"type-based": -125.29008886879336, "geo-based": -113.41164950194137, "mixed": -86.21639527418324, "none": -159.09804415308528}, "22": {"type-based": -131.08638134707618, "geo-based": -117.91785744417258, "mixed": -89.33974348776587, "none": -166.6741414937084}, "23": {"type-based": -136.8826631576065, "geo-based": -122.87471709260595, "mixed": -92.91436885789258, "none": -174.2502388343315}, "24": {"type-based": -142.67893522787523, "geo-based": -128.40220965440182, "mixed": -97.05176176341978, "none": -181.8263361749546}, "25": {"type-based": -148.47519836945366, "geo-based": -133.40701098891662, "mixed": -100.66279691928935, "none": -189.4024335155777}, "26": {"type-based": -154.27145329653808, "geo-based": -138.1040331223039, "mixed": -103.95084763915732, "none": -196.97853085620082}, "27": {"type-based": -160.0677006409284, "geo-based": -142.73588703426014, "mixed": -107.16064243639845, "none": -204.55462819682393}, "28": {"type-based": -165.86394096423365, "geo-based": -147.3380097497109, "mixed": -110.3291092496906, "none": -212.13072553744703}, "29": {"type-based": -171.66017476789784, "geo-based": -152.31850930369288, "mixed": -113.8607862783055, "none": -219.70682287807014}, "30": {"type-based": -177.45640250149768, "geo-based": -157.232080506089, "mixed": -117.30526980103575, "none": -227.28292021869325}, "31": {"type-based": -183.25262456965737, "geo-based": -161.7436574846424, "mixed": -120.32720612386805, "none": -234.85901755931636}, "32": {"type-based": -189.04884133784833, "geo-based": -167.0445251274716, "mixed": -124.11953652036888, "none": -242.43511489993946}, "33": {"type-based": -194.84505313728275, "geo-based": -172.01273764414796, "mixed": -127.56094865345908, "none": -250.01121224056257}, "34": {"type-based": -200.64126026906578, "geo-based": -176.48916344540913, "mixed": -130.49808475781705, "none": -257.5873095811857}, "35": {"type-based": -206.4374630077372, "geo-based": -182.42199451835955, "mixed": -134.86191227306057, "none": -265.1634069218088}, "36": {"type-based": -212.23366160430703, "geo-based": -187.30666373112513, "mixed": -138.12065290639984, "none": -272.7395042624319}, "37": {"type-based": -218.02985628886992, "geo-based": -192.26819759297678, "mixed": -141.40175381638986, "none": -280.31560160305503}, "38": {"type-based": -223.82604727286594, "geo-based": -196.93227795968178, "mixed": -144.31819819525543, "none": -287.89169894367814}}