{"0": {"type-based": 0, "geo-based": 0, "mixed": 0, "none": 0}, "1": {"type-based": -7.576097340623111, "geo-based": -7.576097340623111, "mixed": -7.576097340623111, "none": -7.576097340623111}, "2": {"type-based": -15.152194681246222, "geo-based": -15.152194681246222, "mixed": -15.152194681246222, "none": -15.152194681246222}, "3": {"type-based": -26.644417313857264, "geo-based": -24.09497972979699, "mixed": -28.096384291267427, "none": -22.728292021869333}, "4": {"type-based": -31.277670960403952, "geo-based": -30.363401017324318, "mixed": -31.51846017005523, "none": -30.304389362492444}, "5": {"type-based": -35.26570132526821, "geo-based": -36.672738584802445, "mixed": -34.4748409797622, "none": -37.88048670311555}, "6": {"type-based": -38.89370985515975, "geo-based": -48.55373084932761, "mixed": -42.757138014202106, "none": -45.45658404373866}}