{"0": {"type-based": 0, "geo-based": 0, "mixed": 0, "none": 0}, "1": {"type-based": -7.576097340623111, "geo-based": -7.576097340623111, "mixed": -7.576097340623111, "none": -7.576097340623111}, "2": {"type-based": -15.152194681246222, "geo-based": -15.152194681246222, "mixed": -15.152194681246222, "none": -15.152194681246222}, "3": {"type-based": -17.858110338630347, "geo-based": -21.894439740949373, "mixed": -17.769368185454066, "none": -22.728292021869333}, "4": {"type-based": -20.54224014917301, "geo-based": -27.989830360368583, "mixed": -19.80956373762753, "none": -30.304389362492444}, "5": {"type-based": -23.215293645190165, "geo-based": -35.37923559548302, "mixed": -23.09454514381877, "none": -37.88048670311555}, "6": {"type-based": -25.88164108453087, "geo-based": -42.332743943589094, "mixed": -26.071856922722283, "none": -45.45658404373866}, "7": {"type-based": -28.543492328955992, "geo-based": -48.493501578009116, "mixed": -28.214792880430487, "none": -53.032681384361766}, "8": {"type-based": -31.202119398859825, "geo-based": -55.44012172687394, "mixed": -31.101175464079397, "none": -60.60877872498487}, "9": {"type-based": -33.85832139642387, "geo-based": -62.27006753996003, "mixed": -33.95868498476634, "none": -68.18487606560798}, "10": {"type-based": -36.512633092277106, "geo-based": -68.44381856691568, "mixed": -36.18199015844244, "none": -75.76097340623109}, "11": {"type-based": -39.16542993191091, "geo-based": -74.17370646400063, "mixed": -37.94486366672228, "none": -83.3370707468542}, "12": {"type-based": -41.81698560949853, "geo-based": -86.191528375341, "mixed": -46.00476161385869, "none": -90.9131680874773}}