{"0": {"type-based": 0, "geo-based": 0, "mixed": 0, "none": 0}, "1": {"type-based": -7.576097340623111, "geo-based": -7.576097340623111, "mixed": -7.576097340623111, "none": -7.576097340623111}, "2": {"type-based": -15.152194681246222, "geo-based": -15.152194681246222, "mixed": -15.152194681246222, "none": -15.152194681246222}, "3": {"type-based": -28.45178499320052, "geo-based": -21.33369929165825, "mixed": -26.9666717917439, "none": -22.728292021869333}, "4": {"type-based": -41.84410069585924, "geo-based": -27.203882187490176, "mixed": -38.496614542772264, "none": -30.304389362492444}, "5": {"type-based": -49.35950783867401, "geo-based": -32.99170978967961, "mixed": -44.21637633874865, "none": -37.88048670311555}, "6": {"type-based": -56.67918774453278, "geo-based": -38.401416305724126, "mixed": -49.39253740890527, "none": -45.45658404373866}, "7": {"type-based": -63.924022254437354, "geo-based": -43.627000546788345, "mixed": -54.31779959664878, "none": -53.032681384361766}, "8": {"type-based": -72.51475758077166, "geo-based": -48.70501969813494, "mixed": -60.444186398812974, "none": -60.60877872498487}, "9": {"type-based": -80.4721264917548, "geo-based": -53.60806507066862, "mixed": -65.74591208546464, "none": -68.18487606560798}, "10": {"type-based": -87.79256081902314, "geo-based": -58.39068578569007, "mixed": -70.27600516779258, "none": -75.76097340623109}, "11": {"type-based": -95.06863379908347, "geo-based": -63.07049863704977, "mixed": -74.66280629563393, "none": -83.3370707468542}, "12": {"type-based": -102.31399750331711, "geo-based": -67.63983208726651, "mixed": -78.9105875730107, "none": -90.9131680874773}, "13": {"type-based": -110.38394001154909, "geo-based": -72.11030310587832, "mixed": -83.88415921672194, "none": -98.48926542810041}, "14": {"type-based": -118.20000131755327, "geo-based": -76.47846921708062, "mixed": -88.49435143388297, "none": -106.06536276872352}, "15": {"type-based": -125.48917162947555, "geo-based": -80.74987428112007, "mixed": -92.47530319124432, "none": -113.64146010934662}, "16": {"type-based": -134.83260195050053, "geo-based": -84.97405577208409, "mixed": -98.46338789732334, "none": -121.21755744996973}, "17": {"type-based": -143.50638029443286, "geo-based": -89.19245941834896, "mixed": -103.77567106799307, "none": -128.79365479059285}, "18": {"type-based": -150.81671780653653, "geo-based": -93.29824393688425, "mixed": -107.61644672903223, "none": -136.36975213121596}, "19": {"type-based": -158.1035554356248, "geo-based": -97.32410849012551, "mixed": -111.35813566681225, "none": -143.94584947183907}, "20": {"type-based": -165.37118677886363, "geo-based": -101.35094829305572, "mixed": -115.08524539050372, "none": -151.52194681246218}, "21": {"type-based": -173.92186508292986, "geo-based": -105.34285925188635, "mixed": -120.06680501511711, "none": -159.09804415308528}, "22": {"type-based": -181.9788494147663, "geo-based": -109.47195077476417, "mixed": -124.70132204770421, "none": -166.6741414937084}, "23": {"type-based": -189.87417779884498, "geo-based": -113.35904118538231, "mixed": -128.94143411753882, "none": -174.2502388343315}, "24": {"type-based": -197.18366130915814, "geo-based": -117.14480586744978, "mixed": -132.4991668253344, "none": -181.8263361749546}, "25": {"type-based": -204.475628695112, "geo-based": -120.8823128710019, "mixed": -135.99806511547266, "none": -189.4024335155777}, "26": {"type-based": -211.75253105881416, "geo-based": -124.6065618146182, "mixed": -139.4750535542677, "none": -196.97853085620082}, "27": {"type-based": -219.01633725305777, "geo-based": -128.29360789668613, "mixed": -142.9078415922688, "none": -204.55462819682393}, "28": {"type-based": -226.26865290610874, "geo-based": -132.00553714844756, "mixed": -146.359606856313, "none": -212.13072553744703}}