{"0": {"type-based": 0, "geo-based": 0, "mixed": 0, "none": 0}, "1": {"type-based": -7.576097340623111, "geo-based": -7.576097340623111, "mixed": -7.576097340623111, "none": -7.576097340623111}, "2": {"type-based": -15.152194681246222, "geo-based": -15.152194681246222, "mixed": -15.152194681246222, "none": -15.152194681246222}, "3": {"type-based": -22.228327928866857, "geo-based": -21.44678758224453, "mixed": -20.988770988813357, "none": -22.728292021869333}, "4": {"type-based": -29.304353096326626, "geo-based": -27.362762209737795, "mixed": -26.45290751847994, "none": -30.304389362492444}, "5": {"type-based": -36.380324205817054, "geo-based": -32.98620588295083, "mixed": -31.63566410057352, "none": -37.88048670311555}, "6": {"type-based": -43.45626287479911, "geo-based": -38.411233478501465, "mixed": -36.62265849835344, "none": -45.45658404373866}, "7": {"type-based": -50.532179914388855, "geo-based": -43.65721612552066, "mixed": -41.430594200558275, "none": -53.032681384361766}, "8": {"type-based": -57.60808150324353, "geo-based": -48.60932726032146, "mixed": -45.93492833926635, "none": -60.60877872498487}, "9": {"type-based": -64.68397150340746, "geo-based": -53.47502242259208, "mixed": -50.35236961006282, "none": -68.18487606560798}, "10": {"type-based": -71.75985248976629, "geo-based": -59.43308058276278, "mixed": -55.861966812577016, "none": -75.76097340623109}, "11": {"type-based": -78.83572626484226, "geo-based": -65.27803255667006, "mixed": -61.23726235090561, "none": -83.3370707468542}, "12": {"type-based": -85.91159413961988, "geo-based": -70.79151522462375, "mixed": -66.27098002771898, "none": -90.9131680874773}, "13": {"type-based": -92.98745709737364, "geo-based": -77.34100076329065, "mixed": -72.34044945286618, "none": -98.48926542810041}, "14": {"type-based": -100.06331589449168, "geo-based": -83.11718873071328, "mixed": -77.63927284628174, "none": -106.06536276872352}, "15": {"type-based": -107.13917112529433, "geo-based": -88.5820538540357, "mixed": -82.626153318114, "none": -113.64146010934662}, "16": {"type-based": -114.21502326524828, "geo-based": -93.94346328970855, "mixed": -87.50982104850405, "none": -121.21755744996973}, "17": {"type-based": -121.29087270067765, "geo-based": -99.28318933149092, "mixed": -92.36949553246598, "none": -128.79365479059285}, "18": {"type-based": -128.36671974973703, "geo-based": -104.65517530152432, "mixed": -97.25871321356357, "none": -136.36975213121596}, "19": {"type-based": -135.44256467755915, "geo-based": -110.08657767509094, "mixed": -102.20421476211588, "none": -143.94584947183907}, "20": {"type-based": -142.51840770741654, "geo-based": -115.58700284271403, "mixed": -107.21526530464416, "none": -151.52194681246218}, "21": {"type-based": -149.5942490290931, "geo-based": -121.14337676692523, "mixed": -112.278308924626, "none": -159.09804415308528}, "22": {"type-based": -156.67008880526248, "geo-based": -126.64685863632766, "mixed": -117.28402347787144, "none": -166.6741414937084}, "23": {"type-based": -163.74592717641687, "geo-based": -132.34015548547376, "mixed": -122.47368769987169, "none": -174.2502388343315}, "24": {"type-based": -170.82176426472444, "geo-based": -138.1749251470264, "mixed": -127.8004342082476, "none": -181.8263361749546}, "25": {"type-based": -177.8976001770832, "geo-based": -143.9904502900608, "mixed": -133.10479600501816, "none": -189.4024335155777}, "26": {"type-based": -184.97343500756406, "geo-based": -149.78103859455516, "mixed": -138.3811359080249, "none": -196.97853085620082}, "27": {"type-based": -192.04926883938415, "geo-based": -155.2790888964468, "mixed": -143.3618073712915, "none": -204.55462819682393}, "28": {"type-based": -199.12510174651476, "geo-based": -160.68911101489587, "mixed": -148.24836570874055, "none": -212.13072553744703}, "29": {"type-based": -206.20093379500196, "geo-based": -166.33721432478882, "mixed": -153.36529789352562, "none": -219.70682287807014}, "30": {"type-based": -213.27676504405986, "geo-based": -172.2039129169837, "mixed": -158.6960354829147, "none": -227.28292021869325}, "31": {"type-based": -220.3525955469814, "geo-based": -178.28873381414886, "mixed": -164.24274549910444, "none": -234.85901755931636}, "32": {"type-based": -227.42842535190232, "geo-based": -184.4279143344998, "mixed": -169.8437917221824, "none": -242.43511489993946}, "33": {"type-based": -234.5042545024459, "geo-based": -190.5530880244486, "mixed": -175.43170740067268, "none": -250.01121224056257}, "34": {"type-based": -241.5800830382697, "geo-based": -195.7838299371242, "mixed": -180.12647295069698, "none": -257.5873095811857}, "35": {"type-based": -248.65591099553237, "geo-based": -201.02164830336298, "mixed": -184.8215316303303, "none": -265.1634069218088}, "36": {"type-based": -255.73173840729328, "geo-based": -206.32090767667944, "mixed": -189.57077413201563, "none": -272.7395042624319}, "37": {"type-based": -262.80756530385696, "geo-based": -212.64921199101192, "mixed": -195.34455199663276, "none": -280.31560160305503}, "38": {"type-based": -269.8833917130709, "geo-based": -218.73291776766393, "mixed": -200.87740554916604, "none": -287.89169894367814}, "39": {"type-based": -276.9592176605843, "geo-based": -224.69111713854542, "mixed": -206.2877693199035, "none": -295.46779628430124}, "40": {"type-based": -284.03504317007315, "geo-based": -230.20841142577217, "mixed": -211.26005017173372, "none": -303.04389362492435}, "41": {"type-based": -291.110868263438, "geo-based": -235.6102489569753, "mixed": -216.11779087082633, "none": -310.61999096554746}, "42": {"type-based": -298.186692960977, "geo-based": -241.0008257251492, "mixed": -220.96513013429518, "none": -318.19608830617057}, "43": {"type-based": -305.2625172815383, "geo-based": -246.38354548626975, "mixed": -225.80595527433763, "none": -325.7721856467937}, "44": {"type-based": -312.3383412426553, "geo-based": -251.7021740536961, "mixed": -230.5844226422081, "none": -333.3482829874168}, "45": {"type-based": -319.41416486066584, "geo-based": -257.0186058124826, "mixed": -235.36255034617514, "none": -340.9243803280399}, "46": {"type-based": -326.4899881508186, "geo-based": -262.3344344433768, "mixed": -240.1422251605404, "none": -348.500477668663}, "47": {"type-based": -333.5658111273679, "geo-based": -267.65062969180747, "mixed": -244.9246334157598, "none": -356.0765750092861}, "48": {"type-based": -340.64163380365824, "geo-based": -272.9962740794, "mixed": -249.7390088487865, "none": -363.6526723499092}, "49": {"type-based": -347.7174561922, "geo-based": -278.12955442245357, "mixed": -254.34394726229198, "none": -371.2287696905323}, "50": {"type-based": -354.7932783047378, "geo-based": -283.27403153939343, "mixed": -258.962060496026, "none": -378.8048670311554}, "51": {"type-based": -361.8691001523113, "geo-based": -288.4297367828698, "mixed": -263.5935114195569, "none": -386.38096437177853}, "52": {"type-based": -368.9449217453112, "geo-based": -293.5963268312515, "mixed": -268.23804161151156, "none": -393.95706171240164}, "53": {"type-based": -376.02074309352844, "geo-based": -298.773169655387, "mixed": -272.89506581283337, "none": -401.53315905302475}, "54": {"type-based": -383.0965642061999, "geo-based": -303.96078739924786, "mixed": -277.5651222636249, "none": -409.10925639364785}, "55": {"type-based": -390.1723850920493, "geo-based": -309.0080482540137, "mixed": -282.0975638652057, "none": -416.68535373427096}, "56": {"type-based": -397.24820575932443, "geo-based": -313.700249071487, "mixed": -286.27794663899647, "none": -424.26145107489407}, "57": {"type-based": -404.3240262158314, "geo-based": -318.4126288882125, "mixed": -290.4812302661475, "none": -431.8375484155172}, "58": {"type-based": -411.3998464689654, "geo-based": -323.1380407951645, "mixed": -294.7010262266055, "none": -439.4136457561403}, "59": {"type-based": -418.47566652573914, "geo-based": -327.8452123526254, "mixed": -298.90663575961094, "none": -446.9897430967634}, "60": {"type-based": -425.5514863928088,