{"0": {"type-based": 0, "geo-based": 0, "mixed": 0, "none": 0}, "1": {"type-based": -7.576097340623111, "geo-based": -7.576097340623111, "mixed": -7.576097340623111, "none": -7.576097340623111}, "2": {"type-based": -15.152194681246222, "geo-based": -15.152194681246222, "mixed": -15.152194681246222, "none": -15.152194681246222}, "3": {"type-based": -16.939362582529427, "geo-based": -21.459478343683916, "mixed": -16.668627050577072, "none": -22.728292021869333}, "4": {"type-based": -18.670743845207546, "geo-based": -32.024211654147585, "mixed": -22.547600207086134, "none": -30.304389362492444}, "5": {"type-based": -20.373012211902452, "geo-based": -38.51621339427868, "mixed": -23.256749587788555, "none": -37.88048670311555}, "6": {"type-based": -22.057394721883703, "geo-based": -47.562420000925655, "mixed": -26.567779545648065, "none": -45.45658404373866}, "7": {"type-based": -23.72967207911461, "geo-based": -54.88618087017722, "mixed": -28.391815585332417, "none": -53.032681384361766}, "8": {"type-based": -25.393211793747046, "geo-based": -61.86225394432385, "mixed": -30.219395199292027, "none": -60.60877872498487}}