{"0": {"type-based": 0, "geo-based": 0, "mixed": 0, "none": 0}, "1": {"type-based": -7.576097340623111, "geo-based": -7.576097340623111, "mixed": -7.576097340623111, "none": -7.576097340623111}, "2": {"type-based": -15.152194681246222, "geo-based": -15.152194681246222, "mixed": -15.152194681246222, "none": -15.152194681246222}, "3": {"type-based": -20.950713215484743, "geo-based": -21.19329553977449, "mixed": -19.559387667452505, "none": -22.728292021869333}, "4": {"type-based": -26.74841243442691, "geo-based": -26.889700401359995, "mixed": -23.675590625680016, "none": -30.304389362492444}, "5": {"type-based": -32.54570164138144, "geo-based": -32.369977426598695, "mixed": -27.62129677297004, "none": -37.88048670311555}, "6": {"type-based": -38.34274472761719, "geo-based": -37.851126686582035, "mixed": -31.59914483246404, "none": -45.45658404373866}, "7": {"type-based": -44.13962368603931, "geo-based": -43.459813581464275, "mixed": -35.70467026701693, "none": -53.032681384361766}, "8": {"type-based": -49.93638538711455, "geo-based": -48.70878107822047, "mixed": -39.511205357981346, "none": -60.60877872498487}, "9": {"type-based": -55.733059132491405, "geo-based": -53.74360856205243, "mixed": -43.14049184425658, "none": -68.18487606560798}, "10": {"type-based": -61.52966446036002, "geo-based": -58.535831078148135, "mixed": -46.543234037643074, "none": -75.76097340623109}, "11": {"type-based": -67.32621504948315, "geo-based": -63.90606494843749, "mixed": -50.53806889151311, "none": -83.3370707468542}, "12": {"type-based": -73.12272084922651, "geo-based": -69.01777908665471, "mixed": -54.29057836297041, "none": -90.9131680874773}, "13": {"type-based": -78.91918932233216, "geo-based": -73.78915727449147, "mixed": -57.71218184125921, "none": -98.48926542810041}, "14": {"type-based": -84.71562620982972, "geo-based": -78.50271671995425, "mixed": -61.08614830915965, "none": -106.06536276872352}, "15": {"type-based": -90.51203602283259, "geo-based": -83.24028685364496, "mixed": -64.49092898148466, "none": -113.64146010934662}, "16": {"type-based": -96.30842237043974, "geo-based": -87.98550461862465, "mixed": -67.90161304627006, "none": -121.21755744996973}, "17": {"type-based": -102.10478818519066, "geo-based": -93.15895458912391, "mixed": -71.72963408191087, "none": -128.79365479059285}, "18": {"type-based": -107.90113588222323, "geo-based": -98.10190183284344, "mixed": -75.33362944587323, "none": -136.36975213121596}, "19": {"type-based": -113.69746747422994, "geo-based": -102.79270638743218, "mixed": -78.67799720707778, "none": -143.94584947183907}, "20": {"type-based": -119.49378465616753, "geo-based": -108.49095103142638, "mixed": -83.01956796966716, "none": -151.52194681246218}, "21": {"type-based": -125.29008886879336, "geo-based": -113.7745027785913, "mixed": -86.90807811560217, "none": -159.09804415308528}, "22": {"type-based": -131.08638134707618, "geo-based": -118.99772375810693, "mixed": -90.70732912187898, "none": -166.6741414937084}, "23": {"type-based": -136.8826631576065, "geo-based": -124.03107680159096, "mixed": -94.29376543999402, "none": -174.2502388343315}, "24": {"type-based": -142.67893522787523, "geo-based": -128.693562300008, "mixed": -97.48562036749532, "none": -181.8263361749546}, "25": {"type-based": -148.47519836945366, "geo-based": -133.07876130290234, "mixed": -100.38313955082516, "none": -189.4024335155777}, "26": {"type-based": -154.27145329653808, "geo-based": -137.85011080835181, "mixed": -103.64792846669832, "none": -196.97853085620082}, "27": {"type-based": -160.0677006409284, "geo-based": -142.71108484084127, "mixed": -106.99022102892313, "none": -204.55462819682393}, "28": {"type-based": -165.86394096423365, "geo-based": -147.56620820787882, "mixed": -110.32185480056839, "none": -212.13072553744703}, "29": {"type-based": -171.66017476789784, "geo-based": -152.68416747206675, "mixed": -113.91214484544172, "none": -219.70682287807014}, "30": {"type-based": -177.45640250149768, "geo-based": -157.705187789636, "mixed": -117.38632824802323, "none": -227.28292021869325}, "31": {"type-based": -183.25262456965737, "geo-based": -162.18591526754216, "mixed": -120.30282266973201, "none": -234.85901755931636}, "32": {"type-based": -189.04884133784833, "geo-based": -168.0856635069325, "mixed": -124.60373160620385, "none": -242.43511489993946}, "33": {"type-based": -194.84505313728275, "geo-based": -172.91758787496272, "mixed": -127.76772166459217, "none": -250.01121224056257}, "34": {"type-based": -200.64126026906578, "geo-based": -177.54524999701562, "mixed": -130.66292750529377, "none": -257.5873095811857}, "35": {"type-based": -206.4374630077372, "geo-based": -182.2953373943363, "mixed": -133.6243140128451, "none": -265.1634069218088}, "36": {"type-based": -212.23366160430703, "geo-based": -186.88008621815825, "mixed": -136.34610070069124, "none": -272.7395042624319}, "37": {"type-based": -218.02985628886992, "geo-based": -190.977076726209, "mixed": -138.5205495819213, "none": -280.31560160305503}, "38": {"type-based": -223.82604727286594, "geo-based": -195.11457250065519, "mixed": -140.68510363498183, "none": -287.89169894367814}, "39": {"type-based": -229.62223475104395, "geo-based": -199.78282869350554, "mixed": -143.32126333556906, "none": -295.46779628430124}, "40": {"type-based": -235.41841890317357, "geo-based": -204.28677592556997, "mixed": -145.76221302783975, "none": -303.04389362492435}, "41": {"type-based": -241.21459989554282, "geo-based": -210.91654846372552, "mixed": -150.32771166536767, "none": -310.61999096554746}, "42": {"type-based": -247.01077788227326, "geo-based": -217.17529276276147, "mixed": -154.5420886674584, "none": -318.19608830617057}, "43": {"type-based": -252.8069530064788, "geo-based": -229.03885725076816, "mixed": -164.38089640080315, "none": -325.7721856467937}, "44": {"type-based": -258.6031254012894, "geo-based": -238.6906645702388, "mixed": -172.16329524418396, "none": -333.3482829874168}, "45": {"type-based": -264.39929519075866, "geo-based": -248.05376991959633, "mixed": -179.76254146704724, "none": -340.9243803280399}, "46": {"type-based": -270.19546249067065, "geo-based": -255.28753369946625, "mixed": -185.30956608005758, "none": -348.500477668663}, "47": {"type-based": -275.9916274092588, "geo-based": -262.2402080845006, "mixed": -190.62799175249637, "none": -356.0765750092861}, "48": {"type-based": -281.7877900478486, "geo-based": -268.4849985606144, "mixed": -195.2818001907912, "none": -363.6526723499092}, "49": {"type-based": -287.58395050143315, "geo-based": -274.2672299406016, "mixed": -199.50535032068845, "none": -371.2287696905323}, "50": {"type-based": -293.38010885919, "geo-based": -279.5657185789594, "mixed": -203.26358457516696, "none": -378.8048670311554}, "51": {"type-based": -299.1762652049464, "geo-based": -284.79275251993045, "mixed": -206.9680609830672, "none": -386.38096437177853}, "52": {"type-based": -304.9724196175991, "geo-based": -289.9152106144904, "mixed": -210.5854808990992, "none": -393.95706171240164}, "53": {"type-based": -310.76857217149313, "geo-based": -294.94539301209915, "mixed": -214.12551582803627, "none": -401.53315905302475}, "54": {"type-based": -316.56472293676586, "geo-based": -300.0942376660639, "mixed": -217.7948469331985, "none": -409.10925639364785}, "55": {"type-based": -322.3608719796582, "geo-based": -305.6864655074637, "mixed": -221.91895037276063, "none": -416.68535373427096}, "56": {"type-based": -328.1570193627983, "geo-based": -311.27665946475037, "mixed": -226.0520438949204, "none": -424.26145107489407}, "57": {"type-based": -333.95316514545925, "geo-based": -316.7354634324096, "mixed": -230.06554433964396, "none": -431.8375484155172}}