{"0": {"type-based": 0, "geo-based": 0, "mixed": 0, "none": 0}, "1": {"type-based": -7.576097340623111, "geo-based": -7.576097340623111, "mixed": -7.576097340623111, "none": -7.576097340623111}, "2": {"type-based": -15.152194681246222, "geo-based": -15.152194681246222, "mixed": -15.152194681246222, "none": -15.152194681246222}, "3": {"type-based": -22.228327928866857, "geo-based": -21.4843753297195, "mixed": -21.02022167809443, "none": -22.728292021869333}, "4": {"type-based": -29.304353096326626, "geo-based": -27.38273106335297, "mixed": -26.46842220342077, "none": -30.304389362492444}, "5": {"type-based": -36.380324205817054, "geo-based": -32.960852130575425, "mixed": -31.600906634872896, "none": -37.88048670311555}, "6": {"type-based": -43.45626287479911, "geo-based": -38.268307787998936, "mixed": -36.455054876273714, "none": -45.45658404373866}, "7": {"type-based": -50.532179914388855, "geo-based": -44.01400830716748, "mixed": -41.74671167024831, "none": -53.032681384361766}, "8": {"type-based": -57.60808150324353, "geo-based": -49.618324963129496, "mixed": -46.87937596814283, "none": -60.60877872498487}, "9": {"type-based": -64.68397150340746, "geo-based": -55.05774318592881, "mixed": -51.84050025584692, "none": -68.18487606560798}, "10": {"type-based": -71.75985248976629, "geo-based": -60.604560871192575, "mixed": -56.91083452423978, "none": -75.76097340623109}, "11": {"type-based": -78.83572626484226, "geo-based": -66.14575762969712, "mixed": -61.97967277590154, "none": -83.3370707468542}, "12": {"type-based": -85.91159413961988, "geo-based": -71.49030627639821, "mixed": -66.85828995031159, "none": -90.9131680874773}, "13": {"type-based": -92.98745709737364, "geo-based": -76.78792975285481, "mixed": -71.69730798819211, "none": -98.48926542810041}, "14": {"type-based": -100.06331589449168, "geo-based": -81.84956472797323, "mixed": -76.30846509761443, "none": -106.06536276872352}, "15": {"type-based": -107.13917112529433, "geo-based": -86.82150148162438, "mixed": -80.83771001856653, "none": -113.64146010934662}, "16": {"type-based": -114.21502326524828, "geo-based": -91.93393256306368, "mixed": -85.5132659511813, "none": -121.21755744996973}, "17": {"type-based": -121.29087270067765, "geo-based": -97.1187945026941, "mixed": -90.26792605268882, "none": -128.79365479059285}, "18": {"type-based": -128.36671974973703, "geo-based": -102.45923447426188, "mixed": -95.18410839208997, "none": -136.36975213121596}, "19": {"type-based": -135.44256467755915, "geo-based": -107.20807363509236, "mixed": -99.51560561905848, "none": -143.94584947183907}, "20": {"type-based": -142.51840770741654, "geo-based": -111.89188606717087, "mixed": -103.78834523600898, "none": -151.52194681246218}, "21": {"type-based": -149.5942490290931, "geo-based": -116.531846359865, "mixed": -108.02211866947765, "none": -159.09804415308528}, "22": {"type-based": -156.67008880526248, "geo-based": -121.20607764545919, "mixed": -112.29322354113734, "none": -166.6741414937084}, "23": {"type-based": -163.74592717641687, "geo-based": -125.89587349910488, "mixed": -116.58204781726339, "none": -174.2502388343315}, "24": {"type-based": -170.82176426472444, "geo-based": -130.64643196777442, "mixed": -120.92815084727809, "none": -181.8263361749546}, "25": {"type-based": -177.8976001770832, "geo-based": -135.34078754854687, "mixed": -125.21371462950766, "none": -189.4024335155777}, "26": {"type-based": -184.97343500756406, "geo-based": -140.0439678267074, "mixed": -129.50330699796848, "none": -196.97853085620082}, "27": {"type-based": -192.04926883938415, "geo-based": -147.0390367134992, "mixed": -136.08292697993366, "none": -204.55462819682393}, "28": {"type-based": -199.12510174651476, "geo-based": -153.19133100291515, "mixed": -141.80989104014134, "none": -212.13072553744703}, "29": {"type-based": -206.20093379500196, "geo-based": -158.71022792628702, "mixed": -146.89367208578147, "none": -219.70682287807014}, "30": {"type-based": -213.27676504405986, "geo-based": -164.0090085977859, "mixed": -151.74703027150113, "none": -227.28292021869325}, "31": {"type-based": -220.3525955469814, "geo-based": -168.65532032525275, "mixed": -155.93637352886597, "none": -234.85901755931636}, "32": {"type-based": -227.42842535190232, "geo-based": -173.35001454222314, "mixed": -160.1672703678423, "none": -242.43511489993946}, "33": {"type-based": -234.5042545024459, "geo-based": -178.38850072793784, "mixed": -164.73659233000555, "none": -250.01121224056257}, "34": {"type-based": -241.5800830382697, "geo-based": -183.65582960883512, "mixed": -169.5323601375534, "none": -257.5873095811857}, "35": {"type-based": -248.65591099553237, "geo-based": -189.43756815793822, "mixed": -174.8416047615148, "none": -265.1634069218088}, "36": {"type-based": -255.73173840729328, "geo-based": -195.43661714560193, "mixed": -180.36892695740687, "none": -272.7395042624319}, "37": {"type-based": -262.80756530385696, "geo-based": -201.67000811711057, "mixed": -186.1318815748187, "none": -280.31560160305503}, "38": {"type-based": -269.8833917130709, "geo-based": -207.34944193405198, "mixed": -191.3427311703489, "none": -287.89169894367814}, "39": {"type-based": -276.9592176605843, "geo-based": -212.7803387864575, "mixed": -196.30407622982227, "none": -295.46779628430124}, "40": {"type-based": -284.03504317007315, "geo-based": -218.1323534172667, "mixed": -201.18543535205998, "none": -303.04389362492435}, "41": {"type-based": -291.110868263438, "geo-based": -225.07853052095626, "mixed": -207.65995282503286, "none": -310.61999096554746}, "42": {"type-based": -298.186692960977, "geo-based": -231.40396277191388, "mixed": -213.51418280399704, "none": -318.19608830617057}, "43": {"type-based": -305.2625172815383, "geo-based": -237.59972465098352, "mixed": -219.23695657371863, "none": -325.7721856467937}, "44": {"type-based": -312.3383412426553, "geo-based": -243.61860322778682, "mixed": -224.78112291847677, "none": -333.3482829874168}, "45": {"type-based": -319.41416486066584, "geo-based": -249.43267200842325, "mixed": -230.1185974642895, "none": -340.9243803280399}, "46": {"type-based": -326.4899881508186, "geo-based": -255.10265886366614, "mixed": -235.3102484307633, "none": -348.500477668663}, "47": {"type-based": -333.5658111273679, "geo-based": -260.74944168563644, "mixed": -240.47695105457518, "none": -356.0765750092861}, "48": {"type-based": -340.64163380365824, "geo-based": -266.39712510694045, "mixed": -245.6429073060853, "none": -363.6526723499092}, "49": {"type-based": -347.7174561922, "geo-based": -272.00130004475693, "mixed": -250.76387002289948, "none": -371.2287696905323}, "50": {"type-based": -354.7932783047378, "geo-based": -277.3785446252836, "mixed": -255.65643588442447, "none": -378.8048670311554}, "51": {"type-based": -361.8691001523113, "geo-based": -282.9753768742097, "mixed": -260.7668388145502, "none": -386.38096437177853}, "52": {"type-based": -368.9449217453112, "geo-based": -288.6281815797312, "mixed": -265.9323240649584, "none": -393.95706171240164}, "53": {"type-based": -376.02074309352844, "geo-based": -294.2905368097406, "mixed": -271.10702465807515, "none": -401.53315905302475}, "54": {"type-based": -383.0965642061999, "geo-based": -299.48524096843164, "mixed": -275.814044017394, "none": -409.10925639364785}, "55": {"type-based": -390.1723850920493, "geo-based": -304.49030800471417, "mixed": -280.32876959101964, "none": -416.68535373427096}, "56": {"type-based": -397.24820575932443, "geo-based": -309.32844937117244, "mixed": -284.6732972727468, "none": -424.26145107489407}, "57": {"type-based": -404.3240262158314, "geo-based": -314.53831202228304, "mixed": -289.38547359063546, "none": -431.8375484155172}, "58": {"type-based": -411.3998464689654, "geo-based": -319.71132178303526, "mixed": -294.0591751783045, "none": -439.4136457561403}, "59": {"type-based": -418.47566652573914, "geo-based": -324.8016700256829, "mixed": -298.6493970476832, "none": -446.9897430967634}, "60": {"type-based": -425.5514863928088,