{"0": {"type-based": 0, "geo-based": 0, "mixed": 0, "none": 0}, "1": {"type-based": -7.576097340623111, "geo-based": -7.576097340623111, "mixed": -7.576097340623111, "none": -7.576097340623111}, "2": {"type-based": -15.152194681246222, "geo-based": -15.152194681246222, "mixed": -15.152194681246222, "none": -15.152194681246222}, "3": {"type-based": -29.829730263450593, "geo-based": -21.759664790064264, "mixed": -28.84849477593579, "none": -22.728292021869333}, "4": {"type-based": -37.03596036248849, "geo-based": -28.089817784061708, "mixed": -34.80899122151931, "none": -30.304389362492444}, "5": {"type-based": -44.20059259970186, "geo-based": -34.14840797530517, "mixed": -40.46525439393462, "none": -37.88048670311555}, "6": {"type-based": -51.343753063693356, "geo-based": -39.95725433056371, "mixed": -45.84106766046362, "none": -45.45658404373866}, "7": {"type-based": -58.47380386404802, "geo-based": -45.584783364859554, "mixed": -51.024368616583445, "none": -53.032681384361766}, "8": {"type-based": -74.29469908638687, "geo-based": -51.012275096325055, "mixed": -64.70874975664772, "none": -60.60877872498487}, "9": {"type-based": -90.12337128290082, "geo-based": -56.36730929496102, "mixed": -78.33961241911479, "none": -68.18487606560798}, "10": {"type-based": -97.28727398495828, "geo-based": -61.536760106732245, "mixed": -83.11394180562148, "none": -75.76097340623109}, "11": {"type-based": -104.43905884625944, "geo-based": -66.70640541112834, "mixed": -87.86852954322417, "none": -83.3370707468542}, "12": {"type-based": -111.58165759373375, "geo-based": -71.80589774430072, "mixed": -92.52742547067065, "none": -90.9131680874773}, "13": {"type-based": -118.71705255612336, "geo-based": -76.87296607194361, "mixed": -97.1338867584924, "none": -98.48926542810041}, "14": {"type-based": -125.84664674612551, "geo-based": -81.96463969245463, "mixed": -101.74910565277564, "none": -106.06536276872352}, "15": {"type-based": -132.97146959658087, "geo-based": -87.11779151286727, "mixed": -106.40974099171135, "none": -113.64146010934662}, "16": {"type-based": -140.09229879951596, "geo-based": -92.15243158857646, "mixed": -110.94005827549586, "none": -121.21755744996973}, "17": {"type-based": -147.20973621252818, "geo-based": -97.17397215071053, "mixed": -115.44358069192191, "none": -128.79365479059285}, "18": {"type-based": -156.96238641294323, "geo-based": -102.16088753305489, "mixed": -122.54371976454732, "none": -136.36975213121596}, "19": {"type-based": -164.0802704694704, "geo-based": -107.09186548323306, "mixed": -126.96109838140302, "none": -143.94584947183907}, "20": {"type-based": -173.90252147428384, "geo-based": -112.0337482487672, "mixed": -134.09059500832413, "none": -151.52194681246218}, "21": {"type-based": -181.03532242081448, "geo-based": -116.88781217878912, "mixed": -138.44080360930624, "none": -159.09804415308528}, "22": {"type-based": -190.24365933793922, "geo-based": -121.71258517251717, "mixed": -144.83418619872012, "none": -166.6741414937084}, "23": {"type-based": -200.16098432642397, "geo-based": -126.53971893328792, "mixed": -151.93707206991024, "none": -174.2502388343315}, "24": {"type-based": -207.31967660410987, "geo-based": -131.39850947877716, "mixed": -156.3119244200657, "none": -181.8263361749546}, "25": {"type-based": -224.21470670827455, "geo-based": -136.35833813287226, "mixed": -170.52277916253055, "none": -189.4024335155777}, "26": {"type-based": -241.1119873638669, "geo-based": -141.16174855717608, "mixed": -184.5799138287212, "none": -196.97853085620082}, "27": {"type-based": -250.4100196283559, "geo-based": -145.9530869649286, "mixed": -191.02529134503402, "none": -204.55462819682393}, "28": {"type-based": -259.3148571195549, "geo-based": -150.64077547584975, "mixed": -196.97338685140934, "none": -212.13072553744703}, "29": {"type-based": -266.49732699873243, "geo-based": -155.32478822166775, "mixed": -201.19500596064847, "none": -219.70682287807014}, "30": {"type-based": -275.8709410552871, "geo-based": -159.99230791838187, "mixed": -207.59184154653278, "none": -227.28292021869325}, "31": {"type-based": -283.0502337392769, "geo-based": -164.60018076422512, "mixed": -211.74731837459584, "none": -234.85901755931636}, "32": {"type-based": -291.7822863657465, "geo-based": -169.11834078510006, "mixed": -217.36676179112888, "none": -242.43511489993946}, "33": {"type-based": -298.96706042671644, "geo-based": -173.5553666109464, "mixed": -221.35723279986433, "none": -250.01121224056257}, "34": {"type-based": -316.0501970110151, "geo-based": -178.23165733418202, "mixed": -235.48702788456143, "none": -257.5873095811857}, "35": {"type-based": -325.1268232155362, "geo-based": -183.17806631400464, "mixed": -241.8822148652574, "none": -265.1634069218088}, "36": {"type-based": -332.31906629266257, "geo-based": -187.9908289487648, "mixed": -246.25822308063488, "none": -272.7395042624319}, "37": {"type-based": -339.5060620018702, "geo-based": -192.7573026962518, "mixed": -250.5832810642558, "none": -280.31560160305503}, "38": {"type-based": -346.68826334245637, "geo-based": -197.42008136966632, "mixed": -254.80049516102864, "none": -287.89169894367814}, "39": {"type-based": -353.8660670319776, "geo-based": -201.69747808002995, "mixed": -258.628817889538, "none": -295.46779628430124}, "40": {"type-based": -361.039822466044, "geo-based": -205.8416122431084, "mixed": -262.32152169351457, "none": -303.04389362492435}, "41": {"type-based": -370.04221045634534, "geo-based": -209.69719896832203, "mixed": -267.55636557951976, "none": -310.61999096554746}, "42": {"type-based": -377.222299766087, "geo-based": -213.6844147891413, "mixed": -271.10330005620057, "none": -318.19608830617057}, "43": {"type-based": -384.3985732045142, "geo-based": -217.78108477581117, "mixed": -274.75742688435724, "none": -325.7721856467937}, "44": {"type-based": -393.257536397928, "geo-based": -221.72315207094738, "mixed": -279.94050995624735, "none": -333.3482829874168}, "45": {"type-based": -400.439568617972, "geo-based": -225.56266921265365, "mixed": -283.3445380202452, "none": -340.9243803280399}, "46": {"type-based": -407.6179953237248, "geo-based": -229.56195947685944, "mixed": -286.9070401481907, "none": -348.500477668663}}