{"0": {"type-based": 0, "geo-based": 0, "mixed": 0, "none": 0}, "1": {"type-based": -7.576097340623111, "geo-based": -7.576097340623111, "mixed": -7.576097340623111, "none": -7.576097340623111}, "2": {"type-based": -15.152194681246222, "geo-based": -15.152194681246222, "mixed": -15.152194681246222, "none": -15.152194681246222}, "3": {"type-based": -22.473673249789684, "geo-based": -21.596800782969204, "mixed": -21.34516769137122, "none": -22.728292021869333}, "4": {"type-based": -29.679903348827583, "geo-based": -27.74703908513458, "mixed": -27.108584644950522, "none": -30.304389362492444}, "5": {"type-based": -44.85123643148132, "geo-based": -33.653983045369266, "mixed": -40.59105796910562, "none": -37.88048670311555}, "6": {"type-based": -52.08217833932863, "geo-based": -39.65003055406211, "mixed": -46.217619711221445, "none": -45.45658404373866}, "7": {"type-based": -59.27654369673713, "geo-based": -45.415720576620444, "mixed": -51.58982575848689, "none": -53.032681384361766}, "8": {"type-based": -68.05693857948808, "geo-based": -51.58214594852634, "mixed": -58.960175060262316, "none": -60.60877872498487}, "9": {"type-based": -75.27798272309114, "geo-based": -57.162544461633104, "mixed": -64.19712934730012, "none": -68.18487606560798}, "10": {"type-based": -82.47624282402691, "geo-based": -62.31117587665276, "mixed": -68.99123208473044, "none": -75.76097340623109}, "11": {"type-based": -89.65790384926795, "geo-based": -67.34083100361676, "mixed": -73.64336725761704, "none": -83.3370707468542}, "12": {"type-based": -96.82693168340897, "geo-based": -72.28122000466558, "mixed": -78.19539558682324, "none": -90.9131680874773}, "13": {"type-based": -103.98602184498023, "geo-based": -77.11367495189529, "mixed": -82.63711790356355, "none": -98.48926542810041}, "14": {"type-based": -120.34753031075537, "geo-based": -81.81714882735547, "mixed": -96.15913113019897, "none": -106.06536276872352}, "15": {"type-based": -129.8048205886714, "geo-based": -86.5450974172051, "mixed": -102.80681699246158, "none": -113.64146010934662}, "16": {"type-based": -136.9809713795038, "geo-based": -91.47925639084318, "mixed": -107.37388750195366, "none": -121.21755744996973}, "17": {"type-based": -144.14840581680164, "geo-based": -96.0736701956479, "mixed": -111.57059606619526, "none": -128.79365479059285}, "18": {"type-based": -151.30851801393416, "geo-based": -100.73207023134773, "mixed": -115.81754051291793, "none": -136.36975213121596}, "19": {"type-based": -158.46239222777825, "geo-based": -105.36464876759182, "mixed": -120.0175649560771, "none": -143.94584947183907}, "20": {"type-based": -165.61088838762586, "geo-based": -110.0816665146204, "mixed": -124.28420398981673, "none": -151.52194681246218}, "21": {"type-based": -172.7547000080713, "geo-based": -114.90305516326278, "mixed": -128.63690022872885, "none": -159.09804415308528}, "22": {"type-based": -179.89439454036258, "geo-based": -119.553559579586, "mixed": -132.79859569521383, "none": -166.6741414937084}, "23": {"type-based": -189.86271485458445, "geo-based": -124.18221019579826, "mixed": -139.75877746039492, "none": -174.2502388343315}, "24": {"type-based": -199.14109916886287, "geo-based": -128.81263369212363, "mixed": -146.0314744179695, "none": -181.8263361749546}, "25": {"type-based": -206.28256259555852, "geo-based": -133.42302705264262, "mixed": -150.1499666538307, "none": -189.4024335155777}, "26": {"type-based": -215.6172699121359, "geo-based": -138.0781129109929, "mixed": -156.50167609649662, "none": -196.97853085620082}, "27": {"type-based": -222.76961158840942, "geo-based": -142.6837945293112, "mixed": -160.61893112346812, "none": -204.55462819682393}, "28": {"type-based": -232.1689127231484, "geo-based": -147.3022802630382, "mixed": -166.9922758068493, "none": -212.13072553744703}, "29": {"type-based": -241.17385972849058, "geo-based": -151.92262295883762, "mixed": -172.97233880104278, "none": -219.70682287807014}, "30": {"type-based": -249.90203386795358, "geo-based": -156.55656747338512, "mixed": -178.68914494432613, "none": -227.28292021869325}, "31": {"type-based": -257.08297067951025, "geo-based": -161.24827352374896, "mixed": -182.91669522012495, "none": -234.85901755931636}, "32": {"type-based": -274.1624432705669, "geo-based": -166.03680355607744, "mixed": -197.13940420482135, "none": -242.43511489993946}, "33": {"type-based": -291.24378770217464, "geo-based": -170.65845656626206, "mixed": -211.1983954084404, "none": -250.01121224056257}, "34": {"type-based": -301.41816950715804, "geo-based": -175.29958159615967, "mixed": -218.37072868351598, "none": -257.5873095811857}, "35": {"type-based": -310.4963941926409, "geo-based": -179.80300469263892, "mixed": -224.3100659076676, "none": -265.1634069218088}, "36": {"type-based": -319.5870526888171, "geo-based": -184.24494768610768, "mixed": -230.2015413069799, "none": -272.7395042624319}, "37": {"type-based": -326.7830505176225, "geo-based": -188.73584366949729, "mixed": -234.25936569199115, "none": -280.31560160305503}, "38": {"type-based": -335.40857345344244, "geo-based": -193.19980343125954, "mixed": -239.72159080794023, "none": -287.89169894367814}, "39": {"type-based": -342.6086646534428, "geo-based": -197.75730970141507, "mixed": -243.85276781681478, "none": -295.46779628430124}, "40": {"type-based": -349.80342968446973, "geo-based": -202.29428461845131, "mixed": -247.96002199408136, "none": -303.04389362492435}, "41": {"type-based": -356.9933067712358, "geo-based": -206.74889785475952, "mixed": -251.98199893500137, "none": -310.61999096554746}, "42": {"type-based": -374.2645329146351, "geo-based": -211.13521266240767, "mixed": -266.0192675246683, "none": -318.19608830617057}, "43": {"type-based": -381.450066093998, "geo-based": -215.51743059111826, "mixed": -269.9692645312033, "none": -325.7721856467937}, "44": {"type-based": -388.63143402247977, "geo-based": -219.9136304815237, "mixed": -273.9302269124117, "none": -333.3482829874168}, "45": {"type-based": -397.2751505084996, "geo-based": -224.15339924078265, "mixed": -279.19805191428424, "none": -340.9243803280399}, "46": {"type-based": -404.4604393587017, "geo-based": -228.26447476129346, "mixed": -282.8775709630353, "none": -348.500477668663}, "47": {"type-based": -411.6418802201833, "geo-based": -232.27141728142368, "mixed": -286.4507730548014, "none": -356.0765750092861}, "48": {"type-based": -418.8197346323058, "geo-based": -236.13342972051257, "mixed": -289.877599144358, "none": -363.6526723499092}, "49": {"type-based": -427.97502430780645, "geo-based": -240.01177191745896, "mixed": -295.30143696828947, "none": -371.2287696905323}, "50": {"type-based": -436.9158712095821, "geo-based": -243.87719074261142, "mixed": -300.4986744935023, "none": -378.8048670311554}, "51": {"type-based": -444.1076022857177, "geo-based": -247.99236816985703, "mixed": -304.197161949821, "none": -386.38096437177853}, "52": {"type-based": -451.29567829497836, "geo-based": -252.30715652002579, "mixed": -308.0926242512323, "none": -393.95706171240164}, "53": {"type-based": -458.4803229035574, "geo-based": -256.37459447471326, "mixed": -311.7384532192205, "none": -401.53315905302475}, "54": {"type-based": -467.3355808686286, "geo-based": -259.7630525624039, "mixed": -316.3773665516708, "none": -409.10925639364785}}