{"0": {"type-based": 0, "geo-based": 0, "mixed": 0, "none": 0}, "1": {"type-based": -7.576097340623111, "geo-based": -7.576097340623111, "mixed": -7.576097340623111, "none": -7.576097340623111}, "2": {"type-based": -15.152194681246222, "geo-based": -15.152194681246222, "mixed": -15.152194681246222, "none": -15.152194681246222}, "3": {"type-based": -28.340254034678672, "geo-based": -21.34959122800978, "mixed": -26.867849662123582, "none": -22.728292021869333}, "4": {"type-based": -41.631433174848894, "geo-based": -27.22916208724267, "mixed": -38.325533389009045, "none": -30.304389362492444}, "5": {"type-based": -49.11196177041047, "geo-based": -32.95950388534936, "mixed": -43.96083761406281, "none": -37.88048670311555}, "6": {"type-based": -56.41056679269562, "geo-based": -38.326420654604824, "mixed": -49.083549177320506, "none": -45.45658404373866}, "7": {"type-based": -63.64030197682234, "geo-based": -43.51536815252005, "mixed": -53.96781466743745, "none": -53.032681384361766}, "8": {"type-based": -70.8337286228136, "geo-based": -48.58100696482769, "mixed": -58.69442079511367, "none": -60.60877872498487}, "9": {"type-based": -86.52211017091044, "geo-based": -53.49762759278312, "mixed": -71.76575864190849, "none": -68.18487606560798}, "10": {"type-based": -93.74242315474899, "geo-based": -58.229433427990784, "mixed": -76.16889450893407, "none": -75.76097340623109}, "11": {"type-based": -102.73098654871666, "geo-based": -62.86822755419147, "mixed": -82.2460537527243, "none": -83.3370707468542}, "12": {"type-based": -111.06711089162553, "geo-based": -67.40504101431425, "mixed": -87.55631405457109, "none": -90.9131680874773}, "13": {"type-based": -118.34361024828263, "geo-based": -71.88934269252817, "mixed": -91.74369132988369, "none": -98.48926542810041}, "14": {"type-based": -125.59379373029786, "geo-based": -76.30292870921247, "mixed": -95.83278675653166, "none": -106.06536276872352}, "15": {"type-based": -132.8237747812671, "geo-based": -80.59099784152701, "mixed": -99.77553484702507, "none": -113.64146010934662}, "16": {"type-based": -140.03775520172067, "geo-based": -84.83095779431088, "mixed": -103.65176951356239, "none": -121.21755744996973}, "17": {"type-based": -147.2387478617372, "geo-based": -88.9934522334368, "mixed": -107.43633867584381, "none": -128.79365479059285}, "18": {"type-based": -155.72802764958308, "geo-based": -93.10065522377191, "mixed": -112.45260313175619, "none": -136.36975213121596}, "19": {"type-based": -163.9520049313808, "geo-based": -97.12792803174187, "mixed": -117.1205942046877, "none": -143.94584947183907}, "20": {"type-based": -171.18635032253914, "geo-based": -101.11894194469095, "mixed": -120.76012081766098, "none": -151.52194681246218}, "21": {"type-based": -178.40840414826178, "geo-based": -105.0354133282853, "mixed": -124.3114300327116, "none": -159.09804415308528}, "22": {"type-based": -186.5753263332214, "geo-based": -108.88675750420919, "mixed": -128.74094957640418, "none": -166.6741414937084}, "23": {"type-based": -195.67674335063217, "geo-based": -112.72308051281048, "mixed": -134.08780646848774, "none": -174.2502388343315}, "24": {"type-based": -204.38757617958467, "geo-based": -116.58596046116281, "mixed": -139.07205969213956, "none": -181.8263361749546}, "25": {"type-based": -211.6468292444106, "geo-based": -120.36555370195597, "mixed": -142.52717615116237, "none": -189.4024335155777}, "26": {"type-based": -218.8940393901026, "geo-based": -124.08602593707684, "mixed": -145.91432645194635, "none": -196.97853085620082}, "27": {"type-based": -226.13069361308558, "geo-based": -127.75705330083672, "mixed": -149.24442993285746, "none": -204.55462819682393}, "28": {"type-based": -233.35801902087763, "geo-based": -131.3870864008531, "mixed": -152.5269533984616, "none": -212.13072553744703}, "29": {"type-based": -242.02376799321345, "geo-based": -135.1364798594198, "mixed": -157.37011128943345, "none": -219.70682287807014}, "30": {"type-based": -249.2541850441052, "geo-based": -138.71877903252485, "mixed": -160.62010990518746, "none": -227.28292021869325}, "31": {"type-based": -257.5751136053397, "geo-based": -142.60662972747176, "mixed": -165.27135372843915, "none": -234.85901755931636}, "32": {"type-based": -265.7551696169265, "geo-based": -146.2091389170195, "mixed": -169.50738574683456, "none": -242.43511489993946}, "33": {"type-based": -273.0039322553764, "geo-based": -149.68458595265432, "mixed": -172.6922367262499, "none": -250.01121224056257}, "34": {"type-based": -280.2443010723012, "geo-based": -153.12736200153788, "mixed": -175.8420991046465, "none": -257.5873095811857}, "35": {"type-based": -287.47705469134894, "geo-based": -156.52650411477666, "mixed": -178.9465807272519, "none": -265.1634069218088}, "36": {"type-based": -294.70286800564764, "geo-based": -159.90251320650006, "mixed": -182.0270431166825, "none": -272.7395042624319}, "37": {"type-based": -301.9223298500594, "geo-based": -163.28432856074335, "mixed": -185.11203553918375, "none": -280.31560160305503}, "38": {"type-based": -309.13595705811696, "geo-based": -166.64239414922227, "mixed": -188.1724678277135, "none": -287.89169894367814}, "39": {"type-based": -316.3442057574948, "geo-based": -170.03511554546452, "mixed": -191.2668287960808, "none": -295.46779628430124}, "40": {"type-based": -323.5474805312128, "geo-based": -173.34971164639853, "mixed": -194.28531514944623, "none": -303.04389362492435}, "41": {"type-based": -330.74614191144406, "geo-based": -176.64812957952662, "mixed": -197.2867842957599, "none": -310.61999096554746}}