{"0": {"type-based": 0, "geo-based": 0, "mixed": 0, "none": 0}, "1": {"type-based": -7.576097340623111, "geo-based": -7.576097340623111, "mixed": -7.576097340623111, "none": -7.576097340623111}, "2": {"type-based": -15.152194681246222, "geo-based": -15.152194681246222, "mixed": -15.152194681246222, "none": -15.152194681246222}, "3": {"type-based": -20.950713215484743, "geo-based": -21.220739172450916, "mixed": -19.4611151121577, "none": -22.728292021869333}, "4": {"type-based": -26.74841243442691, "geo-based": -27.127055703995346, "mixed": -23.591161015343157, "none": -30.304389362492444}, "5": {"type-based": -32.54570164138144, "geo-based": -32.7464010500284, "mixed": -27.447595372268584, "none": -37.88048670311555}, "6": {"type-based": -38.34274472761719, "geo-based": -38.167701847378616, "mixed": -31.16986184819866, "none": -45.45658404373866}, "7": {"type-based": -44.13962368603931, "geo-based": -43.085061242179876, "mixed": -34.47824258019773, "none": -53.032681384361766}, "8": {"type-based": -49.93638538711455, "geo-based": -47.69852449107269, "mixed": -37.55008058372778, "none": -60.60877872498487}, "9": {"type-based": -55.733059132491405, "geo-based": -52.170122015351375, "mixed": -40.550804083581994, "none": -68.18487606560798}, "10": {"type-based": -61.52966446036002, "geo-based": -56.69845668036772, "mixed": -43.65324259339584, "none": -75.76097340623109}, "11": {"type-based": -67.32621504948315, "geo-based": -61.728911316032125, "mixed": -47.27758205974864, "none": -83.3370707468542}, "12": {"type-based": -73.12272084922651, "geo-based": -66.93974517933198, "mixed": -51.07506241766133, "none": -90.9131680874773}, "13": {"type-based": -78.91918932233216, "geo-based": -72.0180140664759, "mixed": -54.740105707953255, "none": -98.48926542810041}, "14": {"type-based": -84.71562620982972, "geo-based": -77.05283451721618, "mixed": -58.37035093837312, "none": -106.06536276872352}, "15": {"type-based": -90.51203602283259, "geo-based": -82.52904855847683, "mixed": -62.4486727141351, "none": -113.64146010934662}, "16": {"type-based": -96.30842237043974, "geo-based": -87.84300078524431, "mixed": -66.35282101295329, "none": -121.21755744996973}, "17": {"type-based": -102.10478818519066, "geo-based": -93.07930845633426, "mixed": -70.17196683116188, "none": -128.79365479059285}, "18": {"type-based": -107.90113588222323, "geo-based": -97.99857858985608, "mixed": -73.6674796222505, "none": -136.36975213121596}, "19": {"type-based": -113.69746747422994, "geo-based": -102.96799923530662, "mixed": -77.2232784978572, "none": -143.94584947183907}, "20": {"type-based": -119.49378465616753, "geo-based": -107.73363901612989, "mixed": -80.59399190980301, "none": -151.52194681246218}, "21": {"type-based": -125.29008886879336, "geo-based": -112.54761799247915, "mixed": -84.02724194869815, "none": -159.09804415308528}, "22": {"type-based": -131.08638134707618, "geo-based": -117.26162239328715, "mixed": -87.37489659278663, "none": -166.6741414937084}, "23": {"type-based": -136.8826631576065, "geo-based": -122.54708637373992, "mixed": -91.3074854598171, "none": -174.2502388343315}, "24": {"type-based": -142.67893522787523, "geo-based": -127.26654892805927, "mixed": -94.6916967680007, "none": -181.8263361749546}, "25": {"type-based": -148.47519836945366, "geo-based": -131.79295849795142, "mixed": -97.898327689667, "none": -189.4024335155777}, "26": {"type-based": -154.27145329653808, "geo-based": -136.14583220839197, "mixed": -100.94600580005579, "none": -196.97853085620082}, "27": {"type-based": -160.0677006409284, "geo-based": -140.51243091278047, "mixed": -104.0180866592081, "none": -204.55462819682393}, "28": {"type-based": -165.86394096423365, "geo-based": -144.8516291723618, "mixed": -107.06859438324821, "none": -212.13072553744703}, "29": {"type-based": -171.66017476789784, "geo-based": -149.36294860416768, "mixed": -110.2964237085444, "none": -219.70682287807014}, "30": {"type-based": -177.45640250149768, "geo-based": -154.15185658921393, "mixed": -113.80171425908026, "none": -227.28292021869325}, "31": {"type-based": -183.25262456965737, "geo-based": -158.51463757354549, "mixed": -116.87621225453664, "none": -234.85901755931636}, "32": {"type-based": -189.04884133784833, "geo-based": -163.15937238823037, "mixed": -120.2286473937519, "none": -242.43511489993946}, "33": {"type-based": -194.84505313728275, "geo-based": -167.61162537531726, "mixed": -123.37219661620688, "none": -250.01121224056257}, "34": {"type-based": -200.64126026906578, "geo-based": -171.94503275593138, "mixed": -126.37584365457343, "none": -257.5873095811857}, "35": {"type-based": -206.4374630077372, "geo-based": -176.0048744842061, "mixed": -129.08098696988137, "none": -265.1634069218088}, "36": {"type-based": -212.23366160430703, "geo-based": -180.0333253160645, "mixed": -131.7422865172914, "none": -272.7395042624319}, "37": {"type-based": -218.02985628886992, "geo-based": -184.31916726309976, "mixed": -134.65233516271442, "none": -280.31560160305503}, "38": {"type-based": -223.82604727286594, "geo-based": -188.47769942336714, "mixed": -137.43911692186848, "none": -287.89169894367814}, "39": {"type-based": -229.62223475104395, "geo-based": -192.6243575829853, "mixed": -140.21264491857272, "none": -295.46779628430124}}