{"0": {"type-based": 0, "geo-based": 0, "mixed": 0, "none": 0}, "1": {"type-based": -7.576097340623111, "geo-based": -7.576097340623111, "mixed": -7.576097340623111, "none": -7.576097340623111}, "2": {"type-based": -15.152194681246222, "geo-based": -15.152194681246222, "mixed": -15.152194681246222, "none": -15.152194681246222}, "3": {"type-based": -29.185193630205795, "geo-based": -21.32123706316245, "mixed": -27.817178907624772, "none": -22.728292021869333}, "4": {"type-based": -36.50336411627767, "geo-based": -27.2484297757582, "mixed": -33.515588769145566, "none": -30.304389362492444}, "5": {"type-based": -43.707738549194794, "geo-based": -32.85006830274024, "mixed": -38.79245439957295, "none": -37.88048670311555}, "6": {"type-based": -50.87108127928278, "geo-based": -38.27787216067505, "mixed": -43.85861489812327, "none": -45.45658404373866}, "7": {"type-based": -58.013253688967104, "geo-based": -43.711966215632174, "mixed": -48.910749893139396, "none": -53.032681384361766}, "8": {"type-based": -65.14250365012768, "geo-based": -48.81524257726758, "mixed": -53.61757262120929, "none": -60.60877872498487}, "9": {"type-based": -80.96272560333853, "geo-based": -53.676016973497326, "mixed": -66.76963223138817, "none": -68.18487606560798}, "10": {"type-based": -89.91755492707027, "geo-based": -58.37517081602982, "mixed": -72.88061412491084, "none": -75.76097340623109}, "11": {"type-based": -97.12301738782719, "geo-based": -63.00272018390593, "mixed": -77.1573318290895, "none": -83.3370707468542}, "12": {"type-based": -105.56336418221007, "geo-based": -67.51883210879166, "mixed": -82.55670483969858, "none": -90.9131680874773}, "13": {"type-based": -113.63330669044204, "geo-based": -71.91800992462521, "mixed": -87.4608167684196, "none": -98.48926542810041}, "14": {"type-based": -120.88985933032626, "geo-based": -76.21084339429612, "mixed": -91.43826524140644, "none": -106.06536276872352}, "15": {"type-based": -128.12552916622056, "geo-based": -80.42285416152808, "mixed": -95.31194368978711, "none": -113.64146010934662}, "16": {"type-based": -136.15544068131638, "geo-based": -84.54576619634241, "mixed": -99.8898386701275, "none": -121.21755744996973}, "17": {"type-based": -145.59731694256524, "geo-based": -88.62357943381592, "mixed": -105.8293679745729, "none": -128.79365479059285}, "18": {"type-based": -154.36740759424077, "geo-based": -92.70364801338647, "mixed": -111.10075451559739, "none": -136.36975213121596}, "19": {"type-based": -161.65424522332904, "geo-based": -96.68948089257054, "mixed": -114.80058477596931, "none": -143.94584947183907}, "20": {"type-based": -168.92187656656787, "geo-based": -100.61236106258076, "mixed": -118.42215776819846, "none": -151.52194681246218}, "21": {"type-based": -176.17351425933504, "geo-based": -104.4825886770918, "mixed": -121.97844847904597, "none": -159.09804415308528}, "22": {"type-based": -183.4116254617464, "geo-based": -108.30790170074503, "mixed": -125.47921069673082, "none": -166.6741414937084}, "23": {"type-based": -190.6381463432722, "geo-based": -112.08260739474342, "mixed": -128.9202976399262, "none": -174.2502388343315}, "24": {"type-based": -199.3948076789476, "geo-based": -115.8499821139874, "mixed": -133.88678281690179, "none": -181.8263361749546}, "25": {"type-based": -206.6251416924416, "geo-based": -119.5420699634253, "mixed": -137.26154341630465, "none": -189.4024335155777}, "26": {"type-based": -213.84588529714668, "geo-based": -123.42135467746556, "mixed": -140.8189122697629, "none": -196.97853085620082}, "27": {"type-based": -222.221174427454, "geo-based": -127.14936595694108, "mixed": -145.39150623448464, "none": -204.55462819682393}, "28": {"type-based": -230.42922493352543, "geo-based": -130.7287593231653, "mixed": -149.6565276334273, "none": -212.13072553744703}, "29": {"type-based": -237.671376810001, "geo-based": -134.3105311769727, "mixed": -152.96235729287122, "none": -219.70682287807014}, "30": {"type-based": -244.90447397784067, "geo-based": -137.82991236798816, "mixed": -156.20237040565533, "none": -227.28292021869325}, "31": {"type-based": -252.12945304763753, "geo-based": -141.3196691742086, "mixed": -159.41038961846905, "none": -234.85901755931636}, "32": {"type-based": -259.347112222593, "geo-based": -144.8275176244526, "mixed": -162.63443918100475, "none": -242.43511489993946}, "33": {"type-based": -266.5581373282771, "geo-based": -148.27921398842415, "mixed": -165.79991844016723, "none": -250.01121224056257}, "34": {"type-based": -273.76312199003974, "geo-based": -151.66783522163414, "mixed": -168.89990434068628, "none": -257.5873095811857}, "35": {"type-based": -280.9625834709638, "geo-based": -155.08884499615968, "mixed": -172.03070145032262, "none": -265.1634069218088}}