{"0": {"type-based": 0, "geo-based": 0, "mixed": 0, "none": 0}, "1": {"type-based": -7.576097340623111, "geo-based": -7.576097340623111, "mixed": -7.576097340623111, "none": -7.576097340623111}, "2": {"type-based": -15.152194681246222, "geo-based": -15.152194681246222, "mixed": -15.152194681246222, "none": -15.152194681246222}, "3": {"type-based": -17.858110338630347, "geo-based": -21.443288856916908, "mixed": -17.307063536379992, "none": -22.728292021869333}, "4": {"type-based": -20.54224014917301, "geo-based": -27.514876996336973, "mixed": -19.348366838865417, "none": -30.304389362492444}, "5": {"type-based": -23.215293645190165, "geo-based": -33.751060985449364, "mixed": -21.64372916126089, "none": -37.88048670311555}, "6": {"type-based": -34.39903425594977, "geo-based": -41.48472066736126, "mixed": -33.87870485078903, "none": -45.45658404373866}, "7": {"type-based": -38.783235588839496, "geo-based": -47.928279751517024, "mixed": -37.43692651902694, "none": -53.032681384361766}, "8": {"type-based": -43.01946990780258, "geo-based": -54.20439443890289, "mixed": -40.72193359668849, "none": -60.60877872498487}, "9": {"type-based": -47.13475960509782, "geo-based": -60.31576865454233, "mixed": -43.756415025732785, "none": -68.18487606560798}, "10": {"type-based": -51.14865222567647, "geo-based": -68.36638726407487, "mixed": -48.641245876180484, "none": -75.76097340623109}, "11": {"type-based": -55.07589270754057, "geo-based": -75.1233086826199, "mixed": -52.18707919295724, "none": -83.3370707468542}}