{"0": {"type-based": 0, "geo-based": 0, "mixed": 0, "none": 0}, "1": {"type-based": -7.576097340623111, "geo-based": -7.576097340623111, "mixed": -7.576097340623111, "none": -7.576097340623111}, "2": {"type-based": -15.152194681246222, "geo-based": -15.152194681246222, "mixed": -15.152194681246222, "none": -15.152194681246222}, "3": {"type-based": -20.950713215484743, "geo-based": -21.220739172450916, "mixed": -19.4611151121577, "none": -22.728292021869333}, "4": {"type-based": -26.74841243442691, "geo-based": -26.98499130159544, "mixed": -23.44909661294325, "none": -30.304389362492444}, "5": {"type-based": -32.54570164138144, "geo-based": -32.40938235343842, "mixed": -27.171275066803307, "none": -37.88048670311555}, "6": {"type-based": -38.34274472761719, "geo-based": -37.38418787699632, "mixed": -30.536749956761632, "none": -45.45658404373866}, "7": {"type-based": -44.13962368603931, "geo-based": -42.0403980416691, "mixed": -33.671001913853196, "none": -53.032681384361766}, "8": {"type-based": -49.93638538711455, "geo-based": -46.74795521667322, "mixed": -36.89449602471038, "none": -60.60877872498487}, "9": {"type-based": -55.733059132491405, "geo-based": -51.24408077671468, "mixed": -39.93852661463446, "none": -68.18487606560798}, "10": {"type-based": -61.52966446036002, "geo-based": -56.07271972970706, "mixed": -43.34896164779868, "none": -75.76097340623109}, "11": {"type-based": -67.32621504948315, "geo-based": -60.89240606771344, "mixed": -46.78397778224663, "none": -83.3370707468542}, "12": {"type-based": -73.12272084922651, "geo-based": -65.39336804816882, "mixed": -49.923219324809004, "none": -90.9131680874773}, "13": {"type-based": -78.91918932233216, "geo-based": -69.82577917677858, "mixed": -53.02018363071602, "none": -98.48926542810041}, "14": {"type-based": -84.71562620982972, "geo-based": -75.48601108286104, "mixed": -57.3583632740851, "none": -106.06536276872352}, "15": {"type-based": -90.51203602283259, "geo-based": -80.53158322890619, "mixed": -61.06937889870967, "none": -113.64146010934662}, "16": {"type-based": -96.30842237043974, "geo-based": -85.38515371340645, "mixed": -64.58187677645924, "none": -121.21755744996973}, "17": {"type-based": -102.10478818519066, "geo-based": -90.2468309519987, "mixed": -68.0929464025311, "none": -128.79365479059285}}