{"0": {"type-based": 0, "geo-based": 0, "mixed": 0, "none": 0}, "1": {"type-based": -7.576097340623111, "geo-based": -7.576097340623111, "mixed": -7.576097340623111, "none": -7.576097340623111}, "2": {"type-based": -15.152194681246222, "geo-based": -15.152194681246222, "mixed": -15.152194681246222, "none": -15.152194681246222}, "3": {"type-based": -22.473673249789684, "geo-based": -21.596800782969204, "mixed": -21.34516769137122, "none": -22.728292021869333}, "4": {"type-based": -29.679903348827583, "geo-based": -27.74703908513458, "mixed": -27.108584644950522, "none": -30.304389362492444}, "5": {"type-based": -44.85123643148132, "geo-based": -33.653983045369266, "mixed": -40.59105796910562, "none": -37.88048670311555}, "6": {"type-based": -60.088879184769, "geo-based": -39.59828584843835, "mixed": -54.17257585103805, "none": -45.45658404373866}, "7": {"type-based": -67.33371369467356, "geo-based": -45.40114304942446, "mixed": -59.64945439194323, "none": -53.032681384361766}, "8": {"type-based": -74.53890419146585, "geo-based": -50.99993749896365, "mixed": -64.88750277859337, "none": -60.60877872498487}, "9": {"type-based": -81.71952795233683, "geo-based": -56.21088628759393, "mixed": -69.71947642034897, "none": -68.18487606560798}, "10": {"type-based": -88.88343065439429, "geo-based": -61.5088907010108, "mixed": -74.61097595973088, "none": -75.76097340623109}, "11": {"type-based": -96.03521551569546, "geo-based": -66.71294761255972, "mixed": -79.37401671501104, "none": -83.3370707468542}, "12": {"type-based": -103.17781426316976, "geo-based": -71.90358344934249, "mixed": -84.09708242658358, "none": -90.9131680874773}, "13": {"type-based": -110.31320922555938, "geo-based": -77.11836900092274, "mixed": -88.82802321162315, "none": -98.48926542810041}, "14": {"type-based": -117.44280341556153, "geo-based": -82.35305128876145, "mixed": -93.5662539543105, "none": -106.06536276872352}, "15": {"type-based": -124.56762626601689, "geo-based": -87.59955429016458, "mixed": -98.3063467023193, "none": -113.64146010934662}, "16": {"type-based": -131.68845546895196, "geo-based": -92.8583298565754, "mixed": -103.05069176930648, "none": -121.21755744996973}, "17": {"type-based": -138.80589288196418, "geo-based": -97.87683570964376, "mixed": -107.54792381272782, "none": -128.79365479059285}, "18": {"type-based": -145.92041382707654, "geo-based": -102.91698017935323, "mixed": -112.05680327376993, "none": -136.36975213121596}, "19": {"type-based": -153.03240024207983, "geo-based": -108.08751807843798, "mixed": -116.68890688858023, "none": -143.94584947183907}, "20": {"type-based": -162.9138153614902, "geo-based": -113.12811707500637, "mixed": -123.95939429762669, "none": -151.52194681246218}, "21": {"type-based": -170.04023952442023, "geo-based": -118.16344546187312, "mixed": -128.46853904338175, "none": -159.09804415308528}, "22": {"type-based": -179.99602902581756, "geo-based": -123.28559379783283, "mixed": -135.89330590760306, "none": -166.6741414937084}, "23": {"type-based": -187.12229156189014, "geo-based": -128.13922655253722, "mixed": -140.2302994013371, "none": -174.2502388343315}, "24": {"type-based": -197.13524487334885, "geo-based": -132.97259087021743, "mixed": -147.43260941892143, "none": -181.8263361749546}, "25": {"type-based": -206.46738932671528, "geo-based": -137.84045348180527, "mixed": -153.98855689283727, "none": -189.4024335155777}, "26": {"type-based": -213.6172048638501, "geo-based": -142.86045307278658, "mixed": -158.514004321558, "none": -196.97853085620082}, "27": {"type-based": -230.61550597449286, "geo-based": -147.83069436816268, "mixed": -172.8378929643733, "none": -204.55462819682393}, "28": {"type-based": -247.61583704210452, "geo-based": -152.61156702488228, "mixed": -186.97526235870671, "none": -212.13072553744703}, "29": {"type-based": -257.0167090124759, "geo-based": -157.38072187764126, "mixed": -193.50163435234057, "none": -219.70682287807014}, "30": {"type-based": -266.02320976863706, "geo-based": -162.0274010475462, "mixed": -199.51094614646212, "none": -227.28292021869325}, "31": {"type-based": -273.1975167086017, "geo-based": -166.58729160200699, "mixed": -203.60175251443013, "none": -234.85901755931636}, "32": {"type-based": -280.36712272281073, "geo-based": -171.11722150398663, "mixed": -207.65983905824453, "none": -242.43511489993946}, "33": {"type-based": -287.53245637082154, "geo-based": -175.57510849921428, "mixed": -211.64371354887436, "none": -250.01121224056257}, "34": {"type-based": -304.6927333143285, "geo-based": -180.001107392065, "mixed": -225.59307611521166, "none": -257.5873095811857}, "35": {"type-based": -313.84648573911574, "geo-based": -184.5253415074461, "mixed": -231.63683356547952, "none": -265.1634069218088}, "36": {"type-based": -321.01743186130966, "geo-based": -189.12149760005897, "mixed": -235.76877993675024, "none": -272.7395042624319}, "37": {"type-based": -330.6263152546941, "geo-based": -193.6884401042974, "mixed": -242.30991524720156, "none": -280.31560160305503}, "38": {"type-based": -337.7952519094035, "geo-based": -198.13138328744682, "mixed": -246.29652033738904, "none": -287.89169894367814}, "39": {"type-based": -344.9604767158288, "geo-based": -202.57976368879872, "mixed": -250.28569801359419, "none": -295.46779628430124}, "40": {"type-based": -352.1222743984023, "geo-based": -207.0335341964911, "mixed": -254.27755551066758, "none": -303.04389362492435}, "41": {"type-based": -359.2808981131187, "geo-based": -211.5301417191388, "mixed": -258.30966615713794, "none": -310.61999096554746}, "42": {"type-based": -368.34590352288274, "geo-based": -215.87377279770473, "mixed": -264.09551364266395, "none": -318.19608830617057}, "43": {"type-based": -375.50923827224943, "geo-based": -220.0977754497067, "mixed": -267.858525536437, "none": -325.7721856467937}, "44": {"type-based": -382.6695756105861, "geo-based": -224.21076791498513, "mixed": -271.50875978987966, "none": -333.3482829874168}, "45": {"type-based": -389.8271141491585, "geo-based": -228.3952261997393, "mixed": -275.22953653894075, "none": -340.9243803280399}, "46": {"type-based": -396.9820333820581, "geo-based": -232.4285528771925, "mixed": -278.7979422757261, "none": -348.500477668663}, "47": {"type-based": -406.18197119672317, "geo-based": -236.4046233661221, "mixed": -284.3558503250917, "none": -356.0765750092861}, "48": {"type-based": -413.34270848047504, "geo-based": -240.59347829076913, "mixed": -288.0880051447511, "none": -363.6526723499092}, "49": {"type-based": -420.50089816492573, "geo-based": -244.9031082260033, "mixed": -291.9399862991245, "none": -371.2287696905323}, "50": {"type-based": -427.65668871868746, "geo-based": -248.6492374488932, "mixed": -295.2270216510028, "none": -378.8048670311554}}