{"0": {"type-based": 0, "geo-based": 0, "mixed": 0, "none": 0}, "1": {"type-based": -7.576097340623111, "geo-based": -7.576097340623111, "mixed": -7.576097340623111, "none": -7.576097340623111}, "2": {"type-based": -15.152194681246222, "geo-based": -15.152194681246222, "mixed": -15.152194681246222, "none": -15.152194681246222}, "3": {"type-based": -29.185193630205795, "geo-based": -21.32123706316245, "mixed": -27.817178907624772, "none": -22.728292021869333}, "4": {"type-based": -36.50336411627767, "geo-based": -27.2484297757582, "mixed": -33.515588769145566, "none": -30.304389362492444}, "5": {"type-based": -44.40038610446331, "geo-based": -33.10111878599153, "mixed": -39.73615243809275, "none": -37.88048670311555}, "6": {"type-based": -51.69899112674845, "geo-based": -38.61867769781958, "mixed": -45.02512523807461, "none": -45.45658404373866}, "7": {"type-based": -58.92872631087518, "geo-based": -44.17740608239298, "mixed": -50.29106548491, "none": -53.032681384361766}, "8": {"type-based": -66.12215295686643, "geo-based": -49.37352581019295, "mixed": -55.15575063256507, "none": -60.60877872498487}, "9": {"type-based": -81.81053450496327, "geo-based": -54.30190006850656, "mixed": -68.24462247427577, "none": -68.18487606560798}, "10": {"type-based": -90.63948588090551, "geo-based": -59.05902916451824, "mixed": -74.2873417166124, "none": -75.76097340623109}, "11": {"type-based": -97.90680448990791, "geo-based": -63.72257150647258, "mixed": -78.66044071506327, "none": -83.3370707468542}, "12": {"type-based": -106.24292883281679, "geo-based": -68.27660441902377, "mixed": -83.99413742869068, "none": -90.9131680874773}, "13": {"type-based": -114.21240874502303, "geo-based": -72.71747637175113, "mixed": -88.83964921519299, "none": -98.48926542810041}, "14": {"type-based": -121.52612348304513, "geo-based": -77.05489674242752, "mixed": -92.91852014553947, "none": -106.06536276872352}, "15": {"type-based": -129.36863833002488, "geo-based": -81.29946278652636, "mixed": -97.43245683579752, "none": -113.64146010934662}, "16": {"type-based": -136.6834240294879, "geo-based": -85.47360026221715, "mixed": -101.34237356746888, "none": -121.21755744996973}, "17": {"type-based": -145.35720237342022, "geo-based": -89.59446800775824, "mixed": -106.55870649794544, "none": -128.79365479059285}, "18": {"type-based": -152.6675398855239, "geo-based": -93.70897638582468, "mixed": -110.40694227286936, "none": -136.36975213121596}, "19": {"type-based": -159.95437751461216, "geo-based": -97.74227029517331, "mixed": -114.15505483259557, "none": -143.94584947183907}, "20": {"type-based": -168.42574837938716, "geo-based": -101.73220896091618, "mixed": -119.04791036121989, "none": -151.52194681246218}, "21": {"type-based": -175.71176824719288, "geo-based": -105.68802466304844, "mixed": -122.72679116491062, "none": -159.09804415308528}, "22": {"type-based": -183.76875257902933, "geo-based": -109.86367643225547, "mixed": -127.40251573605136, "none": -166.6741414937084}, "23": {"type-based": -191.664080963108, "geo-based": -113.78182007482431, "mixed": -131.66872521724247, "none": -174.2502388343315}, "24": {"type-based": -198.97356447342116, "geo-based": -117.57537352463251, "mixed": -135.22969600926058, "none": -181.8263361749546}, "25": {"type-based": -206.26553185937502, "geo-based": -121.32867473497599, "mixed": -138.7396914362261, "none": -189.4024335155777}, "26": {"type-based": -213.54243422307718, "geo-based": -125.0668486461866, "mixed": -142.22591570367405, "none": -196.97853085620082}, "27": {"type-based": -220.8062404173208, "geo-based": -128.74401264550124, "mixed": -145.64417741888278, "none": -204.55462819682393}, "28": {"type-based": -228.05855607037176, "geo-based": -132.4813892892022, "mixed": -149.1174005461379, "none": -212.13072553744703}}