{"0": {"type-based": 0, "geo-based": 0, "mixed": 0, "none": 0}, "1": {"type-based": -7.576097340623111, "geo-based": -7.576097340623111, "mixed": -7.576097340623111, "none": -7.576097340623111}, "2": {"type-based": -15.152194681246222, "geo-based": -15.152194681246222, "mixed": -15.152194681246222, "none": -15.152194681246222}, "3": {"type-based": -22.228327928866857, "geo-based": -21.417756948313972, "mixed": -20.959162682050223, "none": -22.728292021869333}, "4": {"type-based": -29.304353096326626, "geo-based": -27.290823876444307, "mixed": -26.38581918148035, "none": -30.304389362492444}, "5": {"type-based": -36.380324205817054, "geo-based": -32.89325576728777, "mixed": -31.547098560981006, "none": -37.88048670311555}, "6": {"type-based": -43.45626287479911, "geo-based": -38.480798262857114, "mixed": -36.69242613808622, "none": -45.45658404373866}, "7": {"type-based": -50.532179914388855, "geo-based": -43.56584861371082, "mixed": -41.326388121599265, "none": -53.032681384361766}, "8": {"type-based": -57.60808150324353, "geo-based": -48.561692504777604, "mixed": -45.868306230364325, "none": -60.60877872498487}, "9": {"type-based": -64.68397150340746, "geo-based": -54.03588891539671, "mixed": -50.88212896078841, "none": -68.18487606560798}, "10": {"type-based": -71.75985248976629, "geo-based": -59.550739552219596, "mixed": -55.92545171136871, "none": -75.76097340623109}, "11": {"type-based": -78.83572626484226, "geo-based": -64.70458590646042, "mixed": -60.60723051788415, "none": -83.3370707468542}, "12": {"type-based": -85.91159413961988, "geo-based": -69.9110966792576, "mixed": -65.34445170665829, "none": -90.9131680874773}, "13": {"type-based": -92.98745709737364, "geo-based": -75.00811699480187, "mixed": -69.97834927155569, "none": -98.48926542810041}, "14": {"type-based": -100.06331589449168, "geo-based": -79.99320365237418, "mixed": -74.50833965337581, "none": -106.06536276872352}, "15": {"type-based": -107.13917112529433, "geo-based": -84.92728252801257, "mixed": -78.99644079310627, "none": -113.64146010934662}, "16": {"type-based": -114.21502326524828, "geo-based": -90.02963985734507, "mixed": -83.66067129394825, "none": -121.21755744996973}, "17": {"type-based": -121.29087270067765, "geo-based": -94.9967690835177, "mixed": -88.19620823100057, "none": -128.79365479059285}, "18": {"type-based": -128.36671974973703, "geo-based": -100.07020445923577, "mixed": -92.84488611926261, "none": -136.36975213121596}, "19": {"type-based": -135.44256467755915, "geo-based": -107.11180245092228, "mixed": -99.46776195815713, "none": -143.94584947183907}, "20": {"type-based": -142.51840770741654, "geo-based": -112.10224521646157, "mixed": -104.03612178321843, "none": -151.52194681246218}, "21": {"type-based": -149.5942490290931, "geo-based": -116.74946081821199, "mixed": -108.26811372653238, "none": -159.09804415308528}, "22": {"type-based": -156.67008880526248, "geo-based": -121.36409436853975, "mixed": -112.47551597840602, "none": -166.6741414937084}, "23": {"type-based": -163.74592717641687, "geo-based": -125.95904474338772, "mixed": -116.66963888654846, "none": -174.2502388343315}, "24": {"type-based": -170.82176426472444, "geo-based": -130.61016476483738, "mixed": -120.92408058577092, "none": -181.8263361749546}, "25": {"type-based": -177.8976001770832, "geo-based": -135.32980842654626, "mixed": -125.24974815802182, "none": -189.4024335155777}, "26": {"type-based": -184.97343500756406, "geo-based": -140.10980747265685, "mixed": -129.63193535423767, "none": -196.97853085620082}, "27": {"type-based": -192.04926883938415, "geo-based": -144.88828678243743, "mixed": -134.00721811943973, "none": -204.55462819682393}, "28": {"type-based": -199.12510174651476, "geo-based": -149.47164361601446, "mixed": -138.18399824257375, "none": -212.13072553744703}, "29": {"type-based": -206.20093379500196, "geo-based": -153.9908575502402, "mixed": -142.29112341391257, "none": -219.70682287807014}, "30": {"type-based": -213.27676504405986, "geo-based": -158.5187656816231, "mixed": -146.4018267396951, "none": -227.28292021869325}, "31": {"type-based": -220.3525955469814, "geo-based": -163.04744475309062, "mixed": -150.50929965210224, "none": -234.85901755931636}, "32": {"type-based": -227.42842535190232, "geo-based": -167.65141857509062, "mixed": -154.68910662754956, "none": -242.43511489993946}, "33": {"type-based": -234.5042545024459, "geo-based": -172.2164970395159, "mixed": -158.82740611645215, "none": -250.01121224056257}, "34": {"type-based": -241.5800830382697, "geo-based": -176.66263868792004, "mixed": -162.8442110989172, "none": -257.5873095811857}, "35": {"type-based": -248.65591099553237, "geo-based": -181.15498736463195, "mixed": -166.90416141648618, "none": -265.1634069218088}, "36": {"type-based": -255.73173840729328, "geo-based": -185.82942635806677, "mixed": -171.14288620136188, "none": -272.7395042624319}, "37": {"type-based": -262.80756530385696, "geo-based": -190.90694124276183, "mixed": -175.7812706678253, "none": -280.31560160305503}, "38": {"type-based": -269.8833917130709, "geo-based": -195.98633206606834, "mixed": -180.41814915358492, "none": -287.89169894367814}, "39": {"type-based": -276.9592176605843, "geo-based": -201.15573016195785, "mixed": -185.14094444816354, "none": -295.46779628430124}, "40": {"type-based": -284.03504317007315, "geo-based": -211.56039338531951, "mixed": -195.09455966221844, "none": -303.04389362492435}, "41": {"type-based": -291.110868263438, "geo-based": -220.48185392133342, "mixed": -203.56593921227062, "none": -310.61999096554746}, "42": {"type-based": -298.186692960977, "geo-based": -225.58257179869446, "mixed": -208.21754215039925, "none": -318.19608830617057}, "43": {"type-based": -305.2625172815383, "geo-based": -230.7073483682937, "mixed": -212.89017205678198, "none": -325.7721856467937}, "44": {"type-based": -312.3383412426553, "geo-based": -236.13292018822176, "mixed": -217.86064718365336, "none": -333.3482829874168}, "45": {"type-based": -319.41416486066584, "geo-based": -241.15052123644574, "mixed": -222.4215344864713, "none": -340.9243803280399}, "46": {"type-based": -326.4899881508186, "geo-based": -246.13469619078666, "mixed": -226.94604829547012, "none": -348.500477668663}, "47": {"type-based": -333.5658111273679, "geo-based": -251.15342618994862, "mixed": -231.50211005425874, "none": -356.0765750092861}, "48": {"type-based": -340.64163380365824, "geo-based": -256.22004896153146, "mixed": -236.10311452018775, "none": -363.6526723499092}, "49": {"type-based": -347.7174561922, "geo-based": -261.1413464970349, "mixed": -240.55619782611672, "none": -371.2287696905323}, "50": {"type-based": -354.7932783047378, "geo-based": -265.93390291027004, "mixed": -244.87722113566997, "none": -378.8048670311554}, "51": {"type-based": -361.8691001523113, "geo-based": -270.9898361032213, "mixed": -249.45741289363772, "none": -386.38096437177853}, "52": {"type-based": -368.9449217453112, "geo-based": -275.87811457317264, "mixed": -253.86655031546616, "none": -393.95706171240164}, "53": {"type-based": -376.02074309352844, "geo-based": -280.6212095507194, "mixed": -258.126148821352, "none": -401.53315905302475}, "54": {"type-based": -383.0965642061999, "geo-based": -285.2733029848849, "mixed": -262.2892569586045, "none": -409.10925639364785}, "55": {"type-based": -390.1723850920493, "geo-based": -290.2950430248764, "mixed": -266.81481829620515, "none": -416.68535373427096}, "56": {"type-based": -397.24820575932443, "geo-based": -295.7116019072121, "mixed": -271.7314520291315, "none": -424.26145107489407}, "57": {"type-based": -404.3240262158314, "geo-based": -301.17646753199546, "mixed": -276.6951397032481, "none": -431.8375484155172}, "58": {"type-based": -411.3998464689654, "geo-based": -306.7785486357124, "mixed": -281.7951858324698, "none": -439.4136457561403}, "59": {"type-based": -418.47566652573914, "geo-based": -312.4906038088097, "mixed": -287.0049413372909, "none": -446.9897430967634},