{"0": {"type-based": 0, "geo-based": 0, "mixed": 0, "none": 0}, "1": {"type-based": -7.576097340623111, "geo-based": -7.576097340623111, "mixed": -7.576097340623111, "none": -7.576097340623111}, "2": {"type-based": -15.152194681246222, "geo-based": -15.152194681246222, "mixed": -15.152194681246222, "none": -15.152194681246222}, "3": {"type-based": -22.473673249789684, "geo-based": -21.596800782969204, "mixed": -21.34516769137122, "none": -22.728292021869333}, "4": {"type-based": -29.679903348827583, "geo-based": -27.74703908513458, "mixed": -27.108584644950522, "none": -30.304389362492444}, "5": {"type-based": -36.844535586040955, "geo-based": -33.743597440291715, "mixed": -32.673971518587706, "none": -37.88048670311555}, "6": {"type-based": -52.281995658889684, "geo-based": -39.520536600485414, "mixed": -46.3014462605029, "none": -45.45658404373866}, "7": {"type-based": -67.73084638084494, "geo-based": -45.135042693163236, "mixed": -59.795846514928805, "none": -53.032681384361766}, "8": {"type-based": -74.93603687763722, "geo-based": -50.49083889171599, "mixed": -64.78405904540881, "none": -60.60877872498487}, "9": {"type-based": -82.11666063850821, "geo-based": -55.84639540211575, "mixed": -69.73772473629093, "none": -68.18487606560798}, "10": {"type-based": -89.28056334056566, "geo-based": -61.13456863805244, "mixed": -74.5872421844423, "none": -75.76097340623109}, "11": {"type-based": -96.43234820186683, "geo-based": -66.4817880099837, "mixed": -79.4686623204929, "none": -83.3370707468542}, "12": {"type-based": -103.57494694934114, "geo-based": -71.85211825580456, "mixed": -84.35634221486671, "none": -90.9131680874773}, "13": {"type-based": -110.71034191173075, "geo-based": -77.01548904446, "mixed": -89.0246104774635, "none": -98.48926542810041}, "14": {"type-based": -117.8399361017329, "geo-based": -82.28692875174013, "mixed": -93.78623220754722, "none": -106.06536276872352}, "15": {"type-based": -127.36174562961247, "geo-based": -87.46135736736012, "mixed": -100.84042891526066, "none": -113.64146010934662}, "16": {"type-based": -134.51035425101952, "geo-based": -92.63809192249798, "mixed": -105.52190043803877, "none": -121.21755744996973}, "17": {"type-based": -144.13708557369935, "geo-based": -97.90418940264344, "mixed": -112.7696863174703, "none": -128.79365479059285}, "18": {"type-based": -151.28363996543274, "geo-based": -102.88414753299688, "mixed": -117.26560184871938, "none": -136.36975213121596}, "19": {"type-based": -160.98895376360312, "geo-based": -107.87241254273125, "mixed": -124.32668445308498, "none": -143.94584947183907}, "20": {"type-based": -170.01768902372655, "geo-based": -112.9077836007819, "mixed": -130.75748231021595, "none": -151.52194681246218}, "21": {"type-based": -178.66064993450155, "geo-based": -117.96685068228109, "mixed": -136.8253556969425, "none": -159.09804415308528}, "22": {"type-based": -187.7280596132782, "geo-based": -123.0167123628137, "mixed": -143.30742327913995, "none": -166.6741414937084}, "23": {"type-based": -196.11779148684235, "geo-based": -128.1164620986086, "mixed": -149.15966729718707, "none": -174.2502388343315}, "24": {"type-based": -203.34755061354474, "geo-based": -133.4054632919397, "mixed": -154.03966821089753, "none": -181.8263361749546}, "25": {"type-based": -220.1139504082271, "geo-based": -138.6153318699454, "mixed": -168.37635166183705, "none": -189.4024335155777}, "26": {"type-based": -236.88290929167493, "geo-based": -143.56661065089122, "mixed": -182.4572582871658, "none": -196.97853085620082}, "27": {"type-based": -246.74556189381266, "geo-based": -148.51025010003357, "mixed": -189.62333890918572, "none": -204.55462819682393}, "28": {"type-based": -255.51271094732815, "geo-based": -153.42133645467032, "mixed": -195.6603891581404, "none": -212.13072553744703}, "29": {"type-based": -264.0059735339278, "geo-based": -158.07591335029522, "mixed": -201.16487366694008, "none": -219.70682287807014}, "30": {"type-based": -271.2601785047712, "geo-based": -162.79168155791254, "mixed": -205.48893723046083, "none": -227.28292021869325}, "31": {"type-based": -280.5179016589772, "geo-based": -167.48857935985467, "mixed": -211.7979407707697, "none": -234.85901755931636}, "32": {"type-based": -288.86239457473476, "geo-based": -172.35532846085974, "mixed": -217.3771141698041, "none": -242.43511489993946}, "33": {"type-based": -296.12392517082657, "geo-based": -176.7624091034499, "mixed": -221.41242971159573, "none": -250.01121224056257}, "34": {"type-based": -303.3748064675304, "geo-based": -181.09526823925233, "mixed": -225.36428885013908, "none": -257.5873095811857}, "35": {"type-based": -310.616196135349, "geo-based": -185.48727165646227, "mixed": -229.3687128669358, "none": -265.1634069218088}, "36": {"type-based": -317.8490724373314, "geo-based": -189.94220311349966, "mixed": -233.42974928646183, "none": -272.7395042624319}, "37": {"type-based": -325.0742695438854, "geo-based": -194.35321853398796, "mixed": -237.44085036120788, "none": -280.31560160305503}, "38": {"type-based": -332.29250455217516, "geo-based": -198.61056566446808, "mixed": -241.29285632783242, "none": -287.89169894367814}, "39": {"type-based": -339.5043984468152, "geo-based": -202.71962477019457, "mixed": -244.9914250635588, "none": -295.46779628430124}, "40": {"type-based": -348.0096543491812, "geo-based": -206.78172566134296, "mixed": -249.93796556641456, "none": -303.04389362492435}, "41": {"type-based": -355.22678386606765, "geo-based": -211.09092889666564, "mixed": -253.84357300806894, "none": -310.61999096554746}, "42": {"type-based": -363.96406699304714, "geo-based": -215.56353123844139, "mixed": -259.4329871634921, "none": -318.19608830617057}, "43": {"type-based": -371.18395041566134, "geo-based": -220.24237067762763, "mixed": -263.70705295059963, "none": -325.7721856467937}, "44": {"type-based": -378.3982276856904, "geo-based": -224.90088411792792, "mixed": -267.95450568040235, "none": -333.3482829874168}, "45": {"type-based": -395.73399047409816, "geo-based": -229.6065054467653, "mixed": -282.3698983791772, "none": -340.9243803280399}, "46": {"type-based": -402.9432301083617, "geo-based": -234.51245377566207, "mixed": -286.8589619769645, "none": -348.500477668663}, "47": {"type-based": -410.1476540447084, "geo-based": -239.33486275157566, "mixed": -291.2595579557395, "none": -356.0765750092861}, "48": {"type-based": -417.34759821527064, "geo-based": -244.07813436437357, "mixed": -295.57640259620786, "none": -363.6526723499092}, "49": {"type-based": -424.5433645454768, "geo-based": -248.7492876393421, "mixed": -299.8169480209157, "none": -371.2287696905323}, "50": {"type-based": -431.7352253992093, "geo-based": -253.29033066471618, "mixed": -303.9234453643427, "none": -378.8048670311554}}