{"0": {"type-based": 0, "geo-based": 0, "mixed": 0, "none": 0}, "1": {"type-based": -7.576097340623111, "geo-based": -7.576097340623111, "mixed": -7.576097340623111, "none": -7.576097340623111}, "2": {"type-based": -15.152194681246222, "geo-based": -15.152194681246222, "mixed": -15.152194681246222, "none": -15.152194681246222}, "3": {"type-based": -16.939362582529427, "geo-based": -24.74887507647227, "mixed": -20.168429345641755, "none": -22.728292021869333}, "4": {"type-based": -18.670743845207546, "geo-based": -33.01676406532828, "mixed": -22.71748847639664, "none": -30.304389362492444}, "5": {"type-based": -20.373012211902452, "geo-based": -39.951774262853235, "mixed": -24.284593395922837, "none": -37.88048670311555}, "6": {"type-based": -22.057394721883703, "geo-based": -46.49405472884156, "mixed": -25.661522876461483, "none": -45.45658404373866}, "7": {"type-based": -23.72967207911461, "geo-based": -52.54987041134101, "mixed": -26.929746234638984, "none": -53.032681384361766}, "8": {"type-based": -25.393211793747046, "geo-based": -58.32454641984933, "mixed": -28.16820146413784, "none": -60.60877872498487}, "9": {"type-based": -27.05014753041041, "geo-based": -63.91637120711859, "mixed": -29.403986070259766, "none": -68.18487606560798}, "10": {"type-based": -28.701916352817467, "geo-based": -70.32251721339071, "mixed": -31.589330602937647, "none": -75.76097340623109}, "11": {"type-based": -30.349532231461218, "geo-based": -76.33321674128825, "mixed": -33.3503982200236, "none": -83.3370707468542}}