{"0": {"type-based": 0, "geo-based": 0, "mixed": 0, "none": 0}, "1": {"type-based": -7.576097340623111, "geo-based": -7.576097340623111, "mixed": -7.576097340623111, "none": -7.576097340623111}, "2": {"type-based": -15.152194681246222, "geo-based": -15.152194681246222, "mixed": -15.152194681246222, "none": -15.152194681246222}, "3": {"type-based": -22.228327928866857, "geo-based": -21.4843753297195, "mixed": -21.02022167809443, "none": -22.728292021869333}, "4": {"type-based": -29.304353096326626, "geo-based": -27.38273106335297, "mixed": -26.46842220342077, "none": -30.304389362492444}, "5": {"type-based": -36.380324205817054, "geo-based": -32.89183717394279, "mixed": -31.531891678240253, "none": -37.88048670311555}, "6": {"type-based": -43.45626287479911, "geo-based": -38.27354781852363, "mixed": -36.46620047313226, "none": -45.45658404373866}, "7": {"type-based": -50.532179914388855, "geo-based": -44.49270366273562, "mixed": -42.22997774300502, "none": -53.032681384361766}, "8": {"type-based": -57.60808150324353, "geo-based": -50.07874015558826, "mixed": -47.35287436537493, "none": -60.60877872498487}, "9": {"type-based": -64.68397150340746, "geo-based": -55.380229692395986, "mixed": -52.195493018303154, "none": -68.18487606560798}, "10": {"type-based": -71.75985248976629, "geo-based": -60.58370507193379, "mixed": -56.94690125054171, "none": -75.76097340623109}, "11": {"type-based": -78.83572626484226, "geo-based": -65.67037671061297, "mixed": -61.59002660509533, "none": -83.3370707468542}, "12": {"type-based": -85.91159413961988, "geo-based": -70.80309005067124, "mixed": -66.2840933200091, "none": -90.9131680874773}, "13": {"type-based": -92.98745709737364, "geo-based": -75.83390691091462, "mixed": -70.87914442059021, "none": -98.48926542810041}, "14": {"type-based": -100.06331589449168, "geo-based": -80.66693348533626, "mixed": -75.27651463287113, "none": -106.06536276872352}, "15": {"type-based": -107.13917112529433, "geo-based": -85.30535815342533, "mixed": -79.4748070198312, "none": -113.64146010934662}, "16": {"type-based": -114.21502326524828, "geo-based": -89.9308940558516, "mixed": -83.65705323156405, "none": -121.21755744996973}, "17": {"type-based": -121.29087270067765, "geo-based": -94.64961468969257, "mixed": -87.92891188387183, "none": -128.79365479059285}, "18": {"type-based": -128.36671974973703, "geo-based": -99.68344535169147, "mixed": -92.51553551684032, "none": -136.36975213121596}, "19": {"type-based": -135.44256467755915, "geo-based": -104.65727733846683, "mixed": -97.04849220181681, "none": -143.94584947183907}, "20": {"type-based": -142.51840770741654, "geo-based": -109.54532809512823, "mixed": -101.50111176693316, "none": -151.52194681246218}, "21": {"type-based": -149.5942490290931, "geo-based": -114.49596743601002, "mixed": -106.02041078241243, "none": -159.09804415308528}, "22": {"type-based": -156.67008880526248, "geo-based": -119.29653656222304, "mixed": -110.39601015579768, "none": -166.6741414937084}, "23": {"type-based": -163.74592717641687, "geo-based": -123.99571178671023, "mixed": -114.67491016874246, "none": -174.2502388343315}, "24": {"type-based": -170.82176426472444, "geo-based": -128.65835323620976, "mixed": -118.9201345735901, "none": -181.8263361749546}, "25": {"type-based": -177.8976001770832, "geo-based": -133.33291099829262, "mixed": -123.17944866264367, "none": -189.4024335155777}, "26": {"type-based": -195.10010611061443, "geo-based": -137.90347760177826, "mixed": -137.46329272384452, "none": -196.97853085620082}, "27": {"type-based": -205.40281055381124, "geo-based": -142.4981511172945, "mixed": -144.8712137694049, "none": -204.55462819682393}, "28": {"type-based": -215.0217412801546, "geo-based": -147.11622001740068, "mixed": -151.618474352097, "none": -212.13072553744703}, "29": {"type-based": -222.1241990235592, "geo-based": -151.75029147329434, "mixed": -155.86495293212593, "none": -219.70682287807014}, "30": {"type-based": -229.22564487363667, "geo-based": -156.16483999768127, "mixed": -159.89062320570943, "none": -227.28292021869325}, "31": {"type-based": -236.3261528688217, "geo-based": -160.65732463118505, "mixed": -163.9903400615477, "none": -234.85901755931636}, "32": {"type-based": -243.42578920807392, "geo-based": -165.12248273269927, "mixed": -168.05901413495732, "none": -242.43511489993946}, "33": {"type-based": -250.52461331995917, "geo-based": -169.5107341863875, "mixed": -172.04729928896725, "none": -250.01121224056257}, "34": {"type-based": -257.6226787554912, "geo-based": -173.93196618495696, "mixed": -176.06551508470068, "none": -257.5873095811857}, "35": {"type-based": -264.72003393848684, "geo-based": -178.37560766640493, "mixed": -180.10394475401503, "none": -265.1634069218088}, "36": {"type-based": -271.816722799878, "geo-based": -182.96053366864274, "mixed": -184.28228265314854, "none": -272.7395042624319}, "37": {"type-based": -278.9127853168709, "geo-based": -187.50600106130935, "mixed": -188.4205103787023, "none": -280.31560160305503}, "38": {"type-based": -286.00825797358266, "geo-based": -192.19943485068086, "mixed": -192.70664259789842, "none": -287.89169894367814}, "39": {"type-based": -293.10317415649007, "geo-based": -196.91408948297766, "mixed": -197.01383651351156, "none": -295.46779628430124}, "40": {"type-based": -300.1975644954569, "geo-based": -201.49895277420103, "mixed": -201.18995593325238, "none": -303.04389362492435}, "41": {"type-based": -307.2914571590862, "geo-based": -205.96976989523466, "mixed": -205.25000548504752, "none": -310.61999096554746}, "42": {"type-based": -314.3848781115471, "geo-based": -210.43413973289148, "mixed": -209.30094273745917, "none": -318.19608830617057}, "43": {"type-based": -321.4778513367538, "geo-based": -216.88939883359956, "mixed": -215.3393362035459, "none": -325.7721856467937}, "44": {"type-based": -328.5703990347529, "geo-based": -222.620646408694, "mixed": -220.65066170644656, "none": -333.3482829874168}, "45": {"type-based": -335.6625417943537, "geo-based": -228.32633493628472, "mixed": -225.9329405503707, "none": -340.9243803280399}, "46": {"type-based": -342.75429874536934, "geo-based": -234.01020298297473, "mixed": -231.19000432253654, "none": -348.500477668663}, "47": {"type-based": -349.8456876932914, "geo-based": -239.67491653696507, "mixed": -236.4246268903284, "none": -356.0765750092861}, "48": {"type-based": -356.9367252387751, "geo-based": -245.32236745000665, "mixed": -241.63881909953403, "none": -363.6526723499092}, "49": {"type-based": -364.0274268839467, "geo-based": -250.6887918631972, "mixed": -246.56894392911897, "none": -371.2287696905323}, "50": {"type-based": -371.11780712723817, "geo-based": -255.9359666960989, "mixed": -251.37660506757445, "none": -378.8048670311554}, "51": {"type-based": -378.20787954820486, "geo-based": -261.2190377074854, "mixed": -256.2168570147257, "none": -386.38096437177853}, "52": {"type-based": -385.29765688356827, "geo-based": -266.6329597768978, "mixed": -261.1849877093466, "none": -393.95706171240164}, "53": {"type-based": -392.3871510955525, "geo-based": -272.1024492316458, "mixed": -266.20625485050255, "none": -401.53315905302475}, "54": {"type-based": -399.4763734334319, "geo-based": -277.10574546398766, "mixed": -270.7592551358594, "none": -409.10925639364785}, "55": {"type-based": -406.5653344890841, "geo-based": -282.2526972641574, "mixed": -275.4524391444934, "none": -416.68535373427096}, "56": {"type-based": -413.65404424723545, "geo-based": -287.1146892653872, "mixed": -279.85722223278253, "none": -424.26145107489407}, "57": {"type-based": -420.7425121309961, "geo-based": -292.85038764854266, "mixed": -285.13117178944924, "none": -431.8375484155172}, "58": {"type-based": -427.8307470432046, "geo-based": -297.64998165438715, "mixed": -289.4671257555593, "none": -439.4136457561403}, "59": {"type-based": -434.91875740403697, "geo-based": -302.2902877712564, "mixed": -293.6396007728788, "none": -446.9897430967634}, "60": {"type-based": -442.00655118527715,