{"0": {"type-based": 0, "geo-based": 0, "mixed": 0, "none": 0}, "1": {"type-based": -7.576097340623111, "geo-based": -7.576097340623111, "mixed": -7.576097340623111, "none": -7.576097340623111}, "2": {"type-based": -15.152194681246222, "geo-based": -15.152194681246222, "mixed": -15.152194681246222, "none": -15.152194681246222}, "3": {"type-based": -19.454597892628975, "geo-based": -23.822544198930366, "mixed": -20.164805096199046, "none": -22.728292021869333}, "4": {"type-based": -23.23773067824296, "geo-based": -30.610919732909544, "mixed": -23.113588009532098, "none": -30.304389362492444}, "5": {"type-based": -26.763277417486847, "geo-based": -37.24302028307256, "mixed": -25.920064142080555, "none": -37.88048670311555}, "6": {"type-based": -30.129900775683225, "geo-based": -43.392866841661984, "mixed": -28.205306443707244, "none": -45.45658404373866}, "7": {"type-based": -33.387420339571726, "geo-based": -51.073386027333335, "mixed": -32.076057520839825, "none": -53.032681384361766}, "8": {"type-based": -36.56496718145495, "geo-based": -57.32310342990906, "mixed": -34.511528360482814, "none": -60.60877872498487}, "9": {"type-based": -39.681199043805414, "geo-based": -63.59572652292963, "mixed": -36.94616131509418, "none": -68.18487606560798}, "10": {"type-based": -42.74884206244287, "geo-based": -70.37832435653291, "mixed": -39.88667601482175, "none": -75.76097340623109}, "11": {"type-based": -45.776989578314264, "geo-based": -77.69395405805953, "mixed": -43.358588207010264, "none": -83.3370707468542}, "12": {"type-based": -48.77237682685048, "geo-based": -84.22878359988151, "mixed": -46.008081388894446, "none": -90.9131680874773}, "13": {"type-based": -51.74013766593434, "geo-based": -93.36352269346287, "mixed": -51.208759360141485, "none": -98.48926542810041}, "14": {"type-based": -54.68427837986187, "geo-based": -101.74168204183675, "mixed": -55.38547448745244, "none": -106.06536276872352}}