{"0": {"type-based": 0, "geo-based": 0, "mixed": 0, "none": 0}, "1": {"type-based": -7.576097340623111, "geo-based": -7.576097340623111, "mixed": -7.576097340623111, "none": -7.576097340623111}, "2": {"type-based": -15.152194681246222, "geo-based": -15.152194681246222, "mixed": -15.152194681246222, "none": -15.152194681246222}, "3": {"type-based": -20.950713215484743, "geo-based": -21.320817664458957, "mixed": -19.569903204436844, "none": -22.728292021869333}, "4": {"type-based": -26.74841243442691, "geo-based": -27.249744235844066, "mixed": -23.688542478895286, "none": -30.304389362492444}, "5": {"type-based": -32.54570164138144, "geo-based": -33.201798879241174, "mixed": -27.852753254702403, "none": -37.88048670311555}, "6": {"type-based": -38.34274472761719, "geo-based": -38.8996387342113, "mixed": -31.87134193496687, "none": -45.45658404373866}, "7": {"type-based": -44.13962368603931, "geo-based": -44.42110094974849, "mixed": -35.773331217448124, "none": -53.032681384361766}, "8": {"type-based": -49.93638538711455, "geo-based": -49.716804735364825, "mixed": -39.46522028907038, "none": -60.60877872498487}, "9": {"type-based": -55.733059132491405, "geo-based": -54.91769546440179, "mixed": -43.11091221854784, "none": -68.18487606560798}, "10": {"type-based": -61.52966446036002, "geo-based": -60.043657792084694, "mixed": -46.72328975237717, "none": -75.76097340623109}, "11": {"type-based": -67.32621504948315, "geo-based": -65.08771637934731, "mixed": -50.28933128692431, "none": -83.3370707468542}, "12": {"type-based": -73.12272084922651, "geo-based": -70.18824326796397, "mixed": -53.93707006958243, "none": -90.9131680874773}, "13": {"type-based": -78.91918932233216, "geo-based": -75.47733853694272, "mixed": -57.787504802674896, "none": -98.48926542810041}, "14": {"type-based": -84.71562620982972, "geo-based": -80.51086556356393, "mixed": -61.37913916664997, "none": -106.06536276872352}, "15": {"type-based": -90.51203602283259, "geo-based": -85.53432598734258, "mixed": -64.98169771093765, "none": -113.64146010934662}, "16": {"type-based": -96.30842237043974, "geo-based": -90.4509107421129, "mixed": -68.49807811281028, "none": -121.21755744996973}, "17": {"type-based": -102.10478818519066, "geo-based": -95.23295414312207, "mixed": -71.89910033937086, "none": -128.79365479059285}, "18": {"type-based": -107.90113588222323, "geo-based": -100.40398543968386, "mixed": -75.7045296005267, "none": -136.36975213121596}, "19": {"type-based": -113.69746747422994, "geo-based": -105.35312118108271, "mixed": -79.29568114093293, "none": -143.94584947183907}, "20": {"type-based": -119.49378465616753, "geo-based": -110.24408304862638, "mixed": -82.84035527584363, "none": -151.52194681246218}, "21": {"type-based": -125.29008886879336, "geo-based": -115.0766782388862, "mixed": -86.34050226731541, "none": -159.09804415308528}, "22": {"type-based": -131.08638134707618, "geo-based": -119.67231057575009, "mixed": -89.60979560829246, "none": -166.6741414937084}, "23": {"type-based": -136.8826631576065, "geo-based": -124.12015919017672, "mixed": -92.73745428298808, "none": -174.2502388343315}, "24": {"type-based": -142.67893522787523, "geo-based": -129.21976937737895, "mixed": -96.52180310941384, "none": -181.8263361749546}, "25": {"type-based": -148.47519836945366, "geo-based": -134.3212481145141, "mixed": -100.30142240285168, "none": -189.4024335155777}, "26": {"type-based": -154.27145329653808, "geo-based": -139.5514611419988, "mixed": -104.2005697603732, "none": -196.97853085620082}, "27": {"type-based": -160.0677006409284, "geo-based": -144.02960287563914, "mixed": -107.35559756087143, "none": -204.55462819682393}, "28": {"type-based": -165.86394096423365, "geo-based": -148.5373305899941, "mixed": -110.54789271115224, "none": -212.13072553744703}, "29": {"type-based": -171.66017476789784, "geo-based": -152.7941270020201, "mixed": -113.49691771163083, "none": -219.70682287807014}, "30": {"type-based": -177.45640250149768, "geo-based": -156.94215891394452, "mixed": -116.34902143686602, "none": -227.28292021869325}, "31": {"type-based": -183.25262456965737, "geo-based": -160.95651648087255, "mixed": -119.08319366901586, "none": -234.85901755931636}, "32": {"type-based": -189.04884133784833, "geo-based": -165.01209334467217, "mixed": -121.8739310934083, "none": -242.43511489993946}, "33": {"type-based": -194.84505313728275, "geo-based": -169.04990755417435, "mixed": -124.66367058261886, "none": -250.01121224056257}, "34": {"type-based": -200.64126026906578, "geo-based": -173.2685775823005, "mixed": -127.64955529462554, "none": -257.5873095811857}, "35": {"type-based": -206.4374630077372, "geo-based": -177.5166093182885, "mixed": -130.67165779215915, "none": -265.1634069218088}, "36": {"type-based": -212.23366160430703, "geo-based": -182.4874485403767, "mixed": -134.41873642918603, "none": -272.7395042624319}, "37": {"type-based": -218.02985628886992, "geo-based": -187.21988112503925, "mixed": -137.91735787462463, "none": -280.31560160305503}, "38": {"type-based": -223.82604727286594, "geo-based": -191.04059253485272, "mixed": -140.49183977091374, "none": -287.89169894367814}, "39": {"type-based": -229.62223475104395, "geo-based": -194.7187703020108, "mixed": -142.9256927561007, "none": -295.46779628430124}}