{"0": {"type-based": 0, "geo-based": 0, "mixed": 0, "none": 0}, "1": {"type-based": -7.576097340623111, "geo-based": -7.576097340623111, "mixed": -7.576097340623111, "none": -7.576097340623111}, "2": {"type-based": -15.152194681246222, "geo-based": -15.152194681246222, "mixed": -15.152194681246222, "none": -15.152194681246222}, "3": {"type-based": -17.858110338630347, "geo-based": -21.339432745464173, "mixed": -17.05796359609942, "none": -22.728292021869333}, "4": {"type-based": -20.54224014917301, "geo-based": -27.40130572261281, "mixed": -19.032604632555195, "none": -30.304389362492444}, "5": {"type-based": -23.215293645190165, "geo-based": -33.68529936194142, "mixed": -21.41249708442804, "none": -37.88048670311555}, "6": {"type-based": -25.88164108453087, "geo-based": -39.98381152130787, "mixed": -23.942970195308064, "none": -45.45658404373866}, "7": {"type-based": -28.543492328955992, "geo-based": -46.192618571812396, "mixed": -26.367609142858, "none": -53.032681384361766}, "8": {"type-based": -31.202119398859825, "geo-based": -51.69607201688599, "mixed": -28.078712266309132, "none": -60.60877872498487}, "9": {"type-based": -33.85832139642387, "geo-based": -58.76468865088251, "mixed": -31.31552380046072, "none": -68.18487606560798}, "10": {"type-based": -36.512633092277106, "geo-based": -67.68056438891796, "mixed": -36.44997629605409, "none": -75.76097340623109}, "11": {"type-based": -39.16542993191091, "geo-based": -74.03244545047336, "mixed": -38.92151007286243, "none": -83.3370707468542}}