{"0": {"type-based": 0, "geo-based": 0, "mixed": 0, "none": 0}, "1": {"type-based": -7.576097340623111, "geo-based": -7.576097340623111, "mixed": -7.576097340623111, "none": -7.576097340623111}, "2": {"type-based": -15.152194681246222, "geo-based": -15.152194681246222, "mixed": -15.152194681246222, "none": -15.152194681246222}, "3": {"type-based": -22.228327928866857, "geo-based": -21.50569601578328, "mixed": -21.037864221092434, "none": -22.728292021869333}, "4": {"type-based": -29.304353096326626, "geo-based": -27.5137374663651, "mixed": -26.589814906118097, "none": -30.304389362492444}, "5": {"type-based": -36.380324205817054, "geo-based": -33.21520897811536, "mixed": -31.84438593882946, "none": -37.88048670311555}, "6": {"type-based": -43.45626287479911, "geo-based": -38.75806362853979, "mixed": -36.94213429965787, "none": -45.45658404373866}, "7": {"type-based": -50.532179914388855, "geo-based": -44.19983648078387, "mixed": -41.938553895177144, "none": -53.032681384361766}, "8": {"type-based": -57.60808150324353, "geo-based": -49.9957479652784, "mixed": -47.28032381228235, "none": -60.60877872498487}, "9": {"type-based": -64.68397150340746, "geo-based": -55.62785547844967, "mixed": -52.44676894578333, "none": -68.18487606560798}, "10": {"type-based": -71.75985248976629, "geo-based": -60.917777653364986, "mixed": -57.269392638266645, "none": -75.76097340623109}, "11": {"type-based": -78.83572626484226, "geo-based": -66.10010245703961, "mixed": -61.98789064705193, "none": -83.3370707468542}, "12": {"type-based": -85.91159413961988, "geo-based": -71.29508832551208, "mixed": -66.72195971707204, "none": -90.9131680874773}, "13": {"type-based": -92.98745709737364, "geo-based": -76.37951038629562, "mixed": -71.35076451656485, "none": -98.48926542810041}, "14": {"type-based": -100.06331589449168, "geo-based": -81.35741642789375, "mixed": -75.87993917215029, "none": -106.06536276872352}, "15": {"type-based": -107.13917112529433, "geo-based": -86.26990723393344, "mixed": -80.35181922263882, "none": -113.64146010934662}, "16": {"type-based": -114.21502326524828, "geo-based": -91.16440576605632, "mixed": -84.81223201644049, "none": -121.21755744996973}, "17": {"type-based": -121.29087270067765, "geo-based": -96.2630609173439, "mixed": -89.4826276261836, "none": -128.79365479059285}, "18": {"type-based": -128.36671974973703, "geo-based": -101.29668186722019, "mixed": -94.0930506246599, "none": -136.36975213121596}, "19": {"type-based": -135.44256467755915, "geo-based": -106.17227835809078, "mixed": -98.55012025558548, "none": -143.94584947183907}, "20": {"type-based": -142.51840770741654, "geo-based": -111.1547264265833, "mixed": -103.11922937828872, "none": -151.52194681246218}, "21": {"type-based": -149.5942490290931, "geo-based": -116.3097752368743, "mixed": -107.86560257029439, "none": -159.09804415308528}, "22": {"type-based": -156.67008880526248, "geo-based": -120.88621505073002, "mixed": -112.0389816359643, "none": -166.6741414937084}, "23": {"type-based": -163.74592717641687, "geo-based": -125.41041340383047, "mixed": -116.16523589653251, "none": -174.2502388343315}, "24": {"type-based": -170.82176426472444, "geo-based": -129.90500964506623, "mixed": -120.2658048216253, "none": -181.8263361749546}, "25": {"type-based": -177.8976001770832, "geo-based": -134.4447415560133, "mixed": -124.41379453498288, "none": -189.4024335155777}, "26": {"type-based": -184.97343500756406, "geo-based": -139.1522319033409, "mixed": -128.73100116880119, "none": -196.97853085620082}, "27": {"type-based": -192.04926883938415, "geo-based": -143.95167944766823, "mixed": -133.1303210948563, "none": -204.55462819682393}, "28": {"type-based": -199.12510174651476, "geo-based": -148.72736418777657, "mixed": -137.49568337751822, "none": -212.13072553744703}, "29": {"type-based": -206.20093379500196, "geo-based": -153.25939644646078, "mixed": -141.61752296606386, "none": -219.70682287807014}, "30": {"type-based": -213.27676504405986, "geo-based": -157.8438375106785, "mixed": -145.78998403486506, "none": -227.28292021869325}, "31": {"type-based": -220.3525955469814, "geo-based": -162.38078495348665, "mixed": -149.9126892944754, "none": -234.85901755931636}, "32": {"type-based": -227.42842535190232, "geo-based": -166.88395945212605, "mixed": -153.9995531475447, "none": -242.43511489993946}, "33": {"type-based": -234.5042545024459, "geo-based": -171.35634474057292, "mixed": -158.0530627766253, "none": -250.01121224056257}, "34": {"type-based": -241.5800830382697, "geo-based": -175.82133232446995, "mixed": -162.0949076572444, "none": -257.5873095811857}, "35": {"type-based": -248.65591099553237, "geo-based": -180.31299176281794, "mixed": -166.16013605253573, "none": -265.1634069218088}, "36": {"type-based": -255.73173840729328, "geo-based": -184.85418069283088, "mixed": -170.2717168978604, "none": -272.7395042624319}, "37": {"type-based": -262.80756530385696, "geo-based": -189.5043917183827, "mixed": -174.4893250559399, "none": -280.31560160305503}, "38": {"type-based": -269.8833917130709, "geo-based": -194.3808844474818, "mixed": -178.93049579461174, "none": -287.89169894367814}, "39": {"type-based": -276.9592176605843, "geo-based": -199.31207174613706, "mixed": -183.42390209643878, "none": -295.46779628430124}, "40": {"type-based": -284.03504317007315, "geo-based": -204.2285024131256, "mixed": -187.9000495628325, "none": -303.04389362492435}, "41": {"type-based": -291.110868263438, "geo-based": -208.97838933196147, "mixed": -192.20691135793533, "none": -310.61999096554746}, "42": {"type-based": -298.186692960977, "geo-based": -213.58317669354022, "mixed": -196.36542831151544, "none": -318.19608830617057}, "43": {"type-based": -305.2625172815383, "geo-based": -218.06752730434008, "mixed": -200.39930770114114, "none": -325.7721856467937}, "44": {"type-based": -312.3383412426553, "geo-based": -222.9229748800017, "mixed": -204.79838467270667, "none": -333.3482829874168}, "45": {"type-based": -319.41416486066584, "geo-based": -227.57264557813633, "mixed": -208.9868958733832, "none": -340.9243803280399}, "46": {"type-based": -337.2044281415464, "geo-based": -232.22893719955397, "mixed": -223.89007613777216, "none": -348.500477668663}, "47": {"type-based": -344.28641233247026, "geo-based": -237.0079699299174, "mixed": -228.20051626136242, "none": -356.0765750092861}, "48": {"type-based": -351.3682626847649, "geo-based": -241.54849610910057, "mixed": -232.26554274599016, "none": -363.6526723499092}, "49": {"type-based": -358.449984876782, "geo-based": -245.95745618471705, "mixed": -236.18977390916402, "none": -371.2287696905323}, "50": {"type-based": -365.53158423300727, "geo-based": -250.50094302318118, "mixed": -240.23555227280968, "none": -378.8048670311554}, "51": {"type-based": -372.613065752865, "geo-based": -255.01420289240485, "mixed": -244.23467487571915, "none": -386.38096437177853}, "52": {"type-based": -379.6944341366507, "geo-based": -259.502698589897, "mixed": -248.19499747683017, "none": -393.95706171240164}, "53": {"type-based": -386.7756938089281, "geo-based": -264.0925616130156, "mixed": -252.24415018906234, "none": -401.53315905302475}, "54": {"type-based": -393.8568489396823, "geo-based": -271.2579546213335, "mixed": -258.8597116637833, "none": -409.10925639364785}, "55": {"type-based": -400.93790346348294, "geo-based": -277.3691856564416, "mixed": -264.42423263213396, "none": -416.68535373427096}, "56": {"type-based": -408.01886109687706, "geo-based": -283.28184266015535, "mixed": -269.7917852670065, "none": -424.26145107489407}, "57": {"type-based": -415.0997253542054, "geo-based": -289.6981820579912, "mixed": -275.66433391497935, "none": -431.8375484155172}, "58": {"type-based": -422.18049956200963, "geo-based": -296.4958890044227, "mixed": -281.92117604826916, "none": -439.4136457561403}, "59": {"type-based": -429.2611868721789, "geo-based": -303.5210801160714, "mixed": -288.4106237505844, "none": -446.9897430967634}, "60": {"type-based": -436.34179027396596,