{"0": {"type-based": 0, "geo-based": 0, "mixed": 0, "none": 0}, "1": {"type-based": -7.576097340623111, "geo-based": -7.576097340623111, "mixed": -7.576097340623111, "none": -7.576097340623111}, "2": {"type-based": -15.152194681246222, "geo-based": -15.152194681246222, "mixed": -15.152194681246222, "none": -15.152194681246222}, "3": {"type-based": -29.185193630205795, "geo-based": -21.336519495535775, "mixed": -27.831011027060555, "none": -22.728292021869333}, "4": {"type-based": -36.50336411627767, "geo-based": -27.265670991198338, "mixed": -33.53070540737189, "none": -30.304389362492444}, "5": {"type-based": -43.707738549194794, "geo-based": -32.914210992172556, "mixed": -38.854286406741664, "none": -37.88048670311555}, "6": {"type-based": -58.87778212472314, "geo-based": -38.34111767744041, "mixed": -51.92663866727602, "none": -45.45658404373866}, "7": {"type-based": -67.22056270075285, "geo-based": -43.55335148003618, "mixed": -57.93902655088145, "none": -53.032681384361766}, "8": {"type-based": -74.52674985987348, "geo-based": -48.594426206240705, "mixed": -62.744244400239765, "none": -60.60877872498487}, "9": {"type-based": -81.78013851867219, "geo-based": -53.575921461629136, "mixed": -67.44288706049913, "none": -68.18487606560798}, "10": {"type-based": -90.60908989461443, "geo-based": -58.46536845786798, "mixed": -73.62387966247593, "none": -75.76097340623109}, "11": {"type-based": -98.79239934045201, "geo-based": -63.20057205165091, "mixed": -78.9885215044098, "none": -83.3370707468542}, "12": {"type-based": -106.10461288878332, "geo-based": -67.85471266711339, "mixed": -83.38700321615063, "none": -90.9131680874773}, "13": {"type-based": -113.38111224544042, "geo-based": -72.40271003431856, "mixed": -87.64232512798276, "none": -98.48926542810041}, "14": {"type-based": -121.47840315699248, "geo-based": -76.75535027140417, "mixed": -92.5220960350636, "none": -106.06536276872352}, "15": {"type-based": -129.32091800397225, "geo-based": -81.03938973115359, "mixed": -97.0722477192946, "none": -113.64146010934662}, "16": {"type-based": -136.63570370343527, "geo-based": -85.24770613032682, "mixed": -101.01444653723217, "none": -121.21755744996973}, "17": {"type-based": -143.9235625691012, "geo-based": -89.5083212240277, "mixed": -104.98285568200048, "none": -128.79365479059285}, "18": {"type-based": -151.18996459410337, "geo-based": -93.63874779553485, "mixed": -108.80354075654351, "none": -136.36975213121596}, "19": {"type-based": -160.04790096292365, "geo-based": -97.69548764490646, "mixed": -114.14534461513543, "none": -143.94584947183907}, "20": {"type-based": -167.31553230616248, "geo-based": -101.74988559457643, "mixed": -117.89882264360538, "none": -151.52194681246218}, "21": {"type-based": -175.8662106102287, "geo-based": -105.77563870399581, "mixed": -122.91276783376473, "none": -159.09804415308528}, "22": {"type-based": -183.92319494206515, "geo-based": -109.94003622738786, "mixed": -127.58059170755982, "none": -166.6741414937084}, "23": {"type-based": -191.81852332614383, "geo-based": -113.84785622549674, "mixed": -131.83951488029626, "none": -174.2502388343315}, "24": {"type-based": -199.128006836457, "geo-based": -117.78504791188848, "mixed": -135.54694950219815, "none": -181.8263361749546}, "25": {"type-based": -206.41997422241084, "geo-based": -121.51184860902653, "mixed": -139.03655548262302, "none": -189.4024335155777}, "26": {"type-based": -213.696876586113, "geo-based": -125.19517863460423, "mixed": -142.4736148076516, "none": -196.97853085620082}, "27": {"type-based": -220.96068278035662, "geo-based": -128.85551566677333, "mixed": -145.8808581930293, "none": -204.55462819682393}, "28": {"type-based": -228.2129984334076, "geo-based": -132.5125859902389, "mixed": -149.27850078495567, "none": -212.13072553744703}, "29": {"type-based": -235.45515030988315, "geo-based": -136.10800681797758, "mixed": -152.6092494147556, "none": -219.70682287807014}}