{"0": {"type-based": 0, "geo-based": 0, "mixed": 0, "none": 0}, "1": {"type-based": -7.576097340623111, "geo-based": -7.576097340623111, "mixed": -7.576097340623111, "none": -7.576097340623111}, "2": {"type-based": -15.152194681246222, "geo-based": -15.152194681246222, "mixed": -15.152194681246222, "none": -15.152194681246222}, "3": {"type-based": -20.950713215484743, "geo-based": -21.252613287635825, "mixed": -19.609310917492646, "none": -22.728292021869333}, "4": {"type-based": -26.74841243442691, "geo-based": -26.944572222163952, "mixed": -23.709360913445295, "none": -30.304389362492444}, "5": {"type-based": -32.54570164138144, "geo-based": -32.26787616554648, "mixed": -27.48368435490064, "none": -37.88048670311555}, "6": {"type-based": -38.34274472761719, "geo-based": -37.24237629603224, "mixed": -30.939586577128253, "none": -45.45658404373866}, "7": {"type-based": -44.13962368603931, "geo-based": -42.49690301014184, "mixed": -34.687999501615245, "none": -53.032681384361766}, "8": {"type-based": -49.93638538711455, "geo-based": -48.095559183862086, "mixed": -38.82052800335115, "none": -60.60877872498487}, "9": {"type-based": -55.733059132491405, "geo-based": -53.42756473903036, "mixed": -42.73857010427807, "none": -68.18487606560798}, "10": {"type-based": -61.52966446036002, "geo-based": -58.92208398579825, "mixed": -46.845299482899264, "none": -75.76097340623109}, "11": {"type-based": -67.32621504948315, "geo-based": -64.07163321988868, "mixed": -50.60478168742117, "none": -83.3370707468542}, "12": {"type-based": -73.12272084922651, "geo-based": -68.95926137124223, "mixed": -54.089845487526354, "none": -90.9131680874773}, "13": {"type-based": -78.91918932233216, "geo-based": -73.85752845643793, "mixed": -57.594365629339244, "none": -98.48926542810041}, "14": {"type-based": -84.71562620982972, "geo-based": -78.87955265014013, "mixed": -61.23493147132192, "none": -106.06536276872352}, "15": {"type-based": -90.51203602283259, "geo-based": -83.75620101880132, "mixed": -64.7422944492239, "none": -113.64146010934662}, "16": {"type-based": -96.30842237043974, "geo-based": -88.66261839141264, "mixed": -68.2963320521179, "none": -121.21755744996973}, "17": {"type-based": -102.10478818519066, "geo-based": -93.81330065012962, "mixed": -72.10984003672438, "none": -128.79365479059285}, "18": {"type-based": -107.90113588222323, "geo-based": -98.99386434866466, "mixed": -75.9637063706471, "none": -136.36975213121596}, "19": {"type-based": -113.69746747422994, "geo-based": -103.85836233035178, "mixed": -79.50219429881447, "none": -143.94584947183907}, "20": {"type-based": -119.49378465616753, "geo-based": -108.70529760113817, "mixed": -83.01655440743852, "none": -151.52194681246218}, "21": {"type-based": -125.29008886879336, "geo-based": -113.67075224844203, "mixed": -86.6435565707425, "none": -159.09804415308528}, "22": {"type-based": -131.08638134707618, "geo-based": -118.50563357970394, "mixed": -90.1226743938425, "none": -166.6741414937084}, "23": {"type-based": -136.8826631576065, "geo-based": -124.90702912440841, "mixed": -95.15056611626892, "none": -174.2502388343315}, "24": {"type-based": -142.67893522787523, "geo-based": -130.69812552523123, "mixed": -99.59173096649893, "none": -181.8263361749546}, "25": {"type-based": -148.47519836945366, "geo-based": -136.13747170623117, "mixed": -103.69255290578198, "none": -189.4024335155777}, "26": {"type-based": -154.27145329653808, "geo-based": -141.31961871851703, "mixed": -107.53985132640553, "none": -196.97853085620082}, "27": {"type-based": -160.0677006409284, "geo-based": -146.3390656553726, "mixed": -111.22280363336475, "none": -204.55462819682393}, "28": {"type-based": -165.86394096423365, "geo-based": -154.2616897836568, "mixed": -117.80276965786346, "none": -212.13072553744703}, "29": {"type-based": -171.66017476789784, "geo-based": -161.42061011449036, "mixed": -123.62321448176924, "none": -219.70682287807014}, "30": {"type-based": -177.45640250149768, "geo-based": -167.8130773368961, "mixed": -128.66735497692582, "none": -227.28292021869325}, "31": {"type-based": -183.25262456965737, "geo-based": -173.0457969755873, "mixed": -132.53907957649594, "none": -234.85901755931636}, "32": {"type-based": -189.04884133784833, "geo-based": -178.1435921966054, "mixed": -136.26652466742266, "none": -242.43511489993946}, "33": {"type-based": -194.84505313728275, "geo-based": -183.0513158768658, "mixed": -139.7971741213073, "none": -250.01121224056257}, "34": {"type-based": -200.64126026906578, "geo-based": -187.78579496365427, "mixed": -143.14797734648315, "none": -257.5873095811857}, "35": {"type-based": -206.4374630077372, "geo-based": -192.50073626530389, "mixed": -146.46489910608335, "none": -265.1634069218088}, "36": {"type-based": -212.23366160430703, "geo-based": -197.39032520013563, "mixed": -149.94516074582276, "none": -272.7395042624319}, "37": {"type-based": -218.02985628886992, "geo-based": -202.49287817659163, "mixed": -153.62916086882595, "none": -280.31560160305503}, "38": {"type-based": -223.82604727286594, "geo-based": -207.53477580098158, "mixed": -157.23636232501605, "none": -287.89169894367814}, "39": {"type-based": -229.62223475104395, "geo-based": -212.45505815243274, "mixed": -160.70548949107385, "none": -295.46779628430124}, "40": {"type-based": -235.41841890317357, "geo-based": -217.83657671888787, "mixed": -164.61149672044974, "none": -303.04389362492435}, "41": {"type-based": -241.21459989554282, "geo-based": -223.4108333882466, "mixed": -168.67043722673304, "none": -310.61999096554746}, "42": {"type-based": -247.01077788227326, "geo-based": -229.1164585814464, "mixed": -172.81539078093456, "none": -318.19608830617057}, "43": {"type-based": -252.8069530064788, "geo-based": -234.43009947065394, "mixed": -176.5202414337345, "none": -325.7721856467937}}