{"0": {"type-based": 0, "geo-based": 0, "mixed": 0, "none": 0}, "1": {"type-based": -7.576097340623111, "geo-based": -7.576097340623111, "mixed": -7.576097340623111, "none": -7.576097340623111}, "2": {"type-based": -15.152194681246222, "geo-based": -15.152194681246222, "mixed": -15.152194681246222, "none": -15.152194681246222}, "3": {"type-based": -20.950713215484743, "geo-based": -21.320817664458957, "mixed": -19.569903204436844, "none": -22.728292021869333}, "4": {"type-based": -26.74841243442691, "geo-based": -27.249744235844066, "mixed": -23.688542478895286, "none": -30.304389362492444}, "5": {"type-based": -32.54570164138144, "geo-based": -33.19144630571355, "mixed": -27.842400681174777, "none": -37.88048670311555}, "6": {"type-based": -38.34274472761719, "geo-based": -38.89182495763902, "mixed": -31.85885329484967, "none": -45.45658404373866}, "7": {"type-based": -44.13962368603931, "geo-based": -44.41362981212121, "mixed": -35.758308428150265, "none": -53.032681384361766}, "8": {"type-based": -49.93638538711455, "geo-based": -49.765572360544276, "mixed": -39.504238148807325, "none": -60.60877872498487}, "9": {"type-based": -55.733059132491405, "geo-based": -54.93497720045338, "mixed": -43.12483540484252, "none": -68.18487606560798}, "10": {"type-based": -61.52966446036002, "geo-based": -60.15906950087947, "mixed": -46.83343538108337, "none": -75.76097340623109}, "11": {"type-based": -67.32621504948315, "geo-based": -65.2074182128888, "mixed": -50.39732859689005, "none": -83.3370707468542}, "12": {"type-based": -73.12272084922651, "geo-based": -70.17553507209045, "mixed": -53.907853917847426, "none": -90.9131680874773}, "13": {"type-based": -78.91918932233216, "geo-based": -75.4530683682477, "mixed": -57.74826517436741, "none": -98.48926542810041}, "14": {"type-based": -84.71562620982972, "geo-based": -80.3342342083895, "mixed": -61.210635029954496, "none": -106.06536276872352}, "15": {"type-based": -90.51203602283259, "geo-based": -84.83294395993215, "mixed": -64.30988106651182, "none": -113.64146010934662}, "16": {"type-based": -96.30842237043974, "geo-based": -89.17292935542366, "mixed": -67.26724113173148, "none": -121.21755744996973}, "17": {"type-based": -102.10478818519066, "geo-based": -93.37929271337188, "mixed": -70.11258426639611, "none": -128.79365479059285}, "18": {"type-based": -107.90113588222323, "geo-based": -99.17345081774472, "mixed": -74.5686881426857, "none": -136.36975213121596}, "19": {"type-based": -113.69746747422994, "geo-based": -104.07104430047535, "mixed": -78.11887448642783, "none": -143.94584947183907}, "20": {"type-based": -119.49378465616753, "geo-based": -109.36124457020706, "mixed": -82.06349654975948, "none": -151.52194681246218}, "21": {"type-based": -125.29008886879336, "geo-based": -113.74364961142989, "mixed": -85.10455888776369, "none": -159.09804415308528}, "22": {"type-based": -131.08638134707618, "geo-based": -118.09543103660612, "mixed": -88.12444029082526, "none": -166.6741414937084}, "23": {"type-based": -136.8826631576065, "geo-based": -122.53959485095456, "mixed": -91.2461858705025, "none": -174.2502388343315}, "24": {"type-based": -142.67893522787523, "geo-based": -126.98515572524786, "mixed": -94.37764839018605, "none": -181.8263361749546}, "25": {"type-based": -148.47519836945366, "geo-based": -131.67730989059584, "mixed": -97.76374158028878, "none": -189.4024335155777}, "26": {"type-based": -154.27145329653808, "geo-based": -136.23800776390465, "mixed": -101.02068726468424, "none": -196.97853085620082}, "27": {"type-based": -160.0677006409284, "geo-based": -141.04481806282678, "mixed": -104.52651028770343, "none": -204.55462819682393}, "28": {"type-based": -165.86394096423365, "geo-based": -145.6576096256349, "mixed": -107.83492982015507, "none": -212.13072553744703}, "29": {"type-based": -171.66017476789784, "geo-based": -149.78741435110408, "mixed": -110.65117865145, "none": -219.70682287807014}, "30": {"type-based": -177.45640250149768, "geo-based": -153.84078008836048, "mixed": -113.39341397458908, "none": -227.28292021869325}, "31": {"type-based": -183.25262456965737, "geo-based": -157.81192337607652, "mixed": -116.05035447318195, "none": -234.85901755931636}, "32": {"type-based": -189.04884133784833, "geo-based": -162.22865337134832, "mixed": -119.14738211144797, "none": -242.43511489993946}, "33": {"type-based": -194.84505313728275, "geo-based": -166.51397494447565, "mixed": -122.11931620528419, "none": -250.01121224056257}, "34": {"type-based": -200.64126026906578, "geo-based": -170.94362834236065, "mixed": -125.24658129511727, "none": -257.5873095811857}, "35": {"type-based": -206.4374630077372, "geo-based": -175.5924491810776, "mixed": -128.60640475011547, "none": -265.1634069218088}, "36": {"type-based": -212.23366160430703, "geo-based": -179.3043278678831, "mixed": -131.04581007058158, "none": -272.7395042624319}, "37": {"type-based": -218.02985628886992, "geo-based": -182.91993654026138, "mixed": -133.3905178985196, "none": -280.31560160305503}, "38": {"type-based": -223.82604727286594, "geo-based": -186.45665175226785, "mixed": -135.65222652445797, "none": -287.89169894367814}}