{"0": {"type-based": 0, "geo-based": 0, "mixed": 0, "none": 0}, "1": {"type-based": -7.576097340623111, "geo-based": -7.576097340623111, "mixed": -7.576097340623111, "none": -7.576097340623111}, "2": {"type-based": -15.152194681246222, "geo-based": -15.152194681246222, "mixed": -15.152194681246222, "none": -15.152194681246222}, "3": {"type-based": -29.829730263450593, "geo-based": -24.16863364557083, "mixed": -31.327095591256022, "none": -22.728292021869333}, "4": {"type-based": -37.600620370372525, "geo-based": -34.11749209402865, "mixed": -41.488586759111364, "none": -30.304389362492444}, "5": {"type-based": -44.68096778625847, "geo-based": -40.91669383439068, "mixed": -47.743561623787464, "none": -37.88048670311555}, "6": {"type-based": -51.35811713437118, "geo-based": -47.580098646768484, "mixed": -53.45106907219635, "none": -45.45658404373866}}