{"0": {"type-based": 0, "geo-based": 0, "mixed": 0, "none": 0}, "1": {"type-based": -7.576097340623111, "geo-based": -7.576097340623111, "mixed": -7.576097340623111, "none": -7.576097340623111}, "2": {"type-based": -15.152194681246222, "geo-based": -15.152194681246222, "mixed": -15.152194681246222, "none": -15.152194681246222}, "3": {"type-based": -28.55211555006848, "geo-based": -21.535447033301416, "mixed": -27.378227764832815, "none": -22.728292021869333}, "4": {"type-based": -36.07023941996549, "geo-based": -27.628946230823754, "mixed": -33.40938066565384, "none": -30.304389362492444}, "5": {"type-based": -43.39157306558703, "geo-based": -33.5235203185065, "mixed": -39.03263378404305, "none": -37.88048670311555}, "6": {"type-based": -50.63759622611149, "geo-based": -39.29808442087089, "mixed": -44.45847962181712, "none": -45.45658404373866}, "7": {"type-based": -66.13801407010739, "geo-based": -44.87930277102959, "mixed": -57.952612077579815, "none": -53.032681384361766}, "8": {"type-based": -81.64913124588071, "geo-based": -50.32015425204967, "mixed": -71.33236371227812, "none": -60.60877872498487}, "9": {"type-based": -88.91360288259035, "geo-based": -55.51517202208214, "mixed": -76.21770201707612, "none": -68.18487606560798}, "10": {"type-based": -96.14308964019585, "geo-based": -60.74726705774291, "mixed": -81.09595342172688, "none": -75.76097340623109}, "11": {"type-based": -103.34855210095277, "geo-based": -65.92418746306757, "mixed": -85.87574029792827, "none": -83.3370707468542}, "12": {"type-based": -110.53649295494219, "geo-based": -71.15925024051396, "mixed": -90.68056859221322, "none": -90.9131680874773}, "13": {"type-based": -117.71108758268662, "geo-based": -76.4513153810299, "mixed": -95.52087133639293, "none": -98.48926542810041}, "14": {"type-based": -124.87517691386246, "geo-based": -81.53994727406196, "mixed": -100.14096537919278, "none": -106.06536276872352}, "15": {"type-based": -132.03078160411718, "geo-based": -86.74250731163069, "mixed": -104.85692835322986, "none": -113.64146010934662}, "16": {"type-based": -141.57637690294845, "geo-based": -91.89823778197213, "mixed": -111.91298846315412, "none": -121.21755744996973}, "17": {"type-based": -148.7291207222219, "geo-based": -96.99561488685006, "mixed": -116.53206085637123, "none": -128.79365479059285}, "18": {"type-based": -157.66701803800296, "geo-based": -102.14943732926851, "mixed": -122.99067277470543, "none": -136.36975213121596}, "19": {"type-based": -164.83493347870035, "geo-based": -107.13334093405646, "mixed": -127.50811804226946, "none": -143.94584947183907}, "20": {"type-based": -173.4621385241179, "geo-based": -112.05177705758604, "mixed": -133.4178030640832, "none": -151.52194681246218}, "21": {"type-based": -183.20674107237946, "geo-based": -116.98640043580929, "mixed": -140.46055777448714, "none": -159.09804415308528}, "22": {"type-based": -190.40277152917767, "geo-based": -121.9315576610423, "mixed": -144.96462297296438, "none": -166.6741414937084}, "23": {"type-based": -207.1375625438831, "geo-based": -127.09702946516957, "mixed": -159.2277297735159, "none": -174.2502388343315}, "24": {"type-based": -223.87499472058292, "geo-based": -132.0316130451336, "mixed": -173.2634898647065, "none": -181.8263361749546}, "25": {"type-based": -232.3206541102218, "geo-based": -136.8035340956983, "mixed": -178.84482389880438, "none": -189.4024335155777}, "26": {"type-based": -239.5312402785663, "geo-based": -141.47391110365265, "mixed": -183.08993890208478, "none": -196.97853085620082}, "27": {"type-based": -246.7333855163792, "geo-based": -146.11558146324248, "mixed": -187.30019137877716, "none": -204.55462819682393}, "28": {"type-based": -253.9280859705351, "geo-based": -150.6752504205009, "mixed": -191.42335925351017, "none": -212.13072553744703}, "29": {"type-based": -261.11617110022394, "geo-based": -154.94131927296556, "mixed": -195.24895481338092, "none": -219.70682287807014}, "30": {"type-based": -268.2983389348512, "geo-based": -159.07632674431605, "mixed": -198.94150750914994, "none": -227.28292021869325}, "31": {"type-based": -275.47518247047435, "geo-based": -163.15281577154232, "mixed": -202.5746124734662, "none": -234.85901755931636}, "32": {"type-based": -284.0333541312706, "geo-based": -167.2067506662747, "mixed": -207.57032989290494, "none": -242.43511489993946}, "33": {"type-based": -291.21793142776835, "geo-based": -171.34706108754406, "mixed": -211.28091938667797, "none": -250.01121224056257}, "34": {"type-based": -298.3975891669982, "geo-based": -175.56348416081954, "mixed": -215.06504339499645, "none": -257.5873095811857}, "35": {"type-based": -305.5727534616522, "geo-based": -179.8824752350334, "mixed": -218.94867173826802, "none": -265.1634069218088}, "36": {"type-based": -315.18568795783676, "geo-based": -184.39821422069426, "mixed": -225.46710631299945, "none": -272.7395042624319}, "37": {"type-based": -322.3655802685474, "geo-based": -189.15321580053342, "mixed": -229.78686806230638, "none": -280.31560160305503}, "38": {"type-based": -329.5413455001888, "geo-based": -193.88993989385156, "mixed": -234.08278703228186, "none": -287.89169894367814}, "39": {"type-based": -336.71329870342726, "geo-based": -198.6091358686568, "mixed": -238.35602554886208, "none": -295.46779628430124}, "40": {"type-based": -343.88172015521445, "geo-based": -203.25728987077193, "mixed": -242.5534397045206, "none": -303.04389362492435}, "41": {"type-based": -361.25048947932413, "geo-based": -208.0122939074764, "mixed": -257.05702966242734, "none": -310.61999096554746}, "42": {"type-based": -371.01799961452986, "geo-based": -212.81451456738802, "mixed": -264.00600280576197, "none": -318.19608830617057}, "43": {"type-based": -378.184941897135, "geo-based": -217.61950544160499, "mixed": -268.3635649395456, "none": -325.7721856467937}, "44": {"type-based": -387.5820632392454, "geo-based": -222.2071727199605, "mixed": -274.7320796251053, "none": -333.3482829874168}, "45": {"type-based": -394.75321657933455, "geo-based": -226.13604501200686, "mixed": -278.2118339800955, "none": -340.9243803280399}, "46": {"type-based": -403.4966334195499, "geo-based": -229.96694904720283, "mixed": -283.1682083416558, "none": -348.500477668663}}