{"0": {"type-based": 0, "geo-based": 0, "mixed": 0, "none": 0}, "1": {"type-based": -7.576097340623111, "geo-based": -7.576097340623111, "mixed": -7.576097340623111, "none": -7.576097340623111}, "2": {"type-based": -15.152194681246222, "geo-based": -15.152194681246222, "mixed": -15.152194681246222, "none": -15.152194681246222}, "3": {"type-based": -29.185193630205795, "geo-based": -21.32123706316245, "mixed": -27.817178907624772, "none": -22.728292021869333}, "4": {"type-based": -36.50336411627767, "geo-based": -27.286477203240253, "mixed": -33.55363619662762, "none": -30.304389362492444}, "5": {"type-based": -43.707738549194794, "geo-based": -32.89107209612123, "mixed": -38.83415604079734, "none": -37.88048670311555}, "6": {"type-based": -58.87778212472314, "geo-based": -38.207263954221375, "mixed": -51.798319994731415, "none": -45.45658404373866}, "7": {"type-based": -67.22056270075285, "geo-based": -43.291896828873114, "mixed": -57.68401064761322, "none": -53.032681384361766}, "8": {"type-based": -74.5407455755587, "geo-based": -48.252679407490774, "mixed": -62.40444092367021, "none": -60.60877872498487}, "9": {"type-based": -82.49811448654185, "geo-based": -53.046436645208374, "mixed": -67.60068486914079, "none": -68.18487606560798}, "10": {"type-based": -89.81854881381018, "geo-based": -57.69635697761641, "mixed": -72.00413317881217, "none": -75.76097340623109}, "11": {"type-based": -97.60531411984906, "geo-based": -62.21582157683743, "mixed": -76.74700773986343, "none": -83.3370707468542}, "12": {"type-based": -104.92589930835746, "geo-based": -66.62706184942373, "mixed": -80.90656285033032, "none": -90.9131680874773}, "13": {"type-based": -112.2096330485766, "geo-based": -70.89234509737427, "mixed": -84.88322310919716, "none": -98.48926542810041}, "14": {"type-based": -119.46618568846083, "geo-based": -75.04885851661753, "mixed": -88.72072799613373, "none": -106.06536276872352}, "15": {"type-based": -127.39487772834802, "geo-based": -79.17441121468282, "mixed": -93.1929383198322, "none": -113.64146010934662}, "16": {"type-based": -134.6597410158381, "geo-based": -83.25214090960685, "mixed": -96.94819964330027, "none": -121.21755744996973}, "17": {"type-based": -144.10161727708697, "geo-based": -87.26224820701947, "mixed": -102.81255172026118, "none": -128.79365479059285}, "18": {"type-based": -152.8717079287625, "geo-based": -91.29008904067248, "mixed": -108.0260307938252, "none": -136.36975213121596}, "19": {"type-based": -160.15854555785077, "geo-based": -95.22592132858496, "mixed": -111.67188877152684, "none": -143.94584947183907}, "20": {"type-based": -167.4261769010896, "geo-based": -99.10854812085904, "mixed": -115.2490938931568, "none": -151.52194681246218}, "21": {"type-based": -174.67781459385677, "geo-based": -102.93309617831272, "mixed": -118.755465477746, "none": -159.09804415308528}, "22": {"type-based": -181.91592579626814, "geo-based": -106.71987279225364, "mixed": -122.21377207055667, "none": -166.6741414937084}, "23": {"type-based": -190.60852738891575, "geo-based": -110.44004277304538, "mixed": -127.06611637508233, "none": -174.2502388343315}, "24": {"type-based": -197.84981405209388, "geo-based": -114.38324140004154, "mixed": -130.70146581344815, "none": -181.8263361749546}, "25": {"type-based": -206.1096389287869, "geo-based": -118.12749848980985, "mixed": -135.16879679810043, "none": -189.4024335155777}, "26": {"type-based": -214.20405170810727, "geo-based": -121.74450768750559, "mixed": -139.35189333579123, "none": -196.97853085620082}, "27": {"type-based": -221.4678579023509, "geo-based": -125.35276124093154, "mixed": -142.69971529163257, "none": -204.55462819682393}, "28": {"type-based": -228.72017355540186, "geo-based": -128.97269283575736, "mixed": -146.0544052708755, "none": -212.13072553744703}, "29": {"type-based": -235.96232543187742, "geo-based": -132.5064202050929, "mixed": -149.31819120245402, "none": -219.70682287807014}, "30": {"type-based": -243.1954225997171, "geo-based": -135.99559187921182, "mixed": -152.53312240263614, "none": -227.28292021869325}, "31": {"type-based": -250.42040166951395, "geo-based": -139.51639578249384, "mixed": -155.7767102498534, "none": -234.85901755931636}}