{"0": {"type-based": 0, "geo-based": 0, "mixed": 0, "none": 0}, "1": {"type-based": -7.576097340623111, "geo-based": -7.576097340623111, "mixed": -7.576097340623111, "none": -7.576097340623111}, "2": {"type-based": -15.152194681246222, "geo-based": -15.152194681246222, "mixed": -15.152194681246222, "none": -15.152194681246222}, "3": {"type-based": -16.939362582529427, "geo-based": -21.687266438762798, "mixed": -16.402165394549804, "none": -22.728292021869333}, "4": {"type-based": -18.670743845207546, "geo-based": -27.95426639929228, "mixed": -17.730345090704144, "none": -30.304389362492444}, "5": {"type-based": -20.373012211902452, "geo-based": -33.53848273192849, "mixed": -18.955920150227172, "none": -37.88048670311555}, "6": {"type-based": -22.057394721883703, "geo-based": -40.50672364268129, "mixed": -21.85112633833973, "none": -45.45658404373866}}