{"0": {"type-based": 0, "geo-based": 0, "mixed": 0, "none": 0}, "1": {"type-based": -7.576097340623111, "geo-based": -7.576097340623111, "mixed": -7.576097340623111, "none": -7.576097340623111}, "2": {"type-based": -15.152194681246222, "geo-based": -15.152194681246222, "mixed": -15.152194681246222, "none": -15.152194681246222}, "3": {"type-based": -29.185193630205795, "geo-based": -21.32123706316245, "mixed": -27.817178907624772, "none": -22.728292021869333}, "4": {"type-based": -36.50336411627767, "geo-based": -27.286477203240253, "mixed": -33.55363619662762, "none": -30.304389362492444}, "5": {"type-based": -43.707738549194794, "geo-based": -32.89107209612123, "mixed": -38.83415604079734, "none": -37.88048670311555}, "6": {"type-based": -58.87778212472314, "geo-based": -38.207263954221375, "mixed": -51.798319994731415, "none": -45.45658404373866}, "7": {"type-based": -67.22056270075285, "geo-based": -43.2995140958381, "mixed": -57.691627914578206, "none": -53.032681384361766}, "8": {"type-based": -74.5407455755587, "geo-based": -48.258925711190535, "mixed": -62.41094616533855, "none": -60.60877872498487}, "9": {"type-based": -82.49811448654185, "geo-based": -53.05126440427331, "mixed": -67.6059561375091, "none": -68.18487606560798}, "10": {"type-based": -90.10614757722705, "geo-based": -57.688339455746856, "mixed": -72.28430229110303, "none": -75.76097340623109}, "11": {"type-based": -97.4795780548193, "geo-based": -62.19393805407991, "mixed": -76.58645340613607, "none": -83.3370707468542}, "12": {"type-based": -104.8001632433277, "geo-based": -66.60092077796114, "mixed": -80.73983303633075, "none": -90.9131680874773}, "13": {"type-based": -112.08389698354685, "geo-based": -70.86112306934905, "mixed": -84.70959425332804, "none": -98.48926542810041}, "14": {"type-based": -119.34044962343107, "geo-based": -75.0096075591789, "mixed": -88.53733406733234, "none": -106.06536276872352}, "15": {"type-based": -126.57611945932537, "geo-based": -79.15501985205195, "mixed": -92.3347483648966, "none": -113.64146010934662}, "16": {"type-based": -134.6060309744212, "geo-based": -83.21339165023285, "mixed": -96.83868494092603, "none": -121.21755744996973}, "17": {"type-based": -144.04790723567007, "geo-based": -87.22635430697284, "mixed": -102.70443110461498, "none": -128.79365479059285}, "18": {"type-based": -152.8179978873456, "geo-based": -91.25961939902687, "mixed": -107.92202278224325, "none": -136.36975213121596}, "19": {"type-based": -161.2032256322506, "geo-based": -95.224237855528, "mixed": -112.6939078887556, "none": -143.94584947183907}, "20": {"type-based": -168.51008960111662, "geo-based": -99.10734083205257, "mixed": -116.31392463306695, "none": -151.52194681246218}, "21": {"type-based": -175.79610946892234, "geo-based": -102.94519176392367, "mixed": -119.8712219849762, "none": -159.09804415308528}, "22": {"type-based": -183.06474551543826, "geo-based": -106.72805574165302, "mixed": -123.35900701383264, "none": -166.6741414937084}, "23": {"type-based": -190.31866032470367, "geo-based": -110.49560397976049, "mixed": -126.8196397719603, "none": -174.2502388343315}, "24": {"type-based": -197.5599469878818, "geo-based": -114.19090325304884, "mixed": -130.19744766440166, "none": -181.8263361749546}, "25": {"type-based": -206.0428654271365, "geo-based": -117.8187512641633, "mixed": -134.75490802375535, "none": -189.4024335155777}, "26": {"type-based": -214.31635680659292, "geo-based": -121.5946935450701, "mixed": -139.2617515201683, "none": -196.97853085620082}, "27": {"type-based": -222.42420891608867, "geo-based": -125.20709825589238, "mixed": -143.44881045635617, "none": -204.55462819682393}, "28": {"type-based": -229.70123469693098, "geo-based": -128.7818292945204, "mixed": -146.77226944908924, "none": -212.13072553744703}, "29": {"type-based": -237.7280997425238, "geo-based": -132.29475513061692, "mixed": -150.78967536724926, "none": -219.70682287807014}, "30": {"type-based": -245.63668129795406, "geo-based": -135.76814422806348, "mixed": -154.6524672771144, "none": -227.28292021869325}, "31": {"type-based": -253.44249527372978, "geo-based": -139.20878696926448, "mixed": -158.38201773526006, "none": -234.85901755931636}, "32": {"type-based": -260.75230791004634, "geo-based": -142.75628618546926, "mixed": -161.7239317032414, "none": -242.43511489993946}}