{"0": {"type-based": 0, "geo-based": 0, "mixed": 0, "none": 0}, "1": {"type-based": -7.576097340623111, "geo-based": -7.576097340623111, "mixed": -7.576097340623111, "none": -7.576097340623111}, "2": {"type-based": -15.152194681246222, "geo-based": -15.152194681246222, "mixed": -15.152194681246222, "none": -15.152194681246222}, "3": {"type-based": -26.830219244214824, "geo-based": -21.325037211882545, "mixed": -25.214120127638715, "none": -22.728292021869333}, "4": {"type-based": -40.9088253376643, "geo-based": -27.143599720168574, "mixed": -37.59105598418026, "none": -30.304389362492444}, "5": {"type-based": -48.26471280925574, "geo-based": -32.843346063560965, "mixed": -43.10953260659522, "none": -37.88048670311555}, "6": {"type-based": -55.490404125974194, "geo-based": -38.195072384047364, "mixed": -48.167431758694846, "none": -45.45658404373866}, "7": {"type-based": -70.6753047186276, "geo-based": -43.29791046569775, "mixed": -60.9396030126866, "none": -53.032681384361766}, "8": {"type-based": -79.0317875339372, "geo-based": -48.209878696330726, "mixed": -66.67269722870921, "none": -60.60877872498487}, "9": {"type-based": -86.76998294947191, "geo-based": -52.9543453791993, "mixed": -71.60261375645985, "none": -68.18487606560798}, "10": {"type-based": -94.17209123310086, "geo-based": -57.57659769884342, "mixed": -76.05915283059817, "none": -75.76097340623109}, "11": {"type-based": -101.50207460689975, "geo-based": -62.075894996738455, "mixed": -80.32460236997429, "none": -83.3370707468542}, "12": {"type-based": -108.78613996678241, "geo-based": -66.52147923648558, "mixed": -84.49069687915105, "none": -90.9131680874773}, "13": {"type-based": -116.73135633142198, "geo-based": -70.87219437820659, "mixed": -89.22299244261686, "none": -98.48926542810041}, "14": {"type-based": -124.42708613399242, "geo-based": -75.12315509358821, "mixed": -93.59965263920247, "none": -106.06536276872352}, "15": {"type-based": -131.75414697580118, "geo-based": -79.23514211532901, "mixed": -97.46345286407482, "none": -113.64146010934662}, "16": {"type-based": -139.04895880413852, "geo-based": -83.25727932973042, "mixed": -101.20202678547474, "none": -121.21755744996973}, "17": {"type-based": -146.7888100815967, "geo-based": -87.25020119067293, "mixed": -105.3500967475155, "none": -128.79365479059285}, "18": {"type-based": -154.0869568842897, "geo-based": -91.20346269907361, "mixed": -109.01317333158727, "none": -136.36975213121596}, "19": {"type-based": -163.55904279405064, "geo-based": -95.09899606262839, "mixed": -114.79168240188822, "none": -143.94584947183907}, "20": {"type-based": -170.8550399019448, "geo-based": -98.99465944466981, "mixed": -118.3977235174035, "none": -151.52194681246218}, "21": {"type-based": -178.13107789572257, "geo-based": -102.8319768679243, "mixed": -121.92862410577075, "none": -159.09804415308528}, "22": {"type-based": -187.09482288636616, "geo-based": -106.64820932645192, "mixed": -127.12897029357886, "none": -166.6741414937084}, "23": {"type-based": -195.67013728837944, "geo-based": -110.43838157238902, "mixed": -131.92207791200957, "none": -174.2502388343315}, "24": {"type-based": -202.9629991878669, "geo-based": -114.1393002234176, "mixed": -135.3544297596345, "none": -181.8263361749546}, "25": {"type-based": -210.23946943683833, "geo-based": -117.8827158865538, "mixed": -138.81794183383496, "none": -189.4024335155777}, "26": {"type-based": -217.50185663119248, "geo-based": -121.55583420908985, "mixed": -142.20508453836484, "none": -196.97853085620082}, "27": {"type-based": -225.59921522727797, "geo-based": -125.16141089814863, "mixed": -146.36783980269632, "none": -204.55462819682393}, "28": {"type-based": -232.86591882298768, "geo-based": -128.70221638756837, "mixed": -149.6404709607921, "none": -212.13072553744703}, "29": {"type-based": -240.12097020408092, "geo-based": -132.23098095492347, "mixed": -152.8955153417361, "none": -219.70682287807014}, "30": {"type-based": -247.36571322420448, "geo-based": -135.7023624834583, "mixed": -156.08869437953413, "none": -227.28292021869325}, "31": {"type-based": -255.48849063670707, "geo-based": -139.10509146650273, "mixed": -160.09735338898292, "none": -234.85901755931636}, "32": {"type-based": -262.73789563910367, "geo-based": -142.6804233767214, "mixed": -163.41008750381056, "none": -242.43511489993946}}