{"0": {"type-based": 0, "geo-based": 0, "mixed": 0, "none": 0}, "1": {"type-based": -7.576097340623111, "geo-based": -7.576097340623111, "mixed": -7.576097340623111, "none": -7.576097340623111}, "2": {"type-based": -15.152194681246222, "geo-based": -15.152194681246222, "mixed": -15.152194681246222, "none": -15.152194681246222}, "3": {"type-based": -17.858110338630347, "geo-based": -21.3758167227863, "mixed": -17.227861678043276, "none": -22.728292021869333}, "4": {"type-based": -20.54224014917301, "geo-based": -27.31931269426772, "mixed": -19.176082793481356, "none": -30.304389362492444}, "5": {"type-based": -23.215293645190165, "geo-based": -32.9891014239608, "mixed": -20.98343261202472, "none": -37.88048670311555}, "6": {"type-based": -25.88164108453087, "geo-based": -38.422196961624365, "mixed": -22.661499493563657, "none": -45.45658404373866}, "7": {"type-based": -28.543492328955992, "geo-based": -43.78639974529325, "mixed": -24.35750028147975, "none": -53.032681384361766}, "8": {"type-based": -31.202119398859825, "geo-based": -49.65236815845424, "mixed": -26.65143181502237, "none": -60.60877872498487}, "9": {"type-based": -33.85832139642387, "geo-based": -55.781412510489844, "mixed": -29.22188394029221, "none": -68.18487606560798}, "10": {"type-based": -36.512633092277106, "geo-based": -61.00688759585131, "mixed": -30.856470220850326, "none": -75.76097340623109}, "11": {"type-based": -39.16542993191091, "geo-based": -67.66546356884525, "mixed": -33.908677892210605, "none": -83.3370707468542}, "12": {"type-based": -41.81698560949853, "geo-based": -75.05926807403908, "mixed": -37.548716286184856, "none": -90.9131680874773}, "13": {"type-based": -44.467505790057636, "geo-based": -95.70380456391804, "mixed": -54.37067885278302, "none": -98.48926542810041}}