{"0": {"type-based": 0, "geo-based": 0, "mixed": 0, "none": 0}, "1": {"type-based": -7.576097340623111, "geo-based": -7.576097340623111, "mixed": -7.576097340623111, "none": -7.576097340623111}, "2": {"type-based": -15.152194681246222, "geo-based": -15.152194681246222, "mixed": -15.152194681246222, "none": -15.152194681246222}, "3": {"type-based": -27.846697023549414, "geo-based": -21.340662430928795, "mixed": -26.331838162239222, "none": -22.728292021869333}, "4": {"type-based": -35.164867509621295, "geo-based": -27.29800731658214, "mixed": -32.0562341724395, "none": -30.304389362492444}, "5": {"type-based": -42.369241942538416, "geo-based": -32.90103948744118, "mixed": -37.333896956916156, "none": -37.88048670311555}, "6": {"type-based": -57.53928551806676, "geo-based": -38.222427116835675, "mixed": -50.303192007297966, "none": -45.45658404373866}, "7": {"type-based": -65.88206609409647, "geo-based": -43.31117573760713, "mixed": -56.19389133837726, "none": -53.032681384361766}, "8": {"type-based": -73.20224896890232, "geo-based": -48.275744686095535, "mixed": -60.91935589369771, "none": -60.60877872498487}, "9": {"type-based": -81.15961787988547, "geo-based": -53.072779836122926, "mixed": -66.11997428522751, "none": -68.18487606560798}, "10": {"type-based": -88.76765097057067, "geo-based": -57.71424279029229, "mixed": -70.80360724025635, "none": -75.76097340623109}, "11": {"type-based": -96.14108144816292, "geo-based": -62.22337663135933, "mixed": -75.11014251072639, "none": -83.3370707468542}, "12": {"type-based": -103.46166663667132, "geo-based": -66.58446520366817, "mixed": -79.2184854346747, "none": -90.9131680874773}, "13": {"type-based": -110.74540037689047, "geo-based": -70.82720925755326, "mixed": -83.17031288554665, "none": -98.48926542810041}, "14": {"type-based": -118.00195301677469, "geo-based": -75.05302110523142, "mixed": -87.07300557938412, "none": -106.06536276872352}, "15": {"type-based": -125.93064505666189, "geo-based": -79.18632023167109, "mixed": -91.55535212662727, "none": -113.64146010934662}, "16": {"type-based": -135.27407537768687, "geo-based": -83.26711063942177, "mixed": -97.39449357990543, "none": -121.21755744996973}, "17": {"type-based": -143.9478537216192, "geo-based": -87.35758536362655, "mixed": -102.57685177584663, "none": -128.79365479059285}, "18": {"type-based": -151.25819123372287, "geo-based": -91.35226057834568, "mixed": -106.30758014042596, "none": -136.36975213121596}, "19": {"type-based": -158.54502886281114, "geo-based": -95.28027163709014, "mixed": -109.95236540632547, "none": -143.94584947183907}, "20": {"type-based": -165.81266020604997, "geo-based": -99.17064601302353, "mixed": -113.54429786399942, "none": -151.52194681246218}, "21": {"type-based": -174.3633385101162, "geo-based": -102.988098803997, "mixed": -118.35301711858558, "none": -159.09804415308528}, "22": {"type-based": -181.63197455663212, "geo-based": -106.81767591857476, "mixed": -121.9034206525444, "none": -166.6741414937084}, "23": {"type-based": -188.88588936589753, "geo-based": -110.61927348382258, "mixed": -125.41991060224372, "none": -174.2502388343315}, "24": {"type-based": -196.12717602907566, "geo-based": -114.48776399971717, "mixed": -128.99880716949505, "none": -181.8263361749546}, "25": {"type-based": -204.38700090576867, "geo-based": -118.14752687934799, "mixed": -133.3982700798986, "none": -189.4024335155777}, "26": {"type-based": -212.48141368508905, "geo-based": -121.74596405221766, "mixed": -137.57726382750647, "none": -196.97853085620082}, "27": {"type-based": -219.74521987933267, "geo-based": -125.37322864390907, "mixed": -140.9567379400642, "none": -204.55462819682393}, "28": {"type-based": -226.99753553238364, "geo-based": -128.98035482319887, "mixed": -144.30968673114938, "none": -212.13072553744703}, "29": {"type-based": -234.2396874088592, "geo-based": -132.55623119122404, "mixed": -147.62584406348918, "none": -219.70682287807014}, "30": {"type-based": -241.47278457669887, "geo-based": -136.07322574893263, "mixed": -150.87900999678016, "none": -227.28292021869325}, "31": {"type-based": -248.69776364649573, "geo-based": -139.5740594831293, "mixed": -154.11235104834338, "none": -234.85901755931636}, "32": {"type-based": -255.91542282145122, "geo-based": -143.05987999922007, "mixed": -157.32740449523325, "none": -242.43511489993946}, "33": {"type-based": -263.1264479271353, "geo-based": -146.59921070652464, "mixed": -160.59300443310062, "none": -250.01121224056257}, "34": {"type-based": -270.33143258889794, "geo-based": -150.1021646475709, "mixed": -163.81878395611417, "none": -257.5873095811857}}