{"0": {"type-based": 0, "geo-based": 0, "mixed": 0, "none": 0}, "1": {"type-based": -7.576097340623111, "geo-based": -7.576097340623111, "mixed": -7.576097340623111, "none": -7.576097340623111}, "2": {"type-based": -15.152194681246222, "geo-based": -15.152194681246222, "mixed": -15.152194681246222, "none": -15.152194681246222}, "3": {"type-based": -20.950713215484743, "geo-based": -21.252613287635825, "mixed": -19.609310917492646, "none": -22.728292021869333}, "4": {"type-based": -26.74841243442691, "geo-based": -27.011528839898823, "mixed": -23.776317531180165, "none": -30.304389362492444}, "5": {"type-based": -32.54570164138144, "geo-based": -32.26174517595231, "mixed": -27.456568985763912, "none": -37.88048670311555}, "6": {"type-based": -38.34274472761719, "geo-based": -37.42800210681518, "mixed": -31.08831102161148, "none": -45.45658404373866}, "7": {"type-based": -44.13962368603931, "geo-based": -43.05902296541585, "mixed": -35.226951205452536, "none": -53.032681384361766}, "8": {"type-based": -49.93638538711455, "geo-based": -48.42021418317735, "mixed": -39.15041615075033, "none": -60.60877872498487}, "9": {"type-based": -55.733059132491405, "geo-based": -53.90382642589225, "mixed": -43.2228217876014, "none": -68.18487606560798}, "10": {"type-based": -61.52966446036002, "geo-based": -59.096818601158525, "mixed": -47.002218720930166, "none": -75.76097340623109}, "11": {"type-based": -67.32621504948315, "geo-based": -64.07744078322521, "mixed": -50.55630488104499, "none": -83.3370707468542}, "12": {"type-based": -73.12272084922651, "geo-based": -68.93078066590269, "mixed": -53.9689065575162, "none": -90.9131680874773}, "13": {"type-based": -78.91918932233216, "geo-based": -73.68775689387623, "mixed": -57.270291532955845, "none": -98.48926542810041}, "14": {"type-based": -84.71562620982972, "geo-based": -78.36722473119482, "mixed": -60.47963408226262, "none": -106.06536276872352}, "15": {"type-based": -90.51203602283259, "geo-based": -82.98141492550634, "mixed": -63.60991777920273, "none": -113.64146010934662}, "16": {"type-based": -96.30842237043974, "geo-based": -87.91504478096084, "mixed": -67.04677532690327, "none": -121.21755744996973}, "17": {"type-based": -102.10478818519066, "geo-based": -93.53164506777765, "mixed": -71.1881981581646, "none": -128.79365479059285}, "18": {"type-based": -107.90113588222323, "geo-based": -98.6318230985476, "mixed": -74.86233519708964, "none": -136.36975213121596}, "19": {"type-based": -113.69746747422994, "geo-based": -103.33755777547242, "mixed": -78.17317685994936, "none": -143.94584947183907}, "20": {"type-based": -119.49378465616753, "geo-based": -108.40468697982928, "mixed": -81.85820076207136, "none": -151.52194681246218}, "21": {"type-based": -125.29008886879336, "geo-based": -113.80538235439795, "mixed": -85.90210976273491, "none": -159.09804415308528}, "22": {"type-based": -131.08638134707618, "geo-based": -119.23206287806663, "mixed": -89.99512608808783, "none": -166.6741414937084}, "23": {"type-based": -136.8826631576065, "geo-based": -126.33435656338636, "mixed": -95.77661782986013, "none": -174.2502388343315}, "24": {"type-based": -142.67893522787523, "geo-based": -132.47557200995482, "mixed": -100.59098945063572, "none": -181.8263361749546}, "25": {"type-based": -148.47519836945366, "geo-based": -137.5112270969478, "mixed": -104.28823134697551, "none": -189.4024335155777}, "26": {"type-based": -154.27145329653808, "geo-based": -142.8995708321943, "mixed": -108.33713844111229, "none": -196.97853085620082}, "27": {"type-based": -160.0677006409284, "geo-based": -148.5147494368683, "mixed": -112.60069815150847, "none": -204.55462819682393}, "28": {"type-based": -165.86394096423365, "geo-based": -153.7191707184719, "mixed": -116.434877532281, "none": -212.13072553744703}, "29": {"type-based": -171.66017476789784, "geo-based": -158.28953970765028, "mixed": -119.61836710051531, "none": -219.70682287807014}, "30": {"type-based": -177.45640250149768, "geo-based": -163.03409744764963, "mixed": -122.96306956347888, "none": -227.28292021869325}, "31": {"type-based": -183.25262456965737, "geo-based": -167.93539187095882, "mixed": -126.45014673433204, "none": -234.85901755931636}, "32": {"type-based": -189.04884133784833, "geo-based": -173.34978784187285, "mixed": -130.446625747454, "none": -242.43511489993946}, "33": {"type-based": -194.84505313728275, "geo-based": -178.29768252628665, "mixed": -133.97333752157022, "none": -250.01121224056257}, "34": {"type-based": -200.64126026906578, "geo-based": -182.97074860115885, "mixed": -137.21442236309358, "none": -257.5873095811857}, "35": {"type-based": -206.4374630077372, "geo-based": -187.61985244264346, "mixed": -140.42327120222222, "none": -265.1634069218088}, "36": {"type-based": -212.23366160430703, "geo-based": -192.24826956153626, "mixed": -143.60390970736975, "none": -272.7395042624319}, "37": {"type-based": -218.02985628886992, "geo-based": -196.83746589288737, "mixed": -146.73848076216336, "none": -280.31560160305503}, "38": {"type-based": -223.82604727286594, "geo-based": -201.3730815426764, "mixed": -149.8134987945774, "none": -287.89169894367814}, "39": {"type-based": -229.62223475104395, "geo-based": -205.7789265852418, "mixed": -152.74971471890765, "none": -295.46779628430124}, "40": {"type-based": -245.98976146898227, "geo-based": -210.3279118655642, "mixed": -166.38781140197503, "none": -303.04389362492435}, "41": {"type-based": -251.8741254993212, "geo-based": -214.82826648501083, "mixed": -169.4512901198437, "none": -310.61999096554746}, "42": {"type-based": -257.75637435810506, "geo-based": -219.73143584204033, "mixed": -172.89169239274972, "none": -318.19608830617057}, "43": {"type-based": -263.6366070614832, "geo-based": -224.56820866449175, "mixed": -176.2497951350304, "none": -325.7721856467937}, "44": {"type-based": -269.5149158280277, "geo-based": -229.51600749791024, "mixed": -179.70515460027465, "none": -333.3482829874168}, "45": {"type-based": -275.39138668735586, "geo-based": -234.6292591370722, "mixed": -183.28192810028114, "none": -340.9243803280399}, "46": {"type-based": -281.2661000220934, "geo-based": -239.92595348940034, "mixed": -186.9914816548, "none": -348.500477668663}, "47": {"type-based": -287.13913105175584, "geo-based": -244.90458204503145, "mixed": -190.32927387469488, "none": -356.0765750092861}}