{"0": {"type-based": 0, "geo-based": 0, "mixed": 0, "none": 0}, "1": {"type-based": -7.576097340623111, "geo-based": -7.576097340623111, "mixed": -7.576097340623111, "none": -7.576097340623111}, "2": {"type-based": -15.152194681246222, "geo-based": -15.152194681246222, "mixed": -15.152194681246222, "none": -15.152194681246222}, "3": {"type-based": -17.858110338630347, "geo-based": -21.33374232566308, "mixed": -17.06233997531524, "none": -22.728292021869333}, "4": {"type-based": -20.54224014917301, "geo-based": -27.554260436699444, "mixed": -19.282789577375027, "none": -30.304389362492444}, "5": {"type-based": -23.215293645190165, "geo-based": -33.40215251433281, "mixed": -21.269041371250978, "none": -37.88048670311555}, "6": {"type-based": -25.88164108453087, "geo-based": -39.039891956742665, "mixed": -23.116965925243104, "none": -45.45658404373866}, "7": {"type-based": -28.543492328955992, "geo-based": -44.310572382302205, "mixed": -24.54396749394379, "none": -53.032681384361766}, "8": {"type-based": -31.202119398859825, "geo-based": -51.013061152376274, "mixed": -27.383173076932227, "none": -60.60877872498487}, "9": {"type-based": -33.85832139642387, "geo-based": -56.29753697904678, "mixed": -28.860987760623665, "none": -68.18487606560798}, "10": {"type-based": -36.512633092277106, "geo-based": -62.159735523302956, "mixed": -30.854013803117468, "none": -75.76097340623109}, "11": {"type-based": -39.16542993191091, "geo-based": -69.55166716532186, "mixed": -34.376566874562016, "none": -83.3370707468542}, "12": {"type-based": -41.81698560949853, "geo-based": -81.76539137484467, "mixed": -42.69306944170255, "none": -90.9131680874773}, "13": {"type-based": -44.467505790057636, "geo-based": -89.83839193405969, "mixed": -46.975838832027605, "none": -98.48926542810041}, "14": {"type-based": -47.11714893027345, "geo-based": -96.08376523599043, "mixed": -49.4199500122111, "none": -106.06536276872352}, "15": {"type-based": -49.76603969995777, "geo-based": -102.63614747495264, "mixed": -52.177221565962434, "none": -113.64146010934662}, "16": {"type-based": -52.41427795029247, "geo-based": -108.97071262161576, "mixed": -54.743359068361194, "none": -121.21755744996973}, "17": {"type-based": -55.06194489161114, "geo-based": -115.46211495932667, "mixed": -57.48516771879596, "none": -128.79365479059285}, "18": {"type-based": -57.70910746158601, "geo-based": -121.24755235865027, "mixed": -59.5266857827253, "none": -136.36975213121596}, "19": {"type-based": -60.35582148469998, "geo-based": -127.36093405133137, "mixed": -61.90184229628714, "none": -143.94584947183907}, "20": {"type-based": -63.00213400331307, "geo-based": -133.48430512680565, "mixed": -64.29058174173865, "none": -151.52194681246218}, "21": {"type-based": -65.64808502798412, "geo-based": -138.9441976943988, "mixed": -66.01627538114505, "none": -159.09804415308528}}