{"0": {"type-based": 0, "geo-based": 0, "mixed": 0, "none": 0}, "1": {"type-based": -7.576097340623111, "geo-based": -7.576097340623111, "mixed": -7.576097340623111, "none": -7.576097340623111}, "2": {"type-based": -15.152194681246222, "geo-based": -15.152194681246222, "mixed": -15.152194681246222, "none": -15.152194681246222}, "3": {"type-based": -22.228327928866857, "geo-based": -21.4843753297195, "mixed": -21.02022167809443, "none": -22.728292021869333}, "4": {"type-based": -29.304353096326626, "geo-based": -27.38273106335297, "mixed": -26.46842220342077, "none": -30.304389362492444}, "5": {"type-based": -36.380324205817054, "geo-based": -32.960852130575425, "mixed": -31.600906634872896, "none": -37.88048670311555}, "6": {"type-based": -43.45626287479911, "geo-based": -38.268307787998936, "mixed": -36.455054876273714, "none": -45.45658404373866}, "7": {"type-based": -50.532179914388855, "geo-based": -44.01400830716748, "mixed": -41.74671167024831, "none": -53.032681384361766}, "8": {"type-based": -57.60808150324353, "geo-based": -49.618324963129496, "mixed": -46.87937596814283, "none": -60.60877872498487}, "9": {"type-based": -64.68397150340746, "geo-based": -55.089861973810976, "mixed": -51.87261904372909, "none": -68.18487606560798}, "10": {"type-based": -71.75985248976629, "geo-based": -60.405690030082894, "mixed": -56.708445309409605, "none": -75.76097340623109}, "11": {"type-based": -78.83572626484226, "geo-based": -65.6588186715272, "mixed": -61.48119931471225, "none": -83.3370707468542}, "12": {"type-based": -85.91159413961988, "geo-based": -71.00801927471353, "mixed": -66.34960457825285, "none": -90.9131680874773}, "13": {"type-based": -92.98745709737364, "geo-based": -76.45227826600266, "mixed": -71.31268370744002, "none": -98.48926542810041}, "14": {"type-based": -100.06331589449168, "geo-based": -83.10940824070575, "mixed": -77.49008342414888, "none": -106.06536276872352}, "15": {"type-based": -107.13917112529433, "geo-based": -90.34759795639621, "mixed": -84.25176930070593, "none": -113.64146010934662}, "16": {"type-based": -114.21502326524828, "geo-based": -96.98484929756762, "mixed": -90.41748877809604, "none": -121.21755744996973}, "17": {"type-based": -121.29087270067765, "geo-based": -103.01639799908365, "mixed": -95.98399704326681, "none": -128.79365479059285}, "18": {"type-based": -128.36671974973703, "geo-based": -108.56228292747466, "mixed": -101.07101502030581, "none": -136.36975213121596}, "19": {"type-based": -135.44256467755915, "geo-based": -114.03390785487576, "mixed": -106.0894723851767, "none": -143.94584947183907}, "20": {"type-based": -142.51840770741654, "geo-based": -119.67428992911822, "mixed": -111.28229530153268, "none": -151.52194681246218}, "21": {"type-based": -149.5942490290931, "geo-based": -125.07371197914607, "mixed": -116.23947294040079, "none": -159.09804415308528}, "22": {"type-based": -156.67008880526248, "geo-based": -130.4897671790725, "mixed": -121.21875028574063, "none": -166.6741414937084}, "23": {"type-based": -163.74592717641687, "geo-based": -135.5734276327721, "mixed": -125.87053132950238, "none": -174.2502388343315}, "24": {"type-based": -170.82176426472444, "geo-based": -140.56341427947976, "mixed": -130.4342950199722, "none": -181.8263361749546}, "25": {"type-based": -177.8976001770832, "geo-based": -145.49100309318584, "mixed": -134.94085023092975, "none": -189.4024335155777}, "26": {"type-based": -184.97343500756406, "geo-based": -150.45694964413988, "mixed": -139.49023402813316, "none": -196.97853085620082}, "27": {"type-based": -192.04926883938415, "geo-based": -156.07943475590986, "mixed": -144.7004433652176, "none": -204.55462819682393}, "28": {"type-based": -199.12510174651476, "geo-based": -160.97916124302537, "mixed": -149.19238322921802, "none": -212.13072553744703}, "29": {"type-based": -206.20093379500196, "geo-based": -165.95953255298696, "mixed": -153.76570568979193, "none": -219.70682287807014}, "30": {"type-based": -213.27676504405986, "geo-based": -170.88819118952193, "mixed": -158.28663776710803, "none": -227.28292021869325}, "31": {"type-based": -220.3525955469814, "geo-based": -175.84817673396083, "mixed": -162.83664601279094, "none": -234.85901755931636}, "32": {"type-based": -227.42842535190232, "geo-based": -181.059398691363, "mixed": -167.6373033713958, "none": -242.43511489993946}, "33": {"type-based": -234.5042545024459, "geo-based": -186.19201537531404, "mixed": -172.35345242096415, "none": -250.01121224056257}, "34": {"type-based": -241.5800830382697, "geo-based": -191.4390302329056, "mixed": -177.17761420535672, "none": -257.5873095811857}, "35": {"type-based": -248.65591099553237, "geo-based": -196.67866011959708, "mixed": -181.98657362326506, "none": -265.1634069218088}, "36": {"type-based": -255.73173840729328, "geo-based": -201.7545699013649, "mixed": -186.6240339607138, "none": -272.7395042624319}, "37": {"type-based": -262.80756530385696, "geo-based": -206.46837452322129, "mixed": -190.89439315845573, "none": -280.31560160305503}, "38": {"type-based": -269.8833917130709, "geo-based": -211.16412465897295, "mixed": -195.14227544434289, "none": -287.89169894367814}, "39": {"type-based": -276.9592176605843, "geo-based": -216.06436607617488, "mixed": -199.5904435162661, "none": -295.46779628430124}, "40": {"type-based": -284.03504317007315, "geo-based": -220.88515091059543, "mixed": -203.9576533182068, "none": -303.04389362492435}, "41": {"type-based": -291.110868263438, "geo-based": -226.00708594197684, "mixed": -208.62441859151804, "none": -310.61999096554746}, "42": {"type-based": -298.186692960977, "geo-based": -230.86696961647814, "mixed": -213.0287041186971, "none": -318.19608830617057}, "43": {"type-based": -305.2625172815383, "geo-based": -235.75683835409407, "mixed": -217.45813062150884, "none": -325.7721856467937}, "44": {"type-based": -312.3383412426553, "geo-based": -240.47576816765894, "mixed": -221.71065288353066, "none": -333.3482829874168}, "45": {"type-based": -319.41416486066584, "geo-based": -245.9680688284804, "mixed": -226.72930216490818, "none": -340.9243803280399}, "46": {"type-based": -326.4899881508186, "geo-based": -251.19137025584052, "mixed": -231.4760937336277, "none": -348.500477668663}, "47": {"type-based": -333.5658111273679, "geo-based": -257.22463716264184, "mixed": -237.02901433416372, "none": -356.0765750092861}, "48": {"type-based": -340.64163380365824, "geo-based": -263.0949853135243, "mixed": -242.41810254282882, "none": -363.6526723499092}, "49": {"type-based": -347.7174561922, "geo-based": -268.74085003980326, "mixed": -247.5815673533715, "none": -371.2287696905323}, "50": {"type-based": -354.7932783047378, "geo-based": -274.2347818111813, "mixed": -252.59188859787008, "none": -378.8048670311554}, "51": {"type-based": -361.8691001523113, "geo-based": -279.68696332584966, "mixed": -257.5591163436296, "none": -386.38096437177853}, "52": {"type-based": -368.9449217453112, "geo-based": -284.89824666282027, "mixed": -262.28447066952873, "none": -393.95706171240164}, "53": {"type-based": -376.02074309352844, "geo-based": -290.4047430060569, "mixed": -267.30323759643625, "none": -401.53315905302475}, "54": {"type-based": -383.0965642061999, "geo-based": -295.9095092484544, "mixed": -272.3199449758694, "none": -409.10925639364785}, "55": {"type-based": -390.1723850920493, "geo-based": -300.6406429574507, "mixed": -276.56296127261714, "none": -416.68535373427096}, "56": {"type-based": -397.24820575932443, "geo-based": -305.3484412433089, "mixed": -280.7766222358026, "none": -424.26145107489407}, "57": {"type-based": -404.3240262158314, "geo-based": -310.0733927588495, "mixed": -285.0026598658175, "none": -431.8375484155172}, "58": {"type-based": -411.3998464689654, "geo-based": -314.8166376482505, "mixed": -289.24349241139527, "none": -439.4136457561403}, "59": {"type-based": -418.47566652573914, "geo-based": -319.543833295496, "mixed": -293.4655053485882, "none": -446.9897430967634}, "60": {"type-based": -425.5514863928088,