{"0": {"type-based": 0, "geo-based": 0, "mixed": 0, "none": 0}, "1": {"type-based": -7.576097340623111, "geo-based": -7.576097340623111, "mixed": -7.576097340623111, "none": -7.576097340623111}, "2": {"type-based": -15.152194681246222, "geo-based": -15.152194681246222, "mixed": -15.152194681246222, "none": -15.152194681246222}, "3": {"type-based": -17.858110338630347, "geo-based": -21.245417239534454, "mixed": -16.930641956526664, "none": -22.728292021869333}, "4": {"type-based": -20.54224014917301, "geo-based": -27.219479846051247, "mixed": -18.731054237783763, "none": -30.304389362492444}, "5": {"type-based": -23.215293645190165, "geo-based": -33.40886983236567, "mixed": -21.01059592077791, "none": -37.88048670311555}, "6": {"type-based": -25.88164108453087, "geo-based": -39.21962451990371, "mixed": -23.042540673656404, "none": -45.45658404373866}, "7": {"type-based": -28.543492328955992, "geo-based": -44.88431405226264, "mixed": -24.998367137312652, "none": -53.032681384361766}, "8": {"type-based": -31.202119398859825, "geo-based": -50.033294728579015, "mixed": -26.420135703456882, "none": -60.60877872498487}, "9": {"type-based": -33.85832139642387, "geo-based": -57.86665369639551, "mixed": -30.501768085932984, "none": -68.18487606560798}, "10": {"type-based": -36.512633092277106, "geo-based": -63.463146833737994, "mixed": -32.280237217680344, "none": -75.76097340623109}, "11": {"type-based": -39.16542993191091, "geo-based": -68.38744424482412, "mixed": -33.40827679817645, "none": -83.3370707468542}}