{"0": {"type-based": 0, "geo-based": 0, "mixed": 0, "none": 0}, "1": {"type-based": -7.576097340623111, "geo-based": -7.576097340623111, "mixed": -7.576097340623111, "none": -7.576097340623111}, "2": {"type-based": -15.152194681246222, "geo-based": -15.152194681246222, "mixed": -15.152194681246222, "none": -15.152194681246222}, "3": {"type-based": -22.228327928866857, "geo-based": -21.45907251488375, "mixed": -20.995242796954535, "none": -22.728292021869333}, "4": {"type-based": -29.304353096326626, "geo-based": -27.539427938970398, "mixed": -26.614007259804374, "none": -30.304389362492444}, "5": {"type-based": -36.380324205817054, "geo-based": -33.27964506038159, "mixed": -31.903119842329875, "none": -37.88048670311555}, "6": {"type-based": -43.45626287479911, "geo-based": -38.76885867565367, "mixed": -36.946574004597764, "none": -45.45658404373866}, "7": {"type-based": -50.532179914388855, "geo-based": -44.147613191105215, "mixed": -41.87914117311115, "none": -53.032681384361766}, "8": {"type-based": -57.60808150324353, "geo-based": -49.46252402567816, "mixed": -46.74627390815152, "none": -60.60877872498487}, "9": {"type-based": -64.68397150340746, "geo-based": -55.411334860827, "mixed": -52.23821953841703, "none": -68.18487606560798}, "10": {"type-based": -71.75985248976629, "geo-based": -60.87772822728097, "mixed": -57.241491317154455, "none": -75.76097340623109}, "11": {"type-based": -78.83572626484226, "geo-based": -66.01641130697755, "mixed": -61.92260513402166, "none": -83.3370707468542}, "12": {"type-based": -85.91159413961988, "geo-based": -70.97968144664905, "mixed": -66.43719296874059, "none": -90.9131680874773}, "13": {"type-based": -92.98745709737364, "geo-based": -76.01189779415367, "mixed": -71.03008536017933, "none": -98.48926542810041}, "14": {"type-based": -100.06331589449168, "geo-based": -80.94886334013435, "mixed": -75.54131101387051, "none": -106.06536276872352}, "15": {"type-based": -107.13917112529433, "geo-based": -85.81589086233659, "mixed": -79.99318195231581, "none": -113.64146010934662}, "16": {"type-based": -114.21502326524828, "geo-based": -90.66480439851908, "mixed": -84.43320650446499, "none": -121.21755744996973}, "17": {"type-based": -121.29087270067765, "geo-based": -95.43763577694638, "mixed": -88.80009364531811, "none": -128.79365479059285}, "18": {"type-based": -128.36671974973703, "geo-based": -100.83364245085242, "mixed": -93.79049543534472, "none": -136.36975213121596}, "19": {"type-based": -135.44256467755915, "geo-based": -106.35838520103594, "mixed": -98.91215420704108, "none": -143.94584947183907}, "20": {"type-based": -142.51840770741654, "geo-based": -112.05442267971873, "mixed": -104.20762045213215, "none": -151.52194681246218}, "21": {"type-based": -149.5942490290931, "geo-based": -117.29863434683101, "mixed": -109.05258869171581, "none": -159.09804415308528}, "22": {"type-based": -156.67008880526248, "geo-based": -122.108576528913, "mixed": -113.46449466018225, "none": -166.6741414937084}, "23": {"type-based": -163.74592717641687, "geo-based": -126.90107435685292, "mixed": -117.85982330131418, "none": -174.2502388343315}, "24": {"type-based": -170.82176426472444, "geo-based": -132.37675430692963, "mixed": -122.93869094592363, "none": -181.8263361749546}, "25": {"type-based": -177.8976001770832, "geo-based": -137.68587436490228, "mixed": -127.85032726606883, "none": -189.4024335155777}, "26": {"type-based": -184.97343500756406, "geo-based": -142.7794689074697, "mixed": -132.54565842817314, "none": -196.97853085620082}, "27": {"type-based": -192.04926883938415, "geo-based": -147.3907360823446, "mixed": -136.7539278489354, "none": -204.55462819682393}, "28": {"type-based": -209.3287309278524, "geo-based": -152.02444548508092, "mixed": -151.18323553459155, "none": -212.13072553744703}, "29": {"type-based": -216.4128566997662, "geo-based": -157.15941576663204, "mixed": -155.91690610929322, "none": -219.70682287807014}, "30": {"type-based": -223.49668663784158, "geo-based": -162.06984322814745, "mixed": -160.41672810488208, "none": -227.28292021869325}, "31": {"type-based": -230.58024106501398, "geo-based": -166.83675724878827, "mixed": -164.7650563081398, "none": -234.85901755931636}, "32": {"type-based": -237.66353827956215, "geo-based": -171.41014597765016, "mixed": -168.91353940281175, "none": -242.43511489993946}, "33": {"type-based": -244.74659481540507, "geo-based": -176.7499500294359, "mixed": -173.82481840926056, "none": -250.01121224056257}, "34": {"type-based": -251.8294256618707, "geo-based": -181.6671354635593, "mixed": -178.31563451127872, "none": -257.5873095811857}, "35": {"type-based": -258.91204445027967, "geo-based": -186.50107866199303, "mixed": -182.72364459788562, "none": -265.1634069218088}, "36": {"type-based": -265.99446361318144, "geo-based": -191.40572058239778, "mixed": -187.20224472072414, "none": -272.7395042624319}, "37": {"type-based": -273.07669452091517, "geo-based": -196.19895468681676, "mixed": -191.56999381997707, "none": -280.31560160305503}, "38": {"type-based": -280.1587475992634, "geo-based": -200.89664705000345, "mixed": -195.84142446383504, "none": -287.89169894367814}, "39": {"type-based": -287.24063243125505, "geo-based": -205.58608546779288, "mixed": -200.10399084020102, "none": -295.46779628430124}, "40": {"type-based": -294.322357845613, "geo-based": -210.31343961580728, "mixed": -204.4039115940975, "none": -303.04389362492435}, "41": {"type-based": -311.9752745597034, "geo-based": -214.90454406712587, "mixed": -219.13845593297717, "none": -310.61999096554746}, "42": {"type-based": -319.0639134545371, "geo-based": -219.48627816891732, "mixed": -223.2974395598974, "none": -318.19608830617057}, "43": {"type-based": -326.1522336046226, "geo-based": -224.06722696548238, "mixed": -227.45366730789473, "none": -325.7721856467937}, "44": {"type-based": -333.24025046379063, "geo-based": -228.7234485488651, "mixed": -231.68302605653628, "none": -333.3482829874168}, "45": {"type-based": -340.3279783885774, "geo-based": -233.59456485874858, "mixed": -236.12509768931244, "none": -340.9243803280399}, "46": {"type-based": -347.41543073970786, "geo-based": -238.49229065702863, "mixed": -240.5915429042257, "none": -348.500477668663}, "47": {"type-based": -354.5026199721122, "geo-based": -243.37812047349303, "mixed": -245.0436554120483, "none": -356.0765750092861}, "48": {"type-based": -361.58955771499507, "geo-based": -248.10951027056817, "mixed": -249.33854129750796, "none": -363.6526723499092}, "49": {"type-based": -368.6762548432493, "geo-based": -252.6951079628816, "mixed": -253.4840990906849, "none": -371.2287696905323}, "50": {"type-based": -375.76272154131226, "geo-based": -257.7801987678949, "mixed": -258.12452865024295, "none": -378.8048670311554}, "51": {"type-based": -382.84896736040514, "geo-based": -263.0119623298219, "mixed": -262.9084301164109, "none": -386.38096437177853}, "52": {"type-based": -389.93500126996105, "geo-based": -268.48118933841255, "mixed": -267.92683332186016, "none": -393.95706171240164}, "53": {"type-based": -397.0208317039359, "geo-based": -273.9523517395303, "mixed": -272.9446127347015, "none": -401.53315905302475}, "54": {"type-based": -404.10646660260136, "geo-based": -278.95559351653844, "mixed": -277.4920215060906, "none": -409.10925639364785}, "55": {"type-based": -411.1919134503381, "geo-based": -283.7515662019454, "mixed": -281.8285633791166, "none": -416.68535373427096}, "56": {"type-based": -418.277179309881, "geo-based": -288.5872477403575, "mixed": -286.2001763367792, "none": -424.26145107489407}, "57": {"type-based": -425.36227085340744, "geo-based": -293.4627529535385, "mixed": -290.60700122768077, "none": -431.8375484155172}, "58": {"type-based": -432.44719439081274, "geo-based": -298.12672930189024, "mixed": -294.7977543240848, "none": -439.4136457561403}, "59": {"type-based": -439.531955895472, "geo-based": -302.647560000734, "mixed": -298.8394689013387, "none": -446.9897430967634},