{"0": {"type-based": 0, "geo-based": 0, "mixed": 0, "none": 0}, "1": {"type-based": -7.576097340623111, "geo-based": -7.576097340623111, "mixed": -7.576097340623111, "none": -7.576097340623111}, "2": {"type-based": -15.152194681246222, "geo-based": -15.152194681246222, "mixed": -15.152194681246222, "none": -15.152194681246222}, "3": {"type-based": -17.858110338630347, "geo-based": -21.443288856916908, "mixed": -17.307063536379992, "none": -22.728292021869333}, "4": {"type-based": -20.54224014917301, "geo-based": -27.795419984683882, "mixed": -19.62890982721233, "none": -30.304389362492444}, "5": {"type-based": -23.215293645190165, "geo-based": -33.86606549339029, "mixed": -21.585891068218434, "none": -37.88048670311555}, "6": {"type-based": -25.88164108453087, "geo-based": -39.75129517596136, "mixed": -23.287681781290203, "none": -45.45658404373866}, "7": {"type-based": -28.543492328955992, "geo-based": -46.18680544728143, "mixed": -25.388788725667442, "none": -53.032681384361766}, "8": {"type-based": -31.202119398859825, "geo-based": -52.995296184938304, "mixed": -27.935933018053728, "none": -60.60877872498487}, "9": {"type-based": -33.85832139642387, "geo-based": -60.487810809325126, "mixed": -31.265875448970363, "none": -68.18487606560798}, "10": {"type-based": -36.512633092277106, "geo-based": -68.01817017889303, "mixed": -34.74236282554244, "none": -75.76097340623109}, "11": {"type-based": -39.16542993191091, "geo-based": -74.66361140541053, "mixed": -37.33428882660124, "none": -83.3370707468542}, "12": {"type-based": -41.81698560949853, "geo-based": -85.29759535668036, "mixed": -43.914336650738875, "none": -90.9131680874773}, "13": {"type-based": -44.467505790057636, "geo-based": -93.59071695586428, "mixed": -47.562329895369686, "none": -98.48926542810041}}