{"0": {"type-based": 0, "geo-based": 0, "mixed": 0, "none": 0}, "1": {"type-based": -7.576097340623111, "geo-based": -7.576097340623111, "mixed": -7.576097340623111, "none": -7.576097340623111}, "2": {"type-based": -15.152194681246222, "geo-based": -15.152194681246222, "mixed": -15.152194681246222, "none": -15.152194681246222}, "3": {"type-based": -20.950713215484743, "geo-based": -21.288382149722082, "mixed": -19.51548471344939, "none": -22.728292021869333}, "4": {"type-based": -26.74841243442691, "geo-based": -26.889368861307922, "mixed": -23.33135824451917, "none": -30.304389362492444}, "5": {"type-based": -32.54570164138144, "geo-based": -32.60188109082688, "mixed": -27.231489105648542, "none": -37.88048670311555}, "6": {"type-based": -38.34274472761719, "geo-based": -37.988861083998515, "mixed": -30.831743357946827, "none": -45.45658404373866}, "7": {"type-based": -44.13962368603931, "geo-based": -43.65181185601433, "mixed": -34.78061509839372, "none": -53.032681384361766}, "8": {"type-based": -49.93638538711455, "geo-based": -49.12868146025526, "mixed": -38.62215717665004, "none": -60.60877872498487}, "9": {"type-based": -55.733059132491405, "geo-based": -54.49453221294653, "mixed": -42.399418549336524, "none": -68.18487606560798}, "10": {"type-based": -61.52966446036002, "geo-based": -59.76051872629278, "mixed": -46.105420786969816, "none": -75.76097340623109}, "11": {"type-based": -67.32621504948315, "geo-based": -64.96196685174567, "mixed": -49.771367380353844, "none": -83.3370707468542}, "12": {"type-based": -73.12272084922651, "geo-based": -70.19433862713564, "mixed": -53.48438065052467, "none": -90.9131680874773}, "13": {"type-based": -78.91918932233216, "geo-based": -75.1601695859256, "mixed": -56.929843212263705, "none": -98.48926542810041}, "14": {"type-based": -84.71562620982972, "geo-based": -80.02044498546516, "mixed": -60.2958897870807, "none": -106.06536276872352}, "15": {"type-based": -90.51203602283259, "geo-based": -84.82343526873761, "mixed": -63.62993411347257, "none": -113.64146010934662}, "16": {"type-based": -96.30842237043974, "geo-based": -89.57485563869434, "mixed": -66.93671388443109, "none": -121.21755744996973}, "17": {"type-based": -102.10478818519066, "geo-based": -94.40303910505473, "mixed": -70.33769917600117, "none": -128.79365479059285}, "18": {"type-based": -107.90113588222323, "geo-based": -99.26342505441579, "mixed": -73.78138310321074, "none": -136.36975213121596}, "19": {"type-based": -113.69746747422994, "geo-based": -103.88124285638406, "mixed": -76.99721238185334, "none": -143.94584947183907}, "20": {"type-based": -119.49378465616753, "geo-based": -108.67903645821093, "mixed": -80.40482834876144, "none": -151.52194681246218}, "21": {"type-based": -125.29008886879336, "geo-based": -113.44442070124789, "mixed": -83.78964678537295, "none": -159.09804415308528}, "22": {"type-based": -131.08638134707618, "geo-based": -118.16832482557973, "mixed": -87.13974029354502, "none": -166.6741414937084}, "23": {"type-based": -136.8826631576065, "geo-based": -123.12095977334857, "mixed": -90.72260342327077, "none": -174.2502388343315}, "24": {"type-based": -142.67893522787523, "geo-based": -127.78343384077635, "mixed": -94.01172117016738, "none": -181.8263361749546}, "25": {"type-based": -148.47519836945366, "geo-based": -132.25677972126337, "mixed": -97.10392817698677, "none": -189.4024335155777}, "26": {"type-based": -154.27145329653808, "geo-based": -136.5470190865962, "mixed": -100.01854330921161, "none": -196.97853085620082}, "27": {"type-based": -160.0677006409284, "geo-based": -141.50129717847872, "mixed": -103.60400413043293, "none": -204.55462819682393}, "28": {"type-based": -165.86394096423365, "geo-based": -145.9007763068148, "mixed": -106.65078984949528, "none": -212.13072553744703}, "29": {"type-based": -171.66017476789784, "geo-based": -149.96967551102415, "mixed": -109.37214745950301, "none": -219.70682287807014}, "30": {"type-based": -177.45640250149768, "geo-based": -154.515634411437, "mixed": -112.57576260786088, "none": -227.28292021869325}, "31": {"type-based": -183.25262456965737, "geo-based": -159.62471011834697, "mixed": -116.35063859391143, "none": -234.85901755931636}, "32": {"type-based": -189.04884133784833, "geo-based": -164.44243001484097, "mixed": -119.83998793221886, "none": -242.43511489993946}, "33": {"type-based": -194.84505313728275, "geo-based": -169.4050935338158, "mixed": -123.47633802448904, "none": -250.01121224056257}, "34": {"type-based": -200.64126026906578, "geo-based": -174.58268025266844, "mixed": -127.3332720617392, "none": -257.5873095811857}, "35": {"type-based": -206.4374630077372, "geo-based": -179.9328179166946, "mixed": -131.37508188579068, "none": -265.1634069218088}, "36": {"type-based": -212.23366160430703, "geo-based": -184.1199698533873, "mixed": -134.266244488931, "none": -272.7395042624319}, "37": {"type-based": -218.02985628886992, "geo-based": -188.43955279075755, "mixed": -137.2997672257208, "none": -280.31560160305503}, "38": {"type-based": -223.82604727286594, "geo-based": -193.08677442465407, "mixed": -140.67230363854395, "none": -287.89169894367814}, "39": {"type-based": -229.62223475104395, "geo-based": -199.3455600532733, "mixed": -145.66914143334816, "none": -295.46779628430124}, "40": {"type-based": -235.41841890317357, "geo-based": -205.79074882321618, "mixed": -150.8615256974741, "none": -303.04389362492435}, "41": {"type-based": -241.21459989554282, "geo-based": -211.8112732283526, "mixed": -155.63241742216496, "none": -310.61999096554746}, "42": {"type-based": -247.01077788227326, "geo-based": -216.80856215417558, "mixed": -159.38124913568498, "none": -318.19608830617057}, "43": {"type-based": -252.8069530064788, "geo-based": -222.01327480763243, "mixed": -163.33986011403158, "none": -325.7721856467937}}