{"0": {"type-based": 0, "geo-based": 0, "mixed": 0, "none": 0}, "1": {"type-based": -7.576097340623111, "geo-based": -7.576097340623111, "mixed": -7.576097340623111, "none": -7.576097340623111}, "2": {"type-based": -15.152194681246222, "geo-based": -15.152194681246222, "mixed": -15.152194681246222, "none": -15.152194681246222}, "3": {"type-based": -22.473673249789684, "geo-based": -21.596800782969204, "mixed": -21.34516769137122, "none": -22.728292021869333}, "4": {"type-based": -29.679903348827583, "geo-based": -27.74703908513458, "mixed": -27.108584644950522, "none": -30.304389362492444}, "5": {"type-based": -36.844535586040955, "geo-based": -33.74327690118507, "mixed": -32.67365097948105, "none": -37.88048670311555}, "6": {"type-based": -43.987696050032454, "geo-based": -39.58668285217954, "mixed": -38.066075627409255, "none": -45.45658404373866}, "7": {"type-based": -59.63514002180602, "geo-based": -45.20799658980998, "mixed": -51.75155581493838, "none": -53.032681384361766}, "8": {"type-based": -75.29182715945302, "geo-based": -50.68009472419422, "mixed": -65.31299864338271, "none": -60.60877872498487}, "9": {"type-based": -82.47245092032401, "geo-based": -55.90041742151025, "mixed": -70.14192843529247, "none": -68.18487606560798}, "10": {"type-based": -89.63635362238146, "geo-based": -61.15673576676069, "mixed": -74.98088112403721, "none": -75.76097340623109}, "11": {"type-based": -96.78813848368263, "geo-based": -66.34555380256363, "mixed": -79.71985198204273, "none": -83.3370707468542}, "12": {"type-based": -103.93073723115694, "geo-based": -71.57125501035861, "mixed": -84.47083313143985, "none": -90.9131680874773}, "13": {"type-based": -111.06613219354655, "geo-based": -76.8217010920394, "mixed": -89.23112743557625, "none": -98.48926542810041}, "14": {"type-based": -118.1957263835487, "geo-based": -82.09525121521462, "mixed": -94.00296818404044, "none": -106.06536276872352}, "15": {"type-based": -125.32054923400406, "geo-based": -87.15683297456123, "mixed": -98.553738944049, "none": -113.64146010934662}, "16": {"type-based": -132.44137843693915, "geo-based": -92.22211785487421, "mixed": -103.09926520375392, "none": -121.21755744996973}, "17": {"type-based": -142.1228426271983, "geo-based": -97.28832703102935, "mixed": -110.19999402627337, "none": -128.79365479059285}, "18": {"type-based": -149.2605913224818, "geo-based": -102.35910703787782, "mixed": -114.759770843121, "none": -136.36975213121596}, "19": {"type-based": -159.03217031217383, "geo-based": -107.52456233419015, "mixed": -122.04693306351827, "none": -143.94584947183907}, "20": {"type-based": -166.16892020100684, "geo-based": -112.58983339869498, "mixed": -126.61132636631079, "none": -151.52194681246218}, "21": {"type-based": -173.30172114753748, "geo-based": -117.50537286685962, "mixed": -131.0207785583141, "none": -159.09804415308528}, "22": {"type-based": -190.11146039924594, "geo-based": -122.3678070742369, "mixed": -145.0527612697348, "none": -166.6741414937084}, "23": {"type-based": -206.9236503321221, "geo-based": -127.11702817158488, "mixed": -158.97463649972212, "none": -174.2502388343315}, "24": {"type-based": -216.82943050933, "geo-based": -131.8689294722292, "mixed": -165.99295070462534, "none": -181.8263361749546}, "25": {"type-based": -226.05573232229818, "geo-based": -136.76397361957643, "mixed": -172.47524942275354, "none": -189.4024335155777}, "26": {"type-based": -235.29808603928856, "geo-based": -141.65422688597872, "mixed": -178.96807928779964, "none": -196.97853085620082}, "27": {"type-based": -242.47422794776702, "geo-based": -146.53226149169183, "mixed": -183.38135387416335, "none": -204.55462819682393}, "28": {"type-based": -251.37906543896605, "geo-based": -151.16844414674398, "mixed": -189.2812898029877, "none": -212.13072553744703}, "29": {"type-based": -258.56153531814357, "geo-based": -155.83002015234223, "mixed": -193.48410961588704, "none": -219.70682287807014}, "30": {"type-based": -265.7383691183913, "geo-based": -160.56595128143417, "mixed": -197.75716868653706, "none": -227.28292021869325}, "31": {"type-based": -275.1609775657724, "geo-based": -165.2960443218608, "mixed": -204.27129132486854, "none": -234.85901755931636}, "32": {"type-based": -284.18062895565885, "geo-based": -170.25077325604684, "mixed": -210.6200006814386, "none": -242.43511489993946}, "33": {"type-based": -301.2201601213706, "geo-based": -174.90989241755125, "mixed": -224.69209754925856, "none": -250.01121224056257}, "34": {"type-based": -308.407643352633, "geo-based": -179.5247933821206, "mixed": -228.87007509113647, "none": -257.5873095811857}, "35": {"type-based": -315.5898296155928, "geo-based": -184.1080733319981, "mixed": -233.0118416150325, "none": -265.1634069218088}, "36": {"type-based": -324.42522478755257, "geo-based": -188.58138861950604, "mixed": -238.69758467478692, "none": -272.7395042624319}, "37": {"type-based": -331.6122204967602, "geo-based": -192.93689144976258, "mixed": -242.61520651474322, "none": -280.31560160305503}, "38": {"type-based": -338.79442183734636, "geo-based": -197.8901464682958, "mixed": -247.12722264537976, "none": -287.89169894367814}, "39": {"type-based": -345.9722255268676, "geo-based": -202.7751415128956, "mixed": -251.56688246390243, "none": -295.46779628430124}, "40": {"type-based": -353.14598096093397, "geo-based": -207.52544434950218, "mixed": -255.86817617992475, "none": -303.04389362492435}, "41": {"type-based": -360.3159974570423, "geo-based": -211.8019228218465, "mixed": -259.6925679639688, "none": -310.61999096554746}, "42": {"type-based": -367.48255016252165, "geo-based": -215.92122161775512, "mixed": -263.3578750520539, "none": -318.19608830617057}, "43": {"type-based": -374.64588491188834, "geo-based": -220.0311960338486, "mixed": -267.01255715655805, "none": -325.7721856467937}, "44": {"type-based": -381.806222250225, "geo-based": -223.998545011575, "mixed": -270.5227031830164, "none": -333.3482829874168}, "45": {"type-based": -390.9445467710729, "geo-based": -227.93149173637835, "mixed": -275.9779035360987, "none": -340.9243803280399}, "46": {"type-based": -398.110883463207, "geo-based": -231.93683617571128, "mixed": -279.53402379854845, "none": -348.500477668663}, "47": {"type-based": -405.27433104584355, "geo-based": -235.70608280109144, "mixed": -282.8520240515926, "none": -356.0765750092861}}