{"0": {"type-based": 0, "geo-based": 0, "mixed": 0, "none": 0}, "1": {"type-based": -7.576097340623111, "geo-based": -7.576097340623111, "mixed": -7.576097340623111, "none": -7.576097340623111}, "2": {"type-based": -15.152194681246222, "geo-based": -15.152194681246222, "mixed": -15.152194681246222, "none": -15.152194681246222}, "3": {"type-based": -28.55211555006848, "geo-based": -21.535447033301416, "mixed": -27.378227764832815, "none": -22.728292021869333}, "4": {"type-based": -36.07023941996549, "geo-based": -27.659038768901052, "mixed": -33.43947320373114, "none": -30.304389362492444}, "5": {"type-based": -43.39157306558703, "geo-based": -33.467885216726216, "mixed": -38.991320345090124, "none": -37.88048670311555}, "6": {"type-based": -50.63759622611149, "geo-based": -39.12445203280396, "mixed": -44.30562098050828, "none": -45.45658404373866}, "7": {"type-based": -66.13801407010739, "geo-based": -44.58600449054138, "mixed": -57.67875039843816, "none": -53.032681384361766}, "8": {"type-based": -73.39228683175232, "geo-based": -50.217464982283715, "mixed": -62.97113867810357, "none": -60.60877872498487}, "9": {"type-based": -89.13072414677428, "geo-based": -55.62027418199675, "mixed": -76.52865823107899, "none": -68.18487606560798}, "10": {"type-based": -96.36021090437978, "geo-based": -60.65928076872321, "mixed": -81.22849782985823, "none": -75.76097340623109}, "11": {"type-based": -103.5656733651367, "geo-based": -65.79590304788464, "mixed": -85.99221362459463, "none": -83.3370707468542}, "12": {"type-based": -110.75361421912612, "geo-based": -70.87342894677043, "mixed": -90.65864531591582, "none": -90.9131680874773}, "13": {"type-based": -117.92820884687055, "geo-based": -75.9883354441141, "mixed": -95.33214150102901, "none": -98.48926542810041}, "14": {"type-based": -125.09229817804639, "geo-based": -81.14701538115182, "mixed": -100.02935258598978, "none": -106.06536276872352}, "15": {"type-based": -132.2479028683011, "geo-based": -86.16594477163393, "mixed": -104.5714942914429, "none": -113.64146010934662}, "16": {"type-based": -139.39651148970816, "geo-based": -91.26277536038866, "mixed": -109.17379505296458, "none": -121.21755744996973}, "17": {"type-based": -148.33059525711948, "geo-based": -96.28643298805211, "mixed": -115.4846725150929, "none": -128.79365479059285}, "18": {"type-based": -155.49477789756884, "geo-based": -101.32556858784459, "mixed": -120.03860985676529, "none": -136.36975213121596}, "19": {"type-based": -165.21646030340492, "geo-based": -106.48285352790766, "mixed": -127.26680363022363, "none": -143.94584947183907}, "20": {"type-based": -172.3775846377007, "geo-based": -111.40632451911443, "mixed": -131.7137384054371, "none": -151.52194681246218}, "21": {"type-based": -182.17098027491951, "geo-based": -116.26458637555567, "mixed": -138.7264104424433, "none": -159.09804415308528}, "22": {"type-based": -190.88115394250244, "geo-based": -121.17309546098772, "mixed": -144.70617072300186, "none": -166.6741414937084}, "23": {"type-based": -207.61594495720786, "geo-based": -126.17937533866602, "mixed": -158.80802960776094, "none": -174.2502388343315}, "24": {"type-based": -224.35337713390768, "geo-based": -131.00697741119282, "mixed": -172.7351328174978, "none": -181.8263361749546}, "25": {"type-based": -234.18458135308856, "geo-based": -135.85704453706782, "mixed": -179.77893938772516, "none": -189.4024335155777}, "26": {"type-based": -241.3801767700239, "geo-based": -140.79368113440896, "mixed": -184.27398473680893, "none": -196.97853085620082}, "27": {"type-based": -248.56821821360725, "geo-based": -145.47038424819493, "mixed": -188.5018329456548, "none": -204.55462819682393}, "28": {"type-based": -257.8286068999075, "geo-based": -150.09887633492136, "mixed": -194.75592453548134, "none": -212.13072553744703}, "29": {"type-based": -265.0225565663228, "geo-based": -154.75436514994843, "mixed": -198.9702775520559, "none": -219.70682287807014}, "30": {"type-based": -273.65665822962137, "geo-based": -159.74331257695297, "mixed": -204.96039930835445, "none": -227.28292021869325}, "31": {"type-based": -282.9981825196691, "geo-based": -164.50281007041647, "mixed": -211.427922638929, "none": -234.85901755931636}, "32": {"type-based": -290.20262066617477, "geo-based": -169.1601946669135, "mixed": -215.67007579484206, "none": -242.43511489993946}, "33": {"type-based": -297.40033104201865, "geo-based": -173.78686031797318, "mixed": -219.87584537348755, "none": -250.01121224056257}, "34": {"type-based": -306.43752923033765, "geo-based": -178.2936285909373, "mixed": -225.80222434205967, "none": -257.5873095811857}, "35": {"type-based": -313.6396654901405, "geo-based": -183.24450754832608, "mixed": -230.33537499027437, "none": -265.1634069218088}, "36": {"type-based": -320.8358506869621, "geo-based": -188.14233103650938, "mixed": -234.81018408312298, "none": -272.7395042624319}, "37": {"type-based": -328.0266208739312, "geo-based": -192.89386657639386, "mixed": -239.1336307196856, "none": -280.31560160305503}, "38": {"type-based": -335.21244272697714, "geo-based": -197.58449749363479, "mixed": -243.39206052689644, "none": -287.89169894367814}, "39": {"type-based": -342.39372503222285, "geo-based": -201.80906598667676, "mixed": -247.18057099776968, "none": -295.46779628430124}, "40": {"type-based": -349.57082788836846, "geo-based": -205.86997251829715, "mixed": -250.80300319736443, "none": -303.04389362492435}, "41": {"type-based": -356.7440701490306, "geo-based": -209.82178198062772, "mixed": -254.31462950028225, "none": -310.61999096554746}, "42": {"type-based": -363.9137354943871, "geo-based": -213.90059129316148, "mixed": -257.9514513187058, "none": -318.19608830617057}, "43": {"type-based": -371.08007742449865, "geo-based": -218.0784071244591, "mixed": -261.6848336426224, "none": -325.7721856467937}, "44": {"type-based": -379.9659257277637, "geo-based": -221.9852258669562, "mixed": -266.8668371882263, "none": -333.3482829874168}, "45": {"type-based": -387.13823101686796, "geo-based": -225.97395880268365, "mixed": -270.41770291288043, "none": -340.9243803280399}, "46": {"type-based": -394.3073594137995, "geo-based": -229.67469836459668, "mixed": -273.6781312114911, "none": -348.500477668663}}