{"0": {"type-based": 0, "geo-based": 0, "mixed": 0, "none": 0}, "1": {"type-based": -7.576097340623111, "geo-based": -7.576097340623111, "mixed": -7.576097340623111, "none": -7.576097340623111}, "2": {"type-based": -15.152194681246222, "geo-based": -15.152194681246222, "mixed": -15.152194681246222, "none": -15.152194681246222}, "3": {"type-based": -20.950713215484743, "geo-based": -21.407543564379534, "mixed": -19.762162962483245, "none": -22.728292021869333}, "4": {"type-based": -26.74841243442691, "geo-based": -27.331493660659607, "mixed": -24.0860821216175, "none": -30.304389362492444}, "5": {"type-based": -32.54570164138144, "geo-based": -32.99661881967321, "mixed": -28.177994029471776, "none": -37.88048670311555}, "6": {"type-based": -38.34274472761719, "geo-based": -38.44853250642262, "mixed": -32.07184402024536, "none": -45.45658404373866}, "7": {"type-based": -44.13962368603931, "geo-based": -43.84205361583228, "mixed": -35.91655469570834, "none": -53.032681384361766}, "8": {"type-based": -49.93638538711455, "geo-based": -49.03221364565017, "mixed": -39.59127197271618, "none": -60.60877872498487}, "9": {"type-based": -55.733059132491405, "geo-based": -54.23969917152371, "mixed": -43.32257961877093, "none": -68.18487606560798}, "10": {"type-based": -61.52966446036002, "geo-based": -59.29777161761054, "mixed": -46.96002158721077, "none": -75.76097340623109}, "11": {"type-based": -67.32621504948315, "geo-based": -64.20383798290965, "mixed": -50.487886599890636, "none": -83.3370707468542}, "12": {"type-based": -73.12272084922651, "geo-based": -69.05710018046389, "mixed": -53.975791871700835, "none": -90.9131680874773}, "13": {"type-based": -78.91918932233216, "geo-based": -73.78669593543779, "mixed": -57.35310402593542, "none": -98.48926542810041}, "14": {"type-based": -84.71562620982972, "geo-based": -78.49480422885652, "mixed": -60.72663876492148, "none": -106.06536276872352}, "15": {"type-based": -90.51203602283259, "geo-based": -83.36747210787743, "mixed": -64.27611210143498, "none": -113.64146010934662}, "16": {"type-based": -96.30842237043974, "geo-based": -87.82324453423867, "mixed": -67.41764883596142, "none": -121.21755744996973}, "17": {"type-based": -102.10478818519066, "geo-based": -92.61826945987761, "mixed": -70.90528241745817, "none": -128.79365479059285}, "18": {"type-based": -107.90113588222323, "geo-based": -98.03086212136748, "mixed": -75.00061001855036, "none": -136.36975213121596}, "19": {"type-based": -113.69746747422994, "geo-based": -103.09863748076752, "mixed": -78.754458904699, "none": -143.94584947183907}, "20": {"type-based": -119.49378465616753, "geo-based": -107.73227630978553, "mixed": -82.06180684161359, "none": -151.52194681246218}, "21": {"type-based": -125.29008886879336, "geo-based": -112.44721348038811, "mixed": -85.43396278500349, "none": -159.09804415308528}, "22": {"type-based": -131.08638134707618, "geo-based": -117.05470687357946, "mixed": -88.66999739474318, "none": -166.6741414937084}, "23": {"type-based": -136.8826631576065, "geo-based": -121.65685972941465, "mixed": -91.87378251071188, "none": -174.2502388343315}, "24": {"type-based": -142.67893522787523, "geo-based": -126.5091290528688, "mixed": -95.29621985720004, "none": -181.8263361749546}, "25": {"type-based": -148.47519836945366, "geo-based": -131.29680989642304, "mixed": -98.62146097377276, "none": -189.4024335155777}, "26": {"type-based": -154.27145329653808, "geo-based": -135.90917879051958, "mixed": -101.73914969545339, "none": -196.97853085620082}, "27": {"type-based": -160.0677006409284, "geo-based": -140.79774357693614, "mixed": -105.0956424642009, "none": -204.55462819682393}, "28": {"type-based": -165.86394096423365, "geo-based": -145.5566740900364, "mixed": -108.29159666531343, "none": -212.13072553744703}, "29": {"type-based": -171.66017476789784, "geo-based": -150.4184328328451, "mixed": -111.57225897776907, "none": -219.70682287807014}, "30": {"type-based": -177.45640250149768, "geo-based": -155.05890888444162, "mixed": -114.6259812155924, "none": -227.28292021869325}, "31": {"type-based": -183.25262456965737, "geo-based": -159.36250780038515, "mixed": -117.34157164444477, "none": -234.85901755931636}, "32": {"type-based": -189.04884133784833, "geo-based": -163.3816545178189, "mixed": -119.77822689380629, "none": -242.43511489993946}, "33": {"type-based": -194.84505313728275, "geo-based": -168.09439370982625, "mixed": -122.88610916018743, "none": -250.01121224056257}, "34": {"type-based": -200.64126026906578, "geo-based": -172.95807541917256, "mixed": -126.09701343628444, "none": -257.5873095811857}, "35": {"type-based": -206.4374630077372, "geo-based": -177.3047365670961, "mixed": -128.73746441013296, "none": -265.1634069218088}, "36": {"type-based": -212.23366160430703, "geo-based": -182.278857719832, "mixed": -131.934486386063, "none": -272.7395042624319}, "37": {"type-based": -218.02985628886992, "geo-based": -189.478814867704, "mixed": -137.30078021682414, "none": -280.31560160305503}, "38": {"type-based": -223.82604727286594, "geo-based": -196.78353083190433, "mixed": -142.81458280681846, "none": -287.89169894367814}}