{"0": {"type-based": 0, "geo-based": 0, "mixed": 0, "none": 0}, "1": {"type-based": -7.576097340623111, "geo-based": -7.576097340623111, "mixed": -7.576097340623111, "none": -7.576097340623111}, "2": {"type-based": -15.152194681246222, "geo-based": -15.152194681246222, "mixed": -15.152194681246222, "none": -15.152194681246222}, "3": {"type-based": -16.939362582529427, "geo-based": -21.2056608141457, "mixed": -16.556225065241996, "none": -22.728292021869333}, "4": {"type-based": -18.670743845207546, "geo-based": -26.819074753635157, "mixed": -18.01328048571026, "none": -30.304389362492444}, "5": {"type-based": -20.373012211902452, "geo-based": -31.875635230622876, "mixed": -19.10339091773876, "none": -37.88048670311555}, "6": {"type-based": -22.057394721883703, "geo-based": -36.49227705999297, "mixed": -19.99330041370979, "none": -45.45658404373866}, "7": {"type-based": -23.72967207911461, "geo-based": -49.96552131035231, "mixed": -29.88518028789675, "none": -53.032681384361766}, "8": {"type-based": -25.393211793747046, "geo-based": -56.96348784024549, "mixed": -31.307414547515958, "none": -60.60877872498487}}