{"0": {"type-based": 0, "geo-based": 0, "mixed": 0, "none": 0}, "1": {"type-based": -7.576097340623111, "geo-based": -7.576097340623111, "mixed": -7.576097340623111, "none": -7.576097340623111}, "2": {"type-based": -15.152194681246222, "geo-based": -15.152194681246222, "mixed": -15.152194681246222, "none": -15.152194681246222}, "3": {"type-based": -29.829730263450593, "geo-based": -21.56988262755205, "mixed": -28.707131310510714, "none": -22.728292021869333}, "4": {"type-based": -37.01232348709384, "geo-based": -27.70997753822006, "mixed": -34.487554391163115, "none": -30.304389362492444}, "5": {"type-based": -44.16058513599166, "geo-based": -33.613354875910375, "mixed": -40.00211134278433, "none": -37.88048670311555}, "6": {"type-based": -51.29122419748479, "geo-based": -39.37847850073233, "mixed": -45.364854720597435, "none": -45.45658404373866}, "7": {"type-based": -58.411137249619664, "geo-based": -45.04756007647741, "mixed": -50.624457850069994, "none": -53.032681384361766}, "8": {"type-based": -65.52383457240944, "geo-based": -50.681060669685145, "mixed": -55.84403039262737, "none": -60.60877872498487}, "9": {"type-based": -72.63134544075966, "geo-based": -57.04714374803702, "mixed": -61.79379231781378, "none": -68.18487606560798}, "10": {"type-based": -79.73494857584612, "geo-based": -62.84562162343465, "mixed": -67.17845113114757, "none": -75.76097340623109}, "11": {"type-based": -86.83550167331013, "geo-based": -68.5555028023517, "mixed": -72.4758163819356, "none": -83.3370707468542}, "12": {"type-based": -93.93360796371817, "geo-based": -74.04919497930146, "mixed": -77.55774144161137, "none": -90.9131680874773}, "13": {"type-based": -101.0297078178731, "geo-based": -79.50894951982404, "mixed": -82.6049832796022, "none": -98.48926542810041}, "14": {"type-based": -108.12413253312877, "geo-based": -84.52100642520452, "mixed": -87.20259204266164, "none": -106.06536276872352}, "15": {"type-based": -115.21713760825517, "geo-based": -89.45532094735476, "mixed": -91.72370234967713, "none": -113.64146010934662}, "16": {"type-based": -122.30892422833239, "geo-based": -96.67566089278527, "mixed": -98.53163173515365, "none": -121.21755744996973}, "17": {"type-based": -129.3996536409479, "geo-based": -102.94145209194185, "mixed": -104.37094738627604, "none": -128.79365479059285}, "18": {"type-based": -136.4894570710209, "geo-based": -108.05091169572313, "mixed": -109.03997421804215, "none": -136.36975213121596}, "19": {"type-based": -143.5784427385859, "geo-based": -113.17162301008372, "mixed": -113.70918161842829, "none": -143.94584947183907}, "20": {"type-based": -150.66670093925737, "geo-based": -117.71757151061377, "mixed": -117.79354475165296, "none": -151.52194681246218}, "21": {"type-based": -157.75430779557914, "geo-based": -122.59962922010544, "mixed": -122.21098884251238, "none": -159.09804415308528}, "22": {"type-based": -164.8413280757727, "geo-based": -127.27371216817266, "mixed": -126.42197523991354, "none": -166.6741414937084}, "23": {"type-based": -171.9278173449271, "geo-based": -133.37011992216017, "mixed": -132.0544195936342, "none": -174.2502388343315}, "24": {"type-based": -179.01382362976815, "geo-based": -139.2206370402062, "mixed": -137.44791370634886, "none": -181.8263361749546}, "25": {"type-based": -186.0993887232831, "geo-based": -144.761885189462, "mixed": -142.5346719328743, "none": -189.4024335155777}, "26": {"type-based": -193.1845492188173, "geo-based": -150.11133215541693, "mixed": -147.4297873603226, "none": -196.97853085620082}, "27": {"type-based": -200.26933733827894, "geo-based": -155.48440192138213, "mixed": -152.3474329191119, "none": -204.55462819682393}, "28": {"type-based": -207.35378160176109, "geo-based": -160.82797644531652, "mixed": -157.23432403091746, "none": -212.13072553744703}, "29": {"type-based": -214.43790737367488, "geo-based": -166.14741729803126, "mixed": -162.09548123212988, "none": -219.70682287807014}, "30": {"type-based": -221.52173731175026, "geo-based": -171.435949212866, "mixed": -166.92430198648418, "none": -227.28292021869325}, "31": {"type-based": -228.60529173892266, "geo-based": -176.707876127713, "mixed": -171.73537949617676, "none": -234.85901755931636}, "32": {"type-based": -235.68858895347083, "geo-based": -182.08050237922134, "mixed": -176.64468122604558, "none": -242.43511489993946}, "33": {"type-based": -242.77164548931376, "geo-based": -187.38359011397804, "mixed": -181.48118243558227, "none": -250.01121224056257}, "34": {"type-based": -260.22799876707296, "geo-based": -192.63891391341673, "mixed": -196.63996129524514, "none": -257.5873095811857}, "35": {"type-based": -267.31942233577496, "geo-based": -198.76320192052822, "mixed": -202.30131312518898, "none": -265.1634069218088}, "36": {"type-based": -274.41037631066547, "geo-based": -204.74588435796224, "mixed": -207.8240275271323, "none": -272.7395042624319}, "37": {"type-based": -281.5008881125636, "geo-based": -210.47016651242194, "mixed": -213.09057797460122, "none": -280.31560160305503}, "38": {"type-based": -288.59098282862135, "geo-based": -215.9192522953279, "mixed": -218.0831017576527, "none": -287.89169894367814}, "39": {"type-based": -295.68068346983375, "geo-based": -221.33342972910947, "mixed": -223.04081496250032, "none": -295.46779628430124}, "40": {"type-based": -302.7700111939831, "geo-based": -226.7472675087924, "mixed": -227.9978647054336, "none": -303.04389362492435}, "41": {"type-based": -309.85898549943954, "geo-based": -231.88992514062147, "mixed": -232.6831739241138, "none": -310.61999096554746}, "42": {"type-based": -316.94762439427325, "geo-based": -236.98719491266786, "mixed": -237.32075432631663, "none": -318.19608830617057}, "43": {"type-based": -324.03594454435876, "geo-based": -242.06142374601006, "mixed": -241.93313512729384, "none": -325.7721856467937}, "44": {"type-based": -331.1239614035268, "geo-based": -247.13619442878976, "mixed": -246.54424383426118, "none": -333.3482829874168}, "45": {"type-based": -338.2116893283135, "geo-based": -252.21915127059754, "mixed": -251.15971083378253, "none": -340.9243803280399}, "46": {"type-based": -345.299141679444, "geo-based": -257.2530644976368, "mixed": -255.721564189843, "none": -348.500477668663}, "47": {"type-based": -352.38633091184835, "geo-based": -262.2491738927857, "mixed": -260.241284708387, "none": -356.0765750092861}, "48": {"type-based": -359.4732686547312, "geo-based": -267.2169049765078, "mixed": -264.7285718664252, "none": -363.6526723499092}, "49": {"type-based": -366.55996578298544, "geo-based": -272.16421224097263, "mixed": -269.19168362526517, "none": -371.2287696905323}, "50": {"type-based": -373.6464324810484, "geo-based": -277.6349880489549, "mixed": -274.1748400459035, "none": -378.8048670311554}, "51": {"type-based": -380.7326783001413, "geo-based": -282.989529945972, "mixed": -279.04238634790966, "none": -386.38096437177853}, "52": {"type-based": -387.8187122096972, "geo-based": -288.1339385508701, "mixed": -283.7001695909526, "none": -393.95706171240164}, "53": {"type-based": -394.9045426436721, "geo-based": -293.26957442805417, "mixed": -288.34864790710213, "none": -401.53315905302475}, "54": {"type-based": -401.9901775423375, "geo-based": -298.57940800369727, "mixed": -293.1709735471846, "none": -409.10925639364785}, "55": {"type-based": -409.07562439007427, "geo-based": -303.76090610809246, "mixed": -297.86511624293956, "none": -416.68535373427096}, "56": {"type-based": -416.1608902496171, "geo-based": -308.79341495340435, "mixed": -302.41065128199233, "none": -424.26145107489407}, "57": {"type-based": -423.2459817931436, "geo-based": -313.71616146311766, "mixed": -306.84703233777884, "none": -431.8375484155172}, "58": {"type-based": -430.3309053305489, "geo-based": -318.87956620295836, "mixed": -311.52474956262233, "none": -439.4136457561403}, "59": {"type-based": -437.4156668352081, "geo-based": -323.6531642566616, "mixed": -315.8147110052782, "none": -446.9897430967634}, "60": {"type-based": -444.50027196748823,