{"0": {"type-based": 0, "geo-based": 0, "mixed": 0, "none": 0}, "1": {"type-based": -7.576097340623111, "geo-based": -7.576097340623111, "mixed": -7.576097340623111, "none": -7.576097340623111}, "2": {"type-based": -15.152194681246222, "geo-based": -15.152194681246222, "mixed": -15.152194681246222, "none": -15.152194681246222}, "3": {"type-based": -20.950713215484743, "geo-based": -21.211830746513762, "mixed": -19.56613223640597, "none": -22.728292021869333}, "4": {"type-based": -26.74841243442691, "geo-based": -26.79001547364258, "mixed": -23.556630324301196, "none": -30.304389362492444}, "5": {"type-based": -32.54570164138144, "geo-based": -31.91336600171596, "mixed": -27.156043769398007, "none": -37.88048670311555}, "6": {"type-based": -38.34274472761719, "geo-based": -36.68590935022824, "mixed": -30.45815603906562, "none": -45.45658404373866}, "7": {"type-based": -44.13962368603931, "geo-based": -41.33093437324602, "mixed": -33.675140439571344, "none": -53.032681384361766}, "8": {"type-based": -49.93638538711455, "geo-based": -45.73985020689413, "mixed": -36.65994265037981, "none": -60.60877872498487}, "9": {"type-based": -55.733059132491405, "geo-based": -50.3222848548938, "mixed": -39.82310571230467, "none": -68.18487606560798}, "10": {"type-based": -61.52966446036002, "geo-based": -55.24160983054565, "mixed": -43.33632469206757, "none": -75.76097340623109}, "11": {"type-based": -67.32621504948315, "geo-based": -61.17115341267515, "mixed": -47.874170721356265, "none": -83.3370707468542}, "12": {"type-based": -73.12272084922651, "geo-based": -66.07535960490799, "mixed": -51.417439490054136, "none": -90.9131680874773}, "13": {"type-based": -78.91918932233216, "geo-based": -70.81845469629835, "mixed": -54.80898090077327, "none": -98.48926542810041}, "14": {"type-based": -84.71562620982972, "geo-based": -76.03779106325142, "mixed": -58.68061975132356, "none": -106.06536276872352}, "15": {"type-based": -90.51203602283259, "geo-based": -81.16308413440767, "mixed": -62.472003974645155, "none": -113.64146010934662}, "16": {"type-based": -96.30842237043974, "geo-based": -86.15204647410447, "mixed": -66.13036242439274, "none": -121.21755744996973}, "17": {"type-based": -102.10478818519066, "geo-based": -90.92937645590716, "mixed": -69.56807154069571, "none": -128.79365479059285}, "18": {"type-based": -107.90113588222323, "geo-based": -95.56955810382732, "mixed": -72.85645761325128, "none": -136.36975213121596}, "19": {"type-based": -113.69746747422994, "geo-based": -100.21915834819566, "mixed": -76.1500090867218, "none": -143.94584947183907}, "20": {"type-based": -119.49378465616753, "geo-based": -106.26112243306491, "mixed": -80.82337597707091, "none": -151.52194681246218}, "21": {"type-based": -125.29008886879336, "geo-based": -111.2299974718733, "mixed": -84.3825101628928, "none": -159.09804415308528}, "22": {"type-based": -131.08638134707618, "geo-based": -116.42644090100178, "mixed": -88.13988612248754, "none": -166.6741414937084}, "23": {"type-based": -136.8826631576065, "geo-based": -121.17166770192111, "mixed": -91.41674470179385, "none": -174.2502388343315}, "24": {"type-based": -152.72222820010222, "geo-based": -125.3136455290127, "mixed": -104.11407998828943, "none": -181.8263361749546}, "25": {"type-based": -158.66372243278315, "geo-based": -129.37379610350936, "mixed": -106.78758385252637, "none": -189.4024335155777}, "26": {"type-based": -164.59956113843032, "geo-based": -134.49060251641157, "mixed": -110.50688991760052, "none": -196.97853085620082}, "27": {"type-based": -170.5301683397016, "geo-based": -139.3113248716885, "mixed": -113.91861163643603, "none": -204.55462819682393}, "28": {"type-based": -176.45592203151242, "geo-based": -144.65862097348412, "mixed": -117.84305088088398, "none": -212.13072553744703}, "29": {"type-based": -185.67203502051765, "geo-based": -149.96544205949866, "mixed": -124.99953776500901, "none": -219.70682287807014}, "30": {"type-based": -191.7043690555553, "geo-based": -154.36250263686028, "mixed": -128.02923509924932, "none": -227.28292021869325}, "31": {"type-based": -197.72915935141668, "geo-based": -160.10089010862552, "mixed": -132.36535375867862, "none": -234.85901755931636}, "32": {"type-based": -203.74687462049044, "geo-based": -164.80461257187645, "mixed": -135.60456766940422, "none": -242.43511489993946}, "33": {"type-based": -209.75794104614278, "geo-based": -169.56267186620795, "mixed": -138.84042553565152, "none": -250.01121224056257}, "34": {"type-based": -215.7627472946201, "geo-based": -174.20095835117596, "mixed": -141.89006544198077, "none": -257.5873095811857}}