{"0": {"type-based": 0, "geo-based": 0, "mixed": 0, "none": 0}, "1": {"type-based": -7.576097340623111, "geo-based": -7.576097340623111, "mixed": -7.576097340623111, "none": -7.576097340623111}, "2": {"type-based": -15.152194681246222, "geo-based": -15.152194681246222, "mixed": -15.152194681246222, "none": -15.152194681246222}, "3": {"type-based": -22.276438850890578, "geo-based": -21.315252145833426, "mixed": -20.90243921098053, "none": -22.728292021869333}, "4": {"type-based": -36.35504494434005, "geo-based": -27.123148873285608, "mixed": -33.27036467601111, "none": -30.304389362492444}, "5": {"type-based": -43.710932415931495, "geo-based": -32.83590916788788, "mixed": -38.802624398377134, "none": -37.88048670311555}, "6": {"type-based": -50.93662373264995, "geo-based": -38.19126825663557, "mixed": -43.864583542728894, "none": -45.45658404373866}, "7": {"type-based": -66.12152432530335, "geo-based": -43.294543057932714, "mixed": -56.63733306071183, "none": -53.032681384361766}, "8": {"type-based": -74.47800714061296, "geo-based": -48.19868332494056, "mixed": -62.36245470420418, "none": -60.60877872498487}, "9": {"type-based": -81.81090404529102, "geo-based": -52.96127969214166, "mixed": -66.90466333640487, "none": -68.18487606560798}, "10": {"type-based": -89.08547158928482, "geo-based": -57.54757426234997, "mixed": -71.21443806923311, "none": -75.76097340623109}, "11": {"type-based": -96.32333027948111, "geo-based": -61.97149827416082, "mixed": -75.32285225196895, "none": -83.3370707468542}, "12": {"type-based": -103.53594359679617, "geo-based": -66.48042764924435, "mixed": -79.48587666502748, "none": -90.9131680874773}, "13": {"type-based": -110.73012508926504, "geo-based": -70.88547868269036, "mixed": -83.5249716309295, "none": -98.48926542810041}, "14": {"type-based": -119.29617517116495, "geo-based": -75.1950035938644, "mixed": -88.83826016959095, "none": -106.06536276872352}, "15": {"type-based": -127.48776199628577, "geo-based": -79.41035837302553, "mixed": -93.67713770488496, "none": -113.64146010934662}, "16": {"type-based": -134.7286406679565, "geo-based": -83.49227231827517, "mixed": -97.42679746441387, "none": -121.21755744996973}, "17": {"type-based": -142.76326076706593, "geo-based": -87.49799896561716, "mixed": -101.89251977556575, "none": -128.79365479059285}, "18": {"type-based": -152.20972312196346, "geo-based": -91.45549740444018, "mixed": -107.71736374808958, "none": -136.36975213121596}, "19": {"type-based": -160.98430539584922, "geo-based": -95.42104055078971, "mixed": -112.88090924860192, "none": -143.94584947183907}, "20": {"type-based": -168.27554398929453, "geo-based": -99.30405364213763, "mixed": -116.48522457711135, "none": -151.52194681246218}, "21": {"type-based": -175.5472137865587, "geo-based": -103.1379697040136, "mixed": -120.0237937215039, "none": -159.09804415308528}, "22": {"type-based": -182.80258259866397, "geo-based": -106.93114669929737, "mixed": -123.50794530586269, "none": -166.6741414937084}, "23": {"type-based": -190.04416105526002, "geo-based": -110.67470338687514, "mixed": -126.93104070022041, "none": -174.2502388343315}, "24": {"type-based": -198.7400008930842, "geo-based": -114.36382477472802, "mixed": -131.75936707761224, "none": -181.8263361749546}, "25": {"type-based": -206.93986679828862, "geo-based": -118.18863590615072, "mixed": -136.23770376926575, "none": -189.4024335155777}, "26": {"type-based": -214.20225399264277, "geo-based": -121.98808153700536, "mixed": -139.76215274198572, "none": -196.97853085620082}, "27": {"type-based": -222.29961258872825, "geo-based": -125.56307399127233, "mixed": -143.90725913537113, "none": -204.55462819682393}, "28": {"type-based": -229.56631618443797, "geo-based": -129.09728207212953, "mixed": -147.1847116950386, "none": -212.13072553744703}, "29": {"type-based": -236.8213675655312, "geo-based": -132.62180797897125, "mixed": -150.4470662254711, "none": -219.70682287807014}, "30": {"type-based": -244.06611058565477, "geo-based": -136.1884556489987, "mixed": -153.74630121063183, "none": -227.28292021869325}, "31": {"type-based": -251.3016688282968, "geo-based": -139.6915067197809, "mixed": -156.97765754347677, "none": -234.85901755931636}, "32": {"type-based": -258.5289913381491, "geo-based": -143.224091607571, "mixed": -160.23464670520923, "none": -242.43511489993946}, "33": {"type-based": -265.748887050866, "geo-based": -146.6771827532745, "mixed": -163.4088347649838, "none": -250.01121224056257}, "34": {"type-based": -272.9620511197793, "geo-based": -150.11621667740116, "mixed": -166.56658250414554, "none": -257.5873095811857}}