{"0": {"type-based": 0, "geo-based": 0, "mixed": 0, "none": 0}, "1": {"type-based": -7.576097340623111, "geo-based": -7.576097340623111, "mixed": -7.576097340623111, "none": -7.576097340623111}, "2": {"type-based": -15.152194681246222, "geo-based": -15.152194681246222, "mixed": -15.152194681246222, "none": -15.152194681246222}, "3": {"type-based": -20.950713215484743, "geo-based": -21.288382149722082, "mixed": -19.51548471344939, "none": -22.728292021869333}, "4": {"type-based": -26.74841243442691, "geo-based": -26.889368861307922, "mixed": -23.33135824451917, "none": -30.304389362492444}, "5": {"type-based": -32.54570164138144, "geo-based": -32.60188109082688, "mixed": -27.231489105648542, "none": -37.88048670311555}, "6": {"type-based": -38.34274472761719, "geo-based": -37.988861083998515, "mixed": -30.831743357946827, "none": -45.45658404373866}, "7": {"type-based": -44.13962368603931, "geo-based": -43.27993416528312, "mixed": -34.40873740766252, "none": -53.032681384361766}, "8": {"type-based": -49.93638538711455, "geo-based": -48.05580121295587, "mixed": -37.572525639670566, "none": -60.60877872498487}, "9": {"type-based": -55.733059132491405, "geo-based": -52.57811973658029, "mixed": -40.55183291924177, "none": -68.18487606560798}, "10": {"type-based": -61.52966446036002, "geo-based": -56.95044387580484, "mixed": -43.45777698750952, "none": -75.76097340623109}, "11": {"type-based": -67.32621504948315, "geo-based": -61.384699602924144, "mixed": -46.47449337246792, "none": -83.3370707468542}, "12": {"type-based": -73.12272084922651, "geo-based": -67.49871674892648, "mixed": -51.19290296442148, "none": -90.9131680874773}, "13": {"type-based": -78.91918932233216, "geo-based": -73.15730354120262, "mixed": -55.42472184260933, "none": -98.48926542810041}, "14": {"type-based": -84.71562620982972, "geo-based": -78.1655623187273, "mixed": -58.99401917424513, "none": -106.06536276872352}, "15": {"type-based": -90.51203602283259, "geo-based": -83.30233420647853, "mixed": -62.702803955018695, "none": -113.64146010934662}, "16": {"type-based": -96.30842237043974, "geo-based": -88.22208867338226, "mixed": -66.20493344300296, "none": -121.21755744996973}, "17": {"type-based": -102.10478818519066, "geo-based": -93.08704893082422, "mixed": -69.66387803454347, "none": -128.79365479059285}, "18": {"type-based": -107.90113588222323, "geo-based": -97.98370271247063, "mixed": -73.16425890275465, "none": -136.36975213121596}, "19": {"type-based": -113.69746747422994, "geo-based": -102.67771763248798, "mixed": -76.46203307278927, "none": -143.94584947183907}, "20": {"type-based": -119.49378465616753, "geo-based": -107.322854513402, "mixed": -79.7310838854427, "none": -151.52194681246218}, "21": {"type-based": -125.29008886879336, "geo-based": -112.05019019966167, "mixed": -83.09997167503539, "none": -159.09804415308528}, "22": {"type-based": -131.08638134707618, "geo-based": -117.0324492697554, "mixed": -86.72993128809777, "none": -166.6741414937084}, "23": {"type-based": -136.8826631576065, "geo-based": -121.90842453676387, "mixed": -90.25726327943998, "none": -174.2502388343315}, "24": {"type-based": -142.67893522787523, "geo-based": -126.67231125789095, "mixed": -93.67956481289062, "none": -181.8263361749546}, "25": {"type-based": -148.47519836945366, "geo-based": -131.3979200845096, "mixed": -97.06960824765974, "none": -189.4024335155777}, "26": {"type-based": -154.27145329653808, "geo-based": -135.8497761345295, "mixed": -100.18805420443604, "none": -196.97853085620082}, "27": {"type-based": -160.0677006409284, "geo-based": -140.29451098884522, "mixed": -103.3025538523775, "none": -204.55462819682393}, "28": {"type-based": -165.86394096423365, "geo-based": -144.69278303308843, "mixed": -106.3740096286768, "none": -212.13072553744703}, "29": {"type-based": -171.66017476789784, "geo-based": -149.16911532494512, "mixed": -109.52987055868769, "none": -219.70682287807014}, "30": {"type-based": -177.45640250149768, "geo-based": -153.69702292014273, "mixed": -112.74805309057842, "none": -227.28292021869325}, "31": {"type-based": -183.25262456965737, "geo-based": -158.51301422553564, "mixed": -116.2671906285684, "none": -234.85901755931636}, "32": {"type-based": -189.04884133784833, "geo-based": -162.659244949778, "mixed": -119.13280597696986, "none": -242.43511489993946}, "33": {"type-based": -194.84505313728275, "geo-based": -166.8665340373904, "mixed": -122.06785850745729, "none": -250.01121224056257}, "34": {"type-based": -200.64126026906578, "geo-based": -170.88091696215412, "mixed": -124.81449993528099, "none": -257.5873095811857}, "35": {"type-based": -206.4374630077372, "geo-based": -175.354020493629, "mixed": -128.0227029726948, "none": -265.1634069218088}, "36": {"type-based": -212.23366160430703, "geo-based": -179.71667761367542, "mixed": -131.09757216512048, "none": -272.7395042624319}, "37": {"type-based": -218.02985628886992, "geo-based": -183.99691016934426, "mixed": -134.06531983559194, "none": -280.31560160305503}, "38": {"type-based": -223.82604727286594, "geo-based": -194.05371042260552, "mixed": -142.78405635266705, "none": -287.89169894367814}, "39": {"type-based": -229.62223475104395, "geo-based": -198.0666714748239, "mixed": -145.4635173011708, "none": -295.46779628430124}, "40": {"type-based": -235.41841890317357, "geo-based": -202.049666969262, "mixed": -148.10615228503545, "none": -303.04389362492435}}