{"0": {"type-based": 0, "geo-based": 0, "mixed": 0, "none": 0}, "1": {"type-based": -7.576097340623111, "geo-based": -7.576097340623111, "mixed": -7.576097340623111, "none": -7.576097340623111}, "2": {"type-based": -15.152194681246222, "geo-based": -15.152194681246222, "mixed": -15.152194681246222, "none": -15.152194681246222}, "3": {"type-based": -22.473673249789684, "geo-based": -21.576484669742914, "mixed": -21.324851578144933, "none": -22.728292021869333}, "4": {"type-based": -37.28130568341132, "geo-based": -27.666740906469727, "mixed": -34.639593327183704, "none": -30.304389362492444}, "5": {"type-based": -44.50881356339465, "geo-based": -33.64423208737598, "mixed": -40.27885692045801, "none": -37.88048670311555}, "6": {"type-based": -51.688283813193685, "geo-based": -39.45980941052069, "mixed": -45.703284010223165, "none": -45.45658404373866}, "7": {"type-based": -67.13713453514893, "geo-based": -45.05506958605136, "mixed": -59.16783952652901, "none": -53.032681384361766}, "8": {"type-based": -74.34232503194121, "geo-based": -50.42956252347415, "mixed": -64.1661723768303, "none": -60.60877872498487}, "9": {"type-based": -81.5229487928122, "geo-based": -55.75685442618979, "mixed": -69.08387317152572, "none": -68.18487606560798}, "10": {"type-based": -88.68685149486966, "geo-based": -61.037562298444726, "mixed": -73.91944779524643, "none": -75.76097340623109}, "11": {"type-based": -95.83863635617082, "geo-based": -66.40732717520021, "mixed": -78.81798520270682, "none": -83.3370707468542}, "12": {"type-based": -102.98123510364513, "geo-based": -71.80717565347861, "mixed": -83.73053261695755, "none": -90.9131680874773}, "13": {"type-based": -112.3129662479766, "geo-based": -80.04017932484926, "mixed": -93.66075832624955, "none": -98.48926542810041}, "14": {"type-based": -119.47705557915245, "geo-based": -86.60425201572562, "mixed": -99.77634577152857, "none": -106.06536276872352}, "15": {"type-based": -126.63266026940717, "geo-based": -91.93520032986298, "mixed": -104.66579903084562, "none": -113.64146010934662}, "16": {"type-based": -133.78126889081423, "geo-based": -97.23887138267125, "mixed": -109.52278597721622, "none": -121.21755744996973}, "17": {"type-based": -140.92400973417784, "geo-based": -102.48912081161069, "mixed": -114.32685245715061, "none": -128.79365479059285}, "18": {"type-based": -150.6257852067083, "geo-based": -107.48585133618832, "mixed": -121.44607355363738, "none": -136.36975213121596}, "19": {"type-based": -159.63845144961016, "geo-based": -112.35627534878164, "mixed": -127.7608157367631, "none": -143.94584947183907}, "20": {"type-based": -169.34729109780199, "geo-based": -117.0856953294211, "mixed": -134.63991773484116, "none": -151.52194681246218}, "21": {"type-based": -176.50811687919935, "geo-based": -121.6399071186036, "mixed": -138.79533516348152, "none": -159.09804415308528}, "22": {"type-based": -183.66310440588575, "geo-based": -126.16269660403279, "mixed": -142.90977629462162, "none": -166.6741414937084}, "23": {"type-based": -190.81300434085628, "geo-based": -130.90457153812486, "mixed": -147.23482560249747, "none": -174.2502388343315}, "24": {"type-based": -197.9584312608989, "geo-based": -135.60072342857984, "mixed": -151.49898995478452, "none": -181.8263361749546}, "25": {"type-based": -205.09989468759454, "geo-based": -140.17330255478578, "mixed": -155.62517961171133, "none": -189.4024335155777}, "26": {"type-based": -212.23782174786493, "geo-based": -144.72206612258373, "mixed": -159.7169782942076, "none": -196.97853085620082}, "27": {"type-based": -219.37257403558033, "geo-based": -149.49595481551864, "mixed": -164.0246446221592, "none": -204.55462819682393}, "28": {"type-based": -226.50446036873566, "geo-based": -154.04996893579255, "mixed": -168.09894499539197, "none": -212.13072553744703}, "29": {"type-based": -235.98466958575858, "geo-based": -158.6092435384788, "mixed": -174.52066506898524, "none": -219.70682287807014}, "30": {"type-based": -243.12643063080705, "geo-based": -163.13873558617198, "mixed": -178.5687733493176, "none": -227.28292021869325}, "31": {"type-based": -252.25742882442347, "geo-based": -167.65637199928466, "mixed": -184.58901694252756, "none": -234.85901755931636}, "32": {"type-based": -259.39837477216895, "geo-based": -172.20672137070542, "mixed": -188.6534021872213, "none": -242.43511489993946}, "33": {"type-based": -268.57316741872575, "geo-based": -176.79797418044106, "mixed": -194.78752343903187, "none": -250.01121224056257}, "34": {"type-based": -278.1645542708381, "geo-based": -181.39063152833978, "mixed": -201.33617202762096, "none": -257.5873095811857}, "35": {"type-based": -285.323090801192, "geo-based": -186.0938322101922, "mixed": -205.5605503330003, "none": -265.1634069218088}, "36": {"type-based": -302.56416450325116, "geo-based": -190.6306325085235, "mixed": -219.69813302773048, "none": -272.7395042624319}, "37": {"type-based": -319.80683095306836, "geo-based": -195.1216227787695, "mixed": -233.79056448110472, "none": -280.31560160305503}, "38": {"type-based": -329.04432191513627, "geo-based": -199.60211135079015, "mixed": -239.8660589089055, "none": -287.89169894367814}, "39": {"type-based": -338.00280341457983, "geo-based": -204.2665405292404, "mixed": -245.84643702155438, "none": -295.46779628430124}, "40": {"type-based": -345.1782499003027, "geo-based": -208.76851290923236, "mixed": -249.88182814687357, "none": -303.04389362492435}, "41": {"type-based": -354.1822674342274, "geo-based": -213.22155035558183, "mixed": -255.69684551692094, "none": -310.61999096554746}, "42": {"type-based": -363.18806520457167, "geo-based": -217.68859778173496, "mixed": -261.5357844553196, "none": -318.19608830617057}, "43": {"type-based": -380.4982012813434, "geo-based": -222.0582472683198, "mixed": -275.58197467470313, "none": -325.7721856467937}, "44": {"type-based": -387.6818180441223, "geo-based": -226.42519544900134, "mixed": -279.5014696170469, "none": -333.3482829874168}, "45": {"type-based": -394.8614964455328, "geo-based": -230.77076964865682, "mixed": -283.3967961417117, "none": -340.9243803280399}, "46": {"type-based": -403.7237503332792, "geo-based": -235.0669217780776, "mixed": -288.92666956159036, "none": -348.500477668663}, "47": {"type-based": -410.90727347650903, "geo-based": -239.30207342527132, "mixed": -292.7179169765207, "none": -356.0765750092861}, "48": {"type-based": -418.08714308766724, "geo-based": -243.78817627542904, "mixed": -296.75857254878485, "none": -363.6526723499092}, "49": {"type-based": -425.26359908458505, "geo-based": -248.24877991205776, "mixed": -300.7713543553573, "none": -371.2287696905323}, "50": {"type-based": -432.43685848612654, "geo-based": -252.63630098489236, "mixed": -304.70897352598433, "none": -378.8048670311554}, "51": {"type-based": -439.6071182385483, "geo-based": -256.71564189363863, "mixed": -308.3367856549055, "none": -386.38096437177853}, "52": {"type-based": -446.7745576185556, "geo-based": -260.68754979506303, "mixed": -311.8566676682397, "none": -393.95706171240164}, "53": {"type-based": -453.9393402869681, "geo-based": -264.57771403653544, "mixed": -315.29486506387343, "none": -401.53315905302475}, "54": {"type-based": -461.10161605226875, "geo-based": -268.5119082153463, "mixed": -318.77721698435283, "none": -409.10925639364785}, "55": {"type-based": -470.2072611319658, "geo-based": -272.3489876634285, "mixed": -324.1077556985291, "none": -416.68535373427096}, "56": {"type-based": -477.37444570909287, "geo-based": -276.31023421363204, "mixed": -327.6258855864931, "none": -424.26145107489407}, "57": {"type-based": -484.53920170538686, "geo-based": -280.1451054229471, "mixed": -331.0171082239206, "none": -431.8375484155172}}