{"0": {"type-based": 0, "geo-based": 0, "mixed": 0, "none": 0}, "1": {"type-based": -7.576097340623111, "geo-based": -7.576097340623111, "mixed": -7.576097340623111, "none": -7.576097340623111}, "2": {"type-based": -15.152194681246222, "geo-based": -15.152194681246222, "mixed": -15.152194681246222, "none": -15.152194681246222}, "3": {"type-based": -22.228327928866857, "geo-based": -21.838807582662774, "mixed": -21.36088772221619, "none": -22.728292021869333}, "4": {"type-based": -29.304353096326626, "geo-based": -27.90890607694879, "mixed": -26.97185082127879, "none": -30.304389362492444}, "5": {"type-based": -36.380324205817054, "geo-based": -33.62012460638976, "mixed": -32.22820190296008, "none": -37.88048670311555}, "6": {"type-based": -43.45626287479911, "geo-based": -39.06015002633515, "mixed": -37.224489030486446, "none": -45.45658404373866}, "7": {"type-based": -50.532179914388855, "geo-based": -44.19788788912581, "mixed": -41.9225844707032, "none": -53.032681384361766}, "8": {"type-based": -57.60808150324353, "geo-based": -49.404379517100054, "mixed": -46.68996420254054, "none": -60.60877872498487}, "9": {"type-based": -64.68397150340746, "geo-based": -55.40564434591563, "mixed": -52.24391297720214, "none": -68.18487606560798}, "10": {"type-based": -71.75985248976629, "geo-based": -61.24903152500767, "mixed": -57.61727864105053, "none": -75.76097340623109}, "11": {"type-based": -78.83572626484226, "geo-based": -66.95675375482568, "mixed": -62.8489622711758, "none": -83.3370707468542}, "12": {"type-based": -85.91159413961988, "geo-based": -72.46120225769552, "mixed": -67.88023215835072, "none": -90.9131680874773}, "13": {"type-based": -92.98745709737364, "geo-based": -77.65212938258531, "mixed": -72.60539836517398, "none": -98.48926542810041}, "14": {"type-based": -100.06331589449168, "geo-based": -82.7314831711538, "mixed": -77.22668493153475, "none": -106.06536276872352}, "15": {"type-based": -107.13917112529433, "geo-based": -87.6877000183853, "mixed": -81.73393965836408, "none": -113.64146010934662}, "16": {"type-based": -114.21502326524828, "geo-based": -92.52504106851404, "mixed": -86.13101870794128, "none": -121.21755744996973}, "17": {"type-based": -121.29087270067765, "geo-based": -97.2053695842692, "mixed": -90.37802363106267, "none": -128.79365479059285}, "18": {"type-based": -128.36671974973703, "geo-based": -101.84245636242065, "mixed": -94.58266869947603, "none": -136.36975213121596}, "19": {"type-based": -135.44256467755915, "geo-based": -107.45587169782627, "mixed": -99.76124110441876, "none": -143.94584947183907}, "20": {"type-based": -142.51840770741654, "geo-based": -112.67724672258728, "mixed": -104.54464154676006, "none": -151.52194681246218}, "21": {"type-based": -149.5942490290931, "geo-based": -117.69378809566078, "mixed": -109.11833485738016, "none": -159.09804415308528}, "22": {"type-based": -156.67008880526248, "geo-based": -122.60709196961425, "mixed": -113.58435648475395, "none": -166.6741414937084}, "23": {"type-based": -163.74592717641687, "geo-based": -127.49392486544339, "mixed": -118.02035667233243, "none": -174.2502388343315}, "24": {"type-based": -170.82176426472444, "geo-based": -132.3492520592746, "mixed": -122.42338213667354, "none": -181.8263361749546}, "25": {"type-based": -177.8976001770832, "geo-based": -137.22409315015085, "mixed": -126.84338130466942, "none": -189.4024335155777}, "26": {"type-based": -184.97343500756406, "geo-based": -142.13732160830912, "mixed": -131.29936110360808, "none": -196.97853085620082}, "27": {"type-based": -192.04926883938415, "geo-based": -147.08762988879954, "mixed": -135.78991907524758, "none": -204.55462819682393}, "28": {"type-based": -199.12510174651476, "geo-based": -152.07547358801892, "mixed": -140.31507587739168, "none": -212.13072553744703}, "29": {"type-based": -206.20093379500196, "geo-based": -157.14852375793058, "mixed": -144.92184459984253, "none": -219.70682287807014}, "30": {"type-based": -213.27676504405986, "geo-based": -162.37472306276595, "mixed": -149.67794925224928, "none": -227.28292021869325}, "31": {"type-based": -220.3525955469814, "geo-based": -167.59932866999696, "mixed": -154.42904494273236, "none": -234.85901755931636}, "32": {"type-based": -227.42842535190232, "geo-based": -176.279370290911, "mixed": -162.63170540910863, "none": -242.43511489993946}, "33": {"type-based": -234.5042545024459, "geo-based": -183.64325213318216, "mixed": -169.5227005307574, "none": -250.01121224056257}, "34": {"type-based": -241.5800830382697, "geo-based": -190.22896129339608, "mixed": -175.64005214453198, "none": -257.5873095811857}, "35": {"type-based": -248.65591099553237, "geo-based": -196.40770770698458, "mixed": -181.35450936317315, "none": -265.1634069218088}, "36": {"type-based": -255.73173840729328, "geo-based": -201.7133895007718, "mixed": -186.19968353572108, "none": -272.7395042624319}, "37": {"type-based": -262.80756530385696, "geo-based": -207.0786142761582, "mixed": -191.10452557038363, "none": -280.31560160305503}, "38": {"type-based": -269.8833917130709, "geo-based": -212.5183110001219, "mixed": -196.08478043657422, "none": -287.89169894367814}, "39": {"type-based": -276.9592176605843, "geo-based": -217.57755310892946, "mixed": -200.68542007750057, "none": -295.46779628430124}, "40": {"type-based": -284.03504317007315, "geo-based": -222.53054670259723, "mixed": -205.17907369249323, "none": -303.04389362492435}, "41": {"type-based": -291.110868263438, "geo-based": -227.42734378732848, "mixed": -209.6151714971237, "none": -310.61999096554746}, "42": {"type-based": -298.186692960977, "geo-based": -232.208677180493, "mixed": -213.9339781994214, "none": -318.19608830617057}, "43": {"type-based": -305.2625172815383, "geo-based": -236.95899992946528, "mixed": -218.2186825452048, "none": -325.7721856467937}, "44": {"type-based": -323.00731989287453, "geo-based": -241.71074956108782, "mixed": -233.17037641932095, "none": -333.3482829874168}, "45": {"type-based": -333.84981424653733, "geo-based": -246.4640659259054, "mixed": -241.21791655067605, "none": -340.9243803280399}, "46": {"type-based": -340.9384899593417, "geo-based": -251.20239732468931, "mixed": -245.4935250518346, "none": -348.500477668663}, "47": {"type-based": -348.02687508142265, "geo-based": -256.1380643407997, "mixed": -249.96336182379872, "none": -356.0765750092861}, "48": {"type-based": -355.11498244871706, "geo-based": -260.95143587475786, "mixed": -254.30989861455603, "none": -363.6526723499092}, "49": {"type-based": -362.20282406504873, "geo-based": -265.7478279088798, "mixed": -258.6377147911788, "none": -371.2287696905323}, "50": {"type-based": -369.29041117253183, "geo-based": -270.5333294665826, "mixed": -262.9532296557823, "none": -378.8048670311554}, "51": {"type-based": -376.3777543146831, "geo-based": -275.25385734546103, "mixed": -267.20267275683443, "none": -386.38096437177853}, "52": {"type-based": -383.46486339313, "geo-based": -279.8695967299087, "mixed": -271.34605988518643, "none": -393.95706171240164}, "53": {"type-based": -390.5517477186791, "geo-based": -284.4998925731153, "mixed": -275.501780788963, "none": -401.53315905302475}, "54": {"type-based": -397.638416057405, "geo-based": -289.42839037671774, "mixed": -279.95363903288654, "none": -409.10925639364785}, "55": {"type-based": -404.72487667233065, "geo-based": -294.2233993239895, "mixed": -284.2702462516263, "none": -416.68535373427096}, "56": {"type-based": -411.81113736119636, "geo-based": -298.92742797452183, "mixed": -288.4949021437923, "none": -424.26145107489407}, "57": {"type-based": -418.89720549074923, "geo-based": -303.5000586610057, "mixed": -292.587690976279, "none": -431.8375484155172}, "58": {"type-based": -425.98308802793105, "geo-based": -308.0278499371606, "mixed": -296.63569260896287, "none": -439.4136457561403}, "59": {"type-based": -433.0687915682952, "geo-based": -312.962096403586, "mixed": -301.0906475029002, "none": -446.9897430967634}, "60": {"type-based": -440.154322361943,