{"0": {"type-based": 0, "geo-based": 0, "mixed": 0, "none": 0}, "1": {"type-based": -7.576097340623111, "geo-based": -7.576097340623111, "mixed": -7.576097340623111, "none": -7.576097340623111}, "2": {"type-based": -15.152194681246222, "geo-based": -15.152194681246222, "mixed": -15.152194681246222, "none": -15.152194681246222}, "3": {"type-based": -20.950713215484743, "geo-based": -21.252613287635825, "mixed": -19.609310917492646, "none": -22.728292021869333}, "4": {"type-based": -26.74841243442691, "geo-based": -27.031333281355906, "mixed": -23.796121972637245, "none": -30.304389362492444}, "5": {"type-based": -32.54570164138144, "geo-based": -32.57165162379594, "mixed": -27.796711519125555, "none": -37.88048670311555}, "6": {"type-based": -38.34274472761719, "geo-based": -38.09023620644979, "mixed": -31.812007938289824, "none": -45.45658404373866}, "7": {"type-based": -44.13962368603931, "geo-based": -43.36153257955111, "mixed": -35.58530168782807, "none": -53.032681384361766}, "8": {"type-based": -49.93638538711455, "geo-based": -48.73437891687135, "mixed": -39.458996651714855, "none": -60.60877872498487}, "9": {"type-based": -55.733059132491405, "geo-based": -53.62305970774542, "mixed": -42.89758622525575, "none": -68.18487606560798}, "10": {"type-based": -61.52966446036002, "geo-based": -58.269434183988, "mixed": -46.1293148689377, "none": -75.76097340623109}, "11": {"type-based": -67.32621504948315, "geo-based": -62.84985608449874, "mixed": -49.32577819773739, "none": -83.3370707468542}, "12": {"type-based": -73.12272084922651, "geo-based": -67.38750942933406, "mixed": -52.51297551696338, "none": -90.9131680874773}, "13": {"type-based": -78.91918932233216, "geo-based": -71.91603818664046, "mixed": -55.70300149008741, "none": -98.48926542810041}, "14": {"type-based": -84.71562620982972, "geo-based": -76.81820303844484, "mixed": -59.27091248097537, "none": -106.06536276872352}, "15": {"type-based": -90.51203602283259, "geo-based": -81.5124233167406, "mixed": -62.60883835623318, "none": -113.64146010934662}, "16": {"type-based": -96.30842237043974, "geo-based": -86.06066253425652, "mixed": -65.77891263999211, "none": -121.21755744996973}, "17": {"type-based": -102.10478818519066, "geo-based": -90.49834720116641, "mixed": -68.81739094184292, "none": -128.79365479059285}, "18": {"type-based": -107.90113588222323, "geo-based": -94.86326906783265, "mixed": -71.76309512520366, "none": -136.36975213121596}, "19": {"type-based": -113.69746747422994, "geo-based": -102.25377644625783, "mixed": -77.7130038043468, "none": -143.94584947183907}, "20": {"type-based": -119.49378465616753, "geo-based": -107.64155509259413, "mixed": -81.74620216166325, "none": -151.52194681246218}, "21": {"type-based": -125.29008886879336, "geo-based": -112.35853600518169, "mixed": -85.14731314186503, "none": -159.09804415308528}, "22": {"type-based": -131.08638134707618, "geo-based": -116.83737959224892, "mixed": -88.33291382732996, "none": -166.6741414937084}, "23": {"type-based": -136.8826631576065, "geo-based": -121.39043189673006, "mixed": -91.60619628211657, "none": -174.2502388343315}, "24": {"type-based": -142.67893522787523, "geo-based": -125.79867482030217, "mixed": -94.74207782387076, "none": -181.8263361749546}, "25": {"type-based": -148.47519836945366, "geo-based": -130.35012465946022, "mixed": -98.02604766949938, "none": -189.4024335155777}, "26": {"type-based": -154.27145329653808, "geo-based": -134.85651366028, "mixed": -101.26580292450672, "none": -196.97853085620082}, "27": {"type-based": -160.0677006409284, "geo-based": -139.5135400635866, "mixed": -104.65710894225344, "none": -204.55462819682393}, "28": {"type-based": -165.86394096423365, "geo-based": -144.39233620210177, "mixed": -108.26904817654655, "none": -212.13072553744703}, "29": {"type-based": -171.66017476789784, "geo-based": -149.19313977849072, "mixed": -111.79903460431744, "none": -219.70682287807014}, "30": {"type-based": -177.45640250149768, "geo-based": -153.81492408119257, "mixed": -115.14441245418192, "none": -227.28292021869325}, "31": {"type-based": -183.25262456965737, "geo-based": -158.57978846049264, "mixed": -118.6300113117224, "none": -234.85901755931636}, "32": {"type-based": -189.04884133784833, "geo-based": -165.55739783547773, "mixed": -124.31979008373217, "none": -242.43511489993946}, "33": {"type-based": -194.84505313728275, "geo-based": -171.18022408742033, "mixed": -128.6248342219698, "none": -250.01121224056257}, "34": {"type-based": -200.64126026906578, "geo-based": -176.35194342673321, "mixed": -132.45417465062673, "none": -257.5873095811857}, "35": {"type-based": -206.4374630077372, "geo-based": -182.05830671787723, "mixed": -136.79391896777346, "none": -265.1634069218088}, "36": {"type-based": -212.23366160430703, "geo-based": -187.34354186076408, "mixed": -140.68762143099335, "none": -272.7395042624319}, "37": {"type-based": -218.02985628886992, "geo-based": -191.79463248397406, "mixed": -143.72695383893617, "none": -280.31560160305503}, "38": {"type-based": -223.82604727286594, "geo-based": -196.33834373746498, "mixed": -146.84062065512455, "none": -287.89169894367814}, "39": {"type-based": -229.62223475104395, "geo-based": -200.92168619035385, "mixed": -149.98077661166172, "none": -295.46779628430124}, "40": {"type-based": -235.41841890317357, "geo-based": -205.44901888520437, "mixed": -153.05591703473414, "none": -303.04389362492435}, "41": {"type-based": -241.21459989554282, "geo-based": -210.27164154303122, "mixed": -156.41817000256563, "none": -310.61999096554746}, "42": {"type-based": -247.01077788227326, "geo-based": -214.9633057122666, "mixed": -159.64146596088185, "none": -318.19608830617057}, "43": {"type-based": -252.8069530064788, "geo-based": -219.9225213769044, "mixed": -163.10536656386347, "none": -325.7721856467937}, "44": {"type-based": -258.6031254012894, "geo-based": -224.7946207802931, "mixed": -166.4648673332032, "none": -333.3482829874168}, "45": {"type-based": -264.39929519075866, "geo-based": -229.86043268296845, "mixed": -170.00250879753727, "none": -340.9243803280399}, "46": {"type-based": -270.19546249067065, "geo-based": -235.40471285652367, "mixed": -173.97287419355257, "none": -348.500477668663}, "47": {"type-based": -275.9916274092588, "geo-based": -241.21779326389316, "mixed": -178.1606857087387, "none": -356.0765750092861}, "48": {"type-based": -281.7877900478486, "geo-based": -246.41296349775604, "mixed": -181.67747648008628, "none": -363.6526723499092}}