{"0": {"type-based": 0, "geo-based": 0, "mixed": 0, "none": 0}, "1": {"type-based": -7.576097340623111, "geo-based": -7.576097340623111, "mixed": -7.576097340623111, "none": -7.576097340623111}, "2": {"type-based": -15.152194681246222, "geo-based": -15.152194681246222, "mixed": -15.152194681246222, "none": -15.152194681246222}, "3": {"type-based": -28.45178499320052, "geo-based": -21.38205540040775, "mixed": -27.0150279004934, "none": -22.728292021869333}, "4": {"type-based": -35.93512660768477, "geo-based": -27.33792498853663, "mixed": -32.87805368676743, "none": -30.304389362492444}, "5": {"type-based": -43.92806811749523, "geo-based": -33.18850005326632, "mixed": -39.16637785643828, "none": -37.88048670311555}, "6": {"type-based": -51.31433365756, "geo-based": -38.677521960707594, "mixed": -44.491175377532855, "none": -45.45658404373866}, "7": {"type-based": -58.77976123649944, "geo-based": -43.95450240840175, "mixed": -49.684452786866004, "none": -53.032681384361766}, "8": {"type-based": -66.1314311425687, "geo-based": -49.10260725122708, "mixed": -54.64259325701518, "none": -60.60877872498487}, "9": {"type-based": -74.80649879832905, "geo-based": -54.1124351773777, "mixed": -60.784404729231504, "none": -68.18487606560798}, "10": {"type-based": -82.84353419238123, "geo-based": -58.897382128738464, "mixed": -66.04208541044204, "none": -75.76097340623109}, "11": {"type-based": -98.53375822376941, "geo-based": -63.78127490031802, "mixed": -79.03401377977943, "none": -83.3370707468542}, "12": {"type-based": -105.93854043696265, "geo-based": -68.39908714556985, "mixed": -83.47024152219792, "none": -90.9131680874773}, "13": {"type-based": -113.28563384325024, "geo-based": -72.85462020728407, "mixed": -87.68597336992687, "none": -98.48926542810041}, "14": {"type-based": -120.59232862442832, "geo-based": -77.27337898432951, "mixed": -91.8268084770304, "none": -106.06536276872352}, "15": {"type-based": -127.86913244192317, "geo-based": -81.73950552091192, "mixed": -95.98706422095198, "none": -113.64146010934662}, "16": {"type-based": -135.12291572308487, "geo-based": -87.27766384391639, "mixed": -101.19682060356179, "none": -121.21755744996973}, "17": {"type-based": -143.4568099525115, "geo-based": -92.42287448617925, "mixed": -107.10453648718911, "none": -128.79365479059285}, "18": {"type-based": -150.71831017892717, "geo-based": -97.73379185421685, "mixed": -112.11164576823371, "none": -136.36975213121596}, "19": {"type-based": -158.87886063212022, "geo-based": -102.09047569071528, "mixed": -117.08156706601494, "none": -143.94584947183907}, "20": {"type-based": -166.14649197535906, "geo-based": -106.28659065532452, "mixed": -121.0010159347527, "none": -151.52194681246218}, "21": {"type-based": -173.39812966812622, "geo-based": -110.40420768177228, "mixed": -124.83262357670924, "none": -159.09804415308528}, "22": {"type-based": -180.6362408705376, "geo-based": -114.45457087039775, "mixed": -128.58954655243997, "none": -166.6741414937084}}