{"0": {"type-based": 0, "geo-based": 0, "mixed": 0, "none": 0}, "1": {"type-based": -7.576097340623111, "geo-based": -7.576097340623111, "mixed": -7.576097340623111, "none": -7.576097340623111}, "2": {"type-based": -15.152194681246222, "geo-based": -15.152194681246222, "mixed": -15.152194681246222, "none": -15.152194681246222}, "3": {"type-based": -17.858110338630347, "geo-based": -21.609949731471396, "mixed": -16.85067417584864, "none": -22.728292021869333}, "4": {"type-based": -20.54224014917301, "geo-based": -27.6889712405427, "mixed": -18.087657229399564, "none": -30.304389362492444}, "5": {"type-based": -23.215293645190165, "geo-based": -33.50306939920889, "mixed": -19.051306005645714, "none": -37.88048670311555}, "6": {"type-based": -25.88164108453087, "geo-based": -42.68376772323419, "mixed": -23.40202450665164, "none": -45.45658404373866}, "7": {"type-based": -28.543492328955992, "geo-based": -49.41912312753856, "mixed": -25.574099742723448, "none": -53.032681384361766}, "8": {"type-based": -31.202119398859825, "geo-based": -55.6642388085497, "mixed": -27.441762346462546, "none": -60.60877872498487}, "9": {"type-based": -33.85832139642387, "geo-based": -62.19853644981458, "mixed": -29.754791599074224, "none": -68.18487606560798}, "10": {"type-based": -36.512633092277106, "geo-based": -68.37561023358137, "mixed": -31.83872237666698, "none": -75.76097340623109}, "11": {"type-based": -39.16542993191091, "geo-based": -75.91004006482896, "mixed": -35.35574995663047, "none": -83.3370707468542}, "12": {"type-based": -41.81698560949853, "geo-based": -82.47000409121854, "mixed": -37.92455998632104, "none": -90.9131680874773}, "13": {"type-based": -44.467505790057636, "geo-based": -88.56537676936475, "mixed": -40.06357258776809, "none": -98.48926542810041}, "14": {"type-based": -47.11714893027345, "geo-based": -95.44658561058237, "mixed": -43.02395684776499, "none": -106.06536276872352}, "15": {"type-based": -49.76603969995777, "geo-based": -101.56154223370984, "mixed": -45.238155047956056, "none": -113.64146010934662}, "16": {"type-based": -52.41427795029247, "geo-based": -107.37158189504225, "mixed": -47.140132952543226, "none": -121.21755744996973}, "17": {"type-based": -55.06194489161114, "geo-based": -113.19018276950315, "mixed": -49.028807555009195, "none": -128.79365479059285}, "18": {"type-based": -57.70910746158601, "geo-based": -118.74016668697902, "mixed": -50.694400579425505, "none": -136.36975213121596}, "19": {"type-based": -60.35582148469998, "geo-based": -127.31164546299539, "mixed": -55.40868010986755, "none": -143.94584947183907}}