{"0": {"type-based": 0, "geo-based": 0, "mixed": 0, "none": 0}, "1": {"type-based": -7.576097340623111, "geo-based": -7.576097340623111, "mixed": -7.576097340623111, "none": -7.576097340623111}, "2": {"type-based": -15.152194681246222, "geo-based": -15.152194681246222, "mixed": -15.152194681246222, "none": -15.152194681246222}, "3": {"type-based": -22.473673249789684, "geo-based": -21.54944915818825, "mixed": -21.299365261490358, "none": -22.728292021869333}, "4": {"type-based": -36.90055189900192, "geo-based": -27.63741229125437, "mixed": -34.236614665282346, "none": -30.304389362492444}, "5": {"type-based": -44.44966196491763, "geo-based": -33.4733127070871, "mixed": -40.052865374970914, "none": -37.88048670311555}, "6": {"type-based": -51.78998175541648, "geo-based": -39.19808434361855, "mixed": -45.54728291728603, "none": -45.45658404373866}, "7": {"type-based": -59.049690988602464, "geo-based": -44.80084732838968, "mixed": -50.83831894979194, "none": -53.032681384361766}, "8": {"type-based": -74.56080816437579, "geo-based": -50.2051424690124, "mixed": -64.1764062023841, "none": -60.60877872498487}, "9": {"type-based": -83.21082463062744, "geo-based": -55.57444637235359, "mixed": -70.61729635643225, "none": -68.18487606560798}, "10": {"type-based": -90.5207823486683, "geo-based": -60.72069652024491, "mixed": -75.49579610726924, "none": -75.76097340623109}, "11": {"type-based": -97.78810095767071, "geo-based": -65.84683254536841, "mixed": -80.30290655933383, "none": -83.3370707468542}, "12": {"type-based": -105.0259462341738, "geo-based": -70.93779932041912, "mixed": -85.02705913693258, "none": -90.9131680874773}, "13": {"type-based": -112.24219301998468, "geo-based": -76.10532870161737, "mixed": -89.79085708796873, "none": -98.48926542810041}, "14": {"type-based": -119.44192848909185, "geo-based": -81.32055363546048, "mixed": -94.57762780612507, "none": -106.06536276872352}, "15": {"type-based": -126.62863023459957, "geo-based": -86.5723652508534, "mixed": -99.38189255162959, "none": -113.64146010934662}, "16": {"type-based": -133.804781025432, "geo-based": -91.84735347496496, "mixed": -104.19428848966452, "none": -121.21755744996973}, "17": {"type-based": -140.97221546272982, "geo-based": -96.82879166094371, "mixed": -108.70104196654216, "none": -128.79365479059285}, "18": {"type-based": -148.13232765986234, "geo-based": -101.85189904612066, "mixed": -113.23463648368222, "none": -136.36975213121596}, "19": {"type-based": -155.28620187370643, "geo-based": -106.93358125785055, "mixed": -117.815844605066, "none": -143.94584947183907}, "20": {"type-based": -162.43469803355404, "geo-based": -112.29978161708618, "mixed": -122.67265338135488, "none": -151.52194681246218}, "21": {"type-based": -172.28562701921314, "geo-based": -117.57616199668561, "mixed": -130.14208253923135, "none": -159.09804415308528}, "22": {"type-based": -179.43248743036068, "geo-based": -122.71689482137917, "mixed": -134.7848197585632, "none": -166.6741414937084}, "23": {"type-based": -188.6540564287408, "geo-based": -127.8687376405819, "mixed": -141.512898102227, "none": -174.2502388343315}, "24": {"type-based": -195.8127487064267, "geo-based": -132.78815791454508, "mixed": -145.94512559993427, "none": -181.8263361749546}, "25": {"type-based": -205.10637647600763, "geo-based": -137.60148729447323, "mixed": -152.40567174837838, "none": -189.4024335155777}, "26": {"type-based": -212.2725359778766, "geo-based": -142.42772566239645, "mixed": -156.75164735338836, "none": -196.97853085620082}, "27": {"type-based": -229.23206738346266, "geo-based": -147.4588089585019, "mixed": -171.0960942437815, "none": -204.55462819682393}, "28": {"type-based": -246.1937089077567, "geo-based": -152.271878178886, "mixed": -185.2257933528838, "none": -212.13072553744703}, "29": {"type-based": -255.15066940289134, "geo-based": -156.9424101839176, "mixed": -191.2087116074025, "none": -219.70682287807014}, "30": {"type-based": -272.12835636770563, "geo-based": -161.45962636977396, "mixed": -205.05992185770955, "none": -227.28292021869325}, "31": {"type-based": -279.3080723867599, "geo-based": -166.0557132770192, "mixed": -209.19575343035896, "none": -234.85901755931636}, "32": {"type-based": -286.4825808790733, "geo-based": -170.62390275164915, "mixed": -213.3009378760784, "none": -242.43511489993946}, "33": {"type-based": -293.65237927162985, "geo-based": -175.11261374274872, "mixed": -217.32445667182503, "none": -250.01121224056257}, "34": {"type-based": -300.8178969227698, "geo-based": -179.30719754326438, "mixed": -221.05237426347983, "none": -257.5873095811857}, "35": {"type-based": -307.97950700714455, "geo-based": -183.3777107144285, "mixed": -224.65631389341766, "none": -265.1634069218088}, "36": {"type-based": -315.1375359138434, "geo-based": -187.38435820199518, "mixed": -228.19724263222514, "none": -272.7395042624319}, "37": {"type-based": -324.08382192360875, "geo-based": -191.36634467940016, "mixed": -233.5056877961471, "none": -280.31560160305503}, "38": {"type-based": -331.24920775310545, "geo-based": -195.43875278668915, "mixed": -237.12600881266025, "none": -287.89169894367814}, "39": {"type-based": -338.4111605492253, "geo-based": -199.6101737146197, "mixed": -240.84412929141817, "none": -295.46779628430124}, "40": {"type-based": -347.7291233187275, "geo-based": -203.95934225174523, "mixed": -246.89709181529986, "none": -303.04389362492435}, "41": {"type-based": -356.76741513399946, "geo-based": -208.5353037938788, "mixed": -252.8937800082694, "none": -310.61999096554746}, "42": {"type-based": -365.59047883976143, "geo-based": -213.1190369025341, "mixed": -258.67822143133685, "none": -318.19608830617057}, "43": {"type-based": -372.77284950932983, "geo-based": -216.94780325419367, "mixed": -262.0622813932536, "none": -325.7721856467937}, "44": {"type-based": -379.95146957014214, "geo-based": -220.9451924273684, "mixed": -265.613921869169, "none": -333.3482829874168}}