{"0": {"type-based": 0, "geo-based": 0, "mixed": 0, "none": 0}, "1": {"type-based": -7.576097340623111, "geo-based": -7.576097340623111, "mixed": -7.576097340623111, "none": -7.576097340623111}, "2": {"type-based": -15.152194681246222, "geo-based": -15.152194681246222, "mixed": -15.152194681246222, "none": -15.152194681246222}, "3": {"type-based": -22.228327928866857, "geo-based": -21.591283978390926, "mixed": -21.10153724174965, "none": -22.728292021869333}, "4": {"type-based": -29.304353096326626, "geo-based": -27.64815429646316, "mixed": -26.67889544397004, "none": -30.304389362492444}, "5": {"type-based": -36.380324205817054, "geo-based": -33.46241063351657, "mixed": -32.02954780622727, "none": -37.88048670311555}, "6": {"type-based": -43.45626287479911, "geo-based": -39.024442667570824, "mixed": -37.14422064320649, "none": -45.45658404373866}, "7": {"type-based": -50.532179914388855, "geo-based": -44.36885234572146, "mixed": -42.05473445665002, "none": -53.032681384361766}, "8": {"type-based": -57.60808150324353, "geo-based": -49.62586353289854, "mixed": -46.88819237744868, "none": -60.60877872498487}, "9": {"type-based": -64.68397150340746, "geo-based": -54.65586342505068, "mixed": -51.50115168187327, "none": -68.18487606560798}, "10": {"type-based": -71.75985248976629, "geo-based": -59.62176949154848, "mixed": -56.051621722941874, "none": -75.76097340623109}, "11": {"type-based": -78.83572626484226, "geo-based": -64.5147022621249, "mixed": -60.52554026876028, "none": -83.3370707468542}, "12": {"type-based": -85.91159413961988, "geo-based": -69.39077005586411, "mixed": -64.97918386290712, "none": -90.9131680874773}, "13": {"type-based": -92.98745709737364, "geo-based": -74.20667121968347, "mixed": -69.36842664131153, "none": -98.48926542810041}, "14": {"type-based": -100.06331589449168, "geo-based": -78.9643859104612, "mixed": -73.69539917856365, "none": -106.06536276872352}, "15": {"type-based": -107.13917112529433, "geo-based": -83.66693507819755, "mixed": -77.96616934705365, "none": -113.64146010934662}, "16": {"type-based": -114.21502326524828, "geo-based": -88.40275811707147, "mixed": -82.2601079461242, "none": -121.21755744996973}, "17": {"type-based": -121.29087270067765, "geo-based": -93.24504753457555, "mixed": -86.64811313387979, "none": -128.79365479059285}, "18": {"type-based": -128.36671974973703, "geo-based": -98.07858116422523, "mixed": -91.01558993403785, "none": -136.36975213121596}, "19": {"type-based": -135.44256467755915, "geo-based": -102.91420417948513, "mixed": -95.37752313994419, "none": -143.94584947183907}, "20": {"type-based": -142.51840770741654, "geo-based": -107.79403696755257, "mixed": -99.77754946477214, "none": -151.52194681246218}, "21": {"type-based": -149.5942490290931, "geo-based": -112.70164038113086, "mixed": -104.20159192442708, "none": -159.09804415308528}, "22": {"type-based": -156.67008880526248, "geo-based": -117.67939755823673, "mixed": -108.69326869947913, "none": -166.6741414937084}, "23": {"type-based": -163.74592717641687, "geo-based": -123.2389780157172, "mixed": -113.76584828283843, "none": -174.2502388343315}, "24": {"type-based": -170.82176426472444, "geo-based": -128.66721590437353, "mixed": -118.71259302275298, "none": -181.8263361749546}, "25": {"type-based": -177.8976001770832, "geo-based": -134.0766753522081, "mixed": -123.64547097498081, "none": -189.4024335155777}, "26": {"type-based": -184.97343500756406, "geo-based": -139.36851405363572, "mixed": -128.46571553834215, "none": -196.97853085620082}, "27": {"type-based": -192.04926883938415, "geo-based": -144.34546211909924, "mixed": -132.97549423026783, "none": -204.55462819682393}, "28": {"type-based": -199.12510174651476, "geo-based": -149.17595785162607, "mixed": -137.3292103502492, "none": -212.13072553744703}, "29": {"type-based": -206.20093379500196, "geo-based": -153.95630404837294, "mixed": -141.62604355287385, "none": -219.70682287807014}, "30": {"type-based": -213.27676504405986, "geo-based": -158.71265841031249, "mixed": -145.89445905147153, "none": -227.28292021869325}, "31": {"type-based": -220.3525955469814, "geo-based": -163.49611267369173, "mixed": -150.18617205015084, "none": -234.85901755931636}, "32": {"type-based": -227.42842535190232, "geo-based": -168.25012971138645, "mixed": -154.44669320771902, "none": -242.43511489993946}, "33": {"type-based": -234.5042545024459, "geo-based": -173.4726252378466, "mixed": -159.1736077673487, "none": -250.01121224056257}, "34": {"type-based": -241.5800830382697, "geo-based": -178.44440253524442, "mixed": -163.65285313487215, "none": -257.5873095811857}, "35": {"type-based": -248.65591099553237, "geo-based": -183.1618868259228, "mixed": -167.87955186484476, "none": -265.1634069218088}, "36": {"type-based": -255.73173840729328, "geo-based": -187.85044297864144, "mixed": -172.076015548175, "none": -272.7395042624319}, "37": {"type-based": -262.80756530385696, "geo-based": -192.53719167934085, "mixed": -176.26905742614252, "none": -280.31560160305503}, "38": {"type-based": -269.8833917130709, "geo-based": -197.21476791371208, "mixed": -180.45150340694056, "none": -287.89169894367814}, "39": {"type-based": -276.9592176605843, "geo-based": -201.8713358284613, "mixed": -184.61162065786726, "none": -295.46779628430124}, "40": {"type-based": -284.03504317007315, "geo-based": -206.52903708269173, "mixed": -188.7713999218636, "none": -303.04389362492435}, "41": {"type-based": -291.110868263438, "geo-based": -211.51619824458788, "mixed": -193.2544288645692, "none": -310.61999096554746}, "42": {"type-based": -298.186692960977, "geo-based": -216.29966888938407, "mixed": -197.52681174472136, "none": -318.19608830617057}, "43": {"type-based": -305.2625172815383, "geo-based": -221.01823815657542, "mixed": -201.72982053738383, "none": -325.7721856467937}, "44": {"type-based": -312.3383412426553, "geo-based": -225.68467919799235, "mixed": -205.880688783434, "none": -333.3482829874168}, "45": {"type-based": -319.41416486066584, "geo-based": -231.17309864090248, "mixed": -210.85335848187597, "none": -340.9243803280399}, "46": {"type-based": -326.4899881508186, "geo-based": -236.45730520039376, "mixed": -215.62574867486154, "none": -348.500477668663}, "47": {"type-based": -333.5658111273679, "geo-based": -241.31849498268915, "mixed": -219.97868152111522, "none": -356.0765750092861}, "48": {"type-based": -340.64163380365824, "geo-based": -246.25619662828456, "mixed": -224.40441808157527, "none": -363.6526723499092}, "49": {"type-based": -347.7174561922, "geo-based": -250.8079163752501, "mixed": -228.442652953062, "none": -371.2287696905323}, "50": {"type-based": -354.7932783047378, "geo-based": -255.933552105676, "mixed": -233.05503502483447, "none": -378.8048670311554}, "51": {"type-based": -361.8691001523113, "geo-based": -260.8384430250208, "mixed": -237.4498682240571, "none": -386.38096437177853}, "52": {"type-based": -368.9449217453112, "geo-based": -265.56674915822566, "mixed": -241.6732248938733, "none": -393.95706171240164}, "53": {"type-based": -376.02074309352844, "geo-based": -270.15330298989267, "mixed": -245.7613723891912, "none": -401.53315905302475}, "54": {"type-based": -383.0965642061999, "geo-based": -274.62655494429, "mixed": -249.74375158287293, "none": -409.10925639364785}, "55": {"type-based": -390.1723850920493, "geo-based": -279.0104042254242, "mixed": -253.64485024368432, "none": -416.68535373427096}, "56": {"type-based": -397.24820575932443, "geo-based": -283.3108849084546, "mixed": -257.47093837564125, "none": -424.26145107489407}, "57": {"type-based": -404.3240262158314, "geo-based": -287.60072240572117, "mixed": -261.29433817512665, "none": -431.8375484155172}, "58": {"type-based": -411.3998464689654, "geo-based": -291.9708848830088, "mixed": -265.20493679098473, "none": -439.4136457561403}, "59": {"type-based": -418.47566652573914, "geo-based": -296.4892595409082, "mixed": -269.2695890163577, "none": -446.9897430967634}, "60": {"type-based": -425.5514863928088,