{"0": {"type-based": 0, "geo-based": 0, "mixed": 0, "none": 0}, "1": {"type-based": -7.576097340623111, "geo-based": -7.576097340623111, "mixed": -7.576097340623111, "none": -7.576097340623111}, "2": {"type-based": -15.152194681246222, "geo-based": -15.152194681246222, "mixed": -15.152194681246222, "none": -15.152194681246222}, "3": {"type-based": -29.829730263450593, "geo-based": -23.13490143905254, "mixed": -30.302236544607588, "none": -22.728292021869333}, "4": {"type-based": -37.03596036248849, "geo-based": -29.712532135999197, "mixed": -36.52823086870292, "none": -30.304389362492444}, "5": {"type-based": -44.20059259970186, "geo-based": -36.022708085830175, "mixed": -42.43058076365274, "none": -37.88048670311555}, "6": {"type-based": -51.343753063693356, "geo-based": -42.3278395386638, "mixed": -48.29496238370343, "none": -45.45658404373866}, "7": {"type-based": -66.99119703546693, "geo-based": -48.5009164529483, "mixed": -62.52228121408015, "none": -53.032681384361766}, "8": {"type-based": -74.13049100169502, "geo-based": -54.70983248108722, "mixed": -68.29652393786718, "none": -60.60877872498487}, "9": {"type-based": -89.95916319820897, "geo-based": -60.92558443432106, "mixed": -82.76646358388568, "none": -68.18487606560798}, "10": {"type-based": -97.12306590026643, "geo-based": -66.7965808313856, "mixed": -88.22050929590677, "none": -75.76097340623109}, "11": {"type-based": -104.27485076156759, "geo-based": -72.69598677237323, "mixed": -93.6875836883975, "none": -83.3370707468542}, "12": {"type-based": -111.4174495090419, "geo-based": -78.43319130693946, "mixed": -98.97514553584072, "none": -90.9131680874773}, "13": {"type-based": -118.55284447143151, "geo-based": -84.18453420222633, "mixed": -104.2659166957, "none": -98.48926542810041}, "14": {"type-based": -125.68243866143366, "geo-based": -89.94224403475783, "mixed": -109.55370142571658, "none": -106.06536276872352}, "15": {"type-based": -132.807261511889, "geo-based": -95.46603382049928, "mixed": -114.59813039951143, "none": -113.64146010934662}, "16": {"type-based": -139.9280907148241, "geo-based": -101.02362031053053, "mixed": -119.67105276028764, "none": -121.21755744996973}, "17": {"type-based": -149.60955490508326, "geo-based": -106.46422270902028, "mixed": -127.18355123312534, "none": -128.79365479059285}, "18": {"type-based": -156.74730360036673, "geo-based": -111.8412233845364, "mixed": -132.08649849478783, "none": -136.36975213121596}, "19": {"type-based": -166.51888259005878, "geo-based": -117.21931152048143, "mixed": -139.62445547923213, "none": -143.94584947183907}, "20": {"type-based": -183.20251651350972, "geo-based": -122.40826930836094, "mixed": -153.89715792802085, "none": -151.52194681246218}, "21": {"type-based": -190.3420460017272, "geo-based": -127.68063179734496, "mixed": -158.70823135929615, "none": -159.09804415308528}, "22": {"type-based": -200.1845691113526, "geo-based": -132.89711741996177, "mixed": -166.1641850608542, "none": -166.6741414937084}, "23": {"type-based": -209.34846781116596, "geo-based": -138.0983403402916, "mixed": -172.9224588120391, "none": -174.2502388343315}, "24": {"type-based": -216.51497343172346, "geo-based": -143.3399749219922, "mixed": -177.7209097807786, "none": -181.8263361749546}, "25": {"type-based": -225.75504973469046, "geo-based": -148.3745014926837, "mixed": -184.38309112247427, "none": -189.4024335155777}, "26": {"type-based": -232.92894320965425, "geo-based": -153.432750112334, "mixed": -188.99903281792584, "none": -196.97853085620082}, "27": {"type-based": -240.09732609919172, "geo-based": -158.4453592756774, "mixed": -193.56179712110682, "none": -204.55462819682393}, "28": {"type-based": -249.45756528890203, "geo-based": -163.40874216219316, "mixed": -200.2662629025386, "none": -212.13072553744703}, "29": {"type-based": -256.6235161729872, "geo-based": -168.30572926501986, "mixed": -204.71994816647955, "none": -219.70682287807014}, "30": {"type-based": -263.78492020602647, "geo-based": -173.1836471146172, "mixed": -209.14911149315532, "none": -227.28292021869325}, "31": {"type-based": -280.845751850029, "geo-based": -178.2395599383401, "mixed": -223.65485134290864, "none": -234.85901755931636}, "32": {"type-based": -289.9017119090165, "geo-based": -183.26192888195575, "mixed": -230.12079851462477, "none": -242.43511489993946}, "33": {"type-based": -306.9746630591476, "geo-based": -188.06122348991468, "mixed": -244.37803441666546, "none": -250.01121224056257}, "34": {"type-based": -314.1442690733566, "geo-based": -192.85757936885267, "mixed": -248.7295059055251, "none": -257.5873095811857}, "35": {"type-based": -321.3096027213674, "geo-based": -197.6394120686257, "mixed": -253.06138641296758, "none": -265.1634069218088}, "36": {"type-based": -328.4710364790215, "geo-based": -202.39384813537112, "mixed": -257.3612251290183, "none": -272.7395042624319}, "37": {"type-based": -337.3778894839263, "geo-based": -207.0820711679371, "mixed": -263.33957333223793, "none": -280.31560160305503}, "38": {"type-based": -344.54471448511777, "geo-based": -211.83969538827233, "mixed": -267.64497780224235, "none": -287.89169894367814}, "39": {"type-based": -351.7079081761668, "geo-based": -216.5458874958432, "mixed": -271.8952352273066, "none": -295.46779628430124}, "40": {"type-based": -358.86774936378015, "geo-based": -221.17534029739411, "mixed": -276.06535426075357, "none": -303.04389362492435}, "41": {"type-based": -366.0244859153421, "geo-based": -225.61142139715648, "mixed": -280.0390366231531, "none": -310.61999096554746}, "42": {"type-based": -373.1783391756582, "geo-based": -229.9500915816415, "mixed": -283.91244073289323, "none": -318.19608830617057}, "43": {"type-based": -380.3295076223582, "geo-based": -234.25731982550553, "mixed": -287.7518167046853, "none": -325.7721856467937}, "44": {"type-based": -387.4781699122619, "geo-based": -238.6047201568289, "mixed": -291.6285833909015, "none": -333.3482829874168}, "45": {"type-based": -394.6244874365971, "geo-based": -243.03401069160327, "mixed": -295.58452163558036, "none": -340.9243803280399}, "46": {"type-based": -404.10368037273076, "geo-based": -247.3174779571838, "mixed": -301.7269115252647, "none": -348.500477668663}, "47": {"type-based": -411.2561430552416, "geo-based": -251.74376946666143, "mixed": -305.6848714886817, "none": -356.0765750092861}, "48": {"type-based": -418.40629722333387, "geo-based": -255.96412373667403, "mixed": -309.4340639060765, "none": -363.6526723499092}}