{"0": {"type-based": 0, "geo-based": 0, "mixed": 0, "none": 0}, "1": {"type-based": -7.576097340623111, "geo-based": -7.576097340623111, "mixed": -7.576097340623111, "none": -7.576097340623111}, "2": {"type-based": -15.152194681246222, "geo-based": -15.152194681246222, "mixed": -15.152194681246222, "none": -15.152194681246222}, "3": {"type-based": -29.829730263450593, "geo-based": -21.6164766057451, "mixed": -28.71715043158622, "none": -22.728292021869333}, "4": {"type-based": -37.03596036248849, "geo-based": -27.790710887282735, "mixed": -34.524163272826264, "none": -30.304389362492444}, "5": {"type-based": -44.20059259970186, "geo-based": -33.697699347059135, "mixed": -40.01504337116996, "none": -37.88048670311555}, "6": {"type-based": -51.343753063693356, "geo-based": -39.463638982286, "mixed": -45.33299804254775, "none": -45.45658404373866}, "7": {"type-based": -66.99119703546693, "geo-based": -45.06277781607882, "mixed": -58.99062918271112, "none": -53.032681384361766}, "8": {"type-based": -82.64788417311392, "geo-based": -50.47277719950504, "mixed": -72.48527226553135, "none": -60.60877872498487}, "9": {"type-based": -89.82850793398491, "geo-based": -55.691860342674865, "mixed": -77.309330416176, "none": -68.18487606560798}, "10": {"type-based": -96.99241063604237, "geo-based": -60.8802062920015, "mixed": -82.07739202575503, "none": -75.76097340623109}, "11": {"type-based": -104.14419549734353, "geo-based": -65.96972892366442, "mixed": -86.72790136258473, "none": -83.3370707468542}, "12": {"type-based": -111.28679424481784, "geo-based": -71.06461211687855, "mixed": -91.35966920593415, "none": -90.9131680874773}, "13": {"type-based": -118.42218920720745, "geo-based": -76.18258535732922, "mixed": -95.99621911125351, "none": -98.48926542810041}, "14": {"type-based": -125.5517833972096, "geo-based": -81.32587268309955, "mixed": -100.64398818242833, "none": -106.06536276872352}, "15": {"type-based": -132.67660624766495, "geo-based": -86.46268295054352, "mixed": -105.27425732456777, "none": -113.64146010934662}, "16": {"type-based": -139.79743545060003, "geo-based": -91.76303363557687, "mixed": -110.05658929826416, "none": -121.21755744996973}, "17": {"type-based": -146.91487286361226, "geo-based": -96.74062372062191, "mixed": -114.50792865648492, "none": -128.79365479059285}, "18": {"type-based": -154.02939380872462, "geo-based": -101.83702996897021, "mixed": -119.06834450390157, "none": -136.36975213121596}, "19": {"type-based": -163.84849758894157, "geo-based": -106.83146923556866, "mixed": -126.229368953224, "none": -143.94584947183907}, "20": {"type-based": -170.9782065108577, "geo-based": -111.8378944462539, "mixed": -130.7114609789135, "none": -151.52194681246218}, "21": {"type-based": -180.87628239374135, "geo-based": -116.94197366357578, "mixed": -138.0585084236626, "none": -159.09804415308528}, "22": {"type-based": -197.6860216454498, "geo-based": -121.73833610423912, "mixed": -152.0201200447973, "none": -166.6741414937084}, "23": {"type-based": -204.81780507905708, "geo-based": -126.60512722221928, "mixed": -156.37421638839925, "none": -174.2502388343315}, "24": {"type-based": -214.08600650818312, "geo-based": -131.40157964368353, "mixed": -162.79352950196298, "none": -181.8263361749546}, "25": {"type-based": -224.06225376815723, "geo-based": -136.2067921277993, "mixed": -169.92952527780798, "none": -189.4024335155777}, "26": {"type-based": -231.21850697891185, "geo-based": -141.02447058964728, "mixed": -174.2581360128405, "none": -196.97853085620082}, "27": {"type-based": -248.16863967700553, "geo-based": -145.847873499438, "mixed": -188.38668744463124, "none": -204.55462819682393}, "28": {"type-based": -258.21206076819107, "geo-based": -150.68322655428045, "mixed": -195.62095568038717, "none": -212.13072553744703}, "29": {"type-based": -267.1595747996155, "geo-based": -155.37185074168943, "mixed": -201.61294374998639, "none": -219.70682287807014}, "30": {"type-based": -274.3297648922125, "geo-based": -159.9736274280768, "mixed": -205.7415929178269, "none": -227.28292021869325}, "31": {"type-based": -281.49520374407325, "geo-based": -164.56134581213908, "mixed": -209.85394162887096, "none": -234.85901755931636}, "32": {"type-based": -288.6563470683395, "geo-based": -169.07483863270488, "mixed": -213.89008221357815, "none": -242.43511489993946}, "33": {"type-based": -295.8135879797401, "geo-based": -173.31455352952372, "mixed": -217.65131093608952, "none": -250.01121224056257}, "34": {"type-based": -302.9672679631322, "geo-based": -177.51461847610878, "mixed": -221.37339220908612, "none": -257.5873095811857}, "35": {"type-based": -310.1176855394077, "geo-based": -181.59148769738968, "mixed": -224.9728395101843, "none": -265.1634069218088}, "36": {"type-based": -317.2651031856984, "geo-based": -185.6016857642584, "mixed": -228.50685235592414, "none": -272.7395042624319}, "37": {"type-based": -324.4097529156913, "geo-based": -189.68883645373543, "mixed": -232.1188258745458, "none": -280.31560160305503}, "38": {"type-based": -333.423431488817, "geo-based": -193.64700993529286, "mixed": -237.47331399169755, "none": -287.89169894367814}, "39": {"type-based": -340.5754796796325, "geo-based": -197.83285370741797, "mixed": -241.19576921054804, "none": -295.46779628430124}, "40": {"type-based": -350.32703239057673, "geo-based": -202.1990353614422, "mixed": -247.69899971128686, "none": -303.04389362492435}, "41": {"type-based": -367.68769494927386, "geo-based": -206.86016458373098, "mixed": -262.10291457691574, "none": -310.61999096554746}, "42": {"type-based": -374.84487263739396, "geo-based": -210.70586707514488, "mixed": -265.48763075195666, "none": -318.19608830617057}, "43": {"type-based": -381.9992555816282, "geo-based": -214.69309246912027, "mixed": -269.0143136959495, "none": -325.7721856467937}, "44": {"type-based": -391.82471273286063, "geo-based": -219.63939462625416, "mixed": -276.17217502929907, "none": -333.3482829874168}, "45": {"type-based": -398.97805229331726, "geo-based": -224.36643944888272, "mixed": -280.4443945092723, "none": -340.9243803280399}, "46": {"type-based": -406.1289021271121, "geo-based": -229.2672179507761, "mixed": -284.8863514360468, "none": -348.500477668663}, "47": {"type-based": -415.6124911269762, "geo-based": -233.86645639196627, "mixed": -291.3573275500275, "none": -356.0765750092861}}