{"0": {"type-based": 0, "geo-based": 0, "mixed": 0, "none": 0}, "1": {"type-based": -7.576097340623111, "geo-based": -7.576097340623111, "mixed": -7.576097340623111, "none": -7.576097340623111}, "2": {"type-based": -15.152194681246222, "geo-based": -15.152194681246222, "mixed": -15.152194681246222, "none": -15.152194681246222}, "3": {"type-based": -22.228327928866857, "geo-based": -21.28675635483749, "mixed": -20.851941484490617, "none": -22.728292021869333}, "4": {"type-based": -37.31105394176699, "geo-based": -27.65074887968865, "mixed": -34.82378540142493, "none": -30.304389362492444}, "5": {"type-based": -45.50122686881633, "geo-based": -33.43697901664787, "mixed": -41.32949173837588, "none": -37.88048670311555}, "6": {"type-based": -60.61609795335892, "geo-based": -39.04274274752136, "mixed": -54.58278544389657, "none": -45.45658404373866}, "7": {"type-based": -67.79429770057196, "geo-based": -44.47325805032267, "mixed": -59.70586287120478, "none": -53.032681384361766}, "8": {"type-based": -74.94787195555459, "geo-based": -49.722349185682575, "mixed": -64.62913666292945, "none": -60.60877872498487}}