{"0": {"type-based": 0, "geo-based": 0, "mixed": 0, "none": 0}, "1": {"type-based": -7.576097340623111, "geo-based": -7.576097340623111, "mixed": -7.576097340623111, "none": -7.576097340623111}, "2": {"type-based": -15.152194681246222, "geo-based": -15.152194681246222, "mixed": -15.152194681246222, "none": -15.152194681246222}, "3": {"type-based": -22.473673249789684, "geo-based": -21.596800782969204, "mixed": -21.34516769137122, "none": -22.728292021869333}, "4": {"type-based": -29.679903348827583, "geo-based": -27.74703908513458, "mixed": -27.108584644950522, "none": -30.304389362492444}, "5": {"type-based": -36.844535586040955, "geo-based": -33.743597440291715, "mixed": -32.673971518587706, "none": -37.88048670311555}, "6": {"type-based": -52.281995658889684, "geo-based": -39.49109859804808, "mixed": -46.27200825806556, "none": -45.45658404373866}, "7": {"type-based": -67.77066062515543, "geo-based": -45.2544586796921, "mixed": -59.931057725318496, "none": -53.032681384361766}, "8": {"type-based": -74.97585112194771, "geo-based": -50.60482592620396, "mixed": -64.91670901814385, "none": -60.60877872498487}, "9": {"type-based": -82.1564748828187, "geo-based": -55.96843669086095, "mixed": -69.88106094175247, "none": -68.18487606560798}, "10": {"type-based": -89.32037758487616, "geo-based": -61.25776914188043, "mixed": -74.7339721661502, "none": -75.76097340623109}, "11": {"type-based": -96.47216244617732, "geo-based": -66.58633076072145, "mixed": -79.59860806959561, "none": -83.3370707468542}, "12": {"type-based": -103.61476119365163, "geo-based": -71.94201737299082, "mixed": -84.47359925766465, "none": -90.9131680874773}, "13": {"type-based": -110.75015615604124, "geo-based": -77.31283134035576, "mixed": -89.35096772667625, "none": -98.48926542810041}, "14": {"type-based": -117.8797503460434, "geo-based": -82.6939271345844, "mixed": -94.22865538035497, "none": -106.06536276872352}, "15": {"type-based": -125.00457319649875, "geo-based": -87.80080974183133, "mixed": -98.82386031610477, "none": -113.64146010934662}, "16": {"type-based": -132.12540239943382, "geo-based": -93.01099569736554, "mixed": -103.51144452210347, "none": -121.21755744996973}, "17": {"type-based": -141.806866589693, "geo-based": -98.11076530041412, "mixed": -110.64729511828891, "none": -128.79365479059285}, "18": {"type-based": -148.94461528497646, "geo-based": -103.20502224355594, "mixed": -115.23229989269954, "none": -136.36975213121596}, "19": {"type-based": -158.7161942746685, "geo-based": -108.38107696598091, "mixed": -122.53192807258313, "none": -143.94584947183907}, "20": {"type-based": -165.85294416350152, "geo-based": -113.31873345982022, "mixed": -126.97045703791602, "none": -151.52194681246218}, "21": {"type-based": -175.0002149199773, "geo-based": -118.19670397147863, "mixed": -133.35801139586246, "none": -159.09804415308528}, "22": {"type-based": -184.85749381604123, "geo-based": -123.08166137223499, "mixed": -140.46169179132988, "none": -166.6741414937084}, "23": {"type-based": -192.0214745016669, "geo-based": -127.98398120964774, "mixed": -144.88873619106192, "none": -174.2502388343315}, "24": {"type-based": -208.86057327862167, "geo-based": -132.86690911622156, "mixed": -158.97102975054204, "none": -181.8263361749546}, "25": {"type-based": -225.70195488979314, "geo-based": -137.95337412717026, "mixed": -173.2591385325875, "none": -189.4024335155777}, "26": {"type-based": -232.86530444209836, "geo-based": -142.6450903036619, "mixed": -177.4750058538952, "none": -196.97853085620082}, "27": {"type-based": -242.1633367065874, "geo-based": -147.31489873034516, "mixed": -183.80484272236168, "none": -204.55462819682393}, "28": {"type-based": -249.33384759838904, "geo-based": -152.00728254990872, "mixed": -188.02969463592655, "none": -212.13072553744703}, "29": {"type-based": -258.6961066043803, "geo-based": -156.75870434497102, "mixed": -194.50698214437568, "none": -219.70682287807014}, "30": {"type-based": -267.65555402824117, "geo-based": -161.70844347729135, "mixed": -200.7934914404279, "none": -227.28292021869325}, "31": {"type-based": -284.6356933269624, "geo-based": -166.38644730948633, "mixed": -214.8280866363223, "none": -234.85901755931636}, "32": {"type-based": -291.81786116158963, "geo-based": -171.20418764109877, "mixed": -219.20678696861683, "none": -242.43511489993946}, "33": {"type-based": -298.9947046972128, "geo-based": -175.97661605189992, "mixed": -223.5355072261068, "none": -250.01121224056257}, "34": {"type-based": -306.1667319781418, "geo-based": -180.70477837782786, "mixed": -227.81569219461252, "none": -257.5873095811857}, "35": {"type-based": -313.33438159496586, "geo-based": -185.32580036405344, "mixed": -231.98479401820833, "none": -265.1634069218088}, "36": {"type-based": -320.4980348003878, "geo-based": -189.9802430997774, "mixed": -236.1840508158317, "none": -272.7395042624319}, "37": {"type-based": -327.6580250920483, "geo-based": -194.15313950577257, "mixed": -239.89813609653646, "none": -280.31560160305503}, "38": {"type-based": -334.8146458726431, "geo-based": -198.3590634643957, "mixed": -243.64368514090532, "none": -287.89169894367814}, "39": {"type-based": -341.9681566326236, "geo-based": -202.42145806689783, "mixed": -247.24419958105753, "none": -295.46779628430124}, "40": {"type-based": -350.9903786538196, "geo-based": -206.40918782180393, "mixed": -252.6407928693495, "none": -303.04389362492435}, "41": {"type-based": -358.15088597701305, "geo-based": -210.3732476032345, "mixed": -256.1532107246684, "none": -310.61999096554746}, "42": {"type-based": -365.30838107551955, "geo-based": -214.5527057769598, "mixed": -259.8796071184195, "none": -318.19608830617057}, "43": {"type-based": -374.69636561002955, "geo-based": -218.88920448641443, "mixed": -265.99368329267435, "none": -325.7721856467937}, "44": {"type-based": -381.85844914351213, "geo-based": -223.424553505538, "mixed": -270.07734089332854, "none": -333.3482829874168}, "45": {"type-based": -389.017678437901, "geo-based": -227.46651273656965, "mixed": -273.6635603607162, "none": -340.9243803280399}, "46": {"type-based": -396.17423639921157, "geo-based": -231.29484492269086, "mixed": -277.0343779452527, "none": -348.500477668663}, "47": {"type-based": -405.1526704586753, "geo-based": -234.93902029760264, "mixed": -282.04535493760784, "none": -356.0765750092861}}