{"0": {"type-based": 0, "geo-based": 0, "mixed": 0, "none": 0}, "1": {"type-based": -7.576097340623111, "geo-based": -7.576097340623111, "mixed": -7.576097340623111, "none": -7.576097340623111}, "2": {"type-based": -15.152194681246222, "geo-based": -15.152194681246222, "mixed": -15.152194681246222, "none": -15.152194681246222}, "3": {"type-based": -20.950713215484743, "geo-based": -21.252613287635825, "mixed": -19.609310917492646, "none": -22.728292021869333}, "4": {"type-based": -26.74841243442691, "geo-based": -27.07612405541939, "mixed": -23.84091274670073, "none": -30.304389362492444}, "5": {"type-based": -32.54570164138144, "geo-based": -32.58238220946965, "mixed": -27.804948058585914, "none": -37.88048670311555}, "6": {"type-based": -38.34274472761719, "geo-based": -38.112366622478255, "mixed": -31.832787476393474, "none": -45.45658404373866}, "7": {"type-based": -44.13962368603931, "geo-based": -43.388749685555794, "mixed": -35.61271473679724, "none": -53.032681384361766}, "8": {"type-based": -49.93638538711455, "geo-based": -48.61320514230889, "mixed": -39.33965720731431, "none": -60.60877872498487}, "9": {"type-based": -55.733059132491405, "geo-based": -53.76975856913461, "mixed": -43.02935624660625, "none": -68.18487606560798}, "10": {"type-based": -61.52966446036002, "geo-based": -58.929768757499914, "mixed": -46.75306733128732, "none": -75.76097340623109}, "11": {"type-based": -67.32621504948315, "geo-based": -64.23499611209864, "mixed": -50.64597744374182, "none": -83.3370707468542}, "12": {"type-based": -73.12272084922651, "geo-based": -69.56022362933997, "mixed": -54.57308938709338, "none": -90.9131680874773}, "13": {"type-based": -78.91918932233216, "geo-based": -74.44636214356167, "mixed": -58.06500363560526, "none": -98.48926542810041}, "14": {"type-based": -84.71562620982972, "geo-based": -79.27314661171832, "mixed": -61.51459927610391, "none": -106.06536276872352}, "15": {"type-based": -90.51203602283259, "geo-based": -84.05393362712238, "mixed": -64.92952721497424, "none": -113.64146010934662}, "16": {"type-based": -96.30842237043974, "geo-based": -88.85670481969314, "mixed": -68.38128276772728, "none": -121.21755744996973}, "17": {"type-based": -102.10478818519066, "geo-based": -93.66124294596564, "mixed": -71.83154961732727, "none": -128.79365479059285}, "18": {"type-based": -107.90113588222323, "geo-based": -98.29080140820845, "mixed": -75.09292469571012, "none": -136.36975213121596}, "19": {"type-based": -113.69746747422994, "geo-based": -102.88679459667368, "mixed": -78.30579420168374, "none": -143.94584947183907}, "20": {"type-based": -119.49378465616753, "geo-based": -107.38300180271688, "mixed": -81.42181373928078, "none": -151.52194681246218}, "21": {"type-based": -125.29008886879336, "geo-based": -111.92824328642716, "mixed": -84.59628707791566, "none": -159.09804415308528}, "22": {"type-based": -131.08638134707618, "geo-based": -117.36342281186408, "mixed": -88.64998052902692, "none": -166.6741414937084}, "23": {"type-based": -136.8826631576065, "geo-based": -122.50860142665977, "mixed": -92.37321854648211, "none": -174.2502388343315}, "24": {"type-based": -142.67893522787523, "geo-based": -127.10388618209232, "mixed": -95.51980072681933, "none": -181.8263361749546}, "25": {"type-based": -148.47519836945366, "geo-based": -131.03018019398044, "mixed": -97.98870016193726, "none": -189.4024335155777}, "26": {"type-based": -154.27145329653808, "geo-based": -134.79209672089755, "mixed": -100.29003995640157, "none": -196.97853085620082}, "27": {"type-based": -160.0677006409284, "geo-based": -140.90538003274082, "mixed": -104.95178593791022, "none": -204.55462819682393}, "28": {"type-based": -165.86394096423365, "geo-based": -146.0987487179779, "mixed": -108.66710462861836, "none": -212.13072553744703}, "29": {"type-based": -171.66017476789784, "geo-based": -151.10544865711523, "mixed": -112.18325008474449, "none": -219.70682287807014}, "30": {"type-based": -177.45640250149768, "geo-based": -155.8849908175802, "mixed": -115.46338559937763, "none": -227.28292021869325}, "31": {"type-based": -183.25262456965737, "geo-based": -161.29633062058153, "mixed": -119.36379664484909, "none": -234.85901755931636}, "32": {"type-based": -189.04884133784833, "geo-based": -166.54127567031912, "mixed": -123.0753246746239, "none": -242.43511489993946}, "33": {"type-based": -194.84505313728275, "geo-based": -170.78954195469638, "mixed": -125.77199004014678, "none": -250.01121224056257}, "34": {"type-based": -200.64126026906578, "geo-based": -175.09159966479405, "mixed": -128.5097636922029, "none": -257.5873095811857}, "35": {"type-based": -206.4374630077372, "geo-based": -179.91268048425385, "mixed": -131.738150561392, "none": -265.1634069218088}}