{"0": {"type-based": 0.25, "geo-based": 0.25, "mixed": 0.25, "none": 0.25}, "1": {"type-based": 0.25, "geo-based": 0.25, "mixed": 0.25, "none": 0.25}, "2": {"type-based": 0.25, "geo-based": 0.25, "mixed": 0.25, "none": 0.25}, "3": {"type-based": 0.1389562066372681, "geo-based": 0.2998895491329687, "mixed": 0.47687001820773456, "none": 0.08428422602202867}, "4": {"type-based": 0.045566861910394066, "geo-based": 0.2661621999523009, "mixed": 0.6715084343645378, "none": 0.016762503772767254}, "5": {"type-based": 0.008974689229091313, "geo-based": 0.19935505938735715, "mixed": 0.7896680529168598, "none": 0.002002198466691811}, "6": {"type-based": 0.0012798792584256498, "geo-based": 0.13895775183157352, "mixed": 0.8595892117096989, "none": 0.00017315720030181038}, "7": {"type-based": 0.00015819694133512255, "geo-based": 0.09375192193527433, "mixed": 0.9060769020379326, "none": 1.2979085457953553e-05}, "8": {"type-based": 1.7987122570760415e-05, "geo-based": 0.0620200852181284, "mixed": 0.9379610327573623, "none": 8.949019385190931e-07}, "9": {"type-based": 3.7762622548624467e-06, "geo-based": 0.040189913756262644, "mixed": 0.9598061960513468, "none": 1.1393013569431861e-07}, "10": {"type-based": 4.824580952343586e-07, "geo-based": 0.025674743673854954, "mixed": 0.9743247650414211, "none": 8.826628790521322e-09}, "11": {"type-based": 4.441630051924045e-08, "geo-based": 0.01640212551122222, "mixed": 0.9835978295797198, "none": 4.927575794461485e-10}, "12": {"type-based": 3.44965443570501e-09, "geo-based": 0.010534717141293407, "mixed": 0.989465279385845, "none": 2.3207033331933808e-11}, "13": {"type-based": 2.8911114447375445e-10, "geo-based": 0.006814854148693034, "mixed": 0.9931851455610164, "none": 1.1793964993366391e-12}, "14": {"type-based": 2.2299040563310083e-11, "geo-based": 0.004462594712118227, "mixed": 0.9955374052655275, "none": 5.5160772537697004e-14}, "15": {"type-based": 1.619434050763862e-12, "geo-based": 0.002950843798488403, "mixed": 0.9970491561998897, "none": 2.429153959116649e-15}, "16": {"type-based": 1.1616310224160186e-13, "geo-based": 0.0019624486567093626, "mixed": 0.9980375513431745, "none": 1.0565893916516252e-16}, "17": {"type-based": 7.74221601503266e-15, "geo-based": 0.0013085292038084544, "mixed": 0.9986914707961838, "none": 4.270202041118546e-18}, "18": {"type-based": 9.62404044298808e-16, "geo-based": 0.0008726115962536383, "mixed": 0.9991273884037453, "none": 3.2187306651631014e-19}, "19": {"type-based": 1.3639263337286537e-16, "geo-based": 0.0005832967704259634, "mixed": 0.9994167032295739, "none": 2.7660577958590297e-20}, "20": {"type-based": 2.299676364008885e-17, "geo-based": 0.00039084747974120547, "mixed": 0.9996091525202588, "none": 2.827999775541873e-21}, "21": {"type-based": 2.470965777363818e-18, "geo-based": 0.00026222492911674397, "mixed": 0.9997377750708833, "none": 1.842557081722303e-22}, "22": {"type-based": 1.721759048740649e-19, "geo-based": 0.00017613531562373579, "mixed": 0.9998238646843763, "none": 7.78515914427607e-24}, "23": {"type-based": 1.179958854968778e-20, "geo-based": 0.0001184085682545636, "mixed": 0.9998815914317454, "none": 3.2352084969750746e-25}, "24": {"type-based": 1.6018096202071182e-21, "geo-based": 7.962814140788272e-05, "mixed": 0.9999203718585921, "none": 2.663091211097596e-26}, "25": {"type-based": 1.839595335744586e-22, "geo-based": 5.351221499387651e-05, "mixed": 0.9999464877850062, "none": 1.8545419673203023e-27}, "26": {"type-based": 1.7017287149696187e-23, "geo-based": 3.5933289312368174e-05, "mixed": 0.9999640667106876, "none": 1.0402637032928527e-28}, "27": {"type-based": 9.672263138167567e-25, "geo-based": 2.4014992174899616e-05, "mixed": 0.999975985007825, "none": 3.585250788845163e-30}, "28": {"type-based": 3.908727263464099e-26, "geo-based": 0.30128001564913776, "mixed": 0.6987199843508622, "none": 2.3721632352863223e-27}, "29": {"type-based": 4.138133645412339e-27, "geo-based": 0.22399944567390317, "mixed": 0.7760005543260969, "none": 1.535511868994387e-28}, "30": {"type-based": 3.377888642723203e-28, "geo-based": 0.1606883761048733, "mixed": 0.8393116238951266, "none": 7.661344247092129e-30}, "31": {"type-based": 2.3190018886841495e-29, "geo-based": 0.11187791936000929, "mixed": 0.8881220806399907, "none": 3.214045951151647e-31}, "32": {"type-based": 1.2819807665569343e-30, "geo-based": 0.07609641439747128, "mixed": 0.9239035856025287, "none": 1.0854557244161337e-32}, "33": {"type-based": 1.5009434986497133e-31, "geo-based": 0.05092510844459667, "mixed": 0.9490748915554033, "none": 7.761935811233409e-34}, "34": {"type-based": 1.1439643597748046e-32, "geo-based": 0.033846047923515046, "mixed": 0.966153952076485, "none": 3.6123954003409303e-35}, "35": {"type-based": 7.979452761779134e-34, "geo-based": 0.022369484665142873, "mixed": 0.9776305153348571, "none": 1.538299441245672e-36}, "36": {"type-based": 5.950209162631728e-35, "geo-based": 0.014723523123579902, "mixed": 0.9852764768764201, "none": 7.001616157536703e-38}, "37": {"type-based": 3.961588631979883e-36, "geo-based": 0.009670469686603105, "mixed": 0.990329530313397, "none": 2.8448015504621123e-39}, "38": {"type-based": 2.39161674193769e-37, "geo-based": 0.0063355522586767505, "mixed": 0.9936644477413233, "none": 1.0478846707782857e-40}, "39": {"type-based": 1.4296647388981893e-38, "geo-based": 0.004143366729884885, "mixed": 0.995856633270115, "none": 3.821398623410902e-42}, "40": {"type-based": 8.86621224967613e-40, "geo-based": 0.0027061243030924126, "mixed": 0.9972938756969076, "none": 1.4455171913848842e-43}, "41": {"type-based": 6.862261059173296e-43, "geo-based": 0.9857115446238343, "mixed": 0.014288455376165778, "none": 2.6610891371706615e-42}, "42": {"type-based": 5.552384564186601e-44, "geo-based": 0.978356340050697, "mixed": 0.021643659949302948, "none": 1.3224254888937659e-43}, "43": {"type-based": 4.4729729383574956e-45, "geo-based": 0.9672780644344251, "mixed": 0.03272193556557501, "none": 6.541073084858583e-45}, "44": {"type-based": 3.8634886729474394e-46, "geo-based": 0.950714201085203, "mixed": 0.04928579891479697, "none": 3.467861262076645e-46}, "45": {"type-based": 4.102021393340196e-47, "geo-based": 0.92625475765909, "mixed": 0.07374524234090996, "none": 2.2593517492368995e-47}, "46": {"type-based": 4.4164811240102367e-48, "geo-based": 0.8908304799450285, "mixed": 0.1091695200549715, "none": 1.4922668270071162e-48}, "47": {"type-based": 4.613478773038522e-49, "geo-based": 0.840979604224713, "mixed": 0.15902039577528695, "none": 9.560234373241866e-50}, "48": {"type-based": 4.0251819964194212e-50, "geo-based": 0.7736489363256576, "mixed": 0.22635106367434243, "none": 5.1143002392796097e-51}, "49": {"type-based": 2.9334118063079095e-51, "geo-based": 0.6876146651196645, "mixed": 0.3123853348803355, "none": 2.2847038968364604e-52}, "50": {"type-based": 3.374246636004611e-52, "geo-based": 0.5852419182121081, "mixed": 0.4147580817878918, "none": 1.6106078971413203e-53}, "51": {"type-based": 4.2791412370789795e-53, "geo-based": 0.4741400417552568, "mixed": 0.5258599582447432, "none": 1.2514969884570532e-54}, "52": {"type-based": 6.537312205458024e-54, "geo-based": 0.36485437161380635, "mixed": 0.6351456283861936, "none": 1.1712256373384613e-55}, "53": {"type-based": 9.533147311069097e-55, "geo-based": 0.2674225642147311, "mixed": 0.7325774357852689, "none": 1.046062023786332e-56}, "54": {"type-based": 8.349166514239221e-56, "geo-based": 0.18792160338808755, "mixed": 0.8120783966119125, "none": 5.609951701662158e-58}, "55": {"type-based": 5.740673622249929e-57, "geo-based": 0.12752708659945022, "mixed": 0.8724729134005498, "none": 2.3615223184995873e-59}, "56": {"type-based": 3.9948840949539796e-58, "geo-based": 0.0841638943527091, "mixed": 0.9158361056472909, "none": 1.0059305034616535e-60}, "57": {"type-based": 2.832986176595412e-59, "geo-based": 0.054384763592743676, "mixed": 0.9456152364072564, "none": 4.365833222677001e-62}, "58": {"type-based": 1.6007346115885043e-60,