{"0": {"type-based": 0.25, "geo-based": 0.25, "mixed": 0.25, "none": 0.25}, "1": {"type-based": 0.25, "geo-based": 0.25, "mixed": 0.25, "none": 0.25}, "2": {"type-based": 0.25, "geo-based": 0.25, "mixed": 0.25, "none": 0.25}, "3": {"type-based": 0.16856613504309179, "geo-based": 0.12982801779969733, "mixed": 0.6731102565650589, "none": 0.028495590592152117}, "4": {"type-based": 0.03799456387192787, "geo-based": 0.03644630400506108, "mixed": 0.9244742556123833, "none": 0.0010848765106278649}, "5": {"type-based": 0.004504195605256177, "geo-based": 0.008476901202535414, "mixed": 0.9869971887074909, "none": 2.171448471755779e-05}, "6": {"type-based": 0.00037561847666456923, "geo-based": 0.001969252515378576, "mixed": 0.9976548233429048, "none": 3.056650520766897e-07}, "7": {"type-based": 2.8517718831776216e-05, "geo-based": 0.0004730565419148899, "mixed": 0.9994984218226561, "none": 3.916597092495969e-09}, "8": {"type-based": 1.714209739848895e-06, "geo-based": 0.00011391896491458061, "mixed": 0.999884366785617, "none": 3.9728523326774304e-11}, "9": {"type-based": 1.23135421180668e-07, "geo-based": 2.75582992535371e-05, "mixed": 0.9999723185648437, "none": 4.815347311497956e-13}, "10": {"type-based": 1.2552493128591464e-08, "geo-based": 6.7545655386752934e-06, "mixed": 0.99999323288196, "none": 8.282301706190325e-15}, "11": {"type-based": 3.56519883214052e-09, "geo-based": 1.679550475541331e-06, "mixed": 0.9999983168843252, "none": 3.9687841140565305e-16}, "12": {"type-based": 3.745552513462733e-10, "geo-based": 4.3067135896581966e-07, "mixed": 0.9999995689540859, "none": 7.034331389195687e-18}, "13": {"type-based": 3.381189226821156e-11, "geo-based": 1.1147406131755782e-07, "mixed": 0.9999998884921268, "none": 1.0712563601608202e-19}, "14": {"type-based": 4.933332032661713e-12, "geo-based": 2.8965182233866442e-08, "mixed": 0.9999999710298846, "none": 2.636741584378352e-21}, "15": {"type-based": 6.643069648371452e-13, "geo-based": 7.63074643558336e-09, "mixed": 0.9999999923685893, "none": 5.989458435056173e-23}, "16": {"type-based": 7.831322158960852e-14, "geo-based": 2.0169405523134414e-09, "mixed": 0.9999999979829812, "none": 1.191064213173877e-24}, "17": {"type-based": 7.404291391458092e-15, "geo-based": 5.28327417377991e-10, "mixed": 0.9999999994716651, "none": 1.8995730823399e-26}, "18": {"type-based": 6.029615346852536e-16, "geo-based": 1.367180293879658e-10, "mixed": 0.9999999998632814, "none": 2.6093159157422313e-28}, "19": {"type-based": 4.9356688388389e-17, "geo-based": 3.5229079172630244e-11, "mixed": 0.9999999999647708, "none": 3.602803904505694e-30}, "20": {"type-based": 1.605664840724788e-17, "geo-based": 8.96452085927043e-12, "mixed": 0.9999999999910354, "none": 1.9769733170592652e-31}, "21": {"type-based": 1.714211088351292e-18, "geo-based": 2.1891948042863597e-12, "mixed": 0.9999999999978109, "none": 3.56004818045786e-33}, "22": {"type-based": 2.2313829323561414e-19, "geo-based": 5.191649297468305e-13, "mixed": 0.9999999999994809, "none": 7.816390566131287e-35}, "23": {"type-based": 1.7963977398368825e-20, "geo-based": 1.1956419153233773e-13, "mixed": 0.9999999999998805, "none": 1.0613792220631361e-36}, "24": {"type-based": 7.757994293351999e-22, "geo-based": 6.210773147485573e-10, "mixed": 0.9999999993789226, "none": 1.7782628743628873e-34}, "25": {"type-based": 2.95446787485459e-23, "geo-based": 1.5521462938224753e-10, "mixed": 0.9999999998447853, "none": 1.3207683948959066e-36}, "26": {"type-based": 3.2199666777854174e-24, "geo-based": 3.8371251374318806e-11, "mixed": 0.9999999999616287, "none": 2.7915377116521087e-38}, "27": {"type-based": 2.5936615976341733e-25, "geo-based": 9.377450090196986e-12, "mixed": 0.9999999999906226, "none": 4.3378861158068095e-40}, "28": {"type-based": 3.5055284071082435e-26, "geo-based": 2.2601948430934097e-12, "mixed": 0.9999999999977398, "none": 1.125597669304116e-41}, "29": {"type-based": 4.469605972075301e-27, "geo-based": 1.4369628128375595e-11, "mixed": 0.9999999999856304, "none": 7.398585199500333e-42}, "30": {"type-based": 2.219426096833628e-28, "geo-based": 3.661063131472012e-12, "mixed": 0.9999999999963389, "none": 7.846432518772082e-44}, "31": {"type-based": 4.1007180974287173e-29, "geo-based": 9.007610750908024e-13, "mixed": 0.9999999999990992, "none": 3.073034113393557e-45}, "32": {"type-based": 2.5478397384519448e-30, "geo-based": 2.082483780285539e-13, "mixed": 0.9999999999997917, "none": 4.0186745735160816e-47}, "33": {"type-based": 1.5882334682452872e-31, "geo-based": 4.5446238883191435e-14, "mixed": 0.9999999999999545, "none": 5.2377019961949084e-49}, "34": {"type-based": 8.2699314182375e-33, "geo-based": 9.280203595386586e-15, "mixed": 0.9999999999999907, "none": 5.666635772669433e-51}}