{"0": {"type-based": 0.25, "geo-based": 0.25, "mixed": 0.25, "none": 0.25}, "1": {"type-based": 0.25, "geo-based": 0.25, "mixed": 0.25, "none": 0.25}, "2": {"type-based": 0.25, "geo-based": 0.25, "mixed": 0.25, "none": 0.25}, "3": {"type-based": 0.16739703221462468, "geo-based": 0.1313395697492131, "mixed": 0.6729654407085541, "none": 0.02829795732760815}, "4": {"type-based": 0.04255397309166945, "geo-based": 0.036947029745480246, "mixed": 0.9192839337133353, "none": 0.001215063449514993}, "5": {"type-based": 0.007152853104947002, "geo-based": 0.008526982330301709, "mixed": 0.9842856810447077, "none": 3.448352004363576e-05}, "6": {"type-based": 0.001174748649104041, "geo-based": 0.0019206664786289827, "mixed": 0.9969036289033002, "none": 9.559689666865586e-07}, "7": {"type-based": 0.0002170031005079451, "geo-based": 0.0004282562562918077, "mixed": 0.9993547108401954, "none": 2.980300484500891e-08}, "8": {"type-based": 2.9671873482557793e-05, "geo-based": 0.00010127138415381758, "mixed": 0.9998690560546883, "none": 6.876753120681746e-10}, "9": {"type-based": 3.3970759077984162e-06, "geo-based": 2.4837773140223205e-05, "mixed": 0.9999717651376675, "none": 1.3284642374000967e-11}, "10": {"type-based": 3.100795614231341e-07, "geo-based": 6.189826254310602e-06, "mixed": 0.9999935000939799, "none": 2.0459461354174432e-13}, "11": {"type-based": 5.1168190690129616e-08, "geo-based": 1.5644164600067877e-06, "mixed": 0.9999983844153435, "none": 5.69604983950016e-15}, "12": {"type-based": 6.626806024670956e-09, "geo-based": 4.018443018605188e-07, "mixed": 0.9999995915288918, "none": 1.2445466846854772e-16}, "13": {"type-based": 6.164723860033639e-10, "geo-based": 1.0419772529513562e-07, "mixed": 0.9999998951858023, "none": 1.953158844618994e-18}, "14": {"type-based": 5.468247028238785e-11, "geo-based": 2.729483250661806e-08, "mixed": 0.999999972650485, "none": 2.922640162379527e-20}, "15": {"type-based": 5.002381341612595e-12, "geo-based": 7.198754015057908e-09, "mixed": 0.9999999927962435, "none": 4.510197349689724e-22}, "16": {"type-based": 4.603407926830059e-13, "geo-based": 1.8952945516760112e-09, "mixed": 0.9999999981042451, "none": 7.001313863731755e-24}, "17": {"type-based": 6.430402915739536e-14, "geo-based": 4.935877270998849e-10, "mixed": 0.999999999506348, "none": 1.6497217142791817e-25}, "18": {"type-based": 7.179788734273186e-15, "geo-based": 1.2937934252008306e-10, "mixed": 0.9999999998706135, "none": 3.1070534251882467e-27}, "19": {"type-based": 6.183541840911407e-16, "geo-based": 3.366005879659317e-11, "mixed": 0.9999999999663394, "none": 4.513691946429451e-29}, "20": {"type-based": 1.4436069402813193e-16, "geo-based": 8.667999744177462e-12, "mixed": 0.9999999999913318, "none": 1.7774396803566237e-30}, "21": {"type-based": 2.1424195639519442e-17, "geo-based": 2.148127329246081e-12, "mixed": 0.9999999999978519, "none": 4.4493451957308905e-32}, "22": {"type-based": 2.9080403895617914e-18, "geo-based": 5.171752328079876e-13, "mixed": 0.9999999999994829, "none": 1.0186678018056848e-33}, "23": {"type-based": 3.190632105221523e-19, "geo-based": 1.2168856479233428e-13, "mixed": 0.9999999999998783, "none": 1.8851452251533043e-35}, "24": {"type-based": 2.3593519868763537e-20, "geo-based": 2.796166492867317e-14, "mixed": 0.999999999999972, "none": 2.3512159816257863e-37}, "25": {"type-based": 1.2998230427575361e-21, "geo-based": 6.3164329541543e-15, "mixed": 0.9999999999999938, "none": 2.1848008102067242e-39}, "26": {"type-based": 1.033909466864663e-22, "geo-based": 1.4001705536782903e-15, "mixed": 0.9999999999999987, "none": 2.9311253367084193e-41}, "27": {"type-based": 8.886760810462563e-24, "geo-based": 3.0663798872490392e-16, "mixed": 0.9999999999999998, "none": 4.249289662972894e-43}, "28": {"type-based": 7.557505392387045e-25, "geo-based": 6.683174997043222e-17, "mixed": 1.0, "none": 6.094937129912723e-45}, "29": {"type-based": 8.32432952752571e-26, "geo-based": 1.4505226710489326e-17, "mixed": 1.0, "none": 1.1322833357915691e-46}, "30": {"type-based": 8.163910297866747e-27, "geo-based": 3.0884586024133328e-18, "mixed": 1.0, "none": 1.872908355569626e-48}, "31": {"type-based": 4.5840399932617365e-28, "geo-based": 6.462551242930701e-19, "mixed": 1.0, "none": 1.7736858102590514e-50}, "32": {"type-based": 1.0276481811165202e-28, "geo-based": 1.306281911329124e-19, "mixed": 1.0, "none": 6.706260827637601e-52}, "33": {"type-based": 7.390691604601796e-30, "geo-based": 2.4641222268909623e-20, "mixed": 1.0, "none": 8.134420036151043e-54}, "34": {"type-based": 4.062526696349613e-31, "geo-based": 4.357787442124341e-21, "mixed": 1.0, "none": 7.541213658817257e-56}, "35": {"type-based": 2.3858942005243117e-32, "geo-based": 7.285227475714238e-22, "mixed": 1.0, "none": 7.469607727330301e-58}, "36": {"type-based": 1.1026839529704986e-33, "geo-based": 1.130756104965326e-22, "mixed": 1.0, "none": 5.822338690603918e-60}, "37": {"type-based": 2.948131405653421e-35, "geo-based": 1.6535590990239236e-23, "mixed": 1.0, "none": 2.625375003974215e-62}, "38": {"type-based": 7.804533656816902e-37, "geo-based": 2.2992278890998387e-24, "mixed": 1.0, "none": 1.17216286278663e-64}, "39": {"type-based": 3.311039267811253e-38, "geo-based": 3.01337877829446e-25, "mixed": 1.0, "none": 8.386877499253805e-67}, "40": {"type-based": 1.1555919822716443e-39, "geo-based": 3.829175554560601e-26, "mixed": 1.0, "none": 4.936669035738778e-69}, "41": {"type-based": 3.3754055821278403e-40, "geo-based": 4.8596222690851056e-27, "mixed": 1.0, "none": 2.431910614211048e-70}, "42": {"type-based": 6.939984894567111e-41, "geo-based": 6.291367832578118e-28, "mixed": 1.0, "none": 8.432784761103149e-72}, "43": {"type-based": 3.954135610068449e-39, "geo-based": 8.306238399357302e-29, "mixed": 1.0, "none": 8.103145799466903e-71}, "44": {"type-based": 2.881766219022573e-38, "geo-based": 1.2809453637711405e-29, "mixed": 1.0, "none": 9.959768808652455e-71}, "45": {"type-based": 1.748738580823445e-37, "geo-based": 2.1953123504073504e-30, "mixed": 1.0, "none": 1.019301560955505e-70}, "46": {"type-based": 1.3630870677481839e-37, "geo-based": 4.06401037593585e-31, "mixed": 1.0, "none": 1.339946937062722e-71}, "47": {"type-based": 8.453646417717545e-38, "geo-based": 7.928839197664943e-32, "mixed": 1.0, "none": 1.4015004865432149e-72}, "48": {"type-based": 2.6972795114938854e-38, "geo-based": 1.6153063126834043e-32, "mixed": 1.0, "none": 7.541527309443791e-74}, "49": {"type-based": 5.596931191542228e-39, "geo-based": 3.398820463363199e-33, "mixed": 1.0, "none": 2.639165067192304e-75}, "50": {"type-based": 7.29274075112372e-40, "geo-based": 7.284575430610214e-34, "mixed": 1.0, "none": 5.799488387169718e-77}, "51": {"type-based": 9.005041533395938e-41, "geo-based": 1.589153723131662e-34, "mixed": 1.0, "none": 1.207719493069408e-78}, "52": {"type-based": 1.0192327050426118e-41, "geo-based": 3.528061392164868e-35, "mixed": 1.0, "none": 2.305336438776825e-80}, "53": {"type-based": 1.0677114886109021e-42, "geo-based": 7.95011316950489e-36, "mixed": 1.0, "none": 4.072814975376233e-82}, "54": {"type-based": 1.2728812035838858e-43, "geo-based": 1.8106259512641454e-36, "mixed": 1.0, "none": 8.188562397776222e-84}, "55": {"type-based": 2.391264928783206e-44, "geo-based": 4.170906115441233e-37, "mixed": 1.0, "none": 2.594333239092656e-85}, "56": {"type-based": 4.532862855685748e-45, "geo-based": 9.714483963731705e-38, "mixed": 1.0, "none": 8.293697678296004e-87}, "57": {"type-based": 7.623941337806833e-46, "geo-based": 2.2894564721950598e-38, "mixed": 1.0, "none": 2.3525129743683048e-88}}