{"0": {"type-based": 0.25, "geo-based": 0.25, "mixed": 0.25, "none": 0.25}, "1": {"type-based": 0.25, "geo-based": 0.25, "mixed": 0.25, "none": 0.25}, "2": {"type-based": 0.25, "geo-based": 0.25, "mixed": 0.25, "none": 0.25}, "3": {"type-based": 0.14168462680312768, "geo-based": 0.29813793507747843, "mixed": 0.47423828219169595, "none": 0.08593915592769792}, "4": {"type-based": 0.03960998656225214, "geo-based": 0.27061666666423423, "mixed": 0.6752021755022799, "none": 0.0145711712712338}, "5": {"type-based": 0.0061919584324303546, "geo-based": 0.20270231111190265, "mixed": 0.7897243422690939, "none": 0.0013813881865730893}, "6": {"type-based": 0.0007904573420560172, "geo-based": 0.1408325321508599, "mixed": 0.8582700680909089, "none": 0.00010694241617509705}, "7": {"type-based": 0.00022454256360752135, "geo-based": 0.09423449040873834, "mixed": 0.9055225446921943, "none": 1.8422335459926822e-05}, "8": {"type-based": 3.301078971190506e-05, "geo-based": 0.06146208850553267, "mixed": 0.9385032583398029, "none": 1.6423649524272458e-06}, "9": {"type-based": 3.619995588340926e-06, "geo-based": 0.03974401799866712, "mixed": 0.9602522527901868, "none": 1.0921555780758121e-07}, "10": {"type-based": 3.593578460857225e-07, "geo-based": 0.025660569105647766, "mixed": 0.9743390649620112, "none": 6.574494949285032e-09}, "11": {"type-based": 3.184262622808803e-08, "geo-based": 0.016620632344034547, "mixed": 0.9833793354600748, "none": 3.53264347546553e-10}, "12": {"type-based": 2.9592150190729628e-09, "geo-based": 0.010782425798870534, "mixed": 0.9892175712220068, "none": 1.99076756422851e-11}, "13": {"type-based": 2.485597893925741e-10, "geo-based": 0.007000403339240325, "mixed": 0.9929995964111857, "none": 1.0139717928170925e-12}, "14": {"type-based": 1.711012095156181e-11, "geo-based": 0.004539363160266081, "mixed": 0.9954606368225816, "none": 4.232502681996491e-14}, "15": {"type-based": 9.643749143127547e-13, "geo-based": 0.0029278606132607434, "mixed": 0.9970721393857733, "none": 1.4465640882817253e-15}, "16": {"type-based": 5.345943600245554e-14, "geo-based": 0.0018814283598157105, "mixed": 0.9981185716401308, "none": 4.8625313781990633e-17}, "17": {"type-based": 3.2401208024508182e-15, "geo-based": 0.0012042386106723014, "mixed": 0.9987957613893245, "none": 1.787081429558612e-18}, "18": {"type-based": 2.6896380202582463e-16, "geo-based": 0.0007703385455018988, "mixed": 0.9992296614544979, "none": 8.995411464943815e-20}, "19": {"type-based": 2.1156839778615102e-17, "geo-based": 0.0004958281873100712, "mixed": 0.99950417181269, "none": 4.290630671041886e-21}, "20": {"type-based": 1.5355902457594136e-18, "geo-based": 0.0003208498730128382, "mixed": 0.9996791501269872, "none": 1.888373920042226e-22}, "21": {"type-based": 1.1913296530385208e-19, "geo-based": 0.00020845963450537408, "mixed": 0.9997915403654947, "none": 8.883542252915233e-24}, "22": {"type-based": 8.005045221192869e-21, "geo-based": 0.00013629856953592607, "mixed": 0.999863701430464, "none": 3.6195860884074586e-25}, "23": {"type-based": 4.883027906525607e-22, "geo-based": 8.953408599676788e-05, "mixed": 0.9999104659140032, "none": 1.3388274775543814e-26}, "24": {"type-based": 2.8799371297275984e-23, "geo-based": 5.898203532773016e-05, "mixed": 0.9999410179646722, "none": 4.788044198223451e-28}, "25": {"type-based": 1.7226292840728483e-24, "geo-based": 3.8939504768447785e-05, "mixed": 0.9999610604952315, "none": 1.7366255715988524e-29}, "26": {"type-based": 5.659395027671347e-26, "geo-based": 0.39169691742452195, "mixed": 0.608303082575478, "none": 8.649290966035266e-27}, "27": {"type-based": 4.386881846575342e-28, "geo-based": 0.9147499972218534, "mixed": 0.08525000277814654, "none": 1.0245115405381903e-27}, "28": {"type-based": 3.193152019606727e-30, "geo-based": 0.9890375265029743, "mixed": 0.010962473497025815, "none": 5.751376241897376e-29}, "29": {"type-based": 2.691317331964314e-31, "geo-based": 0.9839309626271905, "mixed": 0.01606903737280955, "none": 3.018686613870378e-30}, "30": {"type-based": 1.8186774544544647e-32, "geo-based": 0.9764726509306384, "mixed": 0.023527349069361596, "none": 1.269025300018511e-31}, "31": {"type-based": 1.3250053049640044e-33, "geo-based": 0.9655442297216099, "mixed": 0.03445577027839015, "none": 5.746274735037129e-33}, "32": {"type-based": 9.35098436626327e-35, "geo-based": 0.9496230507211264, "mixed": 0.0503769492788736, "none": 2.518266662995757e-34}, "33": {"type-based": 6.06795629551298e-36, "geo-based": 0.9266657453367285, "mixed": 0.0733342546632714, "none": 1.0139340315498835e-35}, "34": {"type-based": 4.027002101587225e-37, "geo-based": 0.8941214468003531, "mixed": 0.10587855319964698, "none": 4.171982648313963e-37}, "35": {"type-based": 2.692166425148346e-38, "geo-based": 0.8491995919198081, "mixed": 0.15080040808019193, "none": 1.7280148233456158e-38}, "36": {"type-based": 2.030413108768036e-39, "geo-based": 0.7894725447938856, "mixed": 0.21052745520611438, "none": 8.069107687816804e-40}, "37": {"type-based": 1.4328105402114515e-40, "geo-based": 0.7139220215731078, "mixed": 0.2860779784268922, "none": 3.5233305981930453e-41}, "38": {"type-based": 1.1340596695478262e-41, "geo-based": 0.6241516774684982, "mixed": 0.37584832253150185, "none": 1.7245186110319246e-42}, "39": {"type-based": 8.824725446148527e-43, "geo-based": 0.5249161025569, "mixed": 0.4750838974430999, "none": 8.293901258660529e-44}, "40": {"type-based": 5.786913463585529e-44, "geo-based": 0.4233596174796717, "mixed": 0.5766403825203283, "none": 3.3597112487773825e-45}, "41": {"type-based": 3.248542152198633e-45, "geo-based": 0.3274448635246586, "mixed": 0.6725551364753414, "none": 1.1644601786713787e-46}, "42": {"type-based": 1.7433900477089222e-46, "geo-based": 0.243571589395733, "mixed": 0.756428410604267, "none": 3.856621389100079e-48}, "43": {"type-based": 6.622803285263608e-47, "geo-based": 0.17507722262264802, "mixed": 0.824922777377352, "none": 9.037247186415534e-49}, "44": {"type-based": 1.1867381144281003e-47, "geo-based": 0.12239052996180516, "mixed": 0.8776094700381948, "none": 9.984958288963175e-50}, "45": {"type-based": 2.0280931043624677e-48, "geo-based": 0.08367779649565231, "mixed": 0.9163222035043478, "none": 1.051720764845802e-50}, "46": {"type-based": 3.335055167516417e-49, "geo-based": 0.056242387910029217, "mixed": 0.9437576120899707, "none": 1.065538690448647e-51}, "47": {"type-based": 5.313035266126263e-50, "geo-based": 0.0373164806950889, "mixed": 0.9626835193049111, "none": 1.04544868316223e-52}, "48": {"type-based": 8.24090876812954e-51, "geo-based": 0.024517421593270115, "mixed": 0.9754825784067299, "none": 9.983350875954638e-54}, "49": {"type-based": 9.581416736949027e-52, "geo-based": 0.015987240413776097, "mixed": 0.984012759586224, "none": 7.143750641104442e-55}, "50": {"type-based": 9.829553854941878e-53, "geo-based": 0.010360280673459302, "mixed": 0.9896397193265408, "none": 4.509060974203632e-56}, "51": {"type-based": 1.0400685515905163e-53, "geo-based": 0.006678369139774383, "mixed": 0.9933216308602257, "none": 2.93451494649747e-57}, "52": {"type-based": 1.2493583024056517e-54, "geo-based": 0.0042865723407110425, "mixed": 0.9957134276592888, "none": 2.1674808716706387e-58}, "53": {"type-based": 1.5817593713330514e-55, "geo-based": 0.0027423488066809915, "mixed": 0.997257651193319, "none": 1.686862286749885e-59}, "54": {"type-based": 1.2534447439014608e-56, "geo-based": 0.00174982117491918, "mixed": 0.9982501788250808, "none": 8.214805384509794e-61}, "55": {"type-based": 1.1426408150083991e-57, "geo-based": 0.001112249221852427, "mixed": 0.9988877507781476, "none": 4.600883303785759e-62}, "56": {"type-based": 7.806789698912596e-59, "geo-based": 0.0007043947211151049, "mixed": 0.999295605278885, "none": 1.9307863855630483e-63}, "57": {"type-based": 1.272185178550685e-59, "geo-based": 0.0004440115558189132, "mixed": 0.999555988444181, "none": 1.9321342392554668e-64}, "58": {"type-based": 8.115615304227185e-61, "geo-based": 0.00027932480918629215,