{"0": {"type-based": 0.25, "geo-based": 0.25, "mixed": 0.25, "none": 0.25}, "1": {"type-based": 0.25, "geo-based": 0.25, "mixed": 0.25, "none": 0.25}, "2": {"type-based": 0.25, "geo-based": 0.25, "mixed": 0.25, "none": 0.25}, "3": {"type-based": 0.1938628892370787, "geo-based": 0.12429157736600163, "mixed": 0.6490736037249287, "none": 0.03277192967199092}, "4": {"type-based": 0.04526876913005364, "geo-based": 0.03637200056890708, "mixed": 0.9170666500135072, "none": 0.0012925802875320405}, "5": {"type-based": 0.006222665847740253, "geo-based": 0.008441634995168654, "mixed": 0.9853057000197766, "none": 2.99991373144505e-05}, "6": {"type-based": 0.0008054663701839978, "geo-based": 0.0019232222949013768, "mixed": 0.997270655874826, "none": 6.554600885839155e-07}, "7": {"type-based": 9.354036005583956e-05, "geo-based": 0.0004432335756317879, "mixed": 0.9994632132175659, "none": 1.2846746417090916e-08}, "8": {"type-based": 1.226333261785215e-05, "geo-based": 0.00010295425333026467, "mixed": 0.9998847821298369, "none": 2.8421498527670114e-10}, "9": {"type-based": 1.3253669099539806e-06, "geo-based": 2.3483725514819814e-05, "mixed": 0.9999751909023923, "none": 5.182994401936744e-12}, "10": {"type-based": 1.5250494456936132e-07, "geo-based": 5.254353113120906e-06, "mixed": 0.9999945931418418, "none": 1.0062478821297041e-13}, "11": {"type-based": 1.8158041944611774e-08, "geo-based": 1.2064272739796274e-06, "mixed": 0.9999987754146821, "none": 2.0213556607971804e-15}, "12": {"type-based": 2.3426924184675813e-09, "geo-based": 2.8512270944141077e-07, "mixed": 0.9999997125345981, "none": 4.399691301944211e-17}, "13": {"type-based": 3.0165542970192085e-10, "geo-based": 6.992779037343154e-08, "mixed": 0.9999999297705542, "none": 9.557297032708208e-19}, "14": {"type-based": 3.122467351086862e-11, "geo-based": 1.7690937297916432e-08, "mixed": 0.9999999822778382, "none": 1.6688800705012286e-20}, "15": {"type-based": 3.250035836002326e-12, "geo-based": 4.586223757178818e-09, "mixed": 0.9999999954105261, "none": 2.930265010385831e-22}, "16": {"type-based": 3.4511739880058535e-13, "geo-based": 1.216533440408479e-09, "mixed": 0.9999999987831214, "none": 5.248883581997576e-24}, "17": {"type-based": 4.36389392857888e-14, "geo-based": 3.282534069206777e-10, "mixed": 0.999999999671703, "none": 1.1195582403034708e-25}, "18": {"type-based": 1.5388554518926843e-14, "geo-based": 8.936675696871976e-11, "mixed": 0.9999999999106179, "none": 6.65939664749312e-27}, "19": {"type-based": 1.8982477842924533e-15, "geo-based": 2.3691036647945703e-11, "mixed": 0.9999999999763072, "none": 1.3856307528478734e-28}, "20": {"type-based": 1.7049339888051616e-16, "geo-based": 6.131397792430803e-12, "mixed": 0.9999999999938685, "none": 2.099198361778757e-30}, "21": {"type-based": 1.0727795454411496e-17, "geo-based": 1.5461483272686318e-12, "mixed": 0.9999999999984539, "none": 2.2279326593630807e-32}, "22": {"type-based": 7.407395607657257e-19, "geo-based": 3.8786697717370313e-13, "mixed": 0.9999999999996121, "none": 2.5947629296491136e-34}, "23": {"type-based": 8.031791148366649e-20, "geo-based": 9.736123760125363e-14, "mixed": 0.9999999999999027, "none": 4.7454837265610504e-36}, "24": {"type-based": 1.5288692278962923e-20, "geo-based": 2.4247863342854898e-14, "mixed": 0.9999999999999758, "none": 1.5235970649741067e-37}, "25": {"type-based": 1.719245449998567e-21, "geo-based": 6.016840726372972e-15, "mixed": 0.999999999999994, "none": 2.8897847849599647e-39}, "26": {"type-based": 1.3997118422732154e-22, "geo-based": 1.4704829904604854e-15, "mixed": 0.9999999999999984, "none": 3.9681722398958177e-41}, "27": {"type-based": 1.0537960540954985e-23, "geo-based": 3.5470521918342224e-16, "mixed": 0.9999999999999996, "none": 5.038826604039711e-43}, "28": {"type-based": 7.612530277043926e-25, "geo-based": 8.457436223973188e-17, "mixed": 1.0, "none": 6.139313308976019e-45}, "29": {"type-based": 7.907596883719809e-26, "geo-based": 1.986200576046298e-17, "mixed": 1.0, "none": 1.0755989594100831e-46}, "30": {"type-based": 7.52826655685244e-27, "geo-based": 4.570949579816682e-18, "mixed": 1.0, "none": 1.7270833243928e-48}, "31": {"type-based": 4.697188593028857e-28, "geo-based": 1.0305372962939932e-18, "mixed": 1.0, "none": 1.817465983676523e-50}, "32": {"type-based": 6.332295947683781e-29, "geo-based": 2.2798921968932724e-19, "mixed": 1.0, "none": 4.132350841785321e-52}, "33": {"type-based": 6.01014158194567e-30, "geo-based": 4.952600881478696e-20, "mixed": 1.0, "none": 6.614944679039611e-54}, "34": {"type-based": 3.44513252171202e-31, "geo-based": 1.062498459878041e-20, "mixed": 1.0, "none": 6.3951531573970965e-56}, "35": {"type-based": 8.224950193510327e-32, "geo-based": 2.212680568776187e-21, "mixed": 1.0, "none": 2.575015753374583e-57}, "36": {"type-based": 6.503232564504955e-33, "geo-based": 4.352982407706246e-22, "mixed": 1.0, "none": 3.4338055317039304e-59}, "37": {"type-based": 5.258210129704197e-34, "geo-based": 8.109314686503754e-23, "mixed": 1.0, "none": 4.682550246470352e-61}, "38": {"type-based": 2.952431821927979e-35, "geo-based": 1.412522869122646e-23, "mixed": 1.0, "none": 4.434257175059596e-63}}