{"0": {"type-based": 0.25, "geo-based": 0.25, "mixed": 0.25, "none": 0.25}, "1": {"type-based": 0.25, "geo-based": 0.25, "mixed": 0.25, "none": 0.25}, "2": {"type-based": 0.25, "geo-based": 0.25, "mixed": 0.25, "none": 0.25}, "3": {"type-based": 0.17129647400230627, "geo-based": 0.11830799751617198, "mixed": 0.6814383824224919, "none": 0.028957146059029795}, "4": {"type-based": 0.043555788853581315, "geo-based": 0.0263827613408481, "mixed": 0.9288177810431552, "none": 0.0012436687624155039}, "5": {"type-based": 0.009033563370574193, "geo-based": 0.0046872669203930845, "mixed": 0.9862356193859679, "none": 4.355032306468106e-05}, "6": {"type-based": 0.001543296467981706, "geo-based": 0.0008842872600826272, "mixed": 0.9975711603917685, "none": 1.255880167142737e-06}, "7": {"type-based": 0.000232481359259983, "geo-based": 0.00017544625959481377, "mixed": 0.9995920404523708, "none": 3.1928774566729524e-08}, "8": {"type-based": 2.834021491675626e-05, "geo-based": 3.529927655358164e-05, "mixed": 0.9999363598517169, "none": 6.568127943931737e-10}, "9": {"type-based": 3.298120933106029e-06, "geo-based": 7.453744772826642e-06, "mixed": 0.9999892481213962, "none": 1.2897667962596473e-11}, "10": {"type-based": 3.7125498475547924e-07, "geo-based": 1.6407287555408962e-06, "mixed": 0.9999979880160148, "none": 2.449589704748162e-13}, "11": {"type-based": 3.990021292124425e-08, "geo-based": 3.742336482855566e-07, "mixed": 0.9999995858661345, "none": 4.441697045385597e-15}, "12": {"type-based": 4.6534783169067675e-09, "geo-based": 8.75397123973382e-08, "mixed": 0.9999999078068093, "none": 8.739460593838096e-17}, "13": {"type-based": 6.64700507691845e-10, "geo-based": 2.0768389210999182e-08, "mixed": 0.9999999785669103, "none": 2.1059591720528073e-18}, "14": {"type-based": 7.329805456110468e-11, "geo-based": 4.911303744875468e-09, "mixed": 0.9999999950153982, "none": 3.917596205480273e-20}, "15": {"type-based": 8.171747700618854e-12, "geo-based": 1.1860607944613638e-09, "mixed": 0.9999999988057675, "none": 7.367729947949768e-22}, "16": {"type-based": 8.358357621180642e-13, "geo-based": 2.924192284050496e-10, "mixed": 0.999999999706745, "none": 1.2712209306963803e-23}, "17": {"type-based": 7.617920681544504e-14, "geo-based": 7.349132059504934e-11, "mixed": 0.9999999999264324, "none": 1.9543797380471137e-25}, "18": {"type-based": 1.0403789483525679e-14, "geo-based": 1.8756967375498266e-11, "mixed": 0.9999999999812326, "none": 4.502239682265277e-27}, "19": {"type-based": 1.1468167509503125e-15, "geo-based": 4.823892022476304e-12, "mixed": 0.999999999995175, "none": 8.371217768022503e-29}, "20": {"type-based": 1.2067515832825142e-16, "geo-based": 1.2551980176740747e-12, "mixed": 0.9999999999987448, "none": 1.4858117459878201e-30}, "21": {"type-based": 1.2145334113064862e-17, "geo-based": 3.3115959633904325e-13, "mixed": 0.9999999999996689, "none": 2.5223249869335004e-32}, "22": {"type-based": 9.703930679348105e-19, "geo-based": 8.790541680766295e-14, "mixed": 0.9999999999999121, "none": 3.3992243606684735e-34}, "23": {"type-based": 6.729447096720498e-20, "geo-based": 2.347818020057946e-14, "mixed": 0.9999999999999765, "none": 3.976009970420465e-36}, "24": {"type-based": 8.999372335583917e-21, "geo-based": 6.30164132312065e-15, "mixed": 0.9999999999999938, "none": 8.968338839530175e-38}, "25": {"type-based": 1.1978292810876617e-21, "geo-based": 1.6802635955967941e-15, "mixed": 0.9999999999999982, "none": 2.0133651256541308e-39}, "26": {"type-based": 1.796766228926063e-22, "geo-based": 4.439181915843948e-16, "mixed": 0.9999999999999996, "none": 5.093818353088556e-41}, "27": {"type-based": 1.2806324517161044e-23, "geo-based": 1.1821752493993838e-16, "mixed": 0.9999999999999998, "none": 6.123466530952607e-43}, "28": {"type-based": 9.474264018177424e-25, "geo-based": 3.1724644093514e-17, "mixed": 1.0, "none": 7.64075452743367e-45}, "29": {"type-based": 5.495641709072276e-26, "geo-based": 8.579043125992606e-18, "mixed": 1.0, "none": 7.475224888788401e-47}, "30": {"type-based": 2.8933541833570525e-27, "geo-based": 2.347601566113311e-18, "mixed": 1.0, "none": 6.63773489408348e-49}, "31": {"type-based": 1.3538490762740637e-28, "geo-based": 6.525998413262311e-19, "mixed": 1.0, "none": 5.238398660023478e-51}, "32": {"type-based": 6.703585586288467e-30, "geo-based": 1.8421889579802551e-19, "mixed": 1.0, "none": 4.374648274392755e-53}, "33": {"type-based": 3.3159870373783883e-31, "geo-based": 5.288131068808003e-20, "mixed": 1.0, "none": 3.649676219702204e-55}, "34": {"type-based": 1.9957461718068166e-32, "geo-based": 1.5413822398513554e-20, "mixed": 1.0, "none": 3.704676772680736e-57}, "35": {"type-based": 1.2454574015214276e-33, "geo-based": 4.523723449509736e-21, "mixed": 1.0, "none": 3.8991998171674076e-59}, "36": {"type-based": 1.6047500087728445e-34, "geo-based": 1.3305266505127693e-21, "mixed": 1.0, "none": 8.473323693207935e-61}, "37": {"type-based": 1.6128129696275136e-35, "geo-based": 3.874237214101436e-22, "mixed": 1.0, "none": 1.436244954490767e-62}, "38": {"type-based": 6.432999655182423e-37, "geo-based": 1.1141806390774298e-22, "mixed": 1.0, "none": 9.661721793636871e-65}, "39": {"type-based": 2.2293087031620094e-38, "geo-based": 3.21034880410282e-23, "mixed": 1.0, "none": 5.6468490673623635e-67}}