{"0": {"type-based": 0.25, "geo-based": 0.25, "mixed": 0.25, "none": 0.25}, "1": {"type-based": 0.25, "geo-based": 0.25, "mixed": 0.25, "none": 0.25}, "2": {"type-based": 0.25, "geo-based": 0.25, "mixed": 0.25, "none": 0.25}, "3": {"type-based": 0.1211324569506361, "geo-based": 0.3447801968981553, "mixed": 0.44018401507281957, "none": 0.09390333107838893}, "4": {"type-based": 0.035920452334022135, "geo-based": 0.3372315406023495, "mixed": 0.6076112895649056, "none": 0.01923671749872276}, "5": {"type-based": 0.006248757994084044, "geo-based": 0.27220158731338834, "mixed": 0.7193320412184243, "none": 0.0022176134741033362}, "6": {"type-based": 0.0010689436679197297, "geo-based": 0.20106230815386725, "mixed": 0.7976226973287077, "none": 0.0002460508495052643}, "7": {"type-based": 0.00016307108934961626, "geo-based": 0.1411373995863168, "mixed": 0.8586755005581708, "none": 2.4028766162918967e-05}, "8": {"type-based": 1.8446883952712828e-05, "geo-based": 0.09605780055296485, "mixed": 0.9039220278211905, "none": 1.7247418921045153e-06}, "9": {"type-based": 2.9058593486489593e-06, "geo-based": 0.06388857220874816, "mixed": 0.9361083506309068, "none": 1.7130099631243725e-07}, "10": {"type-based": 4.343354002107195e-07, "geo-based": 0.04196254718833193, "mixed": 0.9580370024101387, "none": 1.606612919715545e-08}, "11": {"type-based": 5.19264553539376e-08, "geo-based": 0.027406459487818436, "mixed": 0.9725934873849891, "none": 1.2007371889372043e-09}, "12": {"type-based": 5.880713745850703e-09, "geo-based": 0.017876998914156644, "mixed": 0.9821229951203764, "none": 8.475321196841016e-11}, "13": {"type-based": 6.294478616259223e-10, "geo-based": 0.011683453586382592, "mixed": 0.9883165457785296, "none": 5.640023234789329e-12}, "14": {"type-based": 5.572633079310724e-11, "geo-based": 0.007663484973917109, "mixed": 0.9923365149700467, "none": 3.0979995171389346e-13}, "15": {"type-based": 4.4348352559432796e-12, "geo-based": 0.005049298198936306, "mixed": 0.9949507017966137, "none": 1.5270005423870672e-14}, "16": {"type-based": 3.277619333442554e-13, "geo-based": 0.0033474310060971745, "mixed": 0.9966525689935745, "none": 6.979260521244164e-16}, "17": {"type-based": 2.2911986958252978e-14, "geo-based": 0.0022303548135164408, "mixed": 0.9977696451864607, "none": 3.013264989219258e-17}, "18": {"type-based": 1.6339997095167393e-15, "geo-based": 0.001490972817983381, "mixed": 0.998509027182015, "none": 1.325729074143604e-18}, "19": {"type-based": 1.094892147046108e-16, "geo-based": 0.0009991955667387256, "mixed": 0.9990008044332611, "none": 5.474755805798372e-20}, "20": {"type-based": 7.510198529855113e-18, "geo-based": 0.0006639724042778224, "mixed": 0.9993360275957223, "none": 2.3123100157097155e-21}, "21": {"type-based": 4.923734823594039e-19, "geo-based": 0.0004376781839762252, "mixed": 0.9995623218160238, "none": 9.326997102410861e-23}, "22": {"type-based": 3.123056388712704e-20, "geo-based": 0.00028687739480635454, "mixed": 0.9997131226051935, "none": 3.637185883749027e-24}, "23": {"type-based": 2.012382145557117e-21, "geo-based": 0.0001871670694840112, "mixed": 0.9998128329305159, "none": 1.439959458284296e-25}, "24": {"type-based": 1.3455518669851252e-22, "geo-based": 0.00012167026024224956, "mixed": 0.9998783297397579, "none": 5.912017776633797e-27}, "25": {"type-based": 9.055431805486819e-24, "geo-based": 7.877194133405192e-05, "mixed": 0.9999212280586659, "none": 2.441763672855551e-28}, "26": {"type-based": 5.630002356691935e-25, "geo-based": 5.073067770378659e-05, "mixed": 0.9999492693222961, "none": 9.312054124664956e-30}, "27": {"type-based": 3.3348635618578494e-26, "geo-based": 3.236571571617048e-05, "mixed": 0.9999676342842839, "none": 3.381878130584759e-31}, "28": {"type-based": 2.0583744706354975e-27, "geo-based": 2.0378170133814047e-05, "mixed": 0.9999796218298662, "none": 1.2792723621639213e-32}, "29": {"type-based": 3.3533775359259737e-28, "geo-based": 1.2575271949609322e-05, "mixed": 0.9999874247280505, "none": 1.2767597541291579e-33}, "30": {"type-based": 7.065009642377835e-29, "geo-based": 7.718064558510967e-06, "mixed": 0.9999922819354414, "none": 1.6472862744457582e-34}, "31": {"type-based": 1.7276010268181065e-29, "geo-based": 4.723599651906689e-06, "mixed": 0.999995276400348, "none": 2.4659355702767284e-35}, "32": {"type-based": 5.2063158563434376e-30, "geo-based": 2.8885062526370825e-06, "mixed": 0.9999971114937473, "none": 4.547920823517898e-36}, "33": {"type-based": 2.219318735860926e-30, "geo-based": 1.7686197080645943e-06, "mixed": 0.9999982313802919, "none": 1.1860887515345735e-36}, "34": {"type-based": 2.2743349048217003e-31, "geo-based": 1.0867391590007737e-06, "mixed": 0.9999989132608411, "none": 7.4344028227992e-38}, "35": {"type-based": 1.8573956026805126e-32, "geo-based": 6.660231947140988e-07, "mixed": 0.9999993339768053, "none": 3.7125865774969163e-39}, "36": {"type-based": 1.3950523068513271e-33, "geo-based": 4.0661096481002255e-07, "mixed": 0.9999995933890352, "none": 1.7046537257294718e-40}, "37": {"type-based": 8.789924189075625e-35, "geo-based": 2.4729134426535953e-07, "mixed": 0.9999997527086558, "none": 6.564526437170934e-42}, "38": {"type-based": 5.4113205329136314e-36, "geo-based": 1.4962944070955778e-07, "mixed": 0.9999998503705594, "none": 2.4694418094793396e-43}, "39": {"type-based": 3.2445797334494724e-37, "geo-based": 9.014516406647179e-08, "mixed": 0.9999999098548359, "none": 9.045676660255077e-45}, "40": {"type-based": 2.2451151872401102e-38, "geo-based": 5.416069209754949e-08, "mixed": 0.9999999458393078, "none": 3.82316325791938e-46}, "41": {"type-based": 1.2996515976340304e-39, "geo-based": 3.246088445565149e-08, "mixed": 0.9999999675391155, "none": 1.3515486148743008e-47}, "42": {"type-based": 7.986179433308186e-41, "geo-based": 1.9402451257665145e-08, "mixed": 0.9999999805975487, "none": 5.070925674664332e-49}, "43": {"type-based": 5.2325836906234244e-42, "geo-based": 1.1577863862215699e-08, "mixed": 0.9999999884221361, "none": 2.0283108282901681e-50}, "44": {"type-based": 3.002744769063512e-43, "geo-based": 6.903367852126001e-09, "mixed": 0.9999999930966321, "none": 7.104557915308954e-52}, "45": {"type-based": 1.8106171264313275e-44, "geo-based": 4.1116134900254996e-09, "mixed": 0.9999999958883865, "none": 2.6144418360349245e-53}, "46": {"type-based": 1.1645154144172133e-45, "geo-based": 2.4494336211807456e-09, "mixed": 0.9999999975505665, "none": 1.0260481619579256e-54}, "47": {"type-based": 6.605161184943523e-47, "geo-based": 1.4605362441169007e-09, "mixed": 0.9999999985394639, "none": 3.550710880193244e-56}, "48": {"type-based": 4.626212042465028e-48, "geo-based": 8.722601524444536e-10, "mixed": 0.9999999991277397, "none": 1.5170807086776225e-57}, "49": {"type-based": 3.2806664954949613e-49, "geo-based": 5.211771281859711e-10, "mixed": 0.9999999994788229, "none": 6.5620696451881635e-59}, "50": {"type-based": 1.4085433329780404e-50, "geo-based": 3.113789472731644e-10, "mixed": 0.9999999996886211, "none": 1.7182692515058826e-60}, "51": {"type-based": 6.01871917174118e-52, "geo-based": 1.8675034848724572e-10, "mixed": 0.9999999998132496, "none": 4.477299684220423e-62}, "52": {"type-based": 2.8289329112894935e-53, "geo-based": 1.127468001887138e-10, "mixed": 0.9999999998872533, "none": 1.2831477793923167e-63}, "53": {"type-based": 1.4225630429487153e-54, "geo-based": 6.837321397600449e-11, "mixed": 0.9999999999316267, "none": 3.933872514603855e-65}, "54": {"type-based": 7.5702730093024e-56, "geo-based": 4.167738386479401e-11, "mixed": 0.9999999999583227, "none": 1.2761732320626594e-66}, "55": {"type-based": 3.213149594833794e-57, "geo-based": 2.554753762765699e-11, "mixed": 0.9999999999744524, "none": 3.3016776581115305e-68}, "56": {"type-based": 1.2702343890580557e-58, "geo-based": 1.5847984891556097e-11, "mixed": 0.999999999984152, "none": 7.955200850202966e-70}, "57": {"type-based": 4.5583317926178974e-60, "geo-based": 9.960347312182036e-12, "mixed": 0.9999999999900397,