{"0": {"type-based": 0.25, "geo-based": 0.25, "mixed": 0.25, "none": 0.25}, "1": {"type-based": 0.25, "geo-based": 0.25, "mixed": 0.25, "none": 0.25}, "2": {"type-based": 0.25, "geo-based": 0.25, "mixed": 0.25, "none": 0.25}, "3": {"type-based": 0.0001967230135586097, "geo-based": 0.7604338105064238, "mixed": 0.0006044963728299506, "none": 0.2387649701071877}, "4": {"type-based": 8.47739639340856e-05, "geo-based": 0.9294371022178808, "mixed": 0.0010586582278644075, "none": 0.06941946559032071}, "5": {"type-based": 2.5859399611361777e-05, "geo-based": 0.9845150031160388, "mixed": 0.0016543243378830624, "none": 0.013804813146466756}, "6": {"type-based": 6.672298668324808e-06, "geo-based": 0.9952110709421746, "mixed": 0.002500719839920962, "none": 0.002281536919236008}, "7": {"type-based": 1.5648899863751053e-06, "geo-based": 0.9958906072112564, "mixed": 0.003768735921293302, "none": 0.000339091977464179}, "8": {"type-based": 3.5593022134388314e-07, "geo-based": 0.9942593110469808, "mixed": 0.005691810150884722, "none": 4.852287191322566e-05}, "9": {"type-based": 1.6908579846860607e-07, "geo-based": 0.9913794965864179, "mixed": 0.00860590705490086, "none": 1.4427272882759394e-05}, "10": {"type-based": 4.5644883697064416e-08, "geo-based": 0.9870373873195835, "mixed": 0.012960138929811883, "none": 2.428105720968741e-06}, "11": {"type-based": 1.1286709190074953e-08, "geo-based": 0.9805505195701419, "mixed": 0.01944909596467705, "none": 3.7317847186671055e-07}, "12": {"type-based": 2.246451511962408e-09, "geo-based": 0.9709299192859894, "mixed": 0.0290700324146128, "none": 4.605294632816526e-08}, "13": {"type-based": 4.30965286663842e-10, "geo-based": 0.9567288390994327, "mixed": 0.04327115500268615, "none": 5.4669160075958845e-09}, "14": {"type-based": 5.2545621436194265e-11, "geo-based": 0.9359312687587813, "mixed": 0.0640687307769086, "none": 4.117644804059616e-10}, "15": {"type-based": 5.8751762099972886e-12, "geo-based": 0.9062243268055522, "mixed": 0.09377567316017207, "none": 2.8400693153423647e-11}, "16": {"type-based": 6.375940152467564e-12, "geo-based": 0.8648266253047017, "mixed": 0.13517337466993273, "none": 1.89897305073491e-11}, "17": {"type-based": 2.606916709328479e-12, "geo-based": 0.8068226645914078, "mixed": 0.19317733540120646, "none": 4.778692798274922e-12}, "18": {"type-based": 3.2506202533998763e-13, "geo-based": 0.7289027131907863, "mixed": 0.2710972868085223, "none": 3.663982846385325e-13}, "19": {"type-based": 3.932633304901517e-14, "geo-based": 0.6312443052747351, "mixed": 0.3687556947251983, "none": 2.7234583376849538e-14}, "20": {"type-based": 2.544069814753269e-15, "geo-based": 0.5189841798530209, "mixed": 0.4810158201469755, "none": 1.0816841393098902e-15}, "21": {"type-based": 2.1824607236474557e-16, "geo-based": 0.40404464491982695, "mixed": 0.5959553550801727, "none": 5.693366629908341e-17}, "22": {"type-based": 1.446646983721214e-17, "geo-based": 0.2990686241644267, "mixed": 0.7009313758355733, "none": 2.3140983468951544e-18}, "23": {"type-based": 3.801771906185751e-18, "geo-based": 0.21153453622722843, "mixed": 0.7884654637727716, "none": 3.727101495964532e-19}, "24": {"type-based": 7.586075750675751e-19, "geo-based": 0.14520398261067893, "mixed": 0.8547960173893211, "none": 4.5557354454457325e-20}, "25": {"type-based": 1.0854538359763307e-19, "geo-based": 0.09733320814901766, "mixed": 0.9026667918509823, "none": 3.9913262742721e-21}, "26": {"type-based": 1.259511755647319e-20, "geo-based": 0.06407117871946283, "mixed": 0.9359288212805371, "none": 2.8346336333053645e-22}, "27": {"type-based": 1.4768099544759138e-21, "geo-based": 0.041607817418188905, "mixed": 0.958392182581811, "none": 2.033510587228026e-23}, "28": {"type-based": 1.6657709223630746e-22, "geo-based": 0.026761824746473654, "mixed": 0.9732381752535263, "none": 1.4028617858993364e-24}, "29": {"type-based": 1.8217394272109108e-23, "geo-based": 0.017091478221474055, "mixed": 0.982908521778526, "none": 9.380485760340591e-26}, "30": {"type-based": 1.922615300586396e-24, "geo-based": 0.010861099374345838, "mixed": 0.9891389006256541, "none": 6.051213115709649e-27}, "31": {"type-based": 1.9893602812826585e-25, "geo-based": 0.006878197908310119, "mixed": 0.9931218020916898, "none": 3.826086881538698e-28}, "32": {"type-based": 2.2681318118072967e-26, "geo-based": 0.004338748479051923, "mixed": 0.995661251520948, "none": 2.6649514365558317e-29}, "33": {"type-based": 2.4027293671945626e-27, "geo-based": 0.0027254088975369006, "mixed": 0.9972745911024631, "none": 1.7242529000627164e-30}, "34": {"type-based": 4.350700371103118e-30, "geo-based": 0.9820322802988923, "mixed": 0.017967719701107675, "none": 6.100928238724227e-29}, "35": {"type-based": 1.636694505205267e-30, "geo-based": 0.9717529122994918, "mixed": 0.028247087700508343, "none": 1.4135566614310428e-29}, "36": {"type-based": 5.315514749444294e-31, "geo-based": 0.9559821147077159, "mixed": 0.044017885292284044, "none": 2.8261540961434773e-30}, "37": {"type-based": 1.3220313808438717e-31, "geo-based": 0.9321637296596705, "mixed": 0.0678362703403294, "none": 4.3251896453447135e-31}, "38": {"type-based": 2.4651282675976932e-32, "geo-based": 0.896955883112961, "mixed": 0.103044116887039, "none": 4.96060508688902e-32}, "39": {"type-based": 4.355352310885328e-33, "geo-based": 0.846496829342003, "mixed": 0.15350317065799707, "none": 5.3886381496123325e-33}, "40": {"type-based": 7.4883865479956625e-34, "geo-based": 0.7774032216522325, "mixed": 0.2225967783477674, "none": 5.6943299220491385e-34}, "41": {"type-based": 9.470856073442273e-35, "geo-based": 0.6885284813657703, "mixed": 0.31147151863422967, "none": 4.4247502468054896e-35}, "42": {"type-based": 1.0939965658755941e-35, "geo-based": 0.5826251841354537, "mixed": 0.4173748158645462, "none": 3.139170980268405e-36}, "43": {"type-based": 1.1725668357850238e-36, "geo-based": 0.4679717599269728, "mixed": 0.5320282400730272, "none": 2.0658447301860312e-37}, "44": {"type-based": 1.1919412105064662e-37, "geo-based": 0.3561874226098023, "mixed": 0.6438125773901978, "none": 1.2889742621867978e-38}, "45": {"type-based": 1.1602496690119748e-38, "geo-based": 0.2574164024697532, "mixed": 0.7425835975302467, "none": 7.699184391963871e-40}, "46": {"type-based": 1.0278824532783915e-39, "geo-based": 0.17777427889044423, "mixed": 0.8222257211095557, "none": 4.1842815317591596e-41}, "47": {"type-based": 8.456638474882495e-41, "geo-based": 0.11837709348565616, "mixed": 0.8816229065143438, "none": 2.1112765125646545e-42}, "48": {"type-based": 6.58041338093837e-42, "geo-based": 0.07668013039390563, "mixed": 0.9233198696060944, "none": 1.0073055210911578e-43}, "49": {"type-based": 4.918331987508365e-43, "geo-based": 0.04868248275421719, "mixed": 0.9513175172457827, "none": 4.615110099424468e-45}, "50": {"type-based": 6.117846821480505e-44, "geo-based": 0.030467661042045888, "mixed": 0.9695323389579541, "none": 3.51818715423681e-46}, "51": {"type-based": 6.732264200032951e-45, "geo-based": 0.018943975575067468, "mixed": 0.9810560244249326, "none": 2.372147434282199e-47}, "52": {"type-based": 5.9809049265668624e-46, "geo-based": 0.01173043260386228, "mixed": 0.9882695673961378, "none": 1.2909683107876997e-48}, "53": {"type-based": 5.250580929628626e-47, "geo-based": 0.007239577494810413, "mixed": 0.9927604225051897, "none": 6.941220290127351e-50}, "54": {"type-based": 5.476202145810737e-48, "geo-based": 0.004458677402460675, "mixed": 0.9955413225975395, "none": 4.433051837679739e-51}, "55": {"type-based": 5.0199209375715625e-49, "geo-based": 0.002743455311027982, "mixed": 0.9972565446889721, "none": 2.4879028305704995e-52}, "56": {"type-based": 3.964289573410264e-50, "geo-based": 0.0016875918806959524, "mixed": 0.9983124081193041, "none": 1.2026423787969336e-53}, "57": {"type-based": 2.8062566585784946e-51, "geo-based": 0.001038302648974008, "mixed": 0.998961697351026, "none": 5.210236222119781e-55}, "58": {"type-based": 2.5285089153946892e-52, "geo-based": 0.0006390959613492722,