{"0": {"type-based": 0.25, "geo-based": 0.25, "mixed": 0.25, "none": 0.25}, "1": {"type-based": 0.25, "geo-based": 0.25, "mixed": 0.25, "none": 0.25}, "2": {"type-based": 0.25, "geo-based": 0.25, "mixed": 0.25, "none": 0.25}, "3": {"type-based": 0.16439032277110238, "geo-based": 0.11728122494804308, "mixed": 0.6905387700068938, "none": 0.027789682273960708}, "4": {"type-based": 0.030886526908195027, "geo-based": 0.026825787352988514, "mixed": 0.9414057683242483, "none": 0.0008819174145681818}, "5": {"type-based": 0.004874372212748345, "geo-based": 0.004608082697966132, "mixed": 0.9904940460030561, "none": 2.349908622926965e-05}, "6": {"type-based": 0.0005463082036438182, "geo-based": 0.000778264885203691, "mixed": 0.998674982344828, "none": 4.4456632431804385e-07}, "7": {"type-based": 8.61659789620928e-05, "geo-based": 0.0001403426951646102, "mixed": 0.9997734794919175, "none": 1.1833955747504011e-08}, "8": {"type-based": 1.2197643684795923e-05, "geo-based": 2.7356296434453034e-05, "mixed": 0.999960445777188, "none": 2.8269257862565425e-10}, "9": {"type-based": 1.6190875810225322e-06, "geo-based": 5.5867051150403775e-06, "mixed": 0.9999927942009724, "none": 6.331621685783953e-12}, "10": {"type-based": 2.0014073406653632e-07, "geo-based": 1.1739935701370375e-06, "mixed": 0.9999986258655638, "none": 1.3205551488905402e-13}, "11": {"type-based": 2.3769848106811505e-08, "geo-based": 2.5281704604315515e-07, "mixed": 0.9999997234131032, "none": 2.646062674243913e-15}, "12": {"type-based": 2.959219585292255e-09, "geo-based": 5.5329587523946573e-08, "mixed": 0.999999941711193, "none": 5.55755957005649e-17}, "13": {"type-based": 2.819345617508656e-10, "geo-based": 1.209678180750886e-08, "mixed": 0.9999999876212836, "none": 8.932484169444668e-19}, "14": {"type-based": 2.4810940136597756e-11, "geo-based": 2.71477923179127e-09, "mixed": 0.9999999972604099, "none": 1.326082192979675e-20}, "15": {"type-based": 2.114713211578256e-12, "geo-based": 6.24855210711327e-10, "mixed": 0.99999999937303, "none": 1.906646709013081e-22}, "16": {"type-based": 1.7539979457451858e-13, "geo-based": 1.47360116268671e-10, "mixed": 0.9999999998524645, "none": 2.6676519504016867e-24}, "17": {"type-based": 1.598558511244498e-14, "geo-based": 3.5363534375746754e-11, "mixed": 0.9999999999646205, "none": 4.1011064502519724e-26}, "18": {"type-based": 1.520476261765776e-15, "geo-based": 8.576099142447485e-12, "mixed": 0.9999999999914224, "none": 6.579860706047655e-28}, "19": {"type-based": 1.1515471609331455e-16, "geo-based": 2.1106387808179943e-12, "mixed": 0.9999999999978892, "none": 8.405747514876575e-30}, "20": {"type-based": 1.0565303382748971e-17, "geo-based": 5.256146214967373e-13, "mixed": 0.9999999999994744, "none": 1.3008519800995508e-31}, "21": {"type-based": 9.475169911940466e-19, "geo-based": 1.321585686175422e-13, "mixed": 0.9999999999998679, "none": 1.9677892433291758e-33}, "22": {"type-based": 8.207602068744373e-20, "geo-based": 3.345468588047463e-14, "mixed": 0.9999999999999665, "none": 2.8750700944437374e-35}, "23": {"type-based": 8.973064159183158e-21, "geo-based": 8.503008523659902e-15, "mixed": 0.9999999999999916, "none": 5.301623157052745e-37}, "24": {"type-based": 7.313032190963247e-22, "geo-based": 2.1534338859584665e-15, "mixed": 0.9999999999999978, "none": 7.287813881599406e-39}, "25": {"type-based": 4.894866223503008e-23, "geo-based": 5.411411386736947e-16, "mixed": 0.9999999999999996, "none": 8.227510468098215e-41}, "26": {"type-based": 2.743219538138633e-24, "geo-based": 1.3673652466341158e-16, "mixed": 0.9999999999999998, "none": 7.77700615971266e-43}, "27": {"type-based": 3.0069636466400445e-25, "geo-based": 3.4786821615403767e-17, "mixed": 1.0, "none": 1.437808422339854e-44}, "28": {"type-based": 1.9233362399824985e-26, "geo-based": 8.993887829553192e-18, "mixed": 1.0, "none": 1.551122077158513e-46}, "29": {"type-based": 8.884918558969092e-28, "geo-based": 2.337316841122655e-18, "mixed": 1.0, "none": 1.2085351968492064e-48}, "30": {"type-based": 6.648078085455889e-29, "geo-based": 6.105835561516479e-19, "mixed": 1.0, "none": 1.5251565169675126e-50}, "31": {"type-based": 8.807175738851641e-30, "geo-based": 1.6080869496355755e-19, "mixed": 1.0, "none": 3.4077282614072094e-52}, "32": {"type-based": 8.769541084939706e-31, "geo-based": 4.2599600285118047e-20, "mixed": 1.0, "none": 5.72285641476958e-54}, "33": {"type-based": 1.0114882589767418e-31, "geo-based": 1.1308237512524484e-20, "mixed": 1.0, "none": 1.1132747515846662e-55}, "34": {"type-based": 1.4546055562110643e-32, "geo-based": 3.0188584460949087e-21, "mixed": 1.0, "none": 2.7001647271750845e-57}, "35": {"type-based": 2.5166457086187575e-33, "geo-based": 8.159117510993989e-22, "mixed": 1.0, "none": 7.878956337594636e-59}, "36": {"type-based": 1.3777834971473857e-34, "geo-based": 2.232555026543795e-22, "mixed": 1.0, "none": 7.274906051826272e-61}, "37": {"type-based": 8.696966482078e-36, "geo-based": 6.169831782851822e-23, "mixed": 1.0, "none": 7.744837414188633e-63}, "38": {"type-based": 7.705272281678634e-37, "geo-based": 1.7245848463803525e-23, "mixed": 1.0, "none": 1.1572547974540416e-64}, "39": {"type-based": 3.464454272361439e-37, "geo-based": 4.882335111791468e-24, "mixed": 1.0, "none": 8.775478402365541e-66}, "40": {"type-based": 1.894121675067296e-37, "geo-based": 1.3948949476798993e-24, "mixed": 1.0, "none": 8.091655157424182e-67}, "41": {"type-based": 6.794076029752386e-38, "geo-based": 3.9979091768076363e-25, "mixed": 1.0, "none": 4.894992678211997e-68}, "42": {"type-based": 8.769588466841684e-39, "geo-based": 1.1471886605545788e-25, "mixed": 1.0, "none": 1.0655938464970005e-69}, "43": {"type-based": 1.3961601722407061e-39, "geo-based": 3.2995883697220745e-26, "mixed": 1.0, "none": 2.8611283351709387e-71}}