{"0": {"type-based": 0.25, "geo-based": 0.25, "mixed": 0.25, "none": 0.25}, "1": {"type-based": 0.25, "geo-based": 0.25, "mixed": 0.25, "none": 0.25}, "2": {"type-based": 0.25, "geo-based": 0.25, "mixed": 0.25, "none": 0.25}, "3": {"type-based": 0.1348867671584446, "geo-based": 0.3033862193783225, "mixed": 0.47991111588162777, "none": 0.08181589758160521}, "4": {"type-based": 0.03653409256364783, "geo-based": 0.2736295234747774, "mixed": 0.676396729819118, "none": 0.013439654142456587}, "5": {"type-based": 0.006268469765036425, "geo-based": 0.20491611633219137, "mixed": 0.7874169565042279, "none": 0.0013984573985444473}, "6": {"type-based": 0.0009882305020089874, "geo-based": 0.1431116800930518, "mixed": 0.8557663898970722, "none": 0.00013369950786703015}, "7": {"type-based": 9.077684444945838e-05, "geo-based": 0.09625301118373183, "mixed": 0.9036487642903923, "none": 7.447681426513746e-06}, "8": {"type-based": 7.465303637894323e-06, "geo-based": 0.06336425014190841, "mixed": 0.9366279131379209, "none": 3.71416532627922e-07}, "9": {"type-based": 9.722540383531072e-07, "geo-based": 0.04094333987635548, "mixed": 0.9590556585366238, "none": 2.933298246865368e-08}, "10": {"type-based": 1.2935650563393588e-07, "geo-based": 0.025950077127403104, "mixed": 0.9740497911494984, "none": 2.366592804946304e-09}, "11": {"type-based": 1.1920863029000974e-08, "geo-based": 0.016344964384603235, "mixed": 0.9836550235622827, "none": 1.3225089758511148e-10}, "12": {"type-based": 1.1569465696289957e-09, "geo-based": 0.010285870624478164, "mixed": 0.9897141282107921, "none": 7.783184694312535e-12}, "13": {"type-based": 1.0102765139936994e-10, "geo-based": 0.006497831599892107, "mixed": 0.9935021682986682, "none": 4.1213097687223823e-13}, "14": {"type-based": 7.93992920728027e-12, "geo-based": 0.004131955429072601, "mixed": 0.9958680445629677, "none": 1.9640873235094512e-14}, "15": {"type-based": 5.978819575793417e-13, "geo-based": 0.0026492082465428795, "mixed": 0.9973507917528585, "none": 8.968240007385423e-16}, "16": {"type-based": 5.366236750932331e-14, "geo-based": 0.0017109936036953906, "mixed": 0.9982890063962511, "none": 4.880989500722549e-17}, "17": {"type-based": 4.233374349750825e-15, "geo-based": 0.001111912932774635, "mixed": 0.9988880870672212, "none": 2.3349082167205087e-18}, "18": {"type-based": 3.738932719039896e-16, "geo-based": 0.0007273912926872388, "mixed": 0.9992726087073123, "none": 1.250474524608175e-19}, "19": {"type-based": 2.377572462807281e-16, "geo-based": 0.0004786603623342087, "mixed": 0.9995213396376655, "none": 4.821743435357847e-20}, "20": {"type-based": 1.9373996896634805e-17, "geo-based": 0.0003138995956972938, "mixed": 0.9996861004043026, "none": 2.3824943253980623e-21}, "21": {"type-based": 1.1277100741229866e-18, "geo-based": 0.00020725629935365055, "mixed": 0.9997927437006463, "none": 8.409141891967825e-23}, "22": {"type-based": 6.404437355411188e-20, "geo-based": 0.00013793660860811203, "mixed": 0.9998620633913918, "none": 2.8958502688219692e-24}, "23": {"type-based": 3.589117208489505e-21, "geo-based": 9.238940498899247e-05, "mixed": 0.999907610595011, "none": 9.84063337517981e-26}, "24": {"type-based": 2.1364086675978423e-22, "geo-based": 6.213840517232826e-05, "mixed": 0.9999378615948277, "none": 3.551889734097663e-27}, "25": {"type-based": 1.3655581057963818e-23, "geo-based": 4.190513543196082e-05, "mixed": 0.9999580948645681, "none": 1.3766532056294712e-28}, "26": {"type-based": 9.235913439363227e-25, "geo-based": 2.8151771613826645e-05, "mixed": 0.9999718482283863, "none": 5.645897276814622e-30}, "27": {"type-based": 6.20368138167151e-26, "geo-based": 1.881064784314699e-05, "mixed": 0.9999811893521569, "none": 2.299539750900075e-31}, "28": {"type-based": 3.416721550134806e-27, "geo-based": 1.2526578385914602e-05, "mixed": 0.9999874734216141, "none": 7.679606026979444e-33}, "29": {"type-based": 1.7551668554935107e-28, "geo-based": 8.295955655670209e-06, "mixed": 0.9999917040443443, "none": 2.392132916515939e-34}, "30": {"type-based": 9.048590677457814e-30, "geo-based": 5.466104196133084e-06, "mixed": 0.999994533895804, "none": 7.477992717279915e-36}, "31": {"type-based": 4.64986599435624e-31, "geo-based": 3.5871638265345134e-06, "mixed": 0.9999964128361735, "none": 2.330136725656668e-37}, "32": {"type-based": 2.5687050602521144e-32, "geo-based": 2.347136943030181e-06, "mixed": 0.9999976528630569, "none": 7.805339160147256e-39}, "33": {"type-based": 1.3613245383495983e-33, "geo-based": 1.5317610753808572e-06, "mixed": 0.9999984682389247, "none": 2.508277001621066e-40}, "34": {"type-based": 6.389176062387818e-35, "geo-based": 9.970862251807037e-07, "mixed": 0.9999990029137747, "none": 7.138298384106612e-42}, "35": {"type-based": 3.130876889417783e-36, "geo-based": 6.470601396587481e-07, "mixed": 0.9999993529398604, "none": 2.121053387892957e-43}, "36": {"type-based": 1.8345437561256432e-37, "geo-based": 4.185202440844254e-07, "mixed": 0.999999581479756, "none": 7.536144450434752e-45}, "37": {"type-based": 1.6030989952601906e-38, "geo-based": 2.697768112709104e-07, "mixed": 0.9999997302231889, "none": 3.993160700074972e-46}, "38": {"type-based": 1.3987456825236723e-39, "geo-based": 1.733101477800342e-07, "mixed": 0.9999998266898523, "none": 2.1126633597462392e-47}, "39": {"type-based": 1.329935435685007e-40, "geo-based": 1.1088349020550899e-07, "mixed": 0.9999998891165097, "none": 1.2180272194437778e-48}, "40": {"type-based": 2.3639525992985685e-39, "geo-based": 7.062837975198497e-08, "mixed": 0.9999999293716203, "none": 1.31280403895634e-47}, "41": {"type-based": 9.543779018623175e-39, "geo-based": 4.503099735976195e-08, "mixed": 0.9999999549690026, "none": 3.2137792221649697e-47}, "42": {"type-based": 8.450730441765817e-40, "geo-based": 2.8738456107456038e-08, "mixed": 0.9999999712615438, "none": 1.7255369530971783e-48}, "43": {"type-based": 7.641879415462016e-41, "geo-based": 1.828515461035216e-08, "mixed": 0.9999999817148454, "none": 9.461595642467406e-50}, "44": {"type-based": 9.308052029148109e-42, "geo-based": 1.1599857583797875e-08, "mixed": 0.9999999884001424, "none": 6.988066631325592e-51}, "45": {"type-based": 7.52724132814565e-43, "geo-based": 7.346904585034533e-09, "mixed": 0.9999999926530954, "none": 3.4266358796303806e-52}, "46": {"type-based": 5.869704147187464e-44, "geo-based": 4.639552589862079e-09, "mixed": 0.9999999953604475, "none": 1.6202501499157538e-53}, "47": {"type-based": 4.723868723596355e-45, "geo-based": 2.9210691552887297e-09, "mixed": 0.9999999970789308, "none": 7.906736809094573e-55}, "48": {"type-based": 3.9764719936364204e-46, "geo-based": 1.833691950434113e-09, "mixed": 0.9999999981663081, "none": 4.0358114167364184e-56}, "49": {"type-based": 2.8870666985769724e-47, "geo-based": 1.1481100605717205e-09, "mixed": 0.99999999885189, "none": 1.7767368207783743e-57}, "50": {"type-based": 1.836804347319135e-48, "geo-based": 7.164721239231074e-10, "mixed": 0.9999999992835278, "none": 6.854289018672765e-59}, "51": {"type-based": 1.514343932916693e-49, "geo-based": 4.4523307357750647e-10, "mixed": 0.9999999995547668, "none": 3.4265506063966034e-60}, "52": {"type-based": 1.0522000097506592e-50, "geo-based": 2.7573957679535694e-10, "mixed": 0.9999999997242603, "none": 1.4436567080879441e-61}, "53": {"type-based": 6.295471487016565e-52, "geo-based": 1.7002753361740737e-10, "mixed": 0.9999999998299725, "none": 5.237533213888787e-63}, "54": {"type-based": 3.420212490893907e-53, "geo-based": 1.0426910335926336e-10, "mixed": 0.999999999895731, "none": 1.7253786203748592e-64}, "55": {"type-based": 2.669865844838112e-54, "geo-based": 6.348453844490786e-11, "mixed": 0.9999999999365154, "none": 8.166828944805952e-66}, "56": {"type-based": 3.0815304854947372e-55, "geo-based": 3.850820123924026e-11, "mixed": 0.9999999999614917, "none": 5.715616610628321e-67}, "57": {"type-based": 3.7280253439122146e-56, "geo-based": 2.332890820778307e-11, "mixed": 0.9999999999766711, "none": 4.192837076242766e-68},