{"0": {"type-based": 0.25, "geo-based": 0.25, "mixed": 0.25, "none": 0.25}, "1": {"type-based": 0.25, "geo-based": 0.25, "mixed": 0.25, "none": 0.25}, "2": {"type-based": 0.25, "geo-based": 0.25, "mixed": 0.25, "none": 0.25}, "3": {"type-based": 0.16439032277110238, "geo-based": 0.11728122494804308, "mixed": 0.6905387700068938, "none": 0.027789682273960708}, "4": {"type-based": 0.030886526908195027, "geo-based": 0.026825787352988514, "mixed": 0.9414057683242483, "none": 0.0008819174145681818}, "5": {"type-based": 0.004874372212748345, "geo-based": 0.004608082697966132, "mixed": 0.9904940460030561, "none": 2.349908622926965e-05}, "6": {"type-based": 0.0005463082036438182, "geo-based": 0.000778264885203691, "mixed": 0.998674982344828, "none": 4.4456632431804385e-07}, "7": {"type-based": 5.940773859638549e-05, "geo-based": 0.00014034645132763254, "mixed": 0.9998002376510722, "none": 8.159003797986174e-09}, "8": {"type-based": 4.270020123234887e-06, "geo-based": 2.7999949709645027e-05, "mixed": 0.9999677299312051, "none": 9.896198238068964e-11}, "9": {"type-based": 2.5519638441370224e-07, "geo-based": 5.984767556877854e-06, "mixed": 0.9999937600350607, "none": 9.979737851284082e-13}, "10": {"type-based": 1.4173541740526119e-08, "geo-based": 1.381047507244422e-06, "mixed": 0.9999986047789418, "none": 9.351891113402406e-15}, "11": {"type-based": 8.794521030437453e-10, "geo-based": 3.346413197676857e-07, "mixed": 0.9999996644792282, "none": 9.790072587727285e-17}, "12": {"type-based": 2.9922719906647446e-10, "geo-based": 8.288482298936862e-08, "mixed": 0.9999999168159497, "none": 5.619633609003865e-18}, "13": {"type-based": 6.258675136958991e-11, "geo-based": 1.989929130716932e-08, "mixed": 0.9999999800381221, "none": 1.9829252658985675e-19}, "14": {"type-based": 6.7491331581140704e-12, "geo-based": 4.719593569522369e-09, "mixed": 0.9999999952736573, "none": 3.607241503042463e-21}, "15": {"type-based": 8.367658865798763e-13, "geo-based": 1.1317165878606996e-09, "mixed": 0.9999999988674466, "none": 7.54436542566091e-23}, "16": {"type-based": 8.437637684306744e-14, "geo-based": 2.742022260048731e-10, "mixed": 0.9999999997257134, "none": 1.283278619563083e-24}, "17": {"type-based": 8.148763876841444e-15, "geo-based": 6.721189357424304e-11, "mixed": 0.99999999993278, "none": 2.090567712212025e-26}, "18": {"type-based": 8.202873407350047e-16, "geo-based": 1.6636137818439672e-11, "mixed": 0.9999999999833631, "none": 3.549793296149485e-28}, "19": {"type-based": 6.743048884914705e-17, "geo-based": 4.1178721282850134e-12, "mixed": 0.999999999995882, "none": 4.9221055228977886e-30}, "20": {"type-based": 5.386150318773434e-18, "geo-based": 1.0400309662685227e-12, "mixed": 0.9999999999989599, "none": 6.631692487629462e-32}, "21": {"type-based": 4.754062773136679e-19, "geo-based": 2.673497884966641e-13, "mixed": 0.9999999999997327, "none": 9.873167103104935e-34}, "22": {"type-based": 5.44801760826531e-20, "geo-based": 6.914864157142758e-14, "mixed": 0.9999999999999309, "none": 1.9084054475758394e-35}, "23": {"type-based": 5.634379774001715e-21, "geo-based": 1.795044916223174e-14, "mixed": 0.999999999999982, "none": 3.329003086967382e-37}, "24": {"type-based": 5.246187544912998e-22, "geo-based": 4.69280249032553e-15, "mixed": 0.9999999999999953, "none": 5.228096556519452e-39}, "25": {"type-based": 4.729724790900465e-23, "geo-based": 1.2342513081872048e-15, "mixed": 0.9999999999999987, "none": 7.949933348844115e-41}, "26": {"type-based": 3.2499614663220173e-24, "geo-based": 3.2532014005054986e-16, "mixed": 0.9999999999999998, "none": 9.213615604227227e-43}, "27": {"type-based": 2.224385140988621e-25, "geo-based": 8.601954496138314e-17, "mixed": 1.0, "none": 1.063611026297158e-44}, "28": {"type-based": 1.45831415804859e-26, "geo-based": 2.282275967643218e-17, "mixed": 1.0, "none": 1.1760935186260414e-46}, "29": {"type-based": 1.0402835306566712e-27, "geo-based": 6.093891692738453e-18, "mixed": 1.0, "none": 1.4150036977345367e-48}, "30": {"type-based": 7.898068894898941e-29, "geo-based": 1.6447063280997486e-18, "mixed": 1.0, "none": 1.811920842636656e-50}, "31": {"type-based": 8.102064038071378e-30, "geo-based": 4.496472362559891e-19, "mixed": 1.0, "none": 3.134901972770995e-52}, "32": {"type-based": 4.323661107500788e-31, "geo-based": 1.2494179390157136e-19, "mixed": 1.0, "none": 2.821549208184222e-54}, "33": {"type-based": 2.4732383034417726e-32, "geo-based": 3.500921886472839e-20, "mixed": 1.0, "none": 2.7221213231473926e-56}, "34": {"type-based": 1.1718078591602519e-33, "geo-based": 9.853925719646104e-21, "mixed": 1.0, "none": 2.1752111662303814e-58}, "35": {"type-based": 8.808509296179893e-35, "geo-based": 2.7814418155436097e-21, "mixed": 1.0, "none": 2.7577127724501407e-60}, "36": {"type-based": 5.7948750136716425e-36, "geo-based": 7.673452138082376e-22, "mixed": 1.0, "none": 3.059781989973059e-62}, "37": {"type-based": 3.4250360167616116e-37, "geo-based": 2.065312841673029e-22, "mixed": 1.0, "none": 3.0500689110648255e-64}, "38": {"type-based": 6.366643627029574e-36, "geo-based": 5.418413546049581e-23, "mixed": 1.0, "none": 9.562061678961272e-64}, "39": {"type-based": 2.820547431925597e-37, "geo-based": 1.4280401292096386e-23, "mixed": 1.0, "none": 7.144459451860354e-66}, "40": {"type-based": 1.2043824134918473e-38, "geo-based": 3.7379134236788346e-24, "mixed": 1.0, "none": 5.145100917181599e-68}}