{"0": {"type-based": 0.25, "geo-based": 0.25, "mixed": 0.25, "none": 0.25}, "1": {"type-based": 0.25, "geo-based": 0.25, "mixed": 0.25, "none": 0.25}, "2": {"type-based": 0.25, "geo-based": 0.25, "mixed": 0.25, "none": 0.25}, "3": {"type-based": 0.1570420994799637, "geo-based": 0.11987960673932996, "mixed": 0.6965308062241513, "none": 0.02654748755655513}, "4": {"type-based": 0.034587747372786935, "geo-based": 0.027300926245045338, "mixed": 0.9371237262926722, "none": 0.00098760008949573}, "5": {"type-based": 0.0045878514838102276, "geo-based": 0.0052578968906074565, "mixed": 0.9901321338403744, "none": 2.2117785207944128e-05}, "6": {"type-based": 0.000406688312506186, "geo-based": 0.0010606147011153154, "mixed": 0.9985323660377913, "none": 3.3094858731402274e-07}, "7": {"type-based": 2.8406799798273886e-05, "geo-based": 0.00023179519239957574, "mixed": 0.9997397941064385, "none": 3.901363575163103e-09}, "8": {"type-based": 2.167482735255319e-06, "geo-based": 5.2562168703226515e-05, "mixed": 0.9999452702983279, "none": 5.023357784419196e-11}, "9": {"type-based": 1.3820262102031713e-07, "geo-based": 1.2304240429888593e-05, "mixed": 0.9999875575564088, "none": 5.404566884095217e-13}, "10": {"type-based": 1.2712172921901073e-08, "geo-based": 2.9794820713663785e-06, "mixed": 0.9999970078057474, "none": 8.387660554908589e-15}, "11": {"type-based": 1.19844852257732e-09, "geo-based": 7.460829627924489e-07, "mixed": 0.9999992527185886, "none": 1.3341145001620255e-16}, "12": {"type-based": 8.40590392575924e-11, "geo-based": 1.9116117537598826e-07, "mixed": 0.9999998087547656, "none": 1.578669999339199e-18}, "13": {"type-based": 5.652033398904507e-12, "geo-based": 5.028316054290372e-08, "mixed": 0.9999999497111874, "none": 1.7907240086974562e-20}, "14": {"type-based": 1.3148967780610937e-12, "geo-based": 1.3404869209076722e-08, "mixed": 0.9999999865938158, "none": 7.027791745872419e-22}, "15": {"type-based": 1.633866156098363e-13, "geo-based": 3.5291657205342856e-09, "mixed": 0.999999996470671, "none": 1.4731101656890163e-23}, "16": {"type-based": 1.664701298458491e-14, "geo-based": 9.231060989991785e-10, "mixed": 0.9999999990768773, "none": 2.5318408590166975e-25}, "17": {"type-based": 1.69373239587405e-15, "geo-based": 2.3916090455483334e-10, "mixed": 0.9999999997608373, "none": 4.345275324524785e-27}}