{"0": {"type-based": 0.25, "geo-based": 0.25, "mixed": 0.25, "none": 0.25}, "1": {"type-based": 0.25, "geo-based": 0.25, "mixed": 0.25, "none": 0.25}, "2": {"type-based": 0.25, "geo-based": 0.25, "mixed": 0.25, "none": 0.25}, "3": {"type-based": 0.15190243368753303, "geo-based": 0.2872297394964994, "mixed": 0.4687310352033612, "none": 0.09213679161260648}, "4": {"type-based": 0.04897611386781791, "geo-based": 0.25660334989741856, "mixed": 0.6764038842410586, "none": 0.01801665199370488}, "5": {"type-based": 0.010281256397446653, "geo-based": 0.1902304139656485, "mixed": 0.7971946439984198, "none": 0.0022936856384850332}, "6": {"type-based": 0.0015713658518029694, "geo-based": 0.13212724264211187, "mixed": 0.8660887985526818, "none": 0.00021259295340309473}, "7": {"type-based": 0.00018934920816063435, "geo-based": 0.08994202194585353, "mixed": 0.9098530939087527, "none": 1.5534937233120086e-05}, "8": {"type-based": 2.075707072396723e-05, "geo-based": 0.06078540056040474, "mixed": 0.9391928096554534, "none": 1.0327134179344674e-06}, "9": {"type-based": 1.805653654817247e-06, "geo-based": 0.040905947218247266, "mixed": 0.9590921926513821, "none": 5.4476715870403655e-08}, "10": {"type-based": 1.465361569389125e-07, "geo-based": 0.027380871339727577, "mixed": 0.972618979443219, "none": 2.6808965886686276e-09}, "11": {"type-based": 1.0965280097410335e-08, "geo-based": 0.018178641681629398, "mixed": 0.9818213472314409, "none": 1.2164959295536898e-10}, "12": {"type-based": 8.015504984753889e-10, "geo-based": 0.011990398707638092, "mixed": 0.9880096004854189, "none": 5.392310876942918e-12}, "13": {"type-based": 5.482251237587019e-11, "geo-based": 0.007858698127721723, "mixed": 0.992141301817232, "none": 2.236422926505709e-13}, "14": {"type-based": 3.5182678653921757e-12, "geo-based": 0.005122450469531098, "mixed": 0.9948775495269421, "none": 8.703081771549486e-15}, "15": {"type-based": 2.1324394436587084e-13, "geo-based": 0.0033322632249177947, "mixed": 0.9966677367748689, "none": 3.198662961728339e-16}, "16": {"type-based": 1.3219779589668186e-14, "geo-based": 0.0021446110216377977, "mixed": 0.997855388978349, "none": 1.2024367983359282e-17}, "17": {"type-based": 9.00012356307334e-16, "geo-based": 0.0013626853345355646, "mixed": 0.9986373146654635, "none": 4.963998154369861e-19}, "18": {"type-based": 6.001208816856162e-17, "geo-based": 0.0008554806553591793, "mixed": 0.9991445193446408, "none": 2.007085793258031e-20}, "19": {"type-based": 3.9787078831875165e-18, "geo-based": 0.0005328801269109438, "mixed": 0.9994671198730891, "none": 8.068863900919494e-22}, "20": {"type-based": 2.7399196677749295e-19, "geo-based": 0.000329868184113257, "mixed": 0.9996701318158866, "none": 3.369383764923683e-23}, "21": {"type-based": 1.9325518224611538e-20, "geo-based": 0.00020341712289833027, "mixed": 0.9997965828771017, "none": 1.441070968643713e-24}, "22": {"type-based": 1.4584025915372478e-21, "geo-based": 0.00012511791009701506, "mixed": 0.999874882089903, "none": 6.594358414928462e-26}, "23": {"type-based": 1.9674066710039746e-22, "geo-based": 7.68844724699616e-05, "mixed": 0.99992311552753, "none": 5.394231122750397e-27}, "24": {"type-based": 2.340204668032905e-23, "geo-based": 4.750524708885092e-05, "mixed": 0.9999524947529111, "none": 3.8907111088533472e-28}, "25": {"type-based": 2.745281260818484e-24, "geo-based": 2.9496649589317236e-05, "mixed": 0.9999705033504107, "none": 2.767586550889555e-29}, "26": {"type-based": 2.8774067346410715e-25, "geo-based": 1.8406311759287934e-05, "mixed": 0.9999815936882408, "none": 1.758953562531237e-30}, "27": {"type-based": 2.2109588097002782e-26, "geo-based": 1.1536675473896317e-05, "mixed": 0.9999884633245262, "none": 8.195436479909337e-32}, "28": {"type-based": 1.4533902819993758e-27, "geo-based": 7.161760959523625e-06, "mixed": 0.9999928382390404, "none": 3.266717701580156e-33}, "29": {"type-based": 9.025672698213899e-29, "geo-based": 4.416050066377222e-06, "mixed": 0.9999955839499336, "none": 1.2301171645031972e-34}, "30": {"type-based": 5.447975578886863e-30, "geo-based": 2.710975377800607e-06, "mixed": 0.9999972890246223, "none": 4.502349941005465e-36}, "31": {"type-based": 3.365958370536998e-31, "geo-based": 1.657927413986655e-06, "mixed": 0.999998342072586, "none": 1.686746075207183e-37}, "32": {"type-based": 2.0157469459323173e-32, "geo-based": 1.0121462155019797e-06, "mixed": 0.9999989878537844, "none": 6.125105142467591e-39}, "33": {"type-based": 1.9244894602114536e-33, "geo-based": 6.16616792947066e-07, "mixed": 0.9999993833832072, "none": 3.5459234862266773e-40}, "34": {"type-based": 1.4342798572357585e-34, "geo-based": 3.768005716328938e-07, "mixed": 0.9999996231994285, "none": 1.6024472462942778e-41}, "35": {"type-based": 8.303723149402374e-36, "geo-based": 2.306567431992393e-07, "mixed": 0.9999997693432569, "none": 5.625465561324043e-43}, "36": {"type-based": 4.664242495136308e-37, "geo-based": 1.4101105132086422e-07, "mixed": 0.9999998589889486, "none": 1.9160298072931913e-44}, "37": {"type-based": 2.6109798438753956e-38, "geo-based": 8.606746777343564e-08, "mixed": 0.9999999139325323, "none": 6.5036919941172555e-46}, "38": {"type-based": 1.4461867549241546e-39, "geo-based": 5.2457392974785054e-08, "mixed": 0.999999947542607, "none": 2.1843182836254204e-47}, "39": {"type-based": 7.833361890794632e-41, "geo-based": 3.193014776266041e-08, "mixed": 0.9999999680698523, "none": 7.174218948325902e-49}, "40": {"type-based": 4.241557930241956e-42, "geo-based": 1.9406899685115844e-08, "mixed": 0.9999999805931002, "none": 2.3555186275482716e-50}, "41": {"type-based": 3.173133508534407e-43, "geo-based": 1.1722340261204235e-08, "mixed": 0.9999999882776597, "none": 1.0685233301173477e-51}, "42": {"type-based": 1.9229546212817867e-44, "geo-based": 7.0315606886038395e-09, "mixed": 0.9999999929684393, "none": 3.926440774576848e-53}, "43": {"type-based": 1.0872291944558322e-45, "geo-based": 4.199007607980814e-09, "mixed": 0.9999999958009924, "none": 1.3461247488167443e-54}, "44": {"type-based": 5.83484037556386e-47, "geo-based": 2.507472866556112e-09, "mixed": 0.9999999974925271, "none": 4.380535605076633e-56}, "45": {"type-based": 7.122637437351734e-48, "geo-based": 1.4970936716955545e-09, "mixed": 0.9999999985029062, "none": 3.2424475231273965e-57}, "46": {"type-based": 7.116599975609095e-49, "geo-based": 8.973667034496034e-10, "mixed": 0.9999999991026334, "none": 1.9644383921626e-58}, "47": {"type-based": 4.67451326513055e-50, "geo-based": 5.398048329756826e-10, "mixed": 0.9999999994601951, "none": 7.824126422774562e-60}, "48": {"type-based": 3.302315933276086e-51, "geo-based": 3.2351405798331856e-10, "mixed": 0.9999999996764859, "none": 3.3515951744446716e-61}, "49": {"type-based": 1.5834746790275186e-52, "geo-based": 1.9359293734999716e-10, "mixed": 0.9999999998064071, "none": 9.74490048458228e-63}, "50": {"type-based": 1.3481949836645631e-53, "geo-based": 1.1587407428818623e-10, "mixed": 0.999999999884126, "none": 5.0309757188070084e-64}, "51": {"type-based": 9.234515846553058e-55, "geo-based": 6.957785315415096e-11, "mixed": 0.9999999999304221, "none": 2.0895210913441903e-65}, "52": {"type-based": 5.328492452226641e-56, "geo-based": 4.1992744423314366e-11, "mixed": 0.9999999999580071, "none": 7.310885574384163e-67}, "53": {"type-based": 2.6858025814120165e-57, "geo-based": 2.5510509772643956e-11, "mixed": 0.9999999999744895, "none": 2.2344601599903437e-68}, "54": {"type-based": 1.2178935526994315e-58, "geo-based": 1.5614777702707937e-11, "mixed": 0.9999999999843852, "none": 6.143850720721678e-70}, "55": {"type-based": 5.09149108295095e-60, "geo-based": 9.63562467958212e-12, "mixed": 0.9999999999903644, "none": 1.557431690017613e-71}, "56": {"type-based": 1.97471342971671e-61, "geo-based": 5.995892090172538e-12, "mixed": 0.9999999999940041, "none": 3.662694538719638e-73}, "57": {"type-based": 7.638282833601996e-63, "geo-based": 3.760819498303577e-12, "mixed": 0.9999999999962392, "none": 8.590627077107454e-75},