{"0": {"type-based": 0.25, "geo-based": 0.25, "mixed": 0.25, "none": 0.25}, "1": {"type-based": 0.25, "geo-based": 0.25, "mixed": 0.25, "none": 0.25}, "2": {"type-based": 0.25, "geo-based": 0.25, "mixed": 0.25, "none": 0.25}, "3": {"type-based": 0.18302837771094913, "geo-based": 0.2701997651844453, "mixed": 0.43575554823468937, "none": 0.11101630886991631}, "4": {"type-based": 0.06366046356206409, "geo-based": 0.25698320255404883, "mixed": 0.6559378074395238, "none": 0.02341852644436324}, "5": {"type-based": 0.012407739118840565, "geo-based": 0.19607946286352343, "mixed": 0.7887447070448225, "none": 0.002768090972813541}, "6": {"type-based": 0.0016922560454957663, "geo-based": 0.13730097655664647, "mixed": 0.8607778189895586, "none": 0.00022894840829931483}, "7": {"type-based": 0.0001653252740937984, "geo-based": 0.09317240906139364, "mixed": 0.9066487017432211, "none": 1.3563921291483305e-05}, "8": {"type-based": 1.7000343073605626e-05, "geo-based": 0.06212697233837573, "mixed": 0.9378551815112287, "none": 8.458073219999272e-07}, "9": {"type-based": 3.7960767042841217e-06, "geo-based": 0.04063135119999939, "mixed": 0.9593647381953572, "none": 1.1452793922568431e-07}, "10": {"type-based": 7.024440750111176e-07, "geo-based": 0.025787147175539614, "mixed": 0.9742121375290868, "none": 1.2851298708569571e-08}, "11": {"type-based": 1.1218972571163957e-07, "geo-based": 0.016178017393862664, "mixed": 0.9838218691717708, "none": 1.2446407520240772e-09}, "12": {"type-based": 1.4610069926284493e-08, "geo-based": 0.010141058039894901, "mixed": 0.9898589272517483, "none": 9.82870563068079e-11}, "13": {"type-based": 1.3976571491425661e-09, "geo-based": 0.006389234896672013, "mixed": 0.9936107636999693, "none": 5.701585637495932e-12}, "14": {"type-based": 1.2034121817131594e-10, "geo-based": 0.004050733917420163, "mixed": 0.995949265961941, "none": 2.976861064318349e-13}, "15": {"type-based": 9.23681337108193e-12, "geo-based": 0.0025893379437834556, "mixed": 0.9974106620469657, "none": 1.3855236500308104e-14}, "16": {"type-based": 6.34667800909103e-13, "geo-based": 0.0016687298941326205, "mixed": 0.998331270105232, "none": 5.772773391233228e-16}, "17": {"type-based": 3.7518876570240015e-14, "geo-based": 0.0010825573752300012, "mixed": 0.9989174426247325, "none": 2.0693453011338882e-17}, "18": {"type-based": 2.1255324473977944e-15, "geo-based": 0.0007027631240176137, "mixed": 0.9992972368759802, "none": 7.108777762070895e-19}, "19": {"type-based": 3.188602564399013e-16, "geo-based": 0.00045505796344452444, "mixed": 0.9995449420365553, "none": 6.466521514428543e-20}, "20": {"type-based": 3.221627483718575e-17, "geo-based": 0.0002937155034477252, "mixed": 0.9997062844965523, "none": 3.961758247127186e-21}, "21": {"type-based": 2.6390759555757174e-18, "geo-based": 0.00018864532345354, "mixed": 0.9998113546765465, "none": 1.9679139774800412e-22}, "22": {"type-based": 1.9411174608202754e-19, "geo-based": 0.00012062112619555483, "mixed": 0.9998793788738044, "none": 8.777016947448169e-24}, "23": {"type-based": 1.385490878938167e-20, "geo-based": 7.685077166578043e-05, "mixed": 0.9999231492283343, "none": 3.798735731459743e-25}, "24": {"type-based": 9.568161016368502e-22, "geo-based": 4.889092239946756e-05, "mixed": 0.9999511090776005, "none": 1.590756178987291e-26}, "25": {"type-based": 6.72080031382829e-23, "geo-based": 3.102420442701935e-05, "mixed": 0.999968975795573, "none": 6.775406522179047e-28}, "26": {"type-based": 4.893700121663601e-24, "geo-based": 1.9639255871941225e-05, "mixed": 0.999980360744128, "none": 2.9915100841777506e-29}, "27": {"type-based": 3.6886670491925583e-25, "geo-based": 1.2401126846607869e-05, "mixed": 0.9999875988731535, "none": 1.367290804539696e-30}, "28": {"type-based": 2.878239265477405e-26, "geo-based": 7.80765794321197e-06, "mixed": 0.9999921923420568, "none": 6.469284454677633e-32}, "29": {"type-based": 2.436843167103442e-27, "geo-based": 4.897997763262654e-06, "mixed": 0.9999951020022367, "none": 3.321195779290197e-33}, "30": {"type-based": 2.395432384855927e-28, "geo-based": 3.0609755932261886e-06, "mixed": 0.9999969390244068, "none": 1.9796481648036827e-34}, "31": {"type-based": 2.342960231743364e-29, "geo-based": 1.9064157802525676e-06, "mixed": 0.9999980935842196, "none": 1.1741021546351272e-35}, "32": {"type-based": 7.230054479047627e-29, "geo-based": 1.182752670509891e-06, "mixed": 0.9999988172473295, "none": 2.196944609505682e-35}, "33": {"type-based": 6.009929319803776e-29, "geo-based": 7.370925768754288e-07, "mixed": 0.9999992629074232, "none": 1.1073456086017226e-35}, "34": {"type-based": 2.3046673322919412e-29, "geo-based": 4.614419343530297e-07, "mixed": 0.9999995385580656, "none": 2.5748864851056397e-36}, "35": {"type-based": 5.907075486525535e-30, "geo-based": 2.900540262609662e-07, "mixed": 0.9999997099459739, "none": 4.0018253402369824e-37}, "36": {"type-based": 6.34763833659318e-31, "geo-based": 1.8301345759026887e-07, "mixed": 0.9999998169865425, "none": 2.6075540179379273e-38}, "37": {"type-based": 7.2404483179328e-32, "geo-based": 1.1548919960575517e-07, "mixed": 0.9999998845108005, "none": 1.803523909601141e-39}, "38": {"type-based": 8.905746293583797e-33, "geo-based": 7.294714956965823e-08, "mixed": 0.9999999270528503, "none": 1.345122570938262e-40}, "39": {"type-based": 7.4939462849061814e-34, "geo-based": 4.611474557110799e-08, "mixed": 0.9999999538852543, "none": 6.863363672510804e-42}, "40": {"type-based": 5.666143616067318e-35, "geo-based": 2.9130705733495473e-08, "mixed": 0.9999999708692944, "none": 3.1466520211475548e-43}, "41": {"type-based": 4.04453490264289e-36, "geo-based": 1.837688322650781e-08, "mixed": 0.9999999816231168, "none": 1.3619596815968525e-44}, "42": {"type-based": 2.5675025799068985e-37, "geo-based": 1.1571750709278378e-08, "mixed": 0.9999999884282492, "none": 5.242529754476418e-46}, "43": {"type-based": 1.5752260569114038e-38, "geo-based": 7.264129330299506e-09, "mixed": 0.9999999927358707, "none": 1.9503254612756768e-47}, "44": {"type-based": 9.643314216905968e-40, "geo-based": 0.00019537914770270006, "mixed": 0.9998046208522973, "none": 3.1131719480225653e-44}, "45": {"type-based": 5.864030580054291e-41, "geo-based": 0.005240159654624586, "mixed": 0.9947598403453755, "none": 4.963079310985127e-44}, "46": {"type-based": 3.5264724838662735e-42, "geo-based": 0.0033054482199255408, "mixed": 0.9966945517800745, "none": 1.833204713105683e-45}, "47": {"type-based": 2.574271236917272e-43, "geo-based": 0.0020771016825165654, "mixed": 0.9979228983174835, "none": 8.217014334024392e-47}, "48": {"type-based": 1.6608941282399257e-44, "geo-based": 0.0013033186900779602, "mixed": 0.9986966813099221, "none": 3.254395550393244e-48}, "49": {"type-based": 1.0516953085112898e-45, "geo-based": 0.0008161359700718694, "mixed": 0.9991838640299282, "none": 1.2646535209292298e-49}, "50": {"type-based": 6.5785047243308605e-47, "geo-based": 0.0005102497782831783, "mixed": 0.9994897502217168, "none": 4.853460653577912e-51}, "51": {"type-based": 3.8523533931798117e-48, "geo-based": 0.0003186225890633986, "mixed": 0.9996813774109367, "none": 1.7433604562851452e-52}, "52": {"type-based": 2.029252164329713e-49, "geo-based": 0.0001986957971707453, "mixed": 0.9998013042028293, "none": 5.631604985754726e-54}, "53": {"type-based": 1.0823819096821122e-50, "geo-based": 0.00012362776285969893, "mixed": 0.9998763722371403, "none": 1.841680030713447e-55}, "54": {"type-based": 7.764569766615293e-52, "geo-based": 7.675990636368163e-05, "mixed": 0.9999232400936364, "none": 8.098316309496333e-57}, "55": {"type-based": 4.866290447401865e-53, "geo-based": 4.757511875535892e-05, "mixed": 0.9999524248812446, "none": 3.1104902012765524e-58}, "56": {"type-based": 2.782445858571915e-54, "geo-based": 2.945769802863397e-05, "mixed": 0.9999705423019712, "none": 1.0897432275284208e-59}, "57": {"type-based": 1.3946554130347774e-55, "geo-based": 1.8231021881373238e-05, "mixed": 0.9999817689781186, "none": 3.346165295298014e-61},