{"0": {"type-based": 0.25, "geo-based": 0.25, "mixed": 0.25, "none": 0.25}, "1": {"type-based": 0.25, "geo-based": 0.25, "mixed": 0.25, "none": 0.25}, "2": {"type-based": 0.25, "geo-based": 0.25, "mixed": 0.25, "none": 0.25}, "3": {"type-based": 0.1744329569624824, "geo-based": 0.1289778126850432, "mixed": 0.6671018714229318, "none": 0.02948735892954256}, "4": {"type-based": 0.043983383611346544, "geo-based": 0.036149102806231195, "mixed": 0.9186116355073711, "none": 0.0012558780750511426}, "5": {"type-based": 0.006240879768773784, "geo-based": 0.008239557465729918, "mixed": 0.9854894758198484, "none": 3.008694564796689e-05}, "6": {"type-based": 0.0006078416302868949, "geo-based": 0.0018267300747381852, "mixed": 0.9975649336549208, "none": 4.946400539873899e-07}, "7": {"type-based": 7.85238040567287e-05, "geo-based": 0.00040590635939290854, "mixed": 0.9995155590521638, "none": 1.0784386523848459e-08}, "8": {"type-based": 1.4872956583505298e-05, "geo-based": 9.372554455210312e-05, "mixed": 0.9998914011541687, "none": 3.4469562786288736e-10}, "9": {"type-based": 2.2727634337933098e-06, "geo-based": 2.2793852132150314e-05, "mixed": 0.9999749333755461, "none": 8.887893658584153e-12}, "10": {"type-based": 4.1942920447395206e-07, "geo-based": 5.690055178608532e-06, "mixed": 0.9999938905153402, "none": 2.767449605631029e-13}, "11": {"type-based": 5.469821098881471e-08, "geo-based": 1.4171638046420378e-06, "mixed": 0.9999985281379783, "none": 6.0890121718508376e-15}, "12": {"type-based": 5.421595372184722e-09, "geo-based": 3.485736698940593e-07, "mixed": 0.9999996460047348, "none": 1.0182022109955533e-16}, "13": {"type-based": 5.479572844857799e-10, "geo-based": 8.649641109132159e-08, "mixed": 0.9999999129556316, "none": 1.736083628344332e-18}, "14": {"type-based": 6.345470571963172e-11, "geo-based": 2.1728931824381222e-08, "mixed": 0.9999999782076134, "none": 3.391494028533328e-20}, "15": {"type-based": 6.43196143970537e-12, "geo-based": 5.525419995706801e-09, "mixed": 0.9999999944681479, "none": 5.799121150030924e-22}, "16": {"type-based": 6.831306127340518e-13, "geo-based": 1.4290065695200177e-09, "mixed": 0.9999999985703103, "none": 1.0389719759134982e-23}, "17": {"type-based": 9.40501589749218e-14, "geo-based": 3.752380040625563e-10, "mixed": 0.999999999624668, "none": 2.4128595287950724e-25}, "18": {"type-based": 1.3481884335772007e-14, "geo-based": 9.957022138532078e-11, "mixed": 0.9999999999004163, "none": 5.834285165452382e-27}, "19": {"type-based": 1.4098780615339652e-15, "geo-based": 2.643934084265857e-11, "mixed": 0.9999999999735592, "none": 1.0291440432552252e-28}, "20": {"type-based": 1.4392630894553168e-16, "geo-based": 6.9746205320612535e-12, "mixed": 0.9999999999930251, "none": 1.7720913181340216e-30}, "21": {"type-based": 1.6444636507011754e-17, "geo-based": 1.8291025527439538e-12, "mixed": 0.9999999999981708, "none": 3.415197735734211e-32}, "22": {"type-based": 1.6206458143843156e-18, "geo-based": 4.714519598863547e-13, "mixed": 0.9999999999995286, "none": 5.677017812992709e-34}, "23": {"type-based": 7.515892101063184e-19, "geo-based": 1.193802034273429e-13, "mixed": 0.9999999999998805, "none": 4.4406712023926636e-35}, "24": {"type-based": 1.9384961760831783e-19, "geo-based": 3.095027350783619e-14, "mixed": 0.9999999999999691, "none": 1.931811452839447e-36}, "25": {"type-based": 3.5574941131511694e-20, "geo-based": 8.116163721644463e-15, "mixed": 0.9999999999999918, "none": 5.979595502653483e-38}, "26": {"type-based": 5.0666760073705494e-21, "geo-based": 2.1361582443752517e-15, "mixed": 0.9999999999999978, "none": 1.4363987267794744e-39}, "27": {"type-based": 6.122527725566311e-22, "geo-based": 5.613079311895721e-16, "mixed": 0.9999999999999993, "none": 2.9275451798909947e-41}, "28": {"type-based": 1.3405978169192086e-21, "geo-based": 1.4658589169655193e-16, "mixed": 0.9999999999999998, "none": 1.0811582640551778e-41}, "29": {"type-based": 1.3734511594736956e-21, "geo-based": 3.844143987672245e-17, "mixed": 1.0, "none": 1.8681815217109942e-42}, "30": {"type-based": 6.474196591129312e-22, "geo-based": 9.9822579669128e-18, "mixed": 1.0, "none": 1.4852658160997834e-43}, "31": {"type-based": 9.449030519385039e-23, "geo-based": 2.5595060094211434e-18, "mixed": 1.0, "none": 3.6560787815057425e-45}, "32": {"type-based": 1.1937987723981439e-23, "geo-based": 6.501606093609714e-19, "mixed": 1.0, "none": 7.790531906276758e-47}, "33": {"type-based": 1.2388248341810891e-24, "geo-based": 1.640457245697434e-19, "mixed": 1.0, "none": 1.3634883027955934e-48}, "34": {"type-based": 1.0739510333555847e-25, "geo-based": 4.111896027572582e-20, "mixed": 1.0, "none": 1.993560856823245e-50}, "35": {"type-based": 9.000081287009631e-27, "geo-based": 1.015991213166151e-20, "mixed": 1.0, "none": 2.817688928254845e-52}, "36": {"type-based": 8.880712101053708e-28, "geo-based": 2.482143492984894e-21, "mixed": 1.0, "none": 4.689150823931759e-54}, "37": {"type-based": 1.074319227025451e-28, "geo-based": 6.008377456294531e-22, "mixed": 1.0, "none": 9.567045890535493e-56}, "38": {"type-based": 1.2035586970126493e-29, "geo-based": 1.4311217393880977e-22, "mixed": 1.0, "none": 1.8076247343617425e-57}, "39": {"type-based": 1.174458898779779e-30, "geo-based": 3.3531106844241197e-23, "mixed": 1.0, "none": 2.974909723280284e-59}, "40": {"type-based": 1.7739624203442752e-31, "geo-based": 7.667282371932877e-24, "mixed": 1.0, "none": 7.578336891765651e-61}, "41": {"type-based": 3.1222700175539773e-32, "geo-based": 1.6847986655478883e-24, "mixed": 1.0, "none": 2.2495316226074936e-62}, "42": {"type-based": 5.988979123475297e-33, "geo-based": 3.5379926714004175e-25, "mixed": 1.0, "none": 7.277216399497308e-64}, "43": {"type-based": 7.397792086888425e-34, "geo-based": 7.080569773323848e-26, "mixed": 1.0, "none": 1.516017501310779e-65}}