{"0": {"type-based": 0.25, "geo-based": 0.25, "mixed": 0.25, "none": 0.25}, "1": {"type-based": 0.25, "geo-based": 0.25, "mixed": 0.25, "none": 0.25}, "2": {"type-based": 0.25, "geo-based": 0.25, "mixed": 0.25, "none": 0.25}, "3": {"type-based": 0.14378133504279125, "geo-based": 0.296167612324195, "mixed": 0.47284013320909896, "none": 0.08721091942391485}, "4": {"type-based": 0.04452628729621237, "geo-based": 0.2668523129861879, "mixed": 0.6722416880697405, "none": 0.016379711647859313}, "5": {"type-based": 0.008458405477742395, "geo-based": 0.2003920916780028, "mixed": 0.7892624841357632, "none": 0.0018870187084916086}, "6": {"type-based": 0.0012730898853830534, "geo-based": 0.13972080374192963, "mixed": 0.8588338677190533, "none": 0.00017223865363412964}, "7": {"type-based": 0.00016776542917362243, "geo-based": 0.09436355261665687, "mixed": 0.905454917833171, "none": 1.3764120998534555e-05}, "8": {"type-based": 3.068093403175189e-05, "geo-based": 0.06206732477321636, "mixed": 0.9379004678436362, "none": 1.5264491156147408e-06}, "9": {"type-based": 4.653419583655186e-06, "geo-based": 0.039883515359414735, "mixed": 0.9601116908269589, "none": 1.403940427934465e-07}, "10": {"type-based": 4.962627059778146e-07, "geo-based": 0.02537259651096582, "mixed": 0.9746268981471425, "none": 9.079185801863287e-09}, "11": {"type-based": 4.742697766771629e-08, "geo-based": 0.01610781351480441, "mixed": 0.9838921385320597, "none": 5.26158244671163e-10}, "12": {"type-based": 4.587607977018615e-09, "geo-based": 0.010220075850018906, "mixed": 0.9897799195315108, "none": 3.0862445274104126e-11}, "13": {"type-based": 3.9853800232531036e-10, "geo-based": 0.006504431613228486, "mixed": 0.9934955679866077, "none": 1.6257910972289002e-12}, "14": {"type-based": 3.129546640548273e-11, "geo-based": 0.004162462613113003, "mixed": 0.9958375373555141, "none": 7.741508424780948e-14}, "15": {"type-based": 2.3186438946217295e-12, "geo-based": 0.0026831206560577322, "mixed": 0.9973168793416202, "none": 3.477969969660284e-15}, "16": {"type-based": 1.697359015879158e-13, "geo-based": 0.001739921665314921, "mixed": 0.9982600783345151, "none": 1.5438736529884796e-16}, "17": {"type-based": 1.532363154535132e-14, "geo-based": 0.0011344941283311647, "mixed": 0.9988655058716535, "none": 8.45171493216619e-18}, "18": {"type-based": 1.302601823060675e-15, "geo-based": 0.0007433267448043525, "mixed": 0.9992566732551944, "none": 4.356511651442099e-19}, "19": {"type-based": 9.497349829288997e-17, "geo-based": 0.0004892448553715655, "mixed": 0.9995107551446284, "none": 1.9260731232814207e-20}, "20": {"type-based": 7.74486182835651e-18, "geo-based": 0.0003236587754077613, "mixed": 0.9996763412245923, "none": 9.524152117654417e-22}, "21": {"type-based": 7.540248814201986e-19, "geo-based": 0.00021510424347635643, "mixed": 0.9997848957565237, "none": 5.62263507565789e-23}, "22": {"type-based": 4.1389863793517457e-20, "geo-based": 0.00014375829388012508, "mixed": 0.99985624170612, "none": 1.8714969253574162e-24}, "23": {"type-based": 2.167336732085219e-21, "geo-based": 9.65669431328993e-05, "mixed": 0.9999034330568671, "none": 5.942398908166866e-26}, "24": {"type-based": 1.106107925394645e-22, "geo-based": 6.51205789278188e-05, "mixed": 0.9999348794210723, "none": 1.838961545419481e-27}, "25": {"type-based": 5.9191483234872936e-24, "geo-based": 4.401451744572787e-05, "mixed": 0.9999559854825543, "none": 5.967241144508377e-29}, "26": {"type-based": 3.751529762039451e-25, "geo-based": 2.979230178210485e-05, "mixed": 0.9999702076982179, "none": 2.293303397270455e-30}, "27": {"type-based": 2.581174957354098e-26, "geo-based": 1.9968024855005972e-05, "mixed": 0.9999800319751448, "none": 9.567729309889704e-32}, "28": {"type-based": 1.7166348539456423e-27, "geo-based": 1.3247601272651072e-05, "mixed": 0.9999867523987275, "none": 3.8584002755401e-33}, "29": {"type-based": 8.949056231491467e-29, "geo-based": 8.790119331321114e-06, "mixed": 0.9999912098806687, "none": 1.2196750363704648e-34}, "30": {"type-based": 4.9075064356897775e-30, "geo-based": 5.822043168935177e-06, "mixed": 0.999994177956831, "none": 4.055692062358024e-36}, "31": {"type-based": 2.560564604610689e-31, "geo-based": 3.847451770977732e-06, "mixed": 0.9999961525482289, "none": 1.2831478650915296e-37}, "32": {"type-based": 1.2889761668533762e-32, "geo-based": 2.537303025856502e-06, "mixed": 0.9999974626969741, "none": 3.916719092167669e-39}, "33": {"type-based": 6.275792469297046e-34, "geo-based": 1.6690038058780328e-06, "mixed": 0.9999983309961942, "none": 1.1563316075069487e-40}, "34": {"type-based": 3.020135749651725e-35, "geo-based": 1.09317335083416e-06, "mixed": 0.9999989068266493, "none": 3.374242614542139e-42}, "35": {"type-based": 1.4877838907120538e-36, "geo-based": 7.136619658171993e-07, "mixed": 0.9999992863380341, "none": 1.0079186034153499e-43}, "36": {"type-based": 7.676867297056814e-38, "geo-based": 4.6442569490694394e-07, "mixed": 0.9999995355743051, "none": 3.1535895878340926e-45}, "37": {"type-based": 4.4042856468124123e-39, "geo-based": 3.013278495539982e-07, "mixed": 0.9999996986721504, "none": 1.097063899906016e-46}, "38": {"type-based": 3.159796435336582e-40, "geo-based": 1.949761004193238e-07, "mixed": 0.9999998050238996, "none": 4.772551748755368e-48}, "39": {"type-based": 2.388518078414303e-41, "geo-based": 1.258506720176532e-07, "mixed": 0.999999874149328, "none": 2.187534789719843e-49}, "40": {"type-based": 1.77460917836263e-42, "geo-based": 8.102946918646044e-08, "mixed": 0.9999999189705308, "none": 9.855164175519952e-51}, "41": {"type-based": 1.1131591357829334e-43, "geo-based": 5.202830049849179e-08, "mixed": 0.9999999479716994, "none": 3.748460326419422e-52}, "42": {"type-based": 6.019863002318581e-45, "geo-based": 3.3298668847004406e-08, "mixed": 0.9999999667013311, "none": 1.2291832208663756e-53}, "43": {"type-based": 2.8739996794051683e-46, "geo-based": 2.1222166234145605e-08, "mixed": 0.9999999787778338, "none": 3.558368480415056e-55}, "44": {"type-based": 1.9769253560912544e-47, "geo-based": 1.344591868097069e-08, "mixed": 0.9999999865540814, "none": 1.4841866021227132e-56}, "45": {"type-based": 1.1016570638301369e-48, "geo-based": 8.478352274869356e-09, "mixed": 0.9999999915216479, "none": 5.015087808933816e-58}, "46": {"type-based": 6.139010851333432e-50, "geo-based": 0.00023898731621765595, "mixed": 0.9997610126837824, "none": 7.62581779010228e-55}, "47": {"type-based": 3.841235536105622e-51, "geo-based": 0.00014959135655954426, "mixed": 0.9998504086434405, "none": 2.9111752254458314e-56}, "48": {"type-based": 1.88063955002125e-52, "geo-based": 9.298741887717601e-05, "mixed": 0.9999070125811228, "none": 8.694692638807519e-58}, "49": {"type-based": 7.999081981311797e-54, "geo-based": 5.7269661232015977e-05, "mixed": 0.9999427303387679, "none": 2.2557159882535344e-59}, "50": {"type-based": 3.8424621176009355e-55, "geo-based": 3.481627642192087e-05, "mixed": 0.999965183723578, "none": 6.60839689626142e-61}, "51": {"type-based": 1.7618308240497044e-56, "geo-based": 2.0820992239942175e-05, "mixed": 0.9999791790077601, "none": 1.8477440237941306e-62}, "52": {"type-based": 7.771680766910306e-58, "geo-based": 1.227785418687808e-05, "mixed": 0.999987722145813, "none": 4.9697495084191784e-64}, "53": {"type-based": 3.7470531968793763e-59, "geo-based": 7.1498543375738e-06, "mixed": 0.9999928501456624, "none": 1.4608449932044803e-65}, "54": {"type-based": 2.3522659201332215e-59, "geo-based": 4.12581458148666e-06, "mixed": 0.9999958741854185, "none": 5.590491912308156e-66}, "55": {"type-based": 5.162558861960072e-60, "geo-based": 2.38823630402146e-06, "mixed": 0.999997611763696, "none": 7.478840302733022e-67}, "56": {"type-based": 9.305572908015724e-61, "geo-based": 1.3846560648305066e-06, "mixed": 0.9999986153439352, "none": 8.216292974837202e-68}, "57": {"type-based": 2.779576087479188e-61, "geo-based": 8.038533805757074e-07, "mixed": 0.9999991961466195, "none": 1.4956651424004025e-68},