{"0": {"type-based": 0.25, "geo-based": 0.25, "mixed": 0.25, "none": 0.25}, "1": {"type-based": 0.25, "geo-based": 0.25, "mixed": 0.25, "none": 0.25}, "2": {"type-based": 0.25, "geo-based": 0.25, "mixed": 0.25, "none": 0.25}, "3": {"type-based": 0.17129647400230627, "geo-based": 0.11830799751617198, "mixed": 0.6814383824224919, "none": 0.028957146059029795}, "4": {"type-based": 0.043555788853581315, "geo-based": 0.0263827613408481, "mixed": 0.9288177810431552, "none": 0.0012436687624155039}, "5": {"type-based": 0.008941361063625612, "geo-based": 0.004687705158656186, "mixed": 0.9863278279570153, "none": 4.3105820702744975e-05}, "6": {"type-based": 0.0015241781490668333, "geo-based": 0.0008801834882446684, "mixed": 0.9975943980403341, "none": 1.240322354335909e-06}, "7": {"type-based": 0.00022901603984935986, "geo-based": 0.00017412717412609543, "mixed": 0.9995968253331738, "none": 3.1452850808301375e-08}, "8": {"type-based": 2.94678221167865e-05, "geo-based": 3.495676173868421e-05, "mixed": 0.9999355747331985, "none": 6.829462178059872e-10}, "9": {"type-based": 3.344362381849544e-06, "geo-based": 7.4287528338335865e-06, "mixed": 0.9999892268717058, "none": 1.3078500280179688e-11}, "10": {"type-based": 4.1448414008131434e-07, "geo-based": 1.632111200154866e-06, "mixed": 0.9999979534043862, "none": 2.7348214138950975e-13}, "11": {"type-based": 4.4450622662793644e-08, "geo-based": 3.698789561662893e-07, "mixed": 0.9999995856704162, "none": 4.9482492671551325e-15}, "12": {"type-based": 4.519488460307734e-09, "geo-based": 8.610647329675554e-08, "mixed": 0.9999999093740382, "none": 8.487821069169665e-17}, "13": {"type-based": 6.391230145387112e-10, "geo-based": 2.0459813025992578e-08, "mixed": 0.9999999789010641, "none": 2.0249224409526528e-18}, "14": {"type-based": 6.193156165214542e-11, "geo-based": 4.9513816235222315e-09, "mixed": 0.9999999949866867, "none": 3.310085818521291e-20}, "15": {"type-based": 4.173963893916437e-12, "geo-based": 1.2216506575992399e-09, "mixed": 0.9999999987741754, "none": 3.763287843620066e-22}, "16": {"type-based": 2.441041933070689e-13, "geo-based": 3.065352913852184e-10, "mixed": 0.9999999996932205, "none": 3.7125757698660064e-24}, "17": {"type-based": 1.2763282270101299e-14, "geo-based": 7.859536033484852e-11, "mixed": 0.9999999999213918, "none": 3.2744237308867054e-26}, "18": {"type-based": 3.3411954274136236e-15, "geo-based": 2.0619937361898192e-11, "mixed": 0.9999999999793767, "none": 1.4459022516098742e-27}, "19": {"type-based": 3.535195140032629e-16, "geo-based": 5.359396105632238e-12, "mixed": 0.9999999999946403, "none": 2.580524599518179e-29}, "20": {"type-based": 5.5492260883204574e-17, "geo-based": 1.3955283589209212e-12, "mixed": 0.9999999999986044, "none": 6.832479374703506e-31}, "21": {"type-based": 3.5289546461821366e-18, "geo-based": 3.649227441236352e-13, "mixed": 0.9999999999996352, "none": 7.328880703450711e-33}, "22": {"type-based": 2.197182176714419e-19, "geo-based": 9.633056375950812e-14, "mixed": 0.9999999999999036, "none": 7.696587523867157e-35}, "23": {"type-based": 1.5147108653244814e-20, "geo-based": 2.567114027582956e-14, "mixed": 0.9999999999999742, "none": 8.949480419824286e-37}, "24": {"type-based": 1.0544297665746602e-21, "geo-based": 6.898258992577387e-15, "mixed": 0.9999999999999931, "none": 1.0507936638799696e-38}, "25": {"type-based": 9.468782638728818e-23, "geo-based": 1.8686347511013387e-15, "mixed": 0.9999999999999982, "none": 1.5915554117950063e-40}, "26": {"type-based": 7.472848113230314e-24, "geo-based": 5.073551110429188e-16, "mixed": 0.9999999999999996, "none": 2.1185466565546264e-42}, "27": {"type-based": 7.564278517885479e-25, "geo-based": 1.3813395445020107e-16, "mixed": 0.9999999999999998, "none": 3.616932108272376e-44}, "28": {"type-based": 6.285222692332994e-26, "geo-based": 3.7481664562845016e-17, "mixed": 1.0, "none": 5.068873281368675e-46}, "29": {"type-based": 3.1924906953664122e-27, "geo-based": 1.007740686648874e-17, "mixed": 1.0, "none": 4.342456653211658e-48}, "30": {"type-based": 1.5059050459993244e-28, "geo-based": 2.716014531793116e-18, "mixed": 1.0, "none": 3.454744161120415e-50}, "31": {"type-based": 6.522662773087505e-30, "geo-based": 7.297617054635205e-19, "mixed": 1.0, "none": 2.5237900242441658e-52}, "32": {"type-based": 4.387144923565001e-31, "geo-based": 1.9500314623549993e-19, "mixed": 1.0, "none": 2.8629776889311866e-54}, "33": {"type-based": 2.603836785001034e-32, "geo-based": 5.2437826658120553e-20, "mixed": 1.0, "none": 2.865861985310199e-56}, "34": {"type-based": 1.8051236522768488e-33, "geo-based": 1.4256884397010315e-20, "mixed": 1.0, "none": 3.350826753861354e-58}, "35": {"type-based": 1.5790681651680733e-34, "geo-based": 3.9284404769153675e-21, "mixed": 1.0, "none": 4.943647445024473e-60}, "36": {"type-based": 5.502551061465453e-36, "geo-based": 1.100504989226068e-21, "mixed": 1.0, "none": 2.905430504895641e-62}, "37": {"type-based": 1.7442245107495995e-37, "geo-based": 3.0877831434417586e-22, "mixed": 1.0, "none": 1.553269784060461e-64}, "38": {"type-based": 5.088575242729978e-39, "geo-based": 8.628165508424073e-23, "mixed": 1.0, "none": 7.64253084976282e-67}}