{"0": {"type-based": 0.25, "geo-based": 0.25, "mixed": 0.25, "none": 0.25}, "1": {"type-based": 0.25, "geo-based": 0.25, "mixed": 0.25, "none": 0.25}, "2": {"type-based": 0.25, "geo-based": 0.25, "mixed": 0.25, "none": 0.25}, "3": {"type-based": 0.14168462680312768, "geo-based": 0.29813793507747843, "mixed": 0.47423828219169595, "none": 0.08593915592769792}, "4": {"type-based": 0.03960998656225214, "geo-based": 0.27061666666423423, "mixed": 0.6752021755022799, "none": 0.0145711712712338}, "5": {"type-based": 0.0061919584324303546, "geo-based": 0.20270231111190265, "mixed": 0.7897243422690939, "none": 0.0013813881865730893}, "6": {"type-based": 0.0007904573420560172, "geo-based": 0.1408325321508599, "mixed": 0.8582700680909089, "none": 0.00010694241617509705}, "7": {"type-based": 0.00013443061994574006, "geo-based": 0.09424368098269312, "mixed": 0.90561085919231, "none": 1.1029205051097039e-05}, "8": {"type-based": 1.9432004179476382e-05, "geo-based": 0.060965819977144516, "mixed": 0.9390137812304561, "none": 9.667882198008158e-07}, "9": {"type-based": 2.363687537384865e-06, "geo-based": 0.03870080126235363, "mixed": 0.961296763737466, "none": 7.131264295176363e-08}, "10": {"type-based": 3.241468963714839e-07, "geo-based": 0.024401944621170655, "mixed": 0.9755977253016266, "none": 5.9303063957935095e-09}, "11": {"type-based": 4.40969772769297e-08, "geo-based": 0.015364402452318666, "mixed": 0.984635552961489, "none": 4.8921498481079e-10}, "12": {"type-based": 4.926031979464862e-09, "geo-based": 0.009702494850267291, "mixed": 0.9902975001905616, "none": 3.313914204228096e-11}, "13": {"type-based": 5.281410270190126e-10, "geo-based": 0.0061586525803205405, "mixed": 0.9938413468893839, "none": 2.1544921056435674e-12}, "14": {"type-based": 5.401812905943467e-11, "geo-based": 0.003935719575755174, "mixed": 0.9960642803700931, "none": 1.336237638341302e-13}, "15": {"type-based": 4.596007104540476e-12, "geo-based": 0.0025336001287391084, "mixed": 0.9974663998666581, "none": 6.8940188387768335e-15}, "16": {"type-based": 3.2035242732160323e-13, "geo-based": 0.0016428496556801621, "mixed": 0.9983571503439993, "none": 2.913842431599877e-16}, "17": {"type-based": 2.2243267245314566e-14, "geo-based": 0.0010705865993592136, "mixed": 0.9989294134006185, "none": 1.2268224628150846e-17}, "18": {"type-based": 2.688210243788946e-15, "geo-based": 0.0007009809347781961, "mixed": 0.9992990190652192, "none": 8.990636310545867e-19}, "19": {"type-based": 1.7257575269676512e-16, "geo-based": 0.00046216139102549854, "mixed": 0.9995378386089744, "none": 3.4998554857295866e-20}, "20": {"type-based": 1.0395033326550394e-17, "geo-based": 0.0003065254122393545, "mixed": 0.9996934745877607, "none": 1.2783169133846534e-21}, "21": {"type-based": 6.000103056204983e-19, "geo-based": 0.0002042303373235324, "mixed": 0.9997957696626765, "none": 4.4741746237654757e-23}, "22": {"type-based": 3.5866206550530165e-20, "geo-based": 0.00013644822808775553, "mixed": 0.9998635517719123, "none": 1.621737525361565e-24}, "23": {"type-based": 3.1863683383961545e-21, "geo-based": 9.133546306892e-05, "mixed": 0.9999086645369311, "none": 8.736377441859493e-26}, "24": {"type-based": 1.9630735901623673e-22, "geo-based": 6.09679837377294e-05, "mixed": 0.9999390320162623, "none": 3.263711216831891e-27}, "25": {"type-based": 1.0249634514027122e-23, "geo-based": 4.050539158306897e-05, "mixed": 0.9999594946084168, "none": 1.0332912345781846e-28}, "26": {"type-based": 5.558676351256152e-25, "geo-based": 2.6825216503395064e-05, "mixed": 0.9999731747834967, "none": 3.398008857520725e-30}, "27": {"type-based": 2.84349612247584e-26, "geo-based": 1.768993075976798e-05, "mixed": 0.9999823100692402, "none": 1.0540084125664171e-31}, "28": {"type-based": 1.4542678336220393e-27, "geo-based": 1.1618153477525962e-05, "mixed": 0.9999883818465224, "none": 3.268690133524493e-33}, "29": {"type-based": 7.392057023635435e-29, "geo-based": 7.603989675958287e-06, "mixed": 0.9999923960103241, "none": 1.0074701941673342e-34}, "30": {"type-based": 3.943140888916079e-30, "geo-based": 4.962177948197108e-06, "mixed": 0.9999950378220518, "none": 3.258715075263781e-36}, "31": {"type-based": 2.0036047883310234e-31, "geo-based": 3.2279978841825947e-06, "mixed": 0.9999967720021158, "none": 1.0040446556219595e-37}, "32": {"type-based": 1.0639416768249142e-32, "geo-based": 2.0925490782662955e-06, "mixed": 0.9999979074509218, "none": 3.2329229862688755e-39}, "33": {"type-based": 5.5595656856182295e-34, "geo-based": 1.3488350758774495e-06, "mixed": 0.999998651164924, "none": 1.024364900168772e-40}, "34": {"type-based": 2.820162967098604e-35, "geo-based": 8.626206286866011e-07, "mixed": 0.9999991373793713, "none": 3.1508232915143175e-42}, "35": {"type-based": 1.2191870435114104e-36, "geo-based": 5.480091458414109e-07, "mixed": 0.999999451990854, "none": 8.259541657021078e-44}, "36": {"type-based": 4.986535424470116e-38, "geo-based": 3.4316816298490267e-07, "mixed": 0.9999996568318371, "none": 2.0484249089473918e-45}, "37": {"type-based": 2.002622980886723e-39, "geo-based": 2.1190133956596491e-07, "mixed": 0.9999997880986604, "none": 4.988335347965168e-47}, "38": {"type-based": 1.057131899332715e-40, "geo-based": 1.2905389994466397e-07, "mixed": 0.9999998709461, "none": 1.596690419168732e-48}, "39": {"type-based": 6.162893413217256e-42, "geo-based": 7.800923797225167e-08, "mixed": 0.9999999219907622, "none": 5.644313044386997e-50}, "40": {"type-based": 4.072983803659979e-43, "geo-based": 4.6886709909137705e-08, "mixed": 0.9999999531132902, "none": 2.2619022012688184e-51}, "41": {"type-based": 4.774384996714714e-44, "geo-based": 2.808074291431865e-08, "mixed": 0.999999971919257, "none": 1.6077299433606833e-52}, "42": {"type-based": 3.867663719555439e-45, "geo-based": 1.6810415835418507e-08, "mixed": 0.9999999831895842, "none": 7.897301560185221e-54}, "43": {"type-based": 2.2722254492344104e-45, "geo-based": 1.0055134480572854e-08, "mixed": 0.9999999899448656, "none": 2.8132972584833776e-54}, "44": {"type-based": 8.694107533466753e-46, "geo-based": 6.0379312425941896e-09, "mixed": 0.9999999939620687, "none": 6.527144729479545e-55}, "45": {"type-based": 5.691189591418519e-46, "geo-based": 3.6368461444435502e-09, "mixed": 0.9999999963631538, "none": 2.5908076546999626e-55}, "46": {"type-based": 5.207723584789657e-46, "geo-based": 9.888591028134921e-05, "mixed": 0.9999011140897186, "none": 6.468982075540432e-51}, "47": {"type-based": 1.205277443970297e-45, "geo-based": 6.023214360063196e-05, "mixed": 0.9999397678563994, "none": 9.134492799762861e-51}, "48": {"type-based": 5.396517875100361e-46, "geo-based": 3.681503857533658e-05, "mixed": 0.9999631849614247, "none": 2.4949525411872855e-51}, "49": {"type-based": 2.0539548636694717e-46, "geo-based": 2.2525630318914727e-05, "mixed": 0.999977474369681, "none": 5.79208818706285e-52}, "50": {"type-based": 5.984226984027532e-47, "geo-based": 1.3798571304333764e-05, "mixed": 0.9999862014286958, "none": 1.029187687931254e-52}, "51": {"type-based": 1.1071593277190374e-47, "geo-based": 8.452576924261288e-06, "mixed": 0.9999915474230756, "none": 1.1611483936229877e-53}, "52": {"type-based": 1.3358337345393688e-48, "geo-based": 5.17262383766597e-06, "mixed": 0.9999948273761623, "none": 8.542243620997413e-55}, "53": {"type-based": 3.8207046970072606e-49, "geo-based": 3.1598663706780653e-06, "mixed": 0.9999968401336293, "none": 1.489559137239965e-55}, "54": {"type-based": 8.524081092542791e-50, "geo-based": 1.929693590041412e-06, "mixed": 0.99999807030641, "none": 2.0258681639625355e-56}, "55": {"type-based": 1.4878225688130653e-50, "geo-based": 1.1779083625350811e-06, "mixed": 0.9999988220916375, "none": 2.155362812992753e-57}, "56": {"type-based": 4.1498936821299585e-51, "geo-based": 7.180499012427403e-07, "mixed": 0.9999992819500987, "none": 3.6641206988379065e-58}, "57": {"type-based": 1.034162983846273e-51, "geo-based": 4.3763529763329e-07, "mixed": 0.9999995623647023, "none": 5.564738930756981e-59},