{"0": {"type-based": 0.25, "geo-based": 0.25, "mixed": 0.25, "none": 0.25}, "1": {"type-based": 0.25, "geo-based": 0.25, "mixed": 0.25, "none": 0.25}, "2": {"type-based": 0.25, "geo-based": 0.25, "mixed": 0.25, "none": 0.25}, "3": {"type-based": 0.1570420994799637, "geo-based": 0.11987960673932996, "mixed": 0.6965308062241513, "none": 0.02654748755655513}, "4": {"type-based": 0.03965226154160084, "geo-based": 0.027153466410866377, "mixed": 0.9320620625218554, "none": 0.0011322095256774071}, "5": {"type-based": 0.006041034312387549, "geo-based": 0.0049425225198080095, "mixed": 0.9889873196663512, "none": 2.9123501453068202e-05}, "6": {"type-based": 0.0007658202677161114, "geo-based": 0.0009123196161659395, "mixed": 0.9983212369186275, "none": 6.23197490420231e-07}, "7": {"type-based": 6.368078842894744e-05, "geo-based": 0.00018280963516786622, "mixed": 0.9997535008305427, "none": 8.745860504478926e-09}, "8": {"type-based": 4.1752007588635965e-06, "geo-based": 3.913523997213882e-05, "mixed": 0.9999566894625045, "none": 9.676444888074184e-11}, "9": {"type-based": 2.5493319805474895e-07, "geo-based": 8.990634105944055e-06, "mixed": 0.9999907544316989, "none": 9.969445656610469e-13}, "10": {"type-based": 1.723326956147296e-08, "geo-based": 2.1604019521776177e-06, "mixed": 0.9999978223647669, "none": 1.1370740173290294e-14}, "11": {"type-based": 1.9633109647162663e-09, "geo-based": 5.295015271630606e-07, "mixed": 0.9999994685351616, "none": 2.185560394969804e-16}, "12": {"type-based": 2.659644239414011e-10, "geo-based": 1.2884149734921076e-07, "mixed": 0.9999998708925382, "none": 4.994942372362392e-18}, "13": {"type-based": 3.156148254012792e-11, "geo-based": 3.1354489013068624e-08, "mixed": 0.9999999686139495, "none": 9.999570162774888e-20}, "14": {"type-based": 3.617364915117604e-12, "geo-based": 7.696627534640833e-09, "mixed": 0.9999999922997552, "none": 1.9333903403245545e-21}, "15": {"type-based": 6.489872587016816e-13, "geo-based": 1.9019696187956446e-09, "mixed": 0.9999999980973815, "none": 5.851334423127248e-23}, "16": {"type-based": 9.782449804783123e-14, "geo-based": 4.644441634511795e-10, "mixed": 0.999999999535458, "none": 1.4878108246785512e-24}, "17": {"type-based": 1.3544154347470252e-14, "geo-based": 1.1258173493958239e-10, "mixed": 0.9999999998874047, "none": 3.474756686533498e-26}, "18": {"type-based": 1.3567879908200715e-15, "geo-based": 2.7110528237675174e-11, "mixed": 0.9999999999728881, "none": 5.871499747629456e-28}, "19": {"type-based": 1.443646943371111e-16, "geo-based": 6.594924766669042e-12, "mixed": 0.9999999999934048, "none": 1.0537937236341628e-29}, "20": {"type-based": 1.2765406914261527e-17, "geo-based": 1.6345605796446797e-12, "mixed": 0.9999999999983655, "none": 1.571739519407245e-31}, "21": {"type-based": 1.2016369518943534e-18, "geo-based": 4.1092074079952355e-13, "mixed": 0.999999999999589, "none": 2.4955418111761495e-33}, "22": {"type-based": 1.0383490631910375e-19, "geo-based": 1.0479966700095102e-13, "mixed": 0.9999999999998952, "none": 3.637269831273542e-35}, "23": {"type-based": 1.6104669404823095e-20, "geo-based": 2.7090293247880047e-14, "mixed": 0.9999999999999729, "none": 9.515243259005232e-37}, "24": {"type-based": 1.4434679155082288e-21, "geo-based": 7.12724122689314e-15, "mixed": 0.9999999999999929, "none": 1.4384902510457304e-38}, "25": {"type-based": 1.0832885475352988e-22, "geo-based": 1.9043592239722836e-15, "mixed": 0.999999999999998, "none": 1.8208399285811665e-40}, "26": {"type-based": 6.935094882600576e-24, "geo-based": 5.163089184733849e-16, "mixed": 0.9999999999999996, "none": 1.966094031860558e-42}, "27": {"type-based": 4.549481830771991e-25, "geo-based": 1.4148411090022078e-16, "mixed": 0.9999999999999998, "none": 2.1753782427251092e-44}, "28": {"type-based": 2.920824200389999e-26, "geo-based": 3.8997474389115326e-17, "mixed": 1.0, "none": 2.3555709119093055e-46}, "29": {"type-based": 2.2390383182809543e-27, "geo-based": 1.0804976102723372e-17, "mixed": 1.0, "none": 3.045561528535337e-48}, "30": {"type-based": 2.265270915819928e-28, "geo-based": 2.9933385720099322e-18, "mixed": 1.0, "none": 5.196829302468717e-50}, "31": {"type-based": 1.48967113630408e-29, "geo-based": 8.253946485757634e-19, "mixed": 1.0, "none": 5.7639299838110315e-52}, "32": {"type-based": 1.2935092137380791e-30, "geo-based": 2.2668512916794015e-19, "mixed": 1.0, "none": 8.441225635075999e-54}, "33": {"type-based": 9.114499113548874e-32, "geo-based": 6.124352893266761e-20, "mixed": 1.0, "none": 1.003169502602017e-55}, "34": {"type-based": 5.583922320684759e-33, "geo-based": 1.620140313107569e-20, "mixed": 1.0, "none": 1.0365359891015616e-57}, "35": {"type-based": 2.53810343740827e-34, "geo-based": 4.180368658872774e-21, "mixed": 1.0, "none": 7.946134847329843e-60}, "36": {"type-based": 1.1041802094993502e-35, "geo-based": 1.065291162805198e-21, "mixed": 1.0, "none": 5.830239152250734e-62}, "37": {"type-based": 6.160311316271614e-37, "geo-based": 2.691341977159081e-22, "mixed": 1.0, "none": 5.4858909326175004e-64}, "38": {"type-based": 3.0383152957551805e-38, "geo-based": 6.82692694417399e-23, "mixed": 1.0, "none": 4.563245559214264e-66}, "39": {"type-based": 1.478796814987969e-39, "geo-based": 1.7293480269606783e-23, "mixed": 1.0, "none": 3.745799046892427e-68}}