{"0": {"type-based": 0.25, "geo-based": 0.25, "mixed": 0.25, "none": 0.25}, "1": {"type-based": 0.25, "geo-based": 0.25, "mixed": 0.25, "none": 0.25}, "2": {"type-based": 0.25, "geo-based": 0.25, "mixed": 0.25, "none": 0.25}, "3": {"type-based": 0.14168462680312768, "geo-based": 0.29813793507747843, "mixed": 0.47423828219169595, "none": 0.08593915592769792}, "4": {"type-based": 0.03960998656225214, "geo-based": 0.27061666666423423, "mixed": 0.6752021755022799, "none": 0.0145711712712338}, "5": {"type-based": 0.006630799556016083, "geo-based": 0.20259268162003918, "mixed": 0.7892972278574161, "none": 0.0014792909665285816}, "6": {"type-based": 0.0007823526819432757, "geo-based": 0.14012087551335753, "mixed": 0.8589909258827795, "none": 0.00010584592191965737}, "7": {"type-based": 0.00013856259804093836, "geo-based": 0.0938538254171493, "mixed": 0.9059962437763851, "none": 1.1368208424710711e-05}, "8": {"type-based": 2.057647341240222e-05, "geo-based": 0.0607125005610178, "mixed": 0.9392658992372959, "none": 1.0237282740586154e-06}, "9": {"type-based": 2.5414966152180617e-06, "geo-based": 0.038521871257133515, "mixed": 0.9614755105690942, "none": 7.667715711894923e-08}, "10": {"type-based": 3.471207989638459e-07, "geo-based": 0.024275167245931505, "mixed": 0.9757244792826527, "none": 6.350616702647977e-09}, "11": {"type-based": 4.7078598733147176e-08, "geo-based": 0.015275902634748002, "mixed": 0.9847240497643601, "none": 5.222933041308328e-10}, "12": {"type-based": 5.260750057527924e-09, "geo-based": 0.009641251446797153, "mixed": 0.9903587432570619, "none": 3.53909077594528e-11}, "13": {"type-based": 5.638209145296938e-10, "geo-based": 0.0061165498112265215, "mixed": 0.9938834496226525, "none": 2.3000442063881397e-12}, "14": {"type-based": 4.805065559488757e-11, "geo-based": 0.003906887842722606, "mixed": 0.996093112109108, "none": 1.1886212216313254e-13}, "15": {"type-based": 3.769882827393921e-12, "geo-based": 0.0025129257893714337, "mixed": 0.997487074206853, "none": 5.654830952362832e-15}, "16": {"type-based": 3.4219913475812967e-13, "geo-based": 0.0016249262322983644, "mixed": 0.9983750737673591, "none": 3.112554405320597e-16}, "17": {"type-based": 3.360825666194606e-14, "geo-based": 0.0010574166943669912, "mixed": 0.9989425833055995, "none": 1.853655928969487e-17}, "18": {"type-based": 3.878594028477121e-15, "geo-based": 0.0006920734992037938, "mixed": 0.9993079265007924, "none": 1.297183819117629e-18}, "19": {"type-based": 2.494145742270621e-16, "geo-based": 0.0004560426770851941, "mixed": 0.9995439573229146, "none": 5.058155344472416e-20}, "20": {"type-based": 1.512224414401557e-17, "geo-based": 0.0003023747996306924, "mixed": 0.9996976252003693, "none": 1.859640065631435e-21}, "21": {"type-based": 8.81791042673766e-19, "geo-based": 0.00020145809393008976, "mixed": 0.9997985419060699, "none": 6.575365572287397e-23}, "22": {"type-based": 5.337204200085735e-20, "geo-based": 0.00013462886113287516, "mixed": 0.9998653711388672, "none": 2.4132868134805426e-24}, "23": {"type-based": 3.2881247874446127e-21, "geo-based": 9.016079715581251e-05, "mixed": 0.9999098392028442, "none": 9.015373041746146e-26}, "24": {"type-based": 2.1451263538965893e-22, "geo-based": 6.016972181689855e-05, "mixed": 0.9999398302781831, "none": 3.566383337750946e-27}, "25": {"type-based": 1.3172307414824098e-23, "geo-based": 3.998073277298036e-05, "mixed": 0.9999600192672269, "none": 1.3279331835959502e-28}, "26": {"type-based": 8.121158986800894e-25, "geo-based": 2.6438553119560326e-05, "mixed": 0.9999735614468804, "none": 4.964449884593006e-30}, "27": {"type-based": 4.944461268683945e-25, "geo-based": 1.7450763015052265e-05, "mixed": 0.9999825492369849, "none": 1.8327803339024868e-30}, "28": {"type-based": 1.2832619225652875e-25, "geo-based": 1.1405083648060123e-05, "mixed": 0.999988594916352, "none": 2.884328105208569e-31}, "29": {"type-based": 1.7505732877971104e-26, "geo-based": 7.381281999160686e-06, "mixed": 0.9999926187180008, "none": 2.385872301203833e-32}, "30": {"type-based": 1.896590897636428e-27, "geo-based": 4.728119257953256e-06, "mixed": 0.9999952718807421, "none": 1.567392473119271e-33}, "31": {"type-based": 1.057764365657946e-28, "geo-based": 2.993851745951837e-06, "mixed": 0.999997006148254, "none": 5.300659413630573e-35}, "32": {"type-based": 6.149654632664084e-30, "geo-based": 1.8828084165648272e-06, "mixed": 0.9999981171915835, "none": 1.8686512853679985e-36}, "33": {"type-based": 5.0152061769873285e-31, "geo-based": 1.1777442804936051e-06, "mixed": 0.9999988222557195, "none": 9.240651995721765e-38}, "34": {"type-based": 5.12945461234484e-32, "geo-based": 7.349449737172603e-07, "mixed": 0.9999992650550263, "none": 5.730876284064254e-39}, "35": {"type-based": 8.767058773999407e-33, "geo-based": 4.5819826448153766e-07, "mixed": 0.9999995418017354, "none": 5.939358323957003e-40}, "36": {"type-based": 1.863574342272778e-33, "geo-based": 2.8588092068334364e-07, "mixed": 0.9999997141190793, "none": 7.655399545852937e-41}, "37": {"type-based": 5.0138759272214435e-34, "geo-based": 1.785982939519776e-07, "mixed": 0.999999821401706, "none": 1.2489067965751605e-41}, "38": {"type-based": 7.766484372584912e-35, "geo-based": 1.1178249357349703e-07, "mixed": 0.9999998882175064, "none": 1.1730486229918507e-42}, "39": {"type-based": 9.373830778587532e-36, "geo-based": 6.989563566244109e-08, "mixed": 0.9999999301043643, "none": 8.585064156064575e-44}, "40": {"type-based": 1.0444135023759494e-36, "geo-based": 4.365630551446453e-08, "mixed": 0.9999999563436944, "none": 5.800075114308632e-45}, "41": {"type-based": 5.724372721466619e-37, "geo-based": 2.7240044469381285e-08, "mixed": 0.9999999727599557, "none": 1.927629514082292e-45}, "42": {"type-based": 1.687314592800264e-37, "geo-based": 1.70046332667407e-08, "mixed": 0.9999999829953669, "none": 3.4452923347163324e-46}, "43": {"type-based": 4.3608753927346066e-38, "geo-based": 1.0596224401025469e-08, "mixed": 0.9999999894037755, "none": 5.399305245481492e-47}, "44": {"type-based": 9.427211012405166e-39, "geo-based": 6.5915301946031225e-09, "mixed": 0.9999999934084698, "none": 7.077525834187132e-48}, "45": {"type-based": 1.6574018510947505e-39, "geo-based": 4.0926442977785764e-09, "mixed": 0.9999999959073558, "none": 7.545012046699173e-49}, "46": {"type-based": 2.51850128686892e-40, "geo-based": 2.5366781281171294e-09, "mixed": 0.9999999974633218, "none": 6.951972340152193e-50}, "47": {"type-based": 3.7326884510769076e-41, "geo-based": 1.5695284192185154e-09, "mixed": 0.9999999984304715, "none": 6.247714934496104e-51}, "48": {"type-based": 5.528117862318758e-42, "geo-based": 9.695221430716955e-10, "mixed": 0.9999999990304778, "none": 5.61061192371382e-52}, "49": {"type-based": 7.826949390959506e-43, "geo-based": 5.9800020303447e-10, "mixed": 0.9999999994019999, "none": 4.816802183386019e-53}, "50": {"type-based": 8.818939908864631e-44, "geo-based": 3.6830535926439697e-10, "mixed": 0.9999999996316946, "none": 3.2909091848508897e-54}, "51": {"type-based": 1.2355086575543626e-44, "geo-based": 2.26440689935239e-10, "mixed": 0.9999999997735594, "none": 2.7956218186163184e-55}, "52": {"type-based": 1.8289307459178073e-45, "geo-based": 1.3909589690085433e-10, "mixed": 0.9999999998609042, "none": 2.509359547143718e-56}, "53": {"type-based": 2.7324423479154307e-46, "geo-based": 8.541390966557717e-11, "mixed": 0.9999999999145861, "none": 2.273262230121776e-57}, "54": {"type-based": 2.5573694762497175e-47, "geo-based": 5.244810291760704e-11, "mixed": 0.999999999947552, "none": 1.2901042348884239e-58}, "55": {"type-based": 1.974803624254713e-48, "geo-based": 3.212012247775512e-11, "mixed": 0.9999999999678799, "none": 6.040709285094813e-60}, "56": {"type-based": 1.2862886677578345e-49, "geo-based": 1.9606654373792157e-11, "mixed": 0.9999999999803932, "none": 2.385805660565875e-61}, "57": {"type-based": 1.2100988185467365e-50, "geo-based": 1.1919583077063058e-11, "mixed": 0.9999999999880804, "none": 1.3609744366694408e-62},