{"0": {"type-based": 0.25, "geo-based": 0.25, "mixed": 0.25, "none": 0.25}, "1": {"type-based": 0.25, "geo-based": 0.25, "mixed": 0.25, "none": 0.25}, "2": {"type-based": 0.25, "geo-based": 0.25, "mixed": 0.25, "none": 0.25}, "3": {"type-based": 0.16400718018947882, "geo-based": 0.11948014893978576, "mixed": 0.688787757680681, "none": 0.02772491319005442}, "4": {"type-based": 0.04111698202415587, "geo-based": 0.026997932865708136, "mixed": 0.9307110527370768, "none": 0.001174032373059359}, "5": {"type-based": 0.0060797704500881265, "geo-based": 0.004882935673703684, "mixed": 0.9890079836299192, "none": 2.9310246289179415e-05}, "6": {"type-based": 0.0010557580225588907, "geo-based": 0.0008965243534480311, "mixed": 0.9980468584853963, "none": 8.591385967257084e-07}, "7": {"type-based": 0.00016253368245148318, "geo-based": 0.00017529410374621598, "mixed": 0.9996621498915769, "none": 2.2322225416319988e-08}, "8": {"type-based": 2.2686236458475056e-05, "geo-based": 3.581705843086373e-05, "mixed": 0.9999414961793345, "none": 5.257761949344025e-10}, "9": {"type-based": 2.804263832422656e-06, "geo-based": 7.728587903346319e-06, "mixed": 0.9999894671372977, "none": 1.0966384957886848e-11}, "10": {"type-based": 3.1610303423495214e-07, "geo-based": 1.7179462406963252e-06, "mixed": 0.9999979659505165, "none": 2.0856898091525664e-13}, "11": {"type-based": 3.4005458717371605e-08, "geo-based": 3.924339013107983e-07, "mixed": 0.9999995735606362, "none": 3.785492218050582e-15}, "12": {"type-based": 3.4719499366471424e-09, "geo-based": 9.19361805058993e-08, "mixed": 0.9999999045918695, "none": 6.520492326109253e-17}, "13": {"type-based": 3.3784911143750507e-10, "geo-based": 2.195699246047493e-08, "mixed": 0.9999999777051585, "none": 1.0704015218408024e-18}, "14": {"type-based": 3.9380365362630515e-11, "geo-based": 5.360997760604256e-09, "mixed": 0.9999999945996219, "none": 2.1047812365395878e-20}, "15": {"type-based": 4.225527719776797e-12, "geo-based": 1.3240312376084403e-09, "mixed": 0.9999999986717432, "none": 3.8097783078317145e-22}, "16": {"type-based": 4.0697667019396573e-13, "geo-based": 3.3112388109263224e-10, "mixed": 0.9999999996684692, "none": 6.1896999973376205e-24}, "17": {"type-based": 3.6035120632612846e-14, "geo-based": 8.353734362589351e-11, "mixed": 0.9999999999164266, "none": 9.244820544414408e-26}, "18": {"type-based": 2.653290310772009e-15, "geo-based": 2.1143123972732422e-11, "mixed": 0.9999999999788542, "none": 1.14821132671357e-27}, "19": {"type-based": 1.9403600412333145e-16, "geo-based": 5.39427181070043e-12, "mixed": 0.9999999999946054, "none": 1.4163707009052015e-29}, "20": {"type-based": 1.3110902560558268e-17, "geo-based": 1.389681178069519e-12, "mixed": 0.9999999999986102, "none": 1.614278638192488e-31}, "21": {"type-based": 1.1184998485601573e-18, "geo-based": 3.6350295089655317e-13, "mixed": 0.9999999999996365, "none": 2.3228839072198148e-33}, "22": {"type-based": 1.1048656691495038e-19, "geo-based": 9.644936906576043e-14, "mixed": 0.9999999999999036, "none": 3.870273213958664e-35}, "23": {"type-based": 6.648253740498867e-21, "geo-based": 2.5937396151800485e-14, "mixed": 0.999999999999974, "none": 3.9280378875391786e-37}, "24": {"type-based": 4.0473388960787066e-22, "geo-based": 7.112448738524852e-15, "mixed": 0.9999999999999929, "none": 4.033382025424186e-39}, "25": {"type-based": 9.77871258648332e-23, "geo-based": 1.9888616454374922e-15, "mixed": 0.999999999999998, "none": 1.643649826087343e-40}, "26": {"type-based": 1.797141676879615e-23, "geo-based": 5.605428756803676e-16, "mixed": 0.9999999999999993, "none": 5.094882745131128e-42}, "27": {"type-based": 3.9493802143245886e-24, "geo-based": 1.5924294443536912e-16, "mixed": 0.9999999999999998, "none": 1.888433916227529e-43}, "28": {"type-based": 6.416870137315169e-25, "geo-based": 4.5251171979960286e-17, "mixed": 1.0, "none": 5.175043619174622e-45}, "29": {"type-based": 6.682491372732177e-26, "geo-based": 1.2850853586822696e-17, "mixed": 1.0, "none": 9.089589255081542e-47}, "30": {"type-based": 1.9026572850130766e-26, "geo-based": 3.638199912046955e-18, "mixed": 1.0, "none": 4.364945959557596e-48}, "31": {"type-based": 3.911681150587279e-27, "geo-based": 1.0297625434886105e-18, "mixed": 1.0, "none": 1.5135324650860458e-49}, "32": {"type-based": 2.410315099959222e-28, "geo-based": 2.9032713573793406e-19, "mixed": 1.0, "none": 1.5729314792887427e-51}, "33": {"type-based": 1.5420492189209997e-29, "geo-based": 8.216776539804365e-20, "mixed": 1.0, "none": 1.6972262860097904e-53}, "34": {"type-based": 6.426828083972101e-31, "geo-based": 2.3258434320233123e-20, "mixed": 1.0, "none": 1.1930034520947269e-55}, "35": {"type-based": 2.7297772439107495e-32, "geo-based": 6.625210115024308e-21, "mixed": 1.0, "none": 8.546215163491017e-58}, "36": {"type-based": 9.980040791198048e-34, "geo-based": 1.892136388610615e-21, "mixed": 1.0, "none": 5.269613063277466e-60}, "37": {"type-based": 4.742852797858031e-35, "geo-based": 5.407779963946242e-22, "mixed": 1.0, "none": 4.2236133569717345e-62}}