{"0": {"type-based": 0.25, "geo-based": 0.25, "mixed": 0.25, "none": 0.25}, "1": {"type-based": 0.25, "geo-based": 0.25, "mixed": 0.25, "none": 0.25}, "2": {"type-based": 0.25, "geo-based": 0.25, "mixed": 0.25, "none": 0.25}, "3": {"type-based": 0.19667021821281042, "geo-based": 0.12454884370494182, "mixed": 0.6455344380160939, "none": 0.033246500066153935}, "4": {"type-based": 0.06282838793826827, "geo-based": 0.035069288723957086, "mixed": 0.9003083550610338, "none": 0.0017939682767408426}, "5": {"type-based": 0.012421665083136062, "geo-based": 0.007913142255379662, "mixed": 0.9796053084823204, "none": 5.988417916389275e-05}, "6": {"type-based": 0.0018837570268522667, "geo-based": 0.0016946571049331906, "mixed": 0.9964200529332675, "none": 1.5329349472518676e-06}, "7": {"type-based": 0.00026822117752873186, "geo-based": 0.0003611820047770697, "mixed": 0.9993705599804461, "none": 3.6837248107107654e-08}, "8": {"type-based": 3.214592181422872e-05, "geo-based": 7.939674205830414e-05, "mixed": 0.9998884565911138, "none": 7.450138538880453e-10}, "9": {"type-based": 4.075562703444973e-06, "geo-based": 1.8144523594715217e-05, "mixed": 0.9999777798977638, "none": 1.5937940292647665e-11}, "10": {"type-based": 4.7041632960169586e-07, "geo-based": 4.3830975342392065e-06, "mixed": 0.9999951464858257, "none": 3.1038694300540977e-13}, "11": {"type-based": 4.866383926250975e-08, "geo-based": 1.1046825643284032e-06, "mixed": 0.9999988466535911, "none": 5.417265103222631e-15}, "12": {"type-based": 4.837202571651433e-09, "geo-based": 2.820141484059781e-07, "mixed": 0.999999713148649, "none": 9.084503758354351e-17}, "13": {"type-based": 4.304950158250656e-10, "geo-based": 7.294267466331101e-08, "mixed": 0.9999999266268302, "none": 1.3639299453042046e-18}, "14": {"type-based": 3.8169381079282865e-11, "geo-based": 1.920364978178231e-08, "mixed": 0.9999999807581809, "none": 2.0400571799224496e-20}, "15": {"type-based": 4.03536674850091e-12, "geo-based": 5.113611087506411e-09, "mixed": 0.9999999948823535, "none": 3.6383272628007403e-22}, "16": {"type-based": 2.837242622793439e-13, "geo-based": 1.3739229805205886e-09, "mixed": 0.9999999986257933, "none": 4.315156602559258e-24}, "17": {"type-based": 2.819855193510044e-14, "geo-based": 3.7168029887369433e-10, "mixed": 0.9999999996282916, "none": 7.234346595094248e-26}, "18": {"type-based": 5.146158588159798e-15, "geo-based": 9.956084979924877e-11, "mixed": 0.9999999999004341, "none": 2.227000021822011e-27}, "19": {"type-based": 6.674891292240562e-16, "geo-based": 2.6758242048125413e-11, "mixed": 0.9999999999732412, "none": 4.872353716399789e-29}, "20": {"type-based": 5.53985743313953e-17, "geo-based": 7.103244473370463e-12, "mixed": 0.9999999999928968, "none": 6.820944226869627e-31}, "21": {"type-based": 4.9057382437462484e-18, "geo-based": 1.8547880310270113e-12, "mixed": 0.9999999999981453, "none": 1.0188164472351348e-32}, "22": {"type-based": 3.7913904097722266e-19, "geo-based": 4.706275025643961e-13, "mixed": 0.9999999999995293, "none": 1.3280996193769557e-34}, "23": {"type-based": 2.837210107941327e-20, "geo-based": 1.1624490042666903e-13, "mixed": 0.9999999999998836, "none": 1.6763302415810604e-36}, "24": {"type-based": 2.642093465308385e-21, "geo-based": 2.7823116369143777e-14, "mixed": 0.9999999999999722, "none": 2.63298245244307e-38}, "25": {"type-based": 2.232528166334374e-22, "geo-based": 6.44579172580243e-15, "mixed": 0.9999999999999936, "none": 3.7525333727496684e-40}, "26": {"type-based": 1.5328879998748791e-23, "geo-based": 1.445922172746564e-15, "mixed": 0.9999999999999984, "none": 4.345725615991181e-42}, "27": {"type-based": 1.3364061790322745e-24, "geo-based": 3.1244565846945426e-16, "mixed": 0.9999999999999998, "none": 6.390153941590515e-44}, "28": {"type-based": 9.923127253297188e-26, "geo-based": 6.546098060448214e-17, "mixed": 1.0, "none": 8.002751384325106e-46}, "29": {"type-based": 8.019545269524916e-27, "geo-based": 1.3468556475827943e-17, "mixed": 1.0, "none": 1.0908262868839349e-47}, "30": {"type-based": 5.165290360477105e-28, "geo-based": 2.7555140274663115e-18, "mixed": 1.0, "none": 1.184985518227545e-49}, "31": {"type-based": 2.3724300599984816e-29, "geo-based": 5.630400694573553e-19, "mixed": 1.0, "none": 9.179556765291673e-52}, "32": {"type-based": 8.244311429125336e-31, "geo-based": 1.156836521275245e-19, "mixed": 1.0, "none": 5.380100291513998e-54}, "33": {"type-based": 5.605672316293813e-32, "geo-based": 2.324296262072695e-20, "mixed": 1.0, "none": 6.16977349959584e-56}, "34": {"type-based": 4.225177348997158e-33, "geo-based": 4.451428117559193e-21, "mixed": 1.0, "none": 7.843139877410073e-58}, "35": {"type-based": 1.8001942292025663e-34, "geo-based": 8.081680947118786e-22, "mixed": 1.0, "none": 5.635935039446392e-60}, "36": {"type-based": 1.338170036941468e-35, "geo-based": 1.366838914499481e-22, "mixed": 1.0, "none": 7.0657409674843006e-62}, "37": {"type-based": 8.70578089545767e-36, "geo-based": 2.184577591702531e-23, "mixed": 1.0, "none": 7.752686840614234e-63}, "38": {"type-based": 6.563991522667275e-36, "geo-based": 3.644044556821511e-24, "mixed": 1.0, "none": 9.858458471501918e-64}}