{"0": {"type-based": 0.25, "geo-based": 0.25, "mixed": 0.25, "none": 0.25}, "1": {"type-based": 0.25, "geo-based": 0.25, "mixed": 0.25, "none": 0.25}, "2": {"type-based": 0.25, "geo-based": 0.25, "mixed": 0.25, "none": 0.25}, "3": {"type-based": 0.1744329569624824, "geo-based": 0.1289778126850432, "mixed": 0.6671018714229318, "none": 0.02948735892954256}, "4": {"type-based": 0.04985024382662826, "geo-based": 0.03592062943798214, "mixed": 0.9128057294631148, "none": 0.0014233972722750088}, "5": {"type-based": 0.00858448129094737, "geo-based": 0.008275302728059965, "mixed": 0.9830988306584763, "none": 4.138532251639091e-05}, "6": {"type-based": 0.0014835527668743333, "geo-based": 0.0018679056583430656, "mixed": 0.9966473343119298, "none": 1.2072628529136847e-06}, "7": {"type-based": 0.00019794397440360802, "geo-based": 0.0004194138048254382, "mixed": 0.9993826150353288, "none": 2.7185442117565774e-08}, "8": {"type-based": 2.499469274484385e-05, "geo-based": 9.386370252757731e-05, "mixed": 0.9998811410254504, "none": 5.792769756672932e-10}, "9": {"type-based": 3.0397734216797542e-06, "geo-based": 2.1651690697333956e-05, "mixed": 0.9999753085239937, "none": 1.188737134554636e-11}, "10": {"type-based": 3.824749559098935e-07, "geo-based": 5.149005556760601e-06, "mixed": 0.9999944685192349, "none": 2.5236205648200515e-13}, "11": {"type-based": 5.699861219116976e-08, "geo-based": 1.2541907933158081e-06, "mixed": 0.999998688810588, "none": 6.345093141741143e-15}, "12": {"type-based": 8.790170039471463e-09, "geo-based": 3.0986331349885306e-07, "mixed": 0.9999996813465163, "none": 1.6508370608281107e-16}, "13": {"type-based": 8.772880182132288e-10, "geo-based": 7.685397949394704e-08, "mixed": 0.9999999222687324, "none": 2.7794965207769857e-18}, "14": {"type-based": 8.393092698131979e-11, "geo-based": 1.93892440491331e-08, "mixed": 0.999999980526825, "none": 4.485896427037514e-20}, "15": {"type-based": 7.756353415889741e-12, "geo-based": 4.947386314428135e-09, "mixed": 0.9999999950448573, "none": 6.993206281295929e-22}, "16": {"type-based": 7.436993033073494e-13, "geo-based": 1.2812597628982276e-09, "mixed": 0.9999999987179966, "none": 1.1310907756721193e-23}, "17": {"type-based": 7.1203204662975e-14, "geo-based": 3.307384186489609e-10, "mixed": 0.9999999996691904, "none": 1.8267202599584743e-25}, "18": {"type-based": 5.64384295406291e-15, "geo-based": 8.41957465000694e-11, "mixed": 0.9999999999157987, "none": 2.4423729207988834e-27}, "19": {"type-based": 4.2617855486346013e-16, "geo-based": 2.1115781956383188e-11, "mixed": 0.9999999999788838, "none": 3.1109010989478677e-29}, "20": {"type-based": 2.921145003794839e-17, "geo-based": 5.31128101800438e-12, "mixed": 0.9999999999946887, "none": 3.596657024112559e-31}, "21": {"type-based": 2.122787074399672e-18, "geo-based": 1.3485971545882952e-12, "mixed": 0.9999999999986513, "none": 4.408572732419125e-33}, "22": {"type-based": 3.716253171847092e-19, "geo-based": 3.3877430275583126e-13, "mixed": 0.9999999999996612, "none": 1.3017795293033506e-34}, "23": {"type-based": 4.6751313039677676e-20, "geo-based": 8.172774291050395e-14, "mixed": 0.9999999999999183, "none": 2.7622430803653177e-36}, "24": {"type-based": 3.304061442284945e-21, "geo-based": 1.9195789145415534e-14, "mixed": 0.9999999999999809, "none": 3.292667694598228e-38}, "25": {"type-based": 1.1857480465698362e-22, "geo-based": 4.469588574397116e-15, "mixed": 0.9999999999999956, "none": 1.993058445364138e-40}, "26": {"type-based": 3.598902333907864e-24, "geo-based": 1.0374021240574554e-15, "mixed": 0.9999999999999989, "none": 1.0202860263235436e-42}, "27": {"type-based": 1.1573437733475507e-24, "geo-based": 2.4296990284438487e-16, "mixed": 0.9999999999999998, "none": 5.533949925603783e-44}, "28": {"type-based": 1.4445400829923678e-25, "geo-based": 5.541706531705908e-17, "mixed": 1.0, "none": 1.1649850751474642e-45}, "29": {"type-based": 1.4774058336426209e-26, "geo-based": 1.248256788163542e-17, "mixed": 1.0, "none": 2.0095816727380562e-47}, "30": {"type-based": 1.1933692495969428e-27, "geo-based": 2.7868904930912246e-18, "mixed": 1.0, "none": 2.737745954207752e-49}, "31": {"type-based": 1.7923985214411491e-28, "geo-based": 6.150803914954859e-19, "mixed": 1.0, "none": 6.935261970843695e-51}, "32": {"type-based": 2.2287726072345276e-29, "geo-based": 1.3273251758567602e-19, "mixed": 1.0, "none": 1.4544598729663782e-52}, "33": {"type-based": 1.004499786455926e-30, "geo-based": 2.8127142582254373e-20, "mixed": 1.0, "none": 1.1055830261093373e-54}, "34": {"type-based": 4.717251869262116e-32, "geo-based": 5.885260355637734e-21, "mixed": 1.0, "none": 8.756571190172258e-57}, "35": {"type-based": 3.618268593954935e-33, "geo-based": 1.1969265105704205e-21, "mixed": 1.0, "none": 1.1327848084388233e-58}}