{"0": {"type-based": 0.25, "geo-based": 0.25, "mixed": 0.25, "none": 0.25}, "1": {"type-based": 0.25, "geo-based": 0.25, "mixed": 0.25, "none": 0.25}, "2": {"type-based": 0.25, "geo-based": 0.25, "mixed": 0.25, "none": 0.25}, "3": {"type-based": 0.13801726620514593, "geo-based": 0.3015449646047227, "mixed": 0.4767230597770929, "none": 0.08371470941303841}, "4": {"type-based": 0.03898561425954123, "geo-based": 0.2717231180613882, "mixed": 0.6749497818116811, "none": 0.014341485867389571}, "5": {"type-based": 0.006850244371598892, "geo-based": 0.20405766984050108, "mixed": 0.787563838020521, "none": 0.0015282477673790394}, "6": {"type-based": 0.000921730583659939, "geo-based": 0.1430976249885311, "mixed": 0.8558559418152395, "none": 0.00012470261256943425}, "7": {"type-based": 0.00010062055852143972, "geo-based": 0.09737457170112838, "mixed": 0.9025165524427644, "none": 8.255297585749438e-06}, "8": {"type-based": 7.969914760357937e-06, "geo-based": 0.0645004861913129, "mixed": 0.935491147371796, "none": 3.965221308087595e-07}, "9": {"type-based": 5.716719863908864e-07, "geo-based": 0.04218243488247864, "mixed": 0.9578169761981452, "none": 1.7247389769682928e-08}, "10": {"type-based": 1.2122444636853e-07, "geo-based": 0.027355158044791043, "mixed": 0.9726447185129468, "none": 2.2178158041098068e-09}, "11": {"type-based": 2.2362172080534613e-08, "geo-based": 0.017280072087968085, "mixed": 0.9827199053017723, "none": 2.480875186979871e-10}, "12": {"type-based": 2.9207117028552286e-09, "geo-based": 0.010766028608847825, "mixed": 0.9892339684507917, "none": 1.964865035163383e-11}, "13": {"type-based": 1.0720219430495903e-09, "geo-based": 0.006689186770753307, "mixed": 0.9933108121528514, "none": 4.373193323785987e-12}, "14": {"type-based": 1.8178210474224185e-10, "geo-based": 0.0041606448320681165, "mixed": 0.9958393549857001, "none": 4.496714243216823e-13}, "15": {"type-based": 2.254280955538496e-11, "geo-based": 0.0025838165341625207, "mixed": 0.9974161834432607, "none": 3.38142544645437e-14}, "16": {"type-based": 2.5198858421993077e-12, "geo-based": 0.001604011595248293, "mixed": 0.9983959884022297, "none": 2.2920226798896443e-15}, "17": {"type-based": 2.7489951788597693e-13, "geo-based": 0.000993091866267268, "mixed": 0.9990069081334577, "none": 1.5162021830699992e-16}, "18": {"type-based": 3.0881479264494695e-14, "geo-based": 0.0006130430972430516, "mixed": 0.999386956902726, "none": 1.0328215564248605e-17}, "19": {"type-based": 3.669477239113788e-15, "geo-based": 0.0003771980480044172, "mixed": 0.9996228019519919, "none": 7.441740710607358e-19}, "20": {"type-based": 4.655213612905187e-16, "geo-based": 0.00023125979525489784, "mixed": 0.9997687402047447, "none": 5.724693812761419e-20}, "21": {"type-based": 6.220593056603017e-17, "geo-based": 0.00014121753291828875, "mixed": 0.9998587824670816, "none": 4.638590260519369e-21}, "22": {"type-based": 7.848955721604713e-18, "geo-based": 8.58489663304144e-05, "mixed": 0.9999141510336694, "none": 3.5490081758979793e-22}, "23": {"type-based": 1.1903415860296005e-18, "geo-based": 5.188298466875395e-05, "mixed": 0.9999481170153313, "none": 3.263675845313817e-23}, "24": {"type-based": 2.070428295935397e-19, "geo-based": 3.1217798624673706e-05, "mixed": 0.9999687822013753, "none": 3.4421939589802104e-24}, "25": {"type-based": 3.521471574034369e-20, "geo-based": 1.872458840570414e-05, "mixed": 0.9999812754115943, "none": 3.5500833764230434e-25}, "26": {"type-based": 5.823937951025269e-21, "geo-based": 1.1196449005204378e-05, "mixed": 0.9999888035509948, "none": 3.56016279644755e-26}, "27": {"type-based": 7.166403348596445e-22, "geo-based": 6.674019878122312e-06, "mixed": 0.9999933259801219, "none": 2.6563951881488705e-27}, "28": {"type-based": 8.026247807406619e-23, "geo-based": 3.954132749553906e-06, "mixed": 0.9999960458672505, "none": 1.8040223685584937e-28}, "29": {"type-based": 1.131810895841086e-23, "geo-based": 2.3247018679916546e-06, "mixed": 0.999997675298132, "none": 1.5425553933740318e-29}, "30": {"type-based": 1.9764677966663707e-24, "geo-based": 1.3602000216746843e-06, "mixed": 0.9999986397999784, "none": 1.633404837974373e-30}, "31": {"type-based": 4.283525916960103e-25, "geo-based": 7.941534684315335e-07, "mixed": 0.9999992058465316, "none": 2.1465567107795244e-31}, "32": {"type-based": 9.801920388301602e-26, "geo-based": 4.6365593648590335e-07, "mixed": 0.9999995363440635, "none": 2.9784389899534517e-32}, "33": {"type-based": 2.2136993832301063e-26, "geo-based": 2.7093662629813125e-07, "mixed": 0.9999997290633736, "none": 4.078800532157066e-33}, "34": {"type-based": 2.046615114343272e-27, "geo-based": 1.585244265223678e-07, "mixed": 0.9999998414755735, "none": 2.2865779908004003e-34}, "35": {"type-based": 1.8926976633558246e-28, "geo-based": 9.21252506981666e-08, "mixed": 0.9999999078747492, "none": 1.2822327203879592e-35}, "36": {"type-based": 1.8478140916433828e-29, "geo-based": 5.315075124568696e-08, "mixed": 0.9999999468492488, "none": 7.590657821965679e-37}, "37": {"type-based": 5.025572873231765e-30, "geo-based": 3.052682520669836e-08, "mixed": 0.9999999694731747, "none": 1.2518203898877018e-37}, "38": {"type-based": 1.0741896982885972e-30, "geo-based": 1.7597442884783102e-08, "mixed": 0.999999982402557, "none": 1.62245449286867e-38}, "39": {"type-based": 2.0313275238591246e-31, "geo-based": 1.0174840017707831e-08, "mixed": 0.99999998982516, "none": 1.8604002489725054e-39}, "40": {"type-based": 2.478689446657991e-32, "geo-based": 5.899718140702597e-09, "mixed": 0.9999999941002817, "none": 1.3765223202261336e-40}, "41": {"type-based": 2.6972444364380766e-33, "geo-based": 3.4239941418626467e-09, "mixed": 0.9999999965760058, "none": 9.082720911716254e-42}, "42": {"type-based": 2.9047006343269617e-34, "geo-based": 1.9888771715695044e-09, "mixed": 0.9999999980111227, "none": 5.931047400878488e-43}, "43": {"type-based": 3.1078036238946366e-35, "geo-based": 1.1568208820886086e-09, "mixed": 0.9999999988431791, "none": 3.8478467961677653e-44}, "44": {"type-based": 3.1240953293365634e-36, "geo-based": 6.740266861120261e-10, "mixed": 0.9999999993259734, "none": 2.3454301991063352e-45}, "45": {"type-based": 3.139406991566399e-37, "geo-based": 3.934545853900701e-10, "mixed": 0.9999999996065454, "none": 1.4291563361784829e-46}, "46": {"type-based": 3.1596793257782725e-38, "geo-based": 2.301685422289955e-10, "mixed": 0.9999999997698314, "none": 8.721855093379804e-48}, "47": {"type-based": 3.188788024638195e-39, "geo-based": 1.3496626249284233e-10, "mixed": 0.9999999998650337, "none": 5.337342997036508e-49}, "48": {"type-based": 3.322703520008327e-40, "geo-based": 7.934106872886238e-11, "mixed": 0.999999999920659, "none": 3.372286997604838e-50}, "49": {"type-based": 2.808020769834882e-41, "geo-based": 4.677804438258883e-11, "mixed": 0.9999999999532219, "none": 1.7280909712737817e-51}, "50": {"type-based": 2.404533940418152e-42, "geo-based": 2.763408770766496e-11, "mixed": 0.9999999999723659, "none": 8.972850378369963e-53}, "51": {"type-based": 2.086671611090257e-43, "geo-based": 1.6359287070042146e-11, "mixed": 0.9999999999836406, "none": 4.721573295810362e-54}, "52": {"type-based": 1.8346687691329935e-44, "geo-based": 9.705918908610213e-12, "mixed": 0.999999999990294, "none": 2.5172323238297122e-55}, "53": {"type-based": 1.6333806804047122e-45, "geo-based": 5.771414936198571e-12, "mixed": 0.9999999999942286, "none": 1.3588951331424618e-56}, "54": {"type-based": 1.4732521957508059e-46, "geo-based": 3.4396027336147783e-12, "mixed": 0.9999999999965603, "none": 7.43204654019728e-58}, "55": {"type-based": 1.1579811997026494e-47, "geo-based": 2.0555361766305404e-12, "mixed": 0.9999999999979445, "none": 3.5421384177623916e-59}, "56": {"type-based": 6.400719694948502e-49, "geo-based": 1.2320983401015715e-12, "mixed": 0.9999999999987679, "none": 1.1872042149389919e-60}, "57": {"type-based": 3.6199445209566913e-50, "geo-based": 7.405386100375622e-13, "mixed": 0.9999999999992595, "none": 4.07128069185317e-62},