{"0": {"type-based": 0.25, "geo-based": 0.25, "mixed": 0.25, "none": 0.25}, "1": {"type-based": 0.25, "geo-based": 0.25, "mixed": 0.25, "none": 0.25}, "2": {"type-based": 0.25, "geo-based": 0.25, "mixed": 0.25, "none": 0.25}, "3": {"type-based": 0.1744329569624824, "geo-based": 0.1289778126850432, "mixed": 0.6671018714229318, "none": 0.02948735892954256}, "4": {"type-based": 0.04688232104165687, "geo-based": 0.03603620937179738, "mixed": 0.9157428167983929, "none": 0.0013386527881528564}, "5": {"type-based": 0.006075988577236307, "geo-based": 0.008071191929352852, "mixed": 0.9858235274793272, "none": 2.9292014083600077e-05}, "6": {"type-based": 0.000705288859085139, "geo-based": 0.0017604945958047233, "mixed": 0.9975336426059425, "none": 5.739391676248261e-07}, "7": {"type-based": 0.00013459990697380303, "geo-based": 0.0003965917629484067, "mixed": 0.9994687898442512, "none": 1.848582656325285e-08}, "8": {"type-based": 2.0685364318294414e-05, "geo-based": 9.42167158404963e-05, "mixed": 0.9998850974404372, "none": 4.794039840857657e-10}, "9": {"type-based": 3.6885983960924323e-06, "geo-based": 2.297666771917971e-05, "mixed": 0.9999733347194599, "none": 1.4424673420135218e-11}, "10": {"type-based": 4.906907131628247e-07, "geo-based": 5.589582500039466e-06, "mixed": 0.9999939197264631, "none": 3.237642505920451e-13}, "11": {"type-based": 5.2109864784701676e-08, "geo-based": 1.3422848332727728e-06, "mixed": 0.9999986056052962, "none": 5.8008771258064425e-15}, "12": {"type-based": 4.804011137722301e-09, "geo-based": 3.1779019661328516e-07, "mixed": 0.9999996774057923, "none": 9.022168616956409e-17}, "13": {"type-based": 3.962808797119033e-10, "geo-based": 7.412852429636872e-08, "mixed": 0.9999999254751948, "none": 1.2555298870410005e-18}, "14": {"type-based": 2.981551725641442e-11, "geo-based": 1.7041902614395123e-08, "mixed": 0.9999999829282818, "none": 1.5935642216914023e-20}, "15": {"type-based": 2.0728052196623017e-12, "geo-based": 3.864254145284374e-09, "mixed": 0.999999996133673, "none": 1.868862041839102e-22}, "16": {"type-based": 1.9580697460100344e-13, "geo-based": 8.65019163486185e-10, "mixed": 0.999999999134785, "none": 2.9780243412696938e-24}, "17": {"type-based": 3.7419290779503016e-14, "geo-based": 1.978628682433774e-10, "mixed": 0.9999999998020996, "none": 9.599929793011018e-26}, "18": {"type-based": 4.481580210220592e-15, "geo-based": 4.753818174819386e-11, "mixed": 0.9999999999524574, "none": 1.9394037426132344e-27}, "19": {"type-based": 3.732472466125257e-16, "geo-based": 1.1782792452089237e-11, "mixed": 0.9999999999882168, "none": 2.7245276807468146e-29}, "20": {"type-based": 4.519325182537645e-17, "geo-based": 2.9580636979001056e-12, "mixed": 0.9999999999970419, "none": 5.564414858182917e-31}, "21": {"type-based": 7.834621516162733e-18, "geo-based": 7.61662697317204e-13, "mixed": 0.9999999999992384, "none": 1.6270825840951118e-32}, "22": {"type-based": 1.4265749263593296e-18, "geo-based": 2.0070568975091859e-13, "mixed": 0.9999999999997993, "none": 4.997200003004589e-34}, "23": {"type-based": 1.4056310475950485e-18, "geo-based": 5.357259560928116e-14, "mixed": 0.9999999999999465, "none": 8.304995907753107e-35}, "24": {"type-based": 5.265473050233349e-19, "geo-based": 1.4213523003033915e-14, "mixed": 0.9999999999999858, "none": 5.247315557573623e-36}, "25": {"type-based": 6.454224240206283e-20, "geo-based": 3.727659828493744e-15, "mixed": 0.9999999999999962, "none": 1.0848549291250676e-37}, "26": {"type-based": 1.12455455310983e-20, "geo-based": 9.766216135527132e-16, "mixed": 0.9999999999999991, "none": 3.188103454673663e-39}, "27": {"type-based": 2.428525938100372e-21, "geo-based": 2.527701021666998e-16, "mixed": 0.9999999999999998, "none": 1.1612229005738618e-40}, "28": {"type-based": 3.4137405101657017e-22, "geo-based": 6.421510656082955e-17, "mixed": 1.0, "none": 2.753095460342685e-42}, "29": {"type-based": 2.5033991577781163e-23, "geo-based": 1.6044386967496835e-17, "mixed": 1.0, "none": 3.4051476936537647e-44}, "30": {"type-based": 2.1569804284010665e-24, "geo-based": 3.957069751915215e-18, "mixed": 1.0, "none": 4.948396687073016e-46}, "31": {"type-based": 2.142877366121667e-25, "geo-based": 9.620263260505443e-19, "mixed": 1.0, "none": 8.291356931881541e-48}, "32": {"type-based": 3.543081495490967e-26, "geo-based": 2.3302013320925417e-19, "mixed": 1.0, "none": 2.3121559575498913e-49}, "33": {"type-based": 3.662265317388847e-27, "geo-based": 5.625764529242514e-20, "mixed": 1.0, "none": 4.030800629932924e-51}, "34": {"type-based": 2.8449477386345193e-28, "geo-based": 1.343630961011653e-20, "mixed": 1.0, "none": 5.281038218035524e-53}, "35": {"type-based": 2.1399359342351917e-29, "geo-based": 3.182623041024602e-21, "mixed": 1.0, "none": 6.699577033567669e-55}, "36": {"type-based": 1.5648670884601832e-30, "geo-based": 7.482090201863805e-22, "mixed": 1.0, "none": 8.262735818590617e-57}, "37": {"type-based": 1.092820923249039e-31, "geo-based": 1.7469770864861823e-22, "mixed": 1.0, "none": 9.731807511077187e-59}, "38": {"type-based": 7.19049194787184e-33, "geo-based": 4.054690628264744e-23, "mixed": 1.0, "none": 1.0799399422283e-60}, "39": {"type-based": 4.118022735769979e-34, "geo-based": 9.326225385441396e-24, "mixed": 1.0, "none": 1.0430970287729506e-62}, "40": {"type-based": 2.687276394066204e-35, "geo-based": 8.261460569465048e-20, "mixed": 1.0, "none": 4.4773141953992436e-60}, "41": {"type-based": 1.6003589827652702e-36, "geo-based": 1.9634939125268914e-20, "mixed": 1.0, "none": 4.911478024987754e-62}, "42": {"type-based": 1.3923131148194243e-37, "geo-based": 4.547344806360448e-21, "mixed": 1.0, "none": 7.854212705240128e-64}, "43": {"type-based": 1.1178661080515612e-38, "geo-based": 1.036524638436734e-21, "mixed": 1.0, "none": 1.156780288790287e-65}, "44": {"type-based": 9.910972651467726e-40, "geo-based": 2.3303515784505676e-22, "mixed": 1.0, "none": 1.877747355895048e-67}, "45": {"type-based": 9.939634264554534e-41, "geo-based": 5.0134590302972783e-23, "mixed": 1.0, "none": 3.441540492838144e-69}, "46": {"type-based": 1.1403901554324176e-41, "geo-based": 1.0253000528734895e-23, "mixed": 1.0, "none": 7.203345628451011e-71}, "47": {"type-based": 9.036770108541031e-43, "geo-based": 1.987214802237965e-24, "mixed": 1.0, "none": 1.0395891229246848e-72}}