{"0": {"type-based": 0.25, "geo-based": 0.25, "mixed": 0.25, "none": 0.25}, "1": {"type-based": 0.25, "geo-based": 0.25, "mixed": 0.25, "none": 0.25}, "2": {"type-based": 0.25, "geo-based": 0.25, "mixed": 0.25, "none": 0.25}, "3": {"type-based": 0.1744329569624824, "geo-based": 0.1289778126850432, "mixed": 0.6671018714229318, "none": 0.02948735892954256}, "4": {"type-based": 0.04777397580006178, "geo-based": 0.036001485625450365, "mixed": 0.914860425951969, "none": 0.001364112622518734}, "5": {"type-based": 0.008514491759650408, "geo-based": 0.008296383046282734, "mixed": 0.9831480772873159, "none": 4.104790675097357e-05}, "6": {"type-based": 0.0014530840094556768, "geo-based": 0.0018704830668337374, "mixed": 0.9966752504552565, "none": 1.182468454071046e-06}, "7": {"type-based": 0.00019259247338426048, "geo-based": 0.00041933391096312495, "mixed": 0.9993880471651808, "none": 2.645047192389407e-08}, "8": {"type-based": 2.8162743735728066e-05, "geo-based": 9.369140260795607e-05, "mixed": 0.9998781452009567, "none": 6.526997224677217e-10}, "9": {"type-based": 2.66449090292694e-06, "geo-based": 2.197735122547101e-05, "mixed": 0.9999753581474518, "none": 1.0419787403898008e-11}, "10": {"type-based": 2.0497964872009142e-07, "geo-based": 5.340854703844636e-06, "mixed": 0.9999944541655122, "none": 1.3524829505476966e-13}, "11": {"type-based": 1.522330734873793e-08, "geo-based": 1.3383417098625815e-06, "mixed": 0.999998646434981, "none": 1.694660612597491e-15}, "12": {"type-based": 1.1202144685688465e-09, "geo-based": 3.467942195007575e-07, "mixed": 0.9999996520855661, "none": 2.1038177333148758e-17}, "13": {"type-based": 8.266805011826901e-11, "geo-based": 9.094264648082595e-08, "mixed": 0.9999999089746855, "none": 2.6191575960552817e-19}, "14": {"type-based": 8.902279460612535e-12, "geo-based": 2.3950166013855172e-08, "mixed": 0.9999999760409316, "none": 4.758043913150077e-21}, "15": {"type-based": 7.617197623814889e-13, "geo-based": 6.169889140601908e-09, "mixed": 0.9999999938293491, "none": 6.867742019027661e-23}, "16": {"type-based": 5.510644414267717e-14, "geo-based": 1.5550628162645332e-09, "mixed": 0.999999998444882, "none": 8.381128014061578e-25}, "17": {"type-based": 3.4951599890111563e-15, "geo-based": 3.837782286596978e-10, "mixed": 0.9999999996162183, "none": 8.966842986833837e-27}, "18": {"type-based": 2.0204509534749155e-16, "geo-based": 9.283717694567971e-11, "mixed": 0.9999999999071627, "none": 8.743501080264842e-29}, "19": {"type-based": 2.3558410983662313e-16, "geo-based": 2.198253938661937e-11, "mixed": 0.9999999999780171, "none": 1.7196521453788475e-29}, "20": {"type-based": 4.0404823822359667e-17, "geo-based": 5.6727169620725326e-12, "mixed": 0.9999999999943272, "none": 4.9748401130355795e-31}, "21": {"type-based": 3.683104265364482e-18, "geo-based": 1.5216545348190233e-12, "mixed": 0.9999999999984783, "none": 7.649016347781535e-33}, "22": {"type-based": 2.706480945996721e-19, "geo-based": 4.1751089092196336e-13, "mixed": 0.9999999999995826, "none": 9.480628280760913e-35}, "23": {"type-based": 2.171102242384508e-20, "geo-based": 1.1611032077268218e-13, "mixed": 0.9999999999998839, "none": 1.2827687086996902e-36}, "24": {"type-based": 1.518054451480252e-21, "geo-based": 3.2530541889057655e-14, "mixed": 0.9999999999999674, "none": 1.512819582305754e-38}, "25": {"type-based": 1.2308701347655492e-22, "geo-based": 9.158655651236307e-15, "mixed": 0.9999999999999909, "none": 2.068901672946158e-40}, "26": {"type-based": 9.548574342355165e-24, "geo-based": 2.5807128497874674e-15, "mixed": 0.9999999999999973, "none": 2.7070134360211586e-42}, "27": {"type-based": 8.619573678277794e-25, "geo-based": 7.278540538075335e-16, "mixed": 0.9999999999999993, "none": 4.121531580687677e-44}, "28": {"type-based": 9.701879505159023e-26, "geo-based": 2.0504790778290217e-16, "mixed": 0.9999999999999998, "none": 7.824320666115462e-46}, "29": {"type-based": 1.0060907277737336e-26, "geo-based": 5.753690107089456e-17, "mixed": 1.0, "none": 1.3684943172729198e-47}, "30": {"type-based": 8.674542238266865e-28, "geo-based": 1.6054995494015422e-17, "mixed": 1.0, "none": 1.990054036120038e-49}, "31": {"type-based": 8.60509473493573e-29, "geo-based": 4.467167438593886e-18, "mixed": 1.0, "none": 3.3295377984759474e-51}, "32": {"type-based": 7.736245115640676e-29, "geo-based": 1.2323512403276595e-18, "mixed": 1.0, "none": 5.048544679527946e-52}, "33": {"type-based": 1.7415034319608017e-29, "geo-based": 3.299354691883416e-19, "mixed": 1.0, "none": 1.9167516611229248e-53}, "34": {"type-based": 2.436267539948996e-30, "geo-based": 8.618689851806234e-20, "mixed": 1.0, "none": 4.5224106626314684e-55}, "35": {"type-based": 5.677970388176772e-31, "geo-based": 2.1974862858846918e-20, "mixed": 1.0, "none": 1.777623311115705e-56}, "36": {"type-based": 8.471290026984548e-32, "geo-based": 5.465013124080603e-21, "mixed": 1.0, "none": 4.4729697526267385e-58}, "37": {"type-based": 5.3784789915115494e-33, "geo-based": 1.3319024155523123e-21, "mixed": 1.0, "none": 4.7896522782658e-60}, "38": {"type-based": 3.6783583203938484e-34, "geo-based": 3.187219681404617e-22, "mixed": 1.0, "none": 5.524526139267601e-62}, "39": {"type-based": 2.5831772032248375e-35, "geo-based": 7.527383917790766e-23, "mixed": 1.0, "none": 6.543199584773626e-64}, "40": {"type-based": 1.6998864918724705e-36, "geo-based": 1.7618339584924278e-23, "mixed": 1.0, "none": 7.261885801769774e-66}, "41": {"type-based": 1.4906593633388469e-37, "geo-based": 4.090105201620448e-24, "mixed": 1.0, "none": 1.0739895516767933e-67}, "42": {"type-based": 1.1376009468424866e-38, "geo-based": 9.419552418185492e-25, "mixed": 1.0, "none": 1.3823004047544424e-69}, "43": {"type-based": 1.1043226760190115e-39, "geo-based": 2.1116560802857265e-25, "mixed": 1.0, "none": 2.2630705003272756e-71}, "44": {"type-based": 9.657460685473096e-41, "geo-based": 4.652752457180049e-26, "mixed": 1.0, "none": 3.337747353377829e-73}, "45": {"type-based": 1.0092448919802441e-41, "geo-based": 1.0093318047061405e-26, "mixed": 1.0, "none": 5.882668256209157e-75}, "46": {"type-based": 1.6257765988934005e-42, "geo-based": 2.0916617544317398e-27, "mixed": 1.0, "none": 1.5981769804582345e-76}, "47": {"type-based": 3.2550814494626787e-43, "geo-based": 4.117618855861137e-28, "mixed": 1.0, "none": 5.396485740873298e-78}, "48": {"type-based": 3.331526222190568e-44, "geo-based": 7.686616342107647e-29, "mixed": 1.0, "none": 9.314865544973842e-80}}