{"1": 0.14285714285714285, "5": 0.42857142857142855, "10": 1.0, "20": 1.0, "50": 1.0, "100": 1.0}