{"1": 0.0, "5": 0.4444444444444444, "10": 0.8888888888888888, "20": 1.0, "50": 1.0, "100": 1.0}