{"1": 0.0, "5": 0.07692307692307693, "10": 0.46153846153846156, "20": 0.8461538461538461, "50": 1.0, "100": 1.0}