{"1": 0.1, "5": 0.3333333333333333, "10": 0.6, "20": 0.8333333333333334, "50": 1.0, "100": 1.0}