{"1": 0.034482758620689655, "5": 0.4482758620689655, "10": 0.8275862068965517, "20": 0.9655172413793104, "50": 1.0, "100": 1.0}