{"1": 0.06451612903225806, "5": 0.5161290322580645, "10": 0.8709677419354839, "20": 0.967741935483871, "50": 1.0, "100": 1.0}