{"1": 0.0, "5": 0.09302325581395349, "10": 0.16279069767441862, "20": 0.37209302325581395, "50": 0.8372093023255814, "100": 0.9767441860465116}