{"1": 0.008695652173913044, "5": 0.043478260869565216, "10": 0.13043478260869565, "20": 0.25217391304347825, "50": 0.5217391304347826, "100": 0.7478260869565218}