{"1": 0.0, "5": 0.5, "10": 0.7142857142857143, "20": 0.9285714285714286, "50": 1.0, "100": 1.0}