{"1": 0.2222222222222222, "5": 0.7777777777777778, "10": 0.7777777777777778, "20": 0.7777777777777778, "50": 0.7777777777777778, "100": 0.7777777777777778}