{"1": 0.01694915254237288, "5": 0.1440677966101695, "10": 0.2627118644067797, "20": 0.4322033898305085, "50": 0.8305084745762712, "100": 0.923728813559322}