{"1": 0.0, "5": 0.12195121951219512, "10": 0.21951219512195122, "20": 0.4146341463414634, "50": 0.8048780487804879, "100": 0.975609756097561}