{"1": 0.07407407407407407, "5": 0.3148148148148148, "10": 0.5185185185185185, "20": 0.6851851851851852, "50": 0.8888888888888888, "100": 0.9444444444444444}