{"1": 0.11764705882352941, "5": 0.4117647058823529, "10": 0.6176470588235294, "20": 0.8235294117647058, "50": 1.0, "100": 1.0}