{"1": 0.058823529411764705, "5": 0.29411764705882354, "10": 0.4117647058823529, "20": 0.7647058823529411, "50": 0.9019607843137255, "100": 0.9411764705882353}