{"1": 0.023255813953488372, "5": 0.13953488372093023, "10": 0.20930232558139536, "20": 0.37209302325581395, "50": 0.9767441860465116, "100": 1.0}