{"1": 0.02857142857142857, "5": 0.2, "10": 0.4857142857142857, "20": 0.9142857142857143, "50": 1.0, "100": 1.0}