{"1": 0.0, "5": 0.11363636363636363, "10": 0.18181818181818182, "20": 0.36363636363636365, "50": 0.9772727272727273, "100": 0.9772727272727273}