{"1": 0.0625, "5": 0.34375, "10": 0.65625, "20": 0.9375, "50": 1.0, "100": 1.0}