{"1": 0.06818181818181818, "5": 0.25, "10": 0.4772727272727273, "20": 0.75, "50": 0.9545454545454546, "100": 0.9772727272727273}