{"1": 0.0, "5": 0.0, "10": 0.15789473684210525, "20": 0.5263157894736842, "50": 0.7894736842105263, "100": 1.0}