{"1": 0.10714285714285714, "5": 0.42857142857142855, "10": 0.7857142857142857, "20": 0.9642857142857143, "50": 1.0, "100": 1.0}