{"1": 0.03125, "5": 0.40625, "10": 0.71875, "20": 0.90625, "50": 1.0, "100": 1.0}