{"1": 0.02857142857142857, "5": 0.2, "10": 0.6285714285714286, "20": 0.9428571428571428, "50": 1.0, "100": 1.0}