{"1": 0.010752688172043012, "5": 0.12903225806451613, "10": 0.3118279569892473, "20": 0.5698924731182796, "50": 0.7526881720430108, "100": 0.956989247311828}