{"1": 0.0, "5": 0.09523809523809523, "10": 0.19047619047619047, "20": 0.3333333333333333, "50": 0.7738095238095238, "100": 0.9642857142857143}