{"1": 0.0, "5": 0.0851063829787234, "10": 0.1702127659574468, "20": 0.425531914893617, "50": 0.8936170212765957, "100": 0.9574468085106383}