{"1": 0.22857142857142856, "5": 0.4857142857142857, "10": 0.7142857142857143, "20": 0.9428571428571428, "50": 1.0, "100": 1.0}