{"1": 0.022727272727272728, "5": 0.1590909090909091, "10": 0.20454545454545456, "20": 0.29545454545454547, "50": 0.8863636363636364, "100": 0.9772727272727273}