{"1": 0.0, "5": 0.19444444444444445, "10": 0.3194444444444444, "20": 0.5694444444444444, "50": 0.8472222222222222, "100": 0.9583333333333334}