{"1": 0.3333333333333333, "5": 0.6666666666666666, "10": 0.6666666666666666, "20": 0.6666666666666666, "50": 1.0, "100": 1.0}