{"1": 0.1891891891891892, "5": 0.4594594594594595, "10": 0.7567567567567568, "20": 0.918918918918919, "50": 0.972972972972973, "100": 1.0}