{"1": 0.020833333333333332, "5": 0.08333333333333333, "10": 0.1875, "20": 0.3854166666666667, "50": 0.6354166666666666, "100": 0.8229166666666666}