{"1": 0.0, "5": 0.06382978723404255, "10": 0.1276595744680851, "20": 0.2978723404255319, "50": 0.851063829787234, "100": 0.9787234042553191}