{"1": 0.04597701149425287, "5": 0.11494252873563218, "10": 0.26436781609195403, "20": 0.367816091954023, "50": 0.7011494252873564, "100": 0.8735632183908046}