{"1": 0.022727272727272728, "5": 0.1590909090909091, "10": 0.2727272727272727, "20": 0.5, "50": 0.9772727272727273, "100": 1.0}