{"1": 0.01098901098901099, "5": 0.03296703296703297, "10": 0.07692307692307693, "20": 0.24175824175824176, "50": 0.6153846153846154, "100": 0.8351648351648352}