{"1": 0.0, "5": 0.05813953488372093, "10": 0.18604651162790697, "20": 0.4069767441860465, "50": 0.7209302325581395, "100": 0.9302325581395349}