{"1": 0.02040816326530612, "5": 0.21428571428571427, "10": 0.35714285714285715, "20": 0.5816326530612245, "50": 0.826530612244898, "100": 0.9489795918367347}