{"1": 0.0, "5": 0.043478260869565216, "10": 0.17391304347826086, "20": 0.5652173913043478, "50": 0.9782608695652174, "100": 0.9782608695652174}