{"1": 0.10344827586206896, "5": 0.5517241379310345, "10": 0.8275862068965517, "20": 0.9655172413793104, "50": 1.0, "100": 1.0}