{"1": 0.03225806451612903, "5": 0.3225806451612903, "10": 0.5483870967741935, "20": 0.8387096774193549, "50": 0.9354838709677419, "100": 1.0}