{"1": 0.0, "5": 0.13333333333333333, "10": 0.5111111111111111, "20": 0.8666666666666667, "50": 0.9555555555555556, "100": 1.0}