{"1": 0.0, "5": 0.2894736842105263, "10": 0.6578947368421053, "20": 0.9736842105263158, "50": 1.0, "100": 1.0}