{"1": 0.1111111111111111, "5": 0.5555555555555556, "10": 0.9444444444444444, "20": 1.0, "50": 1.0, "100": 1.0}