{"1": 0.018518518518518517, "5": 0.12962962962962962, "10": 0.3888888888888889, "20": 0.7407407407407407, "50": 0.9444444444444444, "100": 1.0}