{"1": 0.046511627906976744, "5": 0.23255813953488372, "10": 0.3953488372093023, "20": 0.7209302325581395, "50": 1.0, "100": 1.0}