{"1": 0.0, "5": 0.11627906976744186, "10": 0.2558139534883721, "20": 0.3953488372093023, "50": 0.9767441860465116, "100": 1.0}