{"1": 0.05555555555555555, "5": 0.3888888888888889, "10": 0.6388888888888888, "20": 1.0, "50": 1.0, "100": 1.0}