{"1": 0.0, "5": 0.1111111111111111, "10": 0.17777777777777778, "20": 0.4222222222222222, "50": 0.7111111111111111, "100": 0.8222222222222222}