{"1": 0.02127659574468085, "5": 0.10638297872340426, "10": 0.1702127659574468, "20": 0.2978723404255319, "50": 0.8297872340425532, "100": 0.9574468085106383}