{"1": 0.0, "5": 0.047619047619047616, "10": 0.1523809523809524, "20": 0.42857142857142855, "50": 0.7714285714285715, "100": 0.9047619047619048}