{"1": 0.08333333333333333, "5": 0.4166666666666667, "10": 0.6944444444444444, "20": 0.9166666666666666, "50": 1.0, "100": 1.0}