{"1": 0.0, "5": 0.2857142857142857, "10": 0.6428571428571429, "20": 0.7857142857142857, "50": 1.0, "100": 1.0}