{"1": 0.06451612903225806, "5": 0.41935483870967744, "10": 0.7741935483870968, "20": 0.9354838709677419, "50": 0.967741935483871, "100": 0.967741935483871}