{"1": 0.010416666666666666, "5": 0.16666666666666666, "10": 0.28125, "20": 0.5416666666666666, "50": 0.8541666666666666, "100": 0.96875}