{"1": 0.0, "5": 0.36363636363636365, "10": 0.6363636363636364, "20": 1.0, "50": 1.0, "100": 1.0}