{"0": {"type-based": 0.25, "geo-based": 0.25, "mixed": 0.25, "none": 0.25}, "1": {"type-based": 0.25, "geo-based": 0.25, "mixed": 0.25, "none": 0.25}, "2": {"type-based": 0.25, "geo-based": 0.25, "mixed": 0.25, "none": 0.25}, "3": {"type-based": 0.3609493218415228, "geo-based": 0.010009744289349252, "mixed": 0.6262717410338502, "none": 0.0027691928352778354}, "4": {"type-based": 0.23251312114431655, "geo-based": 0.0002179062861422004, "mixed": 0.7672555819728103, "none": 1.3390596730933168e-05}, "5": {"type-based": 0.17199267793963907, "geo-based": 4.56966475529535e-06, "mixed": 0.828002678860023, "none": 7.353558258154758e-08}, "6": {"type-based": 0.37265674686802974, "geo-based": 0.0003119137208537306, "mixed": 0.6270254634876266, "none": 5.875923489996297e-06}, "7": {"type-based": 0.20646987047396156, "geo-based": 2.2040146083380753e-05, "mixed": 0.7935079555969318, "none": 1.3378302330329185e-07}, "8": {"type-based": 0.0913270923303205, "geo-based": 1.26779380839603e-06, "mixed": 0.9086716377785745, "none": 2.0972966879747832e-09}, "9": {"type-based": 0.03297914583610266, "geo-based": 6.220136381958963e-08, "mixed": 0.9670207919387491, "none": 2.3784278466733506e-11}, "10": {"type-based": 0.07534059548212103, "geo-based": 2.508775099167265e-09, "mixed": 0.9246594020075619, "none": 1.5418203480581059e-12}, "11": {"type-based": 0.052709329469222514, "geo-based": 1.0361087874700508e-10, "mixed": 0.9472906704271387, "none": 2.8068151816876643e-14}}