{"0": {"type-based": 0.25, "geo-based": 0.25, "mixed": 0.25, "none": 0.25}, "1": {"type-based": 0.25, "geo-based": 0.25, "mixed": 0.25, "none": 0.25}, "2": {"type-based": 0.25, "geo-based": 0.25, "mixed": 0.25, "none": 0.25}, "3": {"type-based": 0.34300411727821073, "geo-based": 0.010176041315322994, "mixed": 0.6441883236654392, "none": 0.0026315177410269662}, "4": {"type-based": 0.20319195226352552, "geo-based": 0.00023155880158616152, "mixed": 0.7965647869652174, "none": 1.1701969670963665e-05}, "5": {"type-based": 0.09692508178629758, "geo-based": 5.517284647512706e-06, "mixed": 0.9030693594886723, "none": 4.144038247035678e-08}, "6": {"type-based": 0.03841474963679462, "geo-based": 1.374686885914635e-07, "mixed": 0.9615851127733988, "none": 1.2111788998910435e-10}, "7": {"type-based": 0.014979320022870418, "geo-based": 3.5940285292590283e-09, "mixed": 0.9850206763827545, "none": 3.4671483649760004e-13}, "8": {"type-based": 0.010449593945226874, "geo-based": 1.0145143368326489e-10, "mixed": 0.9895504059533199, "none": 1.7699032968466163e-15}, "9": {"type-based": 0.009599128620167702, "geo-based": 2.891707183067106e-12, "mixed": 0.9904008713769407, "none": 1.1868573818848589e-17}, "10": {"type-based": 0.0034837266547054105, "geo-based": 8.022772961807523e-14, "mixed": 0.9965162733452143, "none": 3.138386660655493e-20}, "11": {"type-based": 0.005185180066956364, "geo-based": 2.1744854210182624e-15, "mixed": 0.9948148199330415, "none": 3.398317721775114e-22}, "12": {"type-based": 0.013812543537850417, "geo-based": 5.0504935375033195e-17, "mixed": 0.9861874564621496, "none": 6.577676754917944e-24}, "13": {"type-based": 0.9999499867744844, "geo-based": 5.601914142660976e-23, "mixed": 5.0013225515560385e-05, "none": 3.456417262524807e-24}}