{"0": {"type-based": 0.25, "geo-based": 0.25, "mixed": 0.25, "none": 0.25}, "1": {"type-based": 0.25, "geo-based": 0.25, "mixed": 0.25, "none": 0.25}, "2": {"type-based": 0.25, "geo-based": 0.25, "mixed": 0.25, "none": 0.25}, "3": {"type-based": 0.2652718843905137, "geo-based": 0.006227132076882802, "mixed": 0.7264658252508063, "none": 0.0020351582817972075}, "4": {"type-based": 0.07909876706715831, "geo-based": 6.22850528745119e-05, "mixed": 0.9208343925254715, "none": 4.555354495684228e-06}, "5": {"type-based": 0.015307474825684755, "geo-based": 5.211698851468089e-07, "mixed": 0.9846919974597094, "none": 6.544720930237201e-09}, "6": {"type-based": 0.07729954470854686, "geo-based": 3.900372201674899e-09, "mixed": 0.9227004511473631, "none": 2.437177865465021e-10}, "7": {"type-based": 0.048827925845828346, "geo-based": 4.192731142165128e-11, "mixed": 0.9511720741111142, "none": 1.1301825650500534e-12}, "8": {"type-based": 0.02274600532649006, "geo-based": 5.409307387578655e-13, "mixed": 0.9772539946729651, "none": 3.852611884104305e-15}, "9": {"type-based": 0.01624598951286839, "geo-based": 7.993687291679567e-15, "mixed": 0.9837540104871237, "none": 2.0086898865862877e-17}, "10": {"type-based": 0.009249339862495872, "geo-based": 1.343369822911578e-16, "mixed": 0.9907506601375039, "none": 8.332457658558981e-20}, "11": {"type-based": 0.021675051480402163, "geo-based": 2.3876942701565075e-18, "mixed": 0.978324948519598, "none": 1.4205622681388445e-21}, "12": {"type-based": 0.01998813907531491, "geo-based": 4.4196793604650214e-20, "mixed": 0.9800118609246852, "none": 9.518559518707362e-24}, "13": {"type-based": 0.01208140028130657, "geo-based": 8.524231655283131e-22, "mixed": 0.9879185997186934, "none": 4.1760449062536675e-26}, "14": {"type-based": 0.01641203637100174, "geo-based": 1.6824989698647628e-23, "mixed": 0.9835879636289983, "none": 4.114134471867864e-28}, "15": {"type-based": 0.010688036831117971, "geo-based": 3.4229220091427884e-25, "mixed": 0.9893119631688819, "none": 1.94158017410081e-30}, "16": {"type-based": 0.00509622985030102, "geo-based": 6.911863675418693e-27, "mixed": 0.994903770149699, "none": 6.704468949664967e-33}, "17": {"type-based": 0.002392222509038402, "geo-based": 1.3615344024936728e-28, "mixed": 0.9976077774909616, "none": 2.277858918120327e-35}, "18": {"type-based": 0.000897762458171573, "geo-based": 2.8035557341284446e-30, "mixed": 0.9991022375418285, "none": 6.184114436040145e-38}, "19": {"type-based": 0.007053580285041297, "geo-based": 5.88660274835194e-32, "mixed": 0.9929464197149587, "none": 3.513352431750799e-39}}