{"0": {"type-based": 0.25, "geo-based": 0.25, "mixed": 0.25, "none": 0.25}, "1": {"type-based": 0.25, "geo-based": 0.25, "mixed": 0.25, "none": 0.25}, "2": {"type-based": 0.25, "geo-based": 0.25, "mixed": 0.25, "none": 0.25}, "3": {"type-based": 0.30634381020812057, "geo-based": 0.009425187501230335, "mixed": 0.6818807413730444, "none": 0.002350260917604669}, "4": {"type-based": 0.18095654367853797, "geo-based": 0.00018998528424294986, "mixed": 0.8188430496206114, "none": 1.0421416607791405e-05}, "5": {"type-based": 0.14151040547028068, "geo-based": 4.0153431610724345e-06, "mixed": 0.8584855186836914, "none": 6.050286693751066e-08}, "6": {"type-based": 0.12579393398951685, "geo-based": 9.444193911813266e-08, "mixed": 0.8742059711719282, "none": 3.966157791549324e-10}, "7": {"type-based": 0.1019371883817844, "geo-based": 2.2050300535432416e-09, "mixed": 0.8980628094108262, "none": 2.3594619481293913e-12}, "8": {"type-based": 0.04215199337791275, "geo-based": 5.301607633997229e-11, "mixed": 0.9578480065690639, "none": 7.13950728030942e-15}, "9": {"type-based": 0.0729118418566995, "geo-based": 1.11198827092753e-12, "mixed": 0.9270881581421885, "none": 9.014980542362366e-17}, "10": {"type-based": 0.48434092357263336, "geo-based": 1.4095827979002476e-14, "mixed": 0.5156590764273525, "none": 4.363284621360317e-18}, "11": {"type-based": 0.4393205903813811, "geo-based": 3.163946406175201e-16, "mixed": 0.5606794096186185, "none": 2.879265384336202e-20}}