{"0": {"type-based": 0.25, "geo-based": 0.25, "mixed": 0.25, "none": 0.25}, "1": {"type-based": 0.25, "geo-based": 0.25, "mixed": 0.25, "none": 0.25}, "2": {"type-based": 0.25, "geo-based": 0.25, "mixed": 0.25, "none": 0.25}, "3": {"type-based": 0.45296668683890823, "geo-based": 0.004845425893027927, "mixed": 0.5408012395170003, "none": 0.0013866477510635002}, "4": {"type-based": 0.9820793707536096, "geo-based": 1.5260922496402453e-06, "mixed": 0.017910399161083987, "none": 8.70399305670515e-06}, "5": {"type-based": 0.9547027131390274, "geo-based": 1.2008564198791522e-08, "mixed": 0.045297251058346276, "none": 2.3794062235020618e-08}, "6": {"type-based": 0.990084743862372, "geo-based": 8.37457873054506e-12, "mixed": 0.009915256061093053, "none": 6.816062515933608e-11}, "7": {"type-based": 0.9905786419026952, "geo-based": 3.224934994980573e-14, "mixed": 0.009421358097086373, "none": 1.8610314626787718e-13}, "8": {"type-based": 0.9911805078729644, "geo-based": 1.6726240018861087e-16, "mixed": 0.008819492127035039, "none": 5.037631054044971e-16}, "9": {"type-based": 0.9817814286317369, "geo-based": 1.4166567561058892e-18, "mixed": 0.01821857136826316, "none": 1.3410012890044794e-18}, "10": {"type-based": 0.99999808423053, "geo-based": 4.817675600839415e-21, "mixed": 1.9157694698603505e-06, "none": 3.287010775753106e-17}, "11": {"type-based": 0.9999991037426094, "geo-based": 7.064849845855362e-20, "mixed": 8.962573890461606e-07, "none": 1.5828716772783886e-15}, "12": {"type-based": 0.9999992986389278, "geo-based": 3.980423502242094e-21, "mixed": 7.013610719572445e-07, "none": 1.1509911764498186e-16}}