{"0": {"type-based": 0.25, "geo-based": 0.25, "mixed": 0.25, "none": 0.25}, "1": {"type-based": 0.25, "geo-based": 0.25, "mixed": 0.25, "none": 0.25}, "2": {"type-based": 0.25, "geo-based": 0.25, "mixed": 0.25, "none": 0.25}, "3": {"type-based": 0.3672507711269068, "geo-based": 0.003184008885184642, "mixed": 0.6284409707425318, "none": 0.0011242492453767772}, "4": {"type-based": 0.2808117749046713, "geo-based": 2.6099530602570296e-05, "mixed": 0.7191596367804062, "none": 2.488784320085796e-06}, "5": {"type-based": 0.19511778751138878, "geo-based": 3.7377105316768394e-07, "mixed": 0.804881833854636, "none": 4.862921949745663e-09}, "6": {"type-based": 0.44861496149687474, "geo-based": 4.359453084804688e-09, "mixed": 0.551385034112788, "none": 3.088409999347388e-11}}