{"0": {"type-based": 0.25, "geo-based": 0.25, "mixed": 0.25, "none": 0.25}, "1": {"type-based": 0.25, "geo-based": 0.25, "mixed": 0.25, "none": 0.25}, "2": {"type-based": 0.25, "geo-based": 0.25, "mixed": 0.25, "none": 0.25}, "3": {"type-based": 0.6162567509309, "geo-based": 0.008711442455547464, "mixed": 0.35988549675757026, "none": 0.015146309855982115}, "4": {"type-based": 0.3582981643373651, "geo-based": 0.000372807312226885, "mixed": 0.6411140208237107, "none": 0.00021500752669720044}, "5": {"type-based": 0.1462175637659695, "geo-based": 1.177512400852103e-05, "mixed": 0.8537685259797049, "none": 2.135130317223826e-06}, "6": {"type-based": 0.7525998083537135, "geo-based": 0.0004073235561479778, "mixed": 0.24565814791982768, "none": 0.0013347201703108275}, "7": {"type-based": 0.8012941383907278, "geo-based": 3.925518474740757e-05, "mixed": 0.19849054907455013, "none": 0.00017605734997454105}, "8": {"type-based": 0.7331752494339147, "geo-based": 3.6360532521700944e-06, "mixed": 0.2668109244603354, "none": 1.0190052497621062e-05}}