{"0": {"type-based": 0.25, "geo-based": 0.25, "mixed": 0.25, "none": 0.25}, "1": {"type-based": 0.25, "geo-based": 0.25, "mixed": 0.25, "none": 0.25}, "2": {"type-based": 0.25, "geo-based": 0.25, "mixed": 0.25, "none": 0.25}, "3": {"type-based": 0.12298422339214476, "geo-based": 0.3153325058009998, "mixed": 0.48708689017460577, "none": 0.07459638063224971}, "4": {"type-based": 5.952535917780925e-05, "geo-based": 0.93351049870008, "mixed": 0.000715993412689003, "none": 0.06571398252805331}, "5": {"type-based": 5.692797648956345e-06, "geo-based": 0.9880115408383839, "mixed": 0.00036905177134395075, "none": 0.01161371459262306}, "6": {"type-based": 4.2667745596140287e-10, "geo-based": 0.9983637853055942, "mixed": 1.7796476581085626e-07, "none": 0.001636036302962468}, "7": {"type-based": 7.442482174371107e-11, "geo-based": 0.9998080645286308, "mixed": 2.423708672041347e-07, "none": 0.00019169302607706861}, "8": {"type-based": 1.1083741446665013e-11, "geo-based": 0.9999809541361622, "mixed": 3.357810510085131e-07, "none": 1.8710071703046003e-05}}