{"0": {"type-based": 0.25, "geo-based": 0.25, "mixed": 0.25, "none": 0.25}, "1": {"type-based": 0.25, "geo-based": 0.25, "mixed": 0.25, "none": 0.25}, "2": {"type-based": 0.25, "geo-based": 0.25, "mixed": 0.25, "none": 0.25}, "3": {"type-based": 0.9567958975703322, "geo-based": 0.0003816605143806833, "mixed": 0.039893443121023754, "none": 0.0029289987942634774}, "4": {"type-based": 0.8870557047566638, "geo-based": 3.5447273707232125e-06, "mixed": 0.11293288870059193, "none": 7.861815373627039e-06}, "5": {"type-based": 0.9783070847789874, "geo-based": 2.194964295689887e-09, "mixed": 0.021692888643694168, "none": 2.438235415049355e-08}}