{"0": {"type-based": 0.25, "geo-based": 0.25, "mixed": 0.25, "none": 0.25}, "1": {"type-based": 0.25, "geo-based": 0.25, "mixed": 0.25, "none": 0.25}, "2": {"type-based": 0.25, "geo-based": 0.25, "mixed": 0.25, "none": 0.25}, "3": {"type-based": 0.47706564111313227, "geo-based": 0.003513252151197484, "mixed": 0.5157610728323299, "none": 0.0036600339033404385}, "4": {"type-based": 0.28281992716263704, "geo-based": 3.869343812739648e-05, "mixed": 0.717125091597612, "none": 1.6287801623703484e-05}, "5": {"type-based": 0.19670111487315295, "geo-based": 4.039405640241883e-07, "mixed": 0.803298397086592, "none": 8.409969104448476e-08}, "6": {"type-based": 0.2491889663492529, "geo-based": 5.035094591143205e-09, "mixed": 0.7508110278299844, "none": 7.856680597464854e-10}, "7": {"type-based": 0.2656133148525625, "geo-based": 8.258687777958917e-11, "mixed": 0.7343866850587027, "none": 6.1479477633220756e-12}, "8": {"type-based": 0.27529058165110853, "geo-based": 1.5018748728920602e-12, "mixed": 0.7247094183473429, "none": 4.6627429793832144e-14}, "9": {"type-based": 0.16065088972985342, "geo-based": 3.236863044528478e-14, "mixed": 0.839349110270114, "none": 1.986322945831263e-16}, "10": {"type-based": 0.12507444078378452, "geo-based": 6.328923954536768e-16, "mixed": 0.8749255592162148, "none": 1.1267587714282592e-18}}