{"0": {"type-based": 0.25, "geo-based": 0.25, "mixed": 0.25, "none": 0.25}, "1": {"type-based": 0.25, "geo-based": 0.25, "mixed": 0.25, "none": 0.25}, "2": {"type-based": 0.25, "geo-based": 0.25, "mixed": 0.25, "none": 0.25}, "3": {"type-based": 0.2801455967438068, "geo-based": 0.009468803524903698, "mixed": 0.7082363307553023, "none": 0.002149268975987143}, "4": {"type-based": 0.1404688706547762, "geo-based": 0.00017688529738844191, "mixed": 0.8593461543452374, "none": 8.08970259798905e-06}, "5": {"type-based": 0.09932905109284532, "geo-based": 3.7158861359220725e-06, "mixed": 0.9006671905528176, "none": 4.2468201128585876e-08}, "6": {"type-based": 0.05524746829626236, "geo-based": 8.9063503631761e-08, "mixed": 0.9447524424660442, "none": 1.7418977998164504e-10}, "7": {"type-based": 0.028055195111882345, "geo-based": 2.2453528008733695e-09, "mixed": 0.9719448026421156, "none": 6.493720924096117e-13}, "8": {"type-based": 0.008309730147390521, "geo-based": 5.5120276461871815e-11, "mixed": 0.9916902697974879, "none": 1.407463185733657e-15}, "9": {"type-based": 0.03368122186448606, "geo-based": 1.2609608432097808e-12, "mixed": 0.966318778134253, "none": 4.164420374238976e-17}, "10": {"type-based": 0.014309822774306246, "geo-based": 2.8260175380929983e-14, "mixed": 0.9856901772256654, "none": 1.2891297556473916e-19}, "11": {"type-based": 0.003150140429636979, "geo-based": 6.417566068035392e-16, "mixed": 0.9968498595703623, "none": 2.0645720900488268e-22}}