{"0": {"type-based": 0.25, "geo-based": 0.25, "mixed": 0.25, "none": 0.25}, "1": {"type-based": 0.25, "geo-based": 0.25, "mixed": 0.25, "none": 0.25}, "2": {"type-based": 0.25, "geo-based": 0.25, "mixed": 0.25, "none": 0.25}, "3": {"type-based": 0.4721138849931234, "geo-based": 0.008338562471011566, "mixed": 0.5159255083633256, "none": 0.0036220441725394142}, "4": {"type-based": 0.3245402136046656, "geo-based": 0.0001891564633650558, "mixed": 0.6752519394292487, "none": 1.8690502720720167e-05}, "5": {"type-based": 0.46984825344875947, "geo-based": 2.450330972523533e-06, "mixed": 0.5301490953363381, "none": 2.0088392980544609e-07}, "6": {"type-based": 0.5474110706510326, "geo-based": 3.923651111764062e-08, "mixed": 0.45258888838652367, "none": 1.7259327331506162e-09}, "7": {"type-based": 0.4185571005895313, "geo-based": 9.069342081297723e-10, "mixed": 0.5814428984938464, "none": 9.688020315624461e-12}, "8": {"type-based": 0.47478542336422436, "geo-based": 1.4127545463694022e-11, "mixed": 0.5252145766215676, "none": 8.041693203695222e-14}, "9": {"type-based": 0.5250698568754489, "geo-based": 2.4052073134450093e-13, "mixed": 0.47493014312430987, "none": 6.492079232364379e-16}, "10": {"type-based": 0.41808419568037697, "geo-based": 5.671867783671884e-15, "mixed": 0.5819158043196173, "none": 3.766397288897313e-18}, "11": {"type-based": 0.22783681377107157, "geo-based": 1.4246972292684736e-16, "mixed": 0.7721631862289283, "none": 1.4932208176243547e-20}, "12": {"type-based": 0.9850469793374563, "geo-based": 5.2703308994411747e-20, "mixed": 0.014953020662543724, "none": 4.690896069022252e-22}}