{"0": {"type-based": 0.25, "geo-based": 0.25, "mixed": 0.25, "none": 0.25}, "1": {"type-based": 0.25, "geo-based": 0.25, "mixed": 0.25, "none": 0.25}, "2": {"type-based": 0.25, "geo-based": 0.25, "mixed": 0.25, "none": 0.25}, "3": {"type-based": 0.6484723179972081, "geo-based": 0.008220845069898073, "mixed": 0.31875159904509626, "none": 0.024555237887797718}, "4": {"type-based": 0.46867860108788606, "geo-based": 0.00029426580935288353, "mixed": 0.5306273133438889, "none": 0.0003998197588722236}, "5": {"type-based": 0.30085457494101914, "geo-based": 8.453997628824632e-06, "mixed": 0.6991325020241176, "none": 4.469037234390825e-06}, "6": {"type-based": 0.1273500822245861, "geo-based": 2.2129227499710652e-07, "mixed": 0.8726496683832075, "none": 2.8099931454424783e-08}, "7": {"type-based": 0.2122588835193817, "geo-based": 4.425359634786199e-09, "mixed": 0.7877411114314701, "none": 6.23788563564861e-10}, "8": {"type-based": 0.1137053684416057, "geo-based": 1.0980874865297726e-10, "mixed": 0.886294631444477, "none": 4.108528391946926e-12}, "9": {"type-based": 0.06093724590775163, "geo-based": 2.5057370852218288e-12, "mixed": 0.9390627540897172, "none": 2.5462038919128402e-14}, "10": {"type-based": 0.05405583518587105, "geo-based": 5.413908151976475e-14, "mixed": 0.9459441648140747, "none": 2.4880328108433435e-16}, "11": {"type-based": 0.08178021980097591, "geo-based": 1.1253476822814183e-15, "mixed": 0.918219780199023, "none": 3.9857704418040714e-18}, "12": {"type-based": 0.05928435661252211, "geo-based": 2.3681995888151113e-17, "mixed": 0.9407156433874779, "none": 2.9609222497621744e-20}, "13": {"type-based": 0.37019547750095666, "geo-based": 3.101877719459876e-19, "mixed": 0.6298045224990434, "none": 1.8430744895514058e-21}, "14": {"type-based": 0.6684529112490214, "geo-based": 2.4451194256018513e-21, "mixed": 0.33154708875097855, "none": 3.2400327107450036e-23}}