{"0": {"type-based": 0.25, "geo-based": 0.25, "mixed": 0.25, "none": 0.25}, "1": {"type-based": 0.25, "geo-based": 0.25, "mixed": 0.25, "none": 0.25}, "2": {"type-based": 0.25, "geo-based": 0.25, "mixed": 0.25, "none": 0.25}, "3": {"type-based": 0.30724214387774335, "geo-based": 0.009506770147824497, "mixed": 0.6808939330667029, "none": 0.0023571529077292563}, "4": {"type-based": 0.22102165075864325, "geo-based": 0.00019913752280316632, "mixed": 0.7787664829238105, "none": 1.272879474305953e-05}, "5": {"type-based": 0.12496199010122556, "geo-based": 4.706318754786541e-06, "mixed": 0.8750332501524386, "none": 5.3427581061724855e-08}, "6": {"type-based": 0.059263176415434826, "geo-based": 1.1434815981834143e-07, "mixed": 0.9407367090495546, "none": 1.8685090881379607e-10}, "7": {"type-based": 0.017994604538182815, "geo-based": 2.556150637664274e-09, "mixed": 0.9820053929052501, "none": 4.16507315470217e-13}, "8": {"type-based": 0.02147942482177169, "geo-based": 5.3485980633417e-11, "mixed": 0.9785205751247386, "none": 3.638084408417386e-15}, "9": {"type-based": 0.006710600400600606, "geo-based": 1.206518186557505e-12, "mixed": 0.9932893995981928, "none": 8.297133976930893e-18}, "10": {"type-based": 0.003475209371122782, "geo-based": 2.526887529238347e-14, "mixed": 0.9965247906288519, "none": 3.130713690922166e-20}, "11": {"type-based": 0.008253230870036982, "geo-based": 5.248664796626231e-16, "mixed": 0.9917467691299626, "none": 5.409089050982837e-22}, "12": {"type-based": 0.7060100381204258, "geo-based": 3.1581931789497173e-18, "mixed": 0.2939899618795741, "none": 3.362093161015416e-22}, "13": {"type-based": 0.9247239363951232, "geo-based": 1.8267815136006345e-20, "mixed": 0.07527606360487686, "none": 3.1963916386818565e-24}, "14": {"type-based": 0.9091087578396579, "geo-based": 4.9281575385915e-22, "mixed": 0.09089124216034204, "none": 2.278934554345507e-26}, "15": {"type-based": 0.9176760120927122, "geo-based": 1.0034444035809478e-23, "mixed": 0.08232398790728769, "none": 1.667042862483039e-28}, "16": {"type-based": 0.9112570570137163, "geo-based": 2.4974304970914367e-25, "mixed": 0.08874294298628378, "none": 1.1988263526910327e-30}, "17": {"type-based": 0.9185811047178956, "geo-based": 5.390846195348987e-27, "mixed": 0.08141889528210446, "none": 8.746670318053203e-33}, "18": {"type-based": 0.8602752909749912, "geo-based": 2.188978226247126e-28, "mixed": 0.13972470902500883, "none": 5.925889189799825e-35}, "19": {"type-based": 0.8243382701572067, "geo-based": 6.548695777696572e-30, "mixed": 0.17566172984279335, "none": 4.105986958401982e-37}, "20": {"type-based": 0.7838843369178157, "geo-based": 1.9241281582958247e-31, "mixed": 0.21611566308218425, "none": 2.822186724459793e-39}, "21": {"type-based": 0.5910216316916538, "geo-based": 8.699736536056375e-33, "mixed": 0.4089783683083463, "none": 1.5374528095562825e-41}}