{"0": {"type-based": 0.25, "geo-based": 0.25, "mixed": 0.25, "none": 0.25}, "1": {"type-based": 0.25, "geo-based": 0.25, "mixed": 0.25, "none": 0.25}, "2": {"type-based": 0.25, "geo-based": 0.25, "mixed": 0.25, "none": 0.25}, "3": {"type-based": 0.958716198252854, "geo-based": 0.00038910058405865764, "mixed": 0.03795982383360219, "none": 0.0029348773294850567}, "4": {"type-based": 0.9828119608962063, "geo-based": 5.78193246118967e-07, "mixed": 0.017178750424676065, "none": 8.710485871547273e-06}, "5": {"type-based": 0.9803836347872723, "geo-based": 3.079269723599297e-09, "mixed": 0.019616337699349895, "none": 2.4434108020521643e-08}, "6": {"type-based": 0.9735096739687437, "geo-based": 2.3748362768916295e-11, "mixed": 0.02649032594048869, "none": 6.701954392057049e-11}, "7": {"type-based": 0.9608370677109785, "geo-based": 2.9254767176131787e-13, "mixed": 0.039162932288548384, "none": 1.8051550254339068e-13}, "8": {"type-based": 0.9413092543394481, "geo-based": 4.697160699949013e-15, "mixed": 0.05869074566054675, "none": 4.784162615643446e-16}, "9": {"type-based": 0.9132388519189356, "geo-based": 8.908136599635568e-17, "mixed": 0.08676114808106436, "none": 1.247379958387487e-18}, "10": {"type-based": 0.9472207600289304, "geo-based": 7.958915990473256e-19, "mixed": 0.05277923997106949, "none": 3.459094334006685e-21}, "11": {"type-based": 0.9526132339635749, "geo-based": 1.0196618490669324e-20, "mixed": 0.04738676603642507, "none": 9.262346499384744e-24}}