{"0": {"type-based": 0.25, "geo-based": 0.25, "mixed": 0.25, "none": 0.25}, "1": {"type-based": 0.25, "geo-based": 0.25, "mixed": 0.25, "none": 0.25}, "2": {"type-based": 0.25, "geo-based": 0.25, "mixed": 0.25, "none": 0.25}, "3": {"type-based": 0.015566734719316223, "geo-based": 0.19925269269817364, "mixed": 0.0036443181018497093, "none": 0.7815362544806603}, "4": {"type-based": 0.14435064051770752, "geo-based": 0.3601480822416521, "mixed": 0.11346065600538295, "none": 0.3820406212352575}, "5": {"type-based": 0.2838212702643225, "geo-based": 0.06949865851628374, "mixed": 0.6259090390439805, "none": 0.020771032175413304}, "6": {"type-based": 0.9780223665365522, "geo-based": 6.238137942900788e-05, "mixed": 0.02053445856062282, "none": 0.0013807935233957802}}