{"0": {"type-based": 0.25, "geo-based": 0.25, "mixed": 0.25, "none": 0.25}, "1": {"type-based": 0.25, "geo-based": 0.25, "mixed": 0.25, "none": 0.25}, "2": {"type-based": 0.25, "geo-based": 0.25, "mixed": 0.25, "none": 0.25}, "3": {"type-based": 0.4301302180025725, "geo-based": 0.004683155965469413, "mixed": 0.5638698865966145, "none": 0.0013167394353435888}, "4": {"type-based": 0.9796945603718609, "geo-based": 1.5550820663659245e-06, "mixed": 0.020295201689162157, "none": 8.682856910663949e-06}, "5": {"type-based": 0.9470366031302273, "geo-based": 1.2498980983882759e-08, "mixed": 0.05296336076779204, "none": 2.3602999722953218e-08}, "6": {"type-based": 0.9891253300093528, "geo-based": 8.290096465689032e-12, "mixed": 0.010874669914262518, "none": 6.809457601716548e-11}, "7": {"type-based": 0.9906422028425441, "geo-based": 2.916197828983751e-14, "mixed": 0.009357797157240633, "none": 1.861150876629217e-13}, "8": {"type-based": 0.9920467012595132, "geo-based": 1.4395552941787175e-16, "mixed": 0.00795329874048605, "none": 5.042033443587771e-16}}