{"0": {"type-based": 0.25, "geo-based": 0.25, "mixed": 0.25, "none": 0.25}, "1": {"type-based": 0.25, "geo-based": 0.25, "mixed": 0.25, "none": 0.25}, "2": {"type-based": 0.25, "geo-based": 0.25, "mixed": 0.25, "none": 0.25}, "3": {"type-based": 0.4025806009769303, "geo-based": 0.0056496697722970245, "mixed": 0.5905373262922632, "none": 0.0012324029585093592}, "4": {"type-based": 0.34127494209080284, "geo-based": 9.870274965441197e-05, "mixed": 0.6586233305010326, "none": 3.0246585101430127e-06}, "5": {"type-based": 0.21932159997355377, "geo-based": 2.2159282848447366e-06, "mixed": 0.7806761786320077, "none": 5.466153732921349e-09}, "6": {"type-based": 0.11263595134941627, "geo-based": 6.062996048497694e-08, "mixed": 0.8873639880128689, "none": 7.754221956236885e-12}, "7": {"type-based": 0.9978827299268658, "geo-based": 4.027123583129855e-12, "mixed": 0.0021172700689196726, "none": 1.8747538841445194e-13}, "8": {"type-based": 0.9973064625854936, "geo-based": 1.9410286876441002e-14, "mixed": 0.002693537414486386, "none": 5.068765947689859e-16}}