{"0": {"type-based": 0.25, "geo-based": 0.25, "mixed": 0.25, "none": 0.25}, "1": {"type-based": 0.25, "geo-based": 0.25, "mixed": 0.25, "none": 0.25}, "2": {"type-based": 0.25, "geo-based": 0.25, "mixed": 0.25, "none": 0.25}, "3": {"type-based": 0.0006656022105587135, "geo-based": 0.19133647924264618, "mixed": 0.00014890773453710328, "none": 0.8078490108122579}, "4": {"type-based": 0.0006629923187296245, "geo-based": 0.021587974031758227, "mixed": 1.3582701244019508e-05, "none": 0.9777354509482681}, "5": {"type-based": 0.0010610547010406124, "geo-based": 0.04576581276850924, "mixed": 4.962153217065363e-05, "none": 0.9531235109982795}, "6": {"type-based": 0.0024363493925907906, "geo-based": 0.10653986730350219, "mixed": 0.0003004568379453621, "none": 0.8907233264659616}}