{"0": {"type-based": 0.24000000000000005, "geo-based": 0.16, "mixed": 0.12000000000000002, "none": 0.4800000000000001}, "1": {"type-based": 0.23999999999999996, "geo-based": 0.1600000000000001, "mixed": 0.11999999999999997, "none": 0.48}, "2": {"type-based": 0.2399999999999999, "geo-based": 0.1600000000000003, "mixed": 0.11999999999999994, "none": 0.47999999999999987}, "3": {"type-based": 0.21078155962448777, "geo-based": 0.2443175500455076, "mixed": 0.28927538685181003, "none": 0.25562550347819457}, "4": {"type-based": 1.0349559882141905e-05, "geo-based": 0.7716107260082649, "mixed": 4.730722249448918e-05, "none": 0.22833161720935854}, "5": {"type-based": 1.3774188537671455e-10, "geo-based": 0.9438147159486896, "mixed": 2.9286358038797925e-09, "none": 0.05618528098493265}, "6": {"type-based": 3.5191691153802316e-11, "geo-based": 0.9905011015167176, "mixed": 4.370074048613306e-09, "none": 0.009498894078016708}, "7": {"type-based": 1.5122650085974204e-12, "geo-based": 0.9989422462299391, "mixed": 1.5680996051958917e-09, "none": 0.001057752200449007}, "8": {"type-based": 1.131203995635926e-13, "geo-based": 0.9998920846896461, "mixed": 1.0653715286990984e-09, "none": 0.00010791424486911184}, "9": {"type-based": 1.900258635821872e-14, "geo-based": 0.4807639334311685, "mixed": 1.6609816884571335e-14, "none": 0.5192360665687958}, "10": {"type-based": 5.396194401885975e-19, "geo-based": 0.5528035544180729, "mixed": 6.0458894987720435e-19, "none": 0.44719644558192706}, "11": {"type-based": 3.5594217581376e-23, "geo-based": 0.09795046176611011, "mixed": 3.3579237139803136e-24, "none": 0.9020495382338899}}