{"0": {"type-based": 0.24000000000000005, "geo-based": 0.16, "mixed": 0.12000000000000002, "none": 0.4800000000000001}, "1": {"type-based": 0.23999999999999996, "geo-based": 0.1600000000000001, "mixed": 0.11999999999999997, "none": 0.48}, "2": {"type-based": 0.2399999999999999, "geo-based": 0.1600000000000003, "mixed": 0.11999999999999994, "none": 0.47999999999999987}, "3": {"type-based": 0.21516288296082497, "geo-based": 0.23441961489363133, "mixed": 0.23080518281499526, "none": 0.31961231933054834}, "4": {"type-based": 2.2132090366538458e-05, "geo-based": 0.556391298689034, "mixed": 3.982303954014954e-05, "none": 0.4435467461810593}, "5": {"type-based": 1.7609299745092107e-05, "geo-based": 0.5153787509334734, "mixed": 2.6756257234362133e-05, "none": 0.4845768835095472}, "6": {"type-based": 9.080328079325784e-10, "geo-based": 0.6508421470349085, "mixed": 2.43910252997331e-09, "none": 0.3491578496179561}, "7": {"type-based": 7.766477028312324e-10, "geo-based": 0.790979882366035, "mixed": 4.283373710653254e-09, "none": 0.2090201125739435}, "8": {"type-based": 1.1073161270594926e-10, "geo-based": 0.9402170375200628, "mixed": 2.590548326529906e-09, "none": 0.059782959778657274}, "9": {"type-based": 1.2436424159387083e-09, "geo-based": 0.5504218458829091, "mixed": 2.3153209847500156e-09, "none": 0.4495781505581274}, "10": {"type-based": 1.865295625296284e-09, "geo-based": 0.5591546226367767, "mixed": 3.713456596274141e-09, "none": 0.44084537178447103}}