{"0": {"type-based": 0.24000000000000005, "geo-based": 0.16, "mixed": 0.12000000000000002, "none": 0.4800000000000001}, "1": {"type-based": 0.23999999999999996, "geo-based": 0.1600000000000001, "mixed": 0.11999999999999997, "none": 0.48}, "2": {"type-based": 0.2399999999999999, "geo-based": 0.1600000000000003, "mixed": 0.11999999999999994, "none": 0.47999999999999987}, "3": {"type-based": 1.8923525968018435e-05, "geo-based": 0.5409350919671945, "mixed": 3.261269496562742e-05, "none": 0.4590133718118719}, "4": {"type-based": 1.4488655860638913e-05, "geo-based": 0.7815833768047585, "mixed": 7.386941603082845e-05, "none": 0.21832826512334993}, "5": {"type-based": 8.195646101827865e-10, "geo-based": 0.7716623982494859, "mixed": 3.822032408048179e-09, "none": 0.22833759710891705}, "6": {"type-based": 2.498237297488886e-10, "geo-based": 0.8595881231668412, "mixed": 2.0568557416687185e-09, "none": 0.14041187452647916}, "7": {"type-based": 3.994653005745708e-15, "geo-based": 0.9509170290782614, "mixed": 1.0241100867475933e-13, "none": 0.049082970921632225}, "8": {"type-based": 1.5569701679816516e-15, "geo-based": 0.9851901099344152, "mixed": 1.3447084225236457e-13, "none": 0.01480989006544861}, "9": {"type-based": 6.639467898935175e-14, "geo-based": 0.537585157776346, "mixed": 9.754801698213483e-14, "none": 0.46241484222349016}, "10": {"type-based": 6.134098145767516e-14, "geo-based": 0.6979451860077527, "mixed": 1.7440016460183616e-13, "none": 0.30205481399201145}, "11": {"type-based": 3.4956669127346116e-14, "geo-based": 0.8811850268264021, "mixed": 3.100349735845682e-13, "none": 0.11881497317325279}, "12": {"type-based": 5.185663846200336e-15, "geo-based": 0.9581594559340042, "mixed": 1.374859283182521e-13, "none": 0.04184054406585332}, "13": {"type-based": 1.7597199799807418e-14, "geo-based": 0.9002775321843371, "mixed": 1.7865198389668105e-13, "none": 0.09972246781546662}, "14": {"type-based": 1.523643814221162e-14, "geo-based": 0.5231768297720623, "mixed": 1.8303860221146222e-14, "none": 0.4768231702279041}, "15": {"type-based": 4.0941915210578746e-19, "geo-based": 0.2748950544758617, "mixed": 1.6641576170205728e-19, "none": 0.7251049455241384}, "16": {"type-based": 8.094391634545783e-20, "geo-based": 0.1853386958838885, "mixed": 1.9432597725436083e-20, "none": 0.8146613041161115}, "17": {"type-based": 2.3061885862391563e-20, "geo-based": 0.3376667698224671, "mixed": 1.224234928625642e-20, "none": 0.6623332301775328}, "18": {"type-based": 1.935799835277008e-20, "geo-based": 0.5938935685829247, "mixed": 2.9089919619792435e-20, "none": 0.40610643141707525}, "19": {"type-based": 2.203572361153264e-20, "geo-based": 0.668695317696527, "mixed": 4.503193531558239e-20, "none": 0.331304682303473}, "20": {"type-based": 1.80112788620155e-25, "geo-based": 0.8089121802950653, "mixed": 7.59821987254433e-25, "none": 0.19108781970493474}, "21": {"type-based": 3.0639598327246045e-25, "geo-based": 0.7698036848181661, "mixed": 1.0042783263598117e-24, "none": 0.23019631518183387}, "22": {"type-based": 1.4865668917723093e-25, "geo-based": 0.9219426492084943, "mixed": 1.689467415379823e-24, "none": 0.0780573507915056}, "23": {"type-based": 6.324386334158977e-26, "geo-based": 0.9770468105443258, "mixed": 2.539443741743618e-24, "none": 0.022953189455674174}, "24": {"type-based": 4.802566821044417e-26, "geo-based": 0.9880663369686983, "mixed": 3.67180108525157e-24, "none": 0.011933663031301623}, "25": {"type-based": 3.4337816846204727e-26, "geo-based": 0.9942058960500799, "mixed": 5.3246148248345365e-24, "none": 0.005794103949920053}, "26": {"type-based": 3.640457138602167e-26, "geo-based": 0.9958583681485687, "mixed": 7.746919731473417e-24, "none": 0.0041416318514314095}, "27": {"type-based": 3.3523825281486254e-26, "geo-based": 0.9974447680627334, "mixed": 1.1364325716437656e-23, "none": 0.002555231937266618}, "28": {"type-based": 5.605323555452436e-26, "geo-based": 0.997153534990679, "mixed": 1.6760394601191124e-23, "none": 0.0028464650093209336}, "29": {"type-based": 2.2592025692900173e-26, "geo-based": 0.9863118027341884, "mixed": 1.3652491597354742e-24, "none": 0.013688197265811566}, "30": {"type-based": 2.3701731644664693e-25, "geo-based": 0.9045653164910268, "mixed": 1.8544921079729294e-24, "none": 0.09543468350897316}, "31": {"type-based": 1.3404492717865123e-24, "geo-based": 0.6429697445054865, "mixed": 1.9653208940283917e-24, "none": 0.35703025549451345}, "32": {"type-based": 3.656304338552773e-24, "geo-based": 0.35847800979253835, "mixed": 1.6429840403662507e-24, "none": 0.6415219902074616}, "33": {"type-based": 7.007880453315648e-24, "geo-based": 0.19309434153518304, "mixed": 1.333783205326e-24, "none": 0.806905658464817}, "34": {"type-based": 1.1512224443715566e-23, "geo-based": 0.13312030347135184, "mixed": 1.3922689369224812e-24, "none": 0.8668796965286483}}