{"0": {"type-based": 0.24000000000000005, "geo-based": 0.16, "mixed": 0.12000000000000002, "none": 0.4800000000000001}, "1": {"type-based": 0.23999999999999996, "geo-based": 0.1600000000000001, "mixed": 0.11999999999999997, "none": 0.48}, "2": {"type-based": 0.2399999999999999, "geo-based": 0.1600000000000003, "mixed": 0.11999999999999994, "none": 0.47999999999999987}, "3": {"type-based": 4.1455156151943435e-05, "geo-based": 0.35729683957741515, "mixed": 3.4498677978905026e-05, "none": 0.6426272065884541}, "4": {"type-based": 5.042985363614249e-09, "geo-based": 0.2874909168980048, "mixed": 3.0122279693673114e-09, "none": 0.7125090750467818}, "5": {"type-based": 5.040751683661366e-09, "geo-based": 0.32978193525883864, "mixed": 3.6210055917489796e-09, "none": 0.6702180560794041}, "6": {"type-based": 7.840075288041085e-09, "geo-based": 0.49399268078314246, "mixed": 1.0841633372909345e-08, "none": 0.5060073005351489}, "7": {"type-based": 1.4496776066946249e-08, "geo-based": 0.6879398751962655, "mixed": 4.2934011883531206e-08, "none": 0.31206006737294645}, "8": {"type-based": 2.8762766866223603e-08, "geo-based": 0.840519308354627, "mixed": 1.8777835228303498e-07, "none": 0.15948047510425398}, "9": {"type-based": 6.79247937894566e-08, "geo-based": 0.9201516759485542, "mixed": 8.645060001448734e-07, "none": 0.0798473916206519}, "10": {"type-based": 2.2495999973272244e-08, "geo-based": 0.9711828335075992, "mixed": 7.174490287513275e-07, "none": 0.028816426547372216}, "11": {"type-based": 3.6428480601270464e-07, "geo-based": 0.6042780031375395, "mixed": 4.7377525005605825e-07, "none": 0.39572115880240444}, "12": {"type-based": 5.728585945055835e-07, "geo-based": 0.761195675107789, "mixed": 1.4552266693969835e-06, "none": 0.23880229680694703}, "13": {"type-based": 8.675419347356044e-07, "geo-based": 0.8795047546877499, "mixed": 4.6431340346541755e-06, "none": 0.12048973463628078}, "14": {"type-based": 4.41337917365717e-07, "geo-based": 0.9517358661228951, "mixed": 5.764666440508518e-06, "none": 0.04825792787274694}, "15": {"type-based": 9.142497879571692e-07, "geo-based": 0.9258094746899054, "mixed": 6.9556321239267156e-06, "none": 0.0741826554281827}, "16": {"type-based": 5.742541636823158e-07, "geo-based": 0.966677947294384, "mixed": 9.548656709770659e-06, "none": 0.033311929794742595}, "17": {"type-based": 4.719167254844329e-07, "geo-based": 0.9809104161721857, "mixed": 1.316517110427617e-05, "none": 0.019075946739984532}, "18": {"type-based": 2.0763259759500874e-06, "geo-based": 0.9425804746316468, "mixed": 1.7606223511745588e-05, "none": 0.057399842818865655}, "19": {"type-based": 1.3983344130200332e-06, "geo-based": 0.973909821983316, "mixed": 2.5975027409464595e-05, "none": 0.026062804654861414}, "20": {"type-based": 9.761233013404551e-07, "geo-based": 0.9889937838249289, "mixed": 4.1849103700860506e-05, "none": 0.01096339094806878}, "21": {"type-based": 7.226307698334401e-07, "geo-based": 0.9955000495490525, "mixed": 7.330504778103047e-05, "none": 0.004425922772396696}, "22": {"type-based": 5.49405215696041e-07, "geo-based": 0.9981833683563017, "mixed": 0.00013883852121345308, "none": 0.0016772437172692413}, "23": {"type-based": 4.34914355808036e-07, "geo-based": 0.9991071994885926, "mixed": 0.0002824309592633837, "none": 0.0006099346377882568}, "24": {"type-based": 3.5189153933934573e-07, "geo-based": 0.9991761273661768, "mixed": 0.0006131242690530212, "none": 0.0002103964732306661}}