{"0": {"type-based": 0.24000000000000005, "geo-based": 0.16, "mixed": 0.12000000000000002, "none": 0.4800000000000001}, "1": {"type-based": 0.23999999999999996, "geo-based": 0.1600000000000001, "mixed": 0.11999999999999997, "none": 0.48}, "2": {"type-based": 0.2399999999999999, "geo-based": 0.1600000000000003, "mixed": 0.11999999999999994, "none": 0.47999999999999987}, "3": {"type-based": 0.3594551449532589, "geo-based": 0.12254428413673414, "mixed": 0.29870323775663254, "none": 0.21929733315337446}, "4": {"type-based": 0.3617798553653253, "geo-based": 0.08757580412883272, "mixed": 0.44610109176897145, "none": 0.10454324873687056}, "5": {"type-based": 0.0004755636718252006, "geo-based": 0.16104834710832733, "mixed": 0.00013419178233063886, "none": 0.8383418974375169}, "6": {"type-based": 0.00037593865127712607, "geo-based": 0.19344095696767752, "mixed": 0.00013265402191329963, "none": 0.8060504503591321}, "7": {"type-based": 0.0004019058685163728, "geo-based": 0.21411939885150427, "mixed": 0.00015953484384890245, "none": 0.7853191604361305}, "8": {"type-based": 0.0003728104078811577, "geo-based": 0.11483849302514802, "mixed": 6.943470783217051e-05, "none": 0.8847192618591385}, "9": {"type-based": 0.00035535325032252143, "geo-based": 0.26926537448716875, "mixed": 0.00018559007422712368, "none": 0.7301936821882817}, "10": {"type-based": 0.0003789047125019856, "geo-based": 0.37565098531035335, "mixed": 0.0003175332454826821, "none": 0.6236525767316621}, "11": {"type-based": 0.0005600813488516688, "geo-based": 0.29659313744480026, "mixed": 0.0003217227925754412, "none": 0.7025250584137727}, "12": {"type-based": 0.0004688530430054244, "geo-based": 0.5658080749883031, "mixed": 0.0008130737775837025, "none": 0.43290999819110776}, "13": {"type-based": 0.0002767392552927352, "geo-based": 0.8147772255168879, "mixed": 0.0015859285369254573, "none": 0.1833601066908938}, "14": {"type-based": 0.0006703500209198696, "geo-based": 0.6849500541951227, "mixed": 0.001835193112489282, "none": 0.3125444026714682}, "15": {"type-based": 0.0005314638596562321, "geo-based": 0.4838221868863425, "mixed": 0.0006008318118126999, "none": 0.5150455174421885}, "16": {"type-based": 0.0009214216734408186, "geo-based": 0.363033756866863, "mixed": 0.0006133285894215954, "none": 0.6354314928702746}, "17": {"type-based": 0.0012589029970994869, "geo-based": 0.38917806493994117, "mixed": 0.0009100403266750823, "none": 0.6086529917362843}, "18": {"type-based": 0.0016634933479036933, "geo-based": 0.43996748673085107, "mixed": 0.0014418634706555532, "none": 0.5569271564505898}, "19": {"type-based": 0.00025067132837187694, "geo-based": 0.654187103748132, "mixed": 0.0005051437770379876, "none": 0.345057081146458}, "20": {"type-based": 0.0002754464749467663, "geo-based": 0.7347907029675708, "mixed": 0.0007899892741280105, "none": 0.2641438612833546}, "21": {"type-based": 0.00023070297704467433, "geo-based": 0.5036314936860387, "mixed": 0.00023390313894512931, "none": 0.4959039001979714}, "22": {"type-based": 0.0003787842548322417, "geo-based": 0.427218569541532, "mixed": 0.0002742882131252999, "none": 0.5721283579905105}, "23": {"type-based": 0.00014507670682976616, "geo-based": 0.5727622921335422, "mixed": 0.00018332917095552736, "none": 0.42690930198867244}}