{"0": {"type-based": 0.24000000000000005, "geo-based": 0.16, "mixed": 0.12000000000000002, "none": 0.4800000000000001}, "1": {"type-based": 0.23999999999999996, "geo-based": 0.1600000000000001, "mixed": 0.11999999999999997, "none": 0.48}, "2": {"type-based": 0.2399999999999999, "geo-based": 0.1600000000000003, "mixed": 0.11999999999999994, "none": 0.47999999999999987}, "3": {"type-based": 5.773526404540688e-05, "geo-based": 0.2653062233630157, "mixed": 3.094828872696332e-05, "none": 0.734605093084212}, "4": {"type-based": 0.0001010638539499643, "geo-based": 0.006604868896867877, "mixed": 9.845486243732458e-07, "none": 0.9932930827005577}, "5": {"type-based": 7.294516400769118e-05, "geo-based": 0.011461177109107679, "mixed": 1.2304557223915473e-06, "none": 0.9884646472711622}, "6": {"type-based": 4.761523882722509e-05, "geo-based": 0.02239177486538938, "mixed": 1.5629562053860621e-06, "none": 0.977559046939578}, "7": {"type-based": 6.128812177544948e-05, "geo-based": 0.02800458106336228, "mixed": 2.4806350618254065e-06, "none": 0.9719316501798003}, "8": {"type-based": 8.457521200456453e-05, "geo-based": 0.038146462575049014, "mixed": 4.635303418973668e-06, "none": 0.9617643269095275}, "9": {"type-based": 0.00012427481844098053, "geo-based": 0.02560288093765585, "mixed": 4.451511315040111e-06, "none": 0.9742683927325883}, "10": {"type-based": 0.00017815942744556823, "geo-based": 0.06011855387678495, "mixed": 1.537665803400807e-05, "none": 0.9396879100377354}, "11": {"type-based": 0.00025557125273981395, "geo-based": 0.10771418102891907, "mixed": 4.123284965545819e-05, "none": 0.8919890148686856}, "12": {"type-based": 0.00010090251928638098, "geo-based": 0.19401946962801236, "mixed": 3.215773293331616e-05, "none": 0.805847470119768}}