{"0": {"type-based": 0.24000000000000005, "geo-based": 0.16, "mixed": 0.12000000000000002, "none": 0.4800000000000001}, "1": {"type-based": 0.23999999999999996, "geo-based": 0.1600000000000001, "mixed": 0.11999999999999997, "none": 0.48}, "2": {"type-based": 0.2399999999999999, "geo-based": 0.1600000000000003, "mixed": 0.11999999999999994, "none": 0.47999999999999987}, "3": {"type-based": 0.33978913875811895, "geo-based": 0.11074023575177315, "mixed": 0.13739107817957857, "none": 0.41207954731052937}, "4": {"type-based": 0.496602716822178, "geo-based": 0.044991409329922516, "mixed": 0.093217005304311, "none": 0.3651888685435886}, "5": {"type-based": 0.588646265475332, "geo-based": 0.03383926333358725, "mixed": 0.1150337826301842, "none": 0.2624806885608965}, "6": {"type-based": 0.49157381486143586, "geo-based": 0.05730320952778207, "mixed": 0.3182107842639863, "none": 0.13291219134679572}, "7": {"type-based": 0.3975217974913545, "geo-based": 0.05354166319904823, "mixed": 0.4837633162232651, "none": 0.06517322308633196}, "8": {"type-based": 0.21703706544550097, "geo-based": 0.04880437851543808, "mixed": 0.7125824204180846, "none": 0.021576135620976416}, "9": {"type-based": 0.13146858930193964, "geo-based": 0.03503167844107779, "mixed": 0.825574851123385, "none": 0.0079248811335975}, "10": {"type-based": 0.07702069115735426, "geo-based": 0.023684472631156035, "mixed": 0.8964796393254278, "none": 0.0028151968860617477}, "11": {"type-based": 0.01923824439494173, "geo-based": 0.015887204425591245, "mixed": 0.9644481709155303, "none": 0.0004263802639369523}, "12": {"type-based": 0.004730131047562542, "geo-based": 0.010160046305141517, "mixed": 0.9850462551859192, "none": 6.356746137679512e-05}, "13": {"type-based": 0.0010150115916897672, "geo-based": 0.006437958665090282, "mixed": 0.9925387586575031, "none": 8.271085716886127e-06}, "14": {"type-based": 1.3165532325113106e-05, "geo-based": 0.989671237843005, "mixed": 0.0018587923303043168, "none": 0.008456804294365372}, "15": {"type-based": 2.6515845810585706e-10, "geo-based": 0.9865232489378464, "mixed": 2.273536226478688e-08, "none": 0.013476728061633022}, "16": {"type-based": 3.531511698627228e-15, "geo-based": 0.9857933593558261, "mixed": 2.79517385731583e-13, "none": 0.014206640643890722}, "17": {"type-based": 2.593369557755159e-19, "geo-based": 0.9160029233132565, "mixed": 3.143514292749651e-18, "none": 0.08399707668674349}, "18": {"type-based": 6.3673619537677445e-24, "geo-based": 0.8334572170835446, "mixed": 3.477121357971996e-23, "none": 0.16654278291645547}}