{"0": {"type-based": 0.24000000000000005, "geo-based": 0.16, "mixed": 0.12000000000000002, "none": 0.4800000000000001}, "1": {"type-based": 0.23999999999999996, "geo-based": 0.1600000000000001, "mixed": 0.11999999999999997, "none": 0.48}, "2": {"type-based": 0.2399999999999999, "geo-based": 0.1600000000000003, "mixed": 0.11999999999999994, "none": 0.47999999999999987}, "3": {"type-based": 0.7850838476046123, "geo-based": 0.005208771957487598, "mixed": 0.17180509742109087, "none": 0.037902283016809125}, "4": {"type-based": 0.6488551738079743, "geo-based": 0.0002419249272761669, "mixed": 0.35014724597847635, "none": 0.0007556552862731437}, "5": {"type-based": 0.45842997016012044, "geo-based": 0.010096278351955234, "mixed": 0.016482327055832847, "none": 0.5149914244320914}, "6": {"type-based": 0.5515285776520146, "geo-based": 0.003911106154888041, "mixed": 0.009155156219494448, "none": 0.43540515997360296}, "7": {"type-based": 0.6522459490514623, "geo-based": 0.0023297727866994516, "mixed": 0.008383825260735427, "none": 0.33704045290110296}, "8": {"type-based": 0.7433223309923706, "geo-based": 0.001713140480742886, "mixed": 0.009719286883711164, "none": 0.24524524164317554}, "9": {"type-based": 0.8158339007075268, "geo-based": 0.0014374184684558234, "mixed": 0.013029649373721638, "none": 0.16969903145029566}, "10": {"type-based": 0.8658804461827253, "geo-based": 0.0013736492385730424, "mixed": 0.02006330910144779, "none": 0.11268259547725389}}