{"0": {"type-based": 0.24000000000000005, "geo-based": 0.16, "mixed": 0.12000000000000002, "none": 0.4800000000000001}, "1": {"type-based": 0.23999999999999996, "geo-based": 0.1600000000000001, "mixed": 0.11999999999999997, "none": 0.48}, "2": {"type-based": 0.2399999999999999, "geo-based": 0.1600000000000003, "mixed": 0.11999999999999994, "none": 0.47999999999999987}, "3": {"type-based": 0.1245721618247439, "geo-based": 0.32484142877983124, "mixed": 0.3995114214194948, "none": 0.1510749879759301}, "4": {"type-based": 3.131917758795416e-06, "geo-based": 0.9308385732958864, "mixed": 6.203803959253326e-05, "none": 0.0690962567467622}, "5": {"type-based": 3.937909330908612e-11, "geo-based": 0.9827303972156947, "mixed": 3.1908995925136264e-09, "none": 0.01726959955402672}, "6": {"type-based": 1.9791795298454022e-15, "geo-based": 0.982488590969773, "mixed": 1.5324089461362654e-13, "none": 0.017511409030071926}, "7": {"type-based": 4.1566186562766386e-20, "geo-based": 0.9920787261634313, "mixed": 6.95862164898232e-18, "none": 0.007921273836568724}, "8": {"type-based": 4.8313572566997044e-24, "geo-based": 0.9801030079221887, "mixed": 3.123554731439765e-22, "none": 0.01989699207781122}, "9": {"type-based": 2.7411454651298786e-24, "geo-based": 0.9917777142657971, "mixed": 4.349932884304122e-22, "none": 0.008222285734202996}, "10": {"type-based": 5.487050255269146e-25, "geo-based": 0.9988514114119234, "mixed": 6.307168805165073e-22, "none": 0.0011485885880767228}, "11": {"type-based": 5.198502080092898e-25, "geo-based": 0.996302877120869, "mixed": 1.8567703264873445e-22, "none": 0.0036971228791311114}, "12": {"type-based": 2.450749457874263e-28, "geo-based": 0.9378381529125952, "mixed": 4.879100312376716e-27, "none": 0.06216184708740471}, "13": {"type-based": 2.8030912903834854e-28, "geo-based": 0.948929455579085, "mixed": 6.811627067609984e-27, "none": 0.05107054442091504}, "14": {"type-based": 3.6790103047636965e-28, "geo-based": 0.9531032508087296, "mixed": 9.67100351968794e-27, "none": 0.04689674919127044}, "15": {"type-based": 9.313179907131988e-28, "geo-based": 0.4297087771932614, "mixed": 8.975079102209674e-28, "none": 0.5702912228067386}, "16": {"type-based": 1.9704108641675223e-27, "geo-based": 0.16677804689480688, "mixed": 5.011180940587007e-28, "none": 0.8332219531051932}, "17": {"type-based": 8.62525693631566e-28, "geo-based": 0.007903223628520042, "mixed": 8.683264928887732e-30, "none": 0.99209677637148}}