{"0": {"type-based": 0.24000000000000005, "geo-based": 0.16, "mixed": 0.12000000000000002, "none": 0.4800000000000001}, "1": {"type-based": 0.23999999999999996, "geo-based": 0.1600000000000001, "mixed": 0.11999999999999997, "none": 0.48}, "2": {"type-based": 0.2399999999999999, "geo-based": 0.1600000000000003, "mixed": 0.11999999999999994, "none": 0.47999999999999987}, "3": {"type-based": 0.2265533157573039, "geo-based": 0.22697916190597395, "mixed": 0.27171480910939727, "none": 0.274752713227325}, "4": {"type-based": 0.10215833377071858, "geo-based": 0.28569750163546165, "mixed": 0.5370195527899222, "none": 0.07512461180389758}, "5": {"type-based": 0.021348073382340307, "geo-based": 0.2475047670673543, "mixed": 0.7216279332687618, "none": 0.009519226281543532}, "6": {"type-based": 0.003034948335716416, "geo-based": 0.18154905975286212, "mixed": 0.8145953997201183, "none": 0.0008205921913031194}, "7": {"type-based": 0.023043720477155923, "geo-based": 0.12373709111198224, "mixed": 0.8494411980091421, "none": 0.0037779904017198485}, "8": {"type-based": 1.706122840163407e-06, "geo-based": 0.9879783368666668, "mixed": 0.00014712574442669177, "none": 0.011872831266066192}, "9": {"type-based": 6.338617081365682e-08, "geo-based": 0.9980363300521355, "mixed": 3.136492550872154e-05, "none": 0.0019322416361850661}, "10": {"type-based": 1.6539211194234923e-08, "geo-based": 0.9996295376328235, "mixed": 4.5093751316555373e-05, "none": 0.0003253520766488652}, "11": {"type-based": 3.833533920643729e-09, "geo-based": 0.9998867655056979, "mixed": 6.493366250964276e-05, "none": 4.829699825880738e-05}, "12": {"type-based": 4.5369455562117296e-13, "geo-based": 0.9996724790816276, "mixed": 1.0404031065235372e-09, "none": 0.0003275198775155454}, "13": {"type-based": 2.2845391263641212e-10, "geo-based": 0.027299330071634743, "mixed": 4.475977664990422e-12, "none": 0.9727006696954353}, "14": {"type-based": 3.380905592635309e-10, "geo-based": 0.029584198086337474, "mixed": 7.090346304568557e-12, "none": 0.9704158015684816}, "15": {"type-based": 4.941804715999748e-10, "geo-based": 0.05340049030400904, "mixed": 1.887489309337972e-11, "none": 0.9465995091829355}, "16": {"type-based": 6.97301695931085e-10, "geo-based": 0.11603805804604445, "mixed": 6.07981651208845e-11, "none": 0.8839619411958556}, "17": {"type-based": 1.0897426584140692e-09, "geo-based": 0.09212533183504928, "mixed": 7.183796964631076e-11, "none": 0.90787466700337}, "18": {"type-based": 1.4095416050134314e-09, "geo-based": 0.2328552882423961, "mixed": 2.7118594445364664e-10, "none": 0.7671447100768765}, "19": {"type-based": 2.365120426875771e-10, "geo-based": 0.41440718756292017, "mixed": 1.0325597756145738e-10, "none": 0.5855928120973118}, "20": {"type-based": 3.7523830965597104e-11, "geo-based": 0.7139987481001473, "mixed": 5.631105666917334e-11, "none": 0.2860012518060178}, "21": {"type-based": 2.6999101675779853e-11, "geo-based": 0.03577820262839483, "mixed": 5.870264119203853e-13, "none": 0.964221797344019}, "22": {"type-based": 4.059489209522183e-11, "geo-based": 0.012057782662344568, "mixed": 2.863752319546546e-13, "none": 0.9879422172967741}, "23": {"type-based": 1.6044189770734032e-11, "geo-based": 0.009552293782710808, "mixed": 8.82837720371198e-14, "none": 0.9904477062011567}, "24": {"type-based": 4.700801395988956e-12, "geo-based": 0.005348109092542283, "mixed": 1.425612181859764e-14, "none": 0.9946518909027428}, "25": {"type-based": 6.689034549557016e-12, "geo-based": 0.01382519057456254, "mixed": 5.232918657417971e-14, "none": 0.9861748094186962}, "26": {"type-based": 6.058417128051916e-17, "geo-based": 0.01229564249307971, "mixed": 4.165547212320935e-19, "none": 0.9877043575069202}, "27": {"type-based": 2.6961431086481944e-17, "geo-based": 0.025695640354849805, "mixed": 3.890014874955311e-19, "none": 0.9743043596451502}, "28": {"type-based": 9.637565535679596e-18, "geo-based": 0.02316609768963816, "mixed": 1.2395169188409541e-19, "none": 0.9768339023103619}, "29": {"type-based": 1.3412771217398606e-17, "geo-based": 0.03238920203829025, "mixed": 2.4150798443798677e-19, "none": 0.9676107979617098}, "30": {"type-based": 1.8786393061214444e-17, "geo-based": 0.043786466671227674, "mixed": 4.593249572218545e-19, "none": 0.9562135333287722}}