{"0": {"type-based": 0.24000000000000005, "geo-based": 0.16, "mixed": 0.12000000000000002, "none": 0.4800000000000001}, "1": {"type-based": 0.23999999999999996, "geo-based": 0.1600000000000001, "mixed": 0.11999999999999997, "none": 0.48}, "2": {"type-based": 0.2399999999999999, "geo-based": 0.1600000000000003, "mixed": 0.11999999999999994, "none": 0.47999999999999987}, "3": {"type-based": 0.1571045820866924, "geo-based": 0.3076961324839818, "mixed": 0.29168414005094334, "none": 0.24351514537838242}, "4": {"type-based": 7.805167221263989e-06, "geo-based": 0.8328076537230922, "mixed": 5.536337310074666e-05, "none": 0.16712917773658573}, "5": {"type-based": 1.9192103054415936e-06, "geo-based": 0.9687309584242284, "mixed": 8.176865496981223e-05, "none": 0.031185353710496345}, "6": {"type-based": 3.8568057034713136e-07, "geo-based": 0.9954495054809661, "mixed": 0.00011296956567008752, "none": 0.004437139272793366}, "7": {"type-based": 1.7636864693988956e-07, "geo-based": 0.9944210835286948, "mixed": 3.8933689597328915e-05, "none": 0.005539806413060693}, "8": {"type-based": 1.463652973792956e-07, "geo-based": 0.9933101419519227, "mixed": 2.583844741721823e-05, "none": 0.00666387323536263}, "9": {"type-based": 5.0067354382279086e-08, "geo-based": 0.9982187262077427, "mixed": 3.301435050075049e-05, "none": 0.0017482093744022103}, "10": {"type-based": 4.1762229275617865e-13, "geo-based": 0.9994642332777657, "mixed": 8.786108743653226e-10, "none": 0.0005357658432058339}, "11": {"type-based": 2.8101246716414354e-14, "geo-based": 0.9998664860393477, "mixed": 2.324016983177025e-10, "none": 0.0001335137282223227}, "12": {"type-based": 1.2018927644502423e-14, "geo-based": 0.9999573602373475, "mixed": 3.0559089371273066e-10, "none": 4.263945704952706e-05}, "13": {"type-based": 2.327375450757038e-19, "geo-based": 0.9999641660492992, "mixed": 6.875003233582818e-15, "none": 3.583395069399227e-05}, "14": {"type-based": 5.369722704743004e-20, "geo-based": 0.9999940164311474, "mixed": 9.339550137414947e-15, "none": 5.983568843315906e-06}, "15": {"type-based": 1.7331637502977502e-22, "geo-based": 0.9990442334773155, "mixed": 1.8530826890614403e-19, "none": 0.0009557665226844798}, "16": {"type-based": 9.481782204407601e-22, "geo-based": 0.9962846460095461, "mixed": 2.558664596246014e-19, "none": 0.003715353990453922}, "17": {"type-based": 1.0313221971516744e-21, "geo-based": 0.9971811763342855, "mixed": 3.6097055525293215e-19, "none": 0.002818823665714593}, "18": {"type-based": 9.123571535402451e-22, "geo-based": 0.9982858528099217, "mixed": 5.162470398337807e-19, "none": 0.0017141471900784032}, "19": {"type-based": 4.631045180263875e-27, "geo-based": 0.99940894816587, "mixed": 7.492327814741148e-24, "none": 0.0005910518341301218}, "20": {"type-based": 1.2959369006227589e-27, "geo-based": 0.9998875270953905, "mixed": 1.0865805955316462e-23, "none": 0.00011247290460943901}, "21": {"type-based": 5.533667317852952e-28, "geo-based": 0.999967663209811, "mixed": 1.588582659024654e-23, "none": 3.233679018903414e-05}, "22": {"type-based": 6.684463247949884e-29, "geo-based": 0.9999895670974651, "mixed": 5.844302142826925e-24, "none": 1.0432902534837449e-05}, "23": {"type-based": 2.8971755205457167e-29, "geo-based": 0.9999969170683415, "mixed": 8.404401183696484e-24, "none": 3.0829316586320518e-06}, "24": {"type-based": 2.235396020052578e-30, "geo-based": 0.9999994774138719, "mixed": 3.747551564830779e-24, "none": 5.225861281868922e-07}, "25": {"type-based": 6.493715740197929e-32, "geo-based": 0.9999998640456331, "mixed": 4.0942794214388053e-25, "none": 1.3595436673594932e-07}, "26": {"type-based": 4.0131774645048604e-33, "geo-based": 0.9999999618022603, "mixed": 8.811008912182713e-26, "none": 3.8197739711880756e-08}, "27": {"type-based": 4.1977816786704995e-34, "geo-based": 0.9999999877086921, "mixed": 2.7979233876925684e-26, "none": 1.2291307929159314e-08}, "28": {"type-based": 7.262886977928842e-34, "geo-based": 0.9999999846794521, "mixed": 3.7971755205693135e-26, "none": 1.5320547953300625e-08}, "29": {"type-based": 1.688596739534364e-33, "geo-based": 0.9999999746289674, "mixed": 5.209541393536174e-26, "none": 2.5371032530248246e-08}, "30": {"type-based": 1.1374371881688277e-33, "geo-based": 0.9999999879479781, "mixed": 7.221397376934079e-26, "none": 1.2052021811996143e-08}, "31": {"type-based": 1.3745638494808655e-34, "geo-based": 0.9999999967420832, "mixed": 3.1536293254321926e-26, "none": 3.257916704088002e-09}}