{"0": {"type-based": 0.24000000000000005, "geo-based": 0.16, "mixed": 0.12000000000000002, "none": 0.4800000000000001}, "1": {"type-based": 0.23999999999999996, "geo-based": 0.1600000000000001, "mixed": 0.11999999999999997, "none": 0.48}, "2": {"type-based": 0.2399999999999999, "geo-based": 0.1600000000000003, "mixed": 0.11999999999999994, "none": 0.47999999999999987}, "3": {"type-based": 0.29805547878726096, "geo-based": 0.15084978717963343, "mixed": 0.17464596118633618, "none": 0.3764487728467693}, "4": {"type-based": 0.3221870144740914, "geo-based": 0.15114417570335897, "mixed": 0.27480831713671344, "none": 0.2518604926858361}, "5": {"type-based": 0.4979832254364987, "geo-based": 0.06801936336116936, "mixed": 0.19468873887468666, "none": 0.23930867232764547}, "6": {"type-based": 0.4618979060682269, "geo-based": 0.07260207628906963, "mixed": 0.32951280727320575, "none": 0.13598721036949774}, "7": {"type-based": 0.4902855770690917, "geo-based": 0.05120068320437505, "mixed": 0.3702632607842776, "none": 0.08825047894225564}, "8": {"type-based": 0.0001489009912005001, "geo-based": 0.018000420216549677, "mixed": 3.469302588195193e-06, "none": 0.9818472094896615}, "9": {"type-based": 3.914359951475784e-05, "geo-based": 0.019314906333305733, "mixed": 9.595310283616841e-07, "none": 0.9806449905361512}, "10": {"type-based": 6.174095833146592e-05, "geo-based": 0.013940944877523153, "mixed": 1.0656950009807175e-06, "none": 0.9859962484691444}, "11": {"type-based": 9.664550664903949e-05, "geo-based": 0.022895493222534445, "mixed": 2.7213611062192655e-06, "none": 0.9770051399097104}, "12": {"type-based": 0.000154116315295042, "geo-based": 0.01880652504759377, "mixed": 3.4986376327757356e-06, "none": 0.9810358599994784}, "13": {"type-based": 2.6967345561962083e-05, "geo-based": 0.03122979636313545, "mixed": 1.0184926538630887e-06, "none": 0.9687422177986487}, "14": {"type-based": 8.90652988044523e-06, "geo-based": 0.07535452690242639, "mixed": 8.389554882117979e-07, "none": 0.924635727612205}, "15": {"type-based": 1.5426310865405722e-10, "geo-based": 0.07028253575177235, "mixed": 1.3279381440921593e-11, "none": 0.9297174640806851}, "16": {"type-based": 2.7293991915467577e-15, "geo-based": 0.017306129935531784, "mixed": 5.396802644229209e-17, "none": 0.9826938700644653}, "17": {"type-based": 4.061690746924119e-15, "geo-based": 0.024496538432422266, "mixed": 1.1328290112296493e-16, "none": 0.9755034615675736}, "18": {"type-based": 6.250699161256005e-15, "geo-based": 0.007682750037597089, "mixed": 5.3214121485402267e-17, "none": 0.9923172499623967}, "19": {"type-based": 9.516042154552442e-15, "geo-based": 0.008934803086027543, "mixed": 9.317508534947613e-17, "none": 0.9910651969139628}, "20": {"type-based": 1.4511642884294215e-14, "geo-based": 0.0147707047890983, "mixed": 2.3351942041886276e-16, "none": 0.985229295210887}, "21": {"type-based": 2.2654313008764784e-14, "geo-based": 0.002743905648176928, "mixed": 6.610688152918198e-17, "none": 0.9972560943518004}, "22": {"type-based": 3.5043255451162144e-14, "geo-based": 0.004411920515629891, "mixed": 1.6256113173547732e-16, "none": 0.9955880794843349}}