{"0": {"type-based": 0.24000000000000005, "geo-based": 0.16, "mixed": 0.12000000000000002, "none": 0.4800000000000001}, "1": {"type-based": 0.23999999999999996, "geo-based": 0.1600000000000001, "mixed": 0.11999999999999997, "none": 0.48}, "2": {"type-based": 0.2399999999999999, "geo-based": 0.1600000000000003, "mixed": 0.11999999999999994, "none": 0.47999999999999987}, "3": {"type-based": 7.165632235044711e-05, "geo-based": 0.5163398249852991, "mixed": 0.00010476415534027492, "none": 0.48348375453701015}, "4": {"type-based": 2.0298756171902913e-05, "geo-based": 0.8705600482085766, "mixed": 0.00017996181908220803, "none": 0.12923969121616932}, "5": {"type-based": 0.00014966514356684905, "geo-based": 0.2612864040598787, "mixed": 6.821940621451094e-05, "none": 0.73849571139034}, "6": {"type-based": 8.756109379579656e-09, "geo-based": 0.06830476126183092, "mixed": 8.189822091752804e-10, "none": 0.9316952291630775}, "7": {"type-based": 4.07089795752134e-13, "geo-based": 0.006853123537676062, "mixed": 3.5350241947441326e-15, "none": 0.9931468764619134}, "8": {"type-based": 5.238857573396782e-13, "geo-based": 0.012984356145719383, "mixed": 8.579464248196978e-15, "none": 0.9870156438537481}, "9": {"type-based": 7.256003349226966e-13, "geo-based": 0.000978051786417169, "mixed": 8.73327304768978e-16, "none": 0.9990219482128564}, "10": {"type-based": 2.0536145717833422e-13, "geo-based": 0.0021273517589221473, "mixed": 5.3231632502956e-16, "none": 0.9978726482408721}, "11": {"type-based": 2.8031213744378834e-13, "geo-based": 0.0013771992802907608, "mixed": 4.643840907651094e-16, "none": 0.9986228007194283}, "12": {"type-based": 1.3139017937081865e-13, "geo-based": 0.00016284695436073363, "mixed": 2.5471095918441238e-17, "none": 0.9998371530455079}, "13": {"type-based": 1.7751280440417607e-13, "geo-based": 0.0002106285438574108, "mixed": 4.421806621678456e-17, "none": 0.999789371455965}, "14": {"type-based": 2.4613321069176154e-13, "geo-based": 0.0004602354408372427, "mixed": 1.332158563840347e-16, "none": 0.9995397645589165}, "15": {"type-based": 4.355347206503276e-18, "geo-based": 4.935075182008812e-05, "mixed": 2.5122679260533154e-22, "none": 0.9999506492481799}, "16": {"type-based": 7.664326389557123e-19, "geo-based": 2.316939372516503e-05, "mixed": 2.071735365422275e-23, "none": 0.9999768306062748}, "17": {"type-based": 2.6858255071041296e-19, "geo-based": 4.0082907692964445e-05, "mixed": 1.2549320096909778e-23, "none": 0.999959917092307}, "18": {"type-based": 4.5966407137964455e-20, "geo-based": 1.1425083175241674e-05, "mixed": 6.103540203313711e-25, "none": 0.9999885749168247}, "19": {"type-based": 6.260966222972135e-20, "geo-based": 6.29033594806403e-06, "mixed": 4.57358237276577e-25, "none": 0.9999937096640519}, "20": {"type-based": 8.69611309449233e-20, "geo-based": 2.3706020804526084e-06, "mixed": 2.3949812189537307e-25, "none": 0.9999976293979196}, "21": {"type-based": 3.681685391028928e-20, "geo-based": 2.9153141072116476e-06, "mixed": 1.2457952213900354e-25, "none": 0.9999970846858929}, "22": {"type-based": 1.0150094753275368e-20, "geo-based": 3.788895583494138e-06, "mixed": 4.454198453256381e-26, "none": 0.9999962111044164}, "23": {"type-based": 1.3944578114382717e-20, "geo-based": 7.094085610634207e-06, "mixed": 1.1439990530427535e-25, "none": 0.9999929059143893}, "24": {"type-based": 5.305445951406282e-21, "geo-based": 1.1023001777670233e-05, "mixed": 6.750442074500278e-26, "none": 0.9999889769982224}, "25": {"type-based": 2.645644761240919e-21, "geo-based": 8.091450732965011e-06, "mixed": 2.462967354978164e-26, "none": 0.999991908549267}, "26": {"type-based": 3.243010279820446e-26, "geo-based": 1.089996403907515e-05, "mixed": 4.047460633659077e-31, "none": 0.9999891000359609}, "27": {"type-based": 4.3593766639069946e-26, "geo-based": 1.9195594730933326e-05, "mixed": 9.534412300278714e-31, "none": 0.9999808044052692}, "28": {"type-based": 4.960203896964984e-27, "geo-based": 3.565068308599085e-05, "mixed": 2.005055778057267e-31, "none": 0.999964349316914}}