{"0": {"type-based": 0.24000000000000005, "geo-based": 0.16, "mixed": 0.12000000000000002, "none": 0.4800000000000001}, "1": {"type-based": 0.23999999999999996, "geo-based": 0.1600000000000001, "mixed": 0.11999999999999997, "none": 0.48}, "2": {"type-based": 0.2399999999999999, "geo-based": 0.1600000000000003, "mixed": 0.11999999999999994, "none": 0.47999999999999987}, "3": {"type-based": 0.2986120315316876, "geo-based": 0.14901453202806095, "mixed": 0.1886892998134275, "none": 0.3636841366268239}, "4": {"type-based": 0.26283584346666644, "geo-based": 0.16808298395069457, "mixed": 0.18006447854889615, "none": 0.3890166940337428}, "5": {"type-based": 0.2554307230530647, "geo-based": 0.1821230370636635, "mixed": 0.33223321160104174, "none": 0.23021302828222998}, "6": {"type-based": 0.2944383335161675, "geo-based": 0.15008830992420902, "mixed": 0.3134295738388671, "none": 0.24204378272075638}, "7": {"type-based": 0.3647826196212519, "geo-based": 0.0978885246994382, "mixed": 0.3547282613149115, "none": 0.1826005943643983}, "8": {"type-based": 0.31543328353848316, "geo-based": 0.06491790752356108, "mixed": 0.5474354184588276, "none": 0.07221339047912816}, "9": {"type-based": 0.3630840539415132, "geo-based": 0.023694607690191972, "mixed": 0.5827662621632015, "none": 0.030455076205093305}, "10": {"type-based": 0.20827084593115733, "geo-based": 0.00901896000955767, "mixed": 0.7773688493079156, "none": 0.005341344751369459}, "11": {"type-based": 0.09797440997378204, "geo-based": 0.0025511906129744113, "mixed": 0.898814975163542, "none": 0.0006594242497014867}, "12": {"type-based": 0.05017554501439859, "geo-based": 0.0005758984631489477, "mixed": 0.9491708980691065, "none": 7.765845334593567e-05}, "13": {"type-based": 0.028475838059298975, "geo-based": 0.00011206221893692431, "mixed": 0.9714030783995198, "none": 9.021322244123203e-06}, "14": {"type-based": 0.008455993761181108, "geo-based": 1.9631352245648752e-05, "mixed": 0.9915238806872889, "none": 4.941992844111791e-07}, "15": {"type-based": 0.0022967451904657436, "geo-based": 3.085045917210419e-06, "mixed": 0.997700147220983, "none": 2.254263416869341e-08}, "16": {"type-based": 0.001585346110027294, "geo-based": 4.426605684006113e-07, "mixed": 0.9984142088306588, "none": 2.3987454470463105e-09}, "17": {"type-based": 0.0009097948950853184, "geo-based": 5.8620029236879915e-08, "mixed": 0.9990901462887251, "none": 1.9616033661603964e-10}, "18": {"type-based": 0.0004551554563258699, "geo-based": 7.209030350280747e-09, "mixed": 0.9995448373216405, "none": 1.3003223997164427e-11}, "19": {"type-based": 0.0002044063261524745, "geo-based": 8.277866334262281e-10, "mixed": 0.9997955928453377, "none": 7.231789364914531e-13}, "20": {"type-based": 8.40232810493153e-05, "geo-based": 8.917145276844527e-11, "mixed": 0.9999159766297445, "none": 3.4560611774736335e-14}, "21": {"type-based": 3.2047917912902344e-05, "geo-based": 9.048802881726024e-12, "mixed": 0.9999679520730368, "none": 1.4443787744361252e-15}, "22": {"type-based": 1.1455809274842975e-05, "geo-based": 8.681310787120761e-13, "mixed": 0.9999885441898572, "none": 5.350325504491416e-17}, "23": {"type-based": 3.866834495665535e-06, "geo-based": 7.899460338188142e-14, "mixed": 0.9999961331654255, "none": 1.7754092488067265e-18}, "24": {"type-based": 1.2397777851957973e-06, "geo-based": 6.837010501650233e-15, "mixed": 0.9999987602222081, "none": 5.323464845521427e-20}, "25": {"type-based": 3.5643958155654633e-07, "geo-based": 1.185021567287189e-10, "mixed": 0.9999996434419159, "none": 2.866625282874327e-16}, "26": {"type-based": 7.920205721391009e-08, "geo-based": 2.088103087933278e-06, "mixed": 0.9999978326936464, "none": 1.20838735805164e-12}, "27": {"type-based": 1.9018642600908196e-08, "geo-based": 3.974177669517279e-06, "mixed": 0.999996006803098, "none": 5.899729370173117e-13}, "28": {"type-based": 2.970155518614553e-08, "geo-based": 2.7081849363198347e-06, "mixed": 0.9999972621128421, "none": 6.663571272940145e-13}, "29": {"type-based": 8.207846586092308e-07, "geo-based": 1.751587529877381e-06, "mixed": 0.9999974276150316, "none": 1.277977682893045e-11}, "30": {"type-based": 3.410780749402381e-06, "geo-based": 1.1032948655329758e-06, "mixed": 0.9999954858884594, "none": 3.592550248137134e-11}, "31": {"type-based": 1.573840272559623e-05, "geo-based": 6.831697354847797e-07, "mixed": 0.9999835783173352, "none": 1.1020367026493828e-10}, "32": {"type-based": 8.698982952277635e-06, "geo-based": 4.189021490373408e-07, "mixed": 0.9999908820749133, "none": 3.998546176622655e-11}, "33": {"type-based": 3.4341329337781465e-06, "geo-based": 2.544178325834783e-07, "mixed": 0.9999963114389703, "none": 1.0263296166827238e-11}, "34": {"type-based": 1.586671544301069e-06, "geo-based": 1.5337655070217098e-07, "mixed": 0.9999982599488451, "none": 3.0600456476036e-12}, "35": {"type-based": 4.099649013444869e-07, "geo-based": 9.197469254837472e-08, "mixed": 0.9999994980598989, "none": 5.071411578174289e-13}, "36": {"type-based": 2.0233243913699553e-07, "geo-based": 5.4745525138885494e-08, "mixed": 0.999999742921876, "none": 1.5974432452044296e-13}, "37": {"type-based": 5.4820500446153884e-08, "geo-based": 3.2371897568274865e-08, "mixed": 0.9999999128075745, "none": 2.7508658187152797e-14}, "38": {"type-based": 2.3328471985695662e-08, "geo-based": 1.90577106875249e-08, "mixed": 0.9999999576138099, "none": 7.413796763406806e-15}, "39": {"type-based": 1.0604855730185503e-08, "geo-based": 1.1164185068808808e-08, "mixed": 0.999999978230957, "none": 2.127962818320469e-15}, "40": {"type-based": 5.01300834502415e-09, "geo-based": 6.510183631409459e-09, "mixed": 0.9999999884768073, "none": 6.33450440009907e-16}, "41": {"type-based": 2.1869100973269397e-09, "geo-based": 3.780943225349715e-09, "mixed": 0.9999999940321465, "none": 1.7361665432451067e-16}, "42": {"type-based": 8.574611154169443e-10, "geo-based": 2.187772228349257e-09, "mixed": 0.9999999969547666, "none": 4.268046491191724e-17}, "43": {"type-based": 3.464884731465703e-10, "geo-based": 1.2617904264683589e-09, "mixed": 0.9999999983917212, "none": 1.0793525831060763e-17}}