{"0": {"type-based": 0.24000000000000005, "geo-based": 0.16, "mixed": 0.12000000000000002, "none": 0.4800000000000001}, "1": {"type-based": 0.23999999999999996, "geo-based": 0.1600000000000001, "mixed": 0.11999999999999997, "none": 0.48}, "2": {"type-based": 0.2399999999999999, "geo-based": 0.1600000000000003, "mixed": 0.11999999999999994, "none": 0.47999999999999987}, "3": {"type-based": 0.22138034889622843, "geo-based": 0.22225233778943726, "mixed": 0.22751929923649628, "none": 0.3288480140778379}, "4": {"type-based": 0.13832800854263105, "geo-based": 0.2873106709842863, "mixed": 0.43575744373755587, "none": 0.13860387673552665}, "5": {"type-based": 0.10080517176959942, "geo-based": 0.39461869514505094, "mixed": 0.3070774873536052, "none": 0.19749864573174444}, "6": {"type-based": 0.29745321879822595, "geo-based": 0.13852598974673916, "mixed": 0.1576763370817104, "none": 0.40634445437332456}, "7": {"type-based": 0.2825503722168941, "geo-based": 0.166810161283831, "mixed": 0.290278780844091, "none": 0.26036068565518405}, "8": {"type-based": 0.23502172887106457, "geo-based": 0.16668645013163155, "mixed": 0.45516454933632106, "none": 0.14312727166098288}, "9": {"type-based": 0.23786370483129793, "geo-based": 0.12483354829132623, "mixed": 0.5428830852469526, "none": 0.09441966163042316}, "10": {"type-based": 0.5626141759880973, "geo-based": 0.036983858089239624, "mixed": 0.256284438562527, "none": 0.14411752736013622}, "11": {"type-based": 0.7598640272616105, "geo-based": 0.009696396987601715, "mixed": 0.10578045614068218, "none": 0.12465911961010555}, "12": {"type-based": 0.00010138312122037564, "geo-based": 0.04685856976486976, "mixed": 8.901268200838317e-06, "none": 0.9530311458457091}, "13": {"type-based": 1.7509048015161196e-09, "geo-based": 0.05293608980216853, "mixed": 1.7395835526844216e-10, "none": 0.9470639082729683}}