{"0": {"type-based": 0.24000000000000005, "geo-based": 0.16, "mixed": 0.12000000000000002, "none": 0.4800000000000001}, "1": {"type-based": 0.23999999999999996, "geo-based": 0.1600000000000001, "mixed": 0.11999999999999997, "none": 0.48}, "2": {"type-based": 0.2399999999999999, "geo-based": 0.1600000000000003, "mixed": 0.11999999999999994, "none": 0.47999999999999987}, "3": {"type-based": 2.900276996595075e-05, "geo-based": 0.29645550006666527, "mixed": 1.767881523934313e-05, "none": 0.7034978183481295}, "4": {"type-based": 1.5458286344446188e-09, "geo-based": 0.48201454291552936, "mixed": 2.0066531589658053e-09, "none": 0.5179854535319888}, "5": {"type-based": 5.987679301566915e-10, "geo-based": 0.6955043613983445, "mixed": 1.862114716727073e-09, "none": 0.3044956361407729}, "6": {"type-based": 7.795038132232781e-10, "geo-based": 0.6721637061225834, "mixed": 2.1406426524181266e-09, "none": 0.3278362909572702}, "7": {"type-based": 1.0118394567286076e-09, "geo-based": 0.6793618445350291, "mixed": 2.793932291805479e-09, "none": 0.3206381516591991}, "8": {"type-based": 2.9730684369074963e-10, "geo-based": 0.8649609139939008, "mixed": 2.387448341366174e-09, "none": 0.13503908332134404}, "9": {"type-based": 3.2715314529110326e-10, "geo-based": 0.8884381956060872, "mixed": 3.151221104185051e-09, "none": 0.11156180091553873}, "10": {"type-based": 1.427486294727484e-10, "geo-based": 0.9648594532097778, "mixed": 4.549914414914159e-09, "none": 0.035140542097558916}, "11": {"type-based": 6.013928169081383e-11, "geo-based": 0.989597793690448, "mixed": 6.32769262577071e-09, "none": 0.010402199921720012}, "12": {"type-based": 5.576195335729069e-11, "geo-based": 0.9933556834649382, "mixed": 8.728207783166822e-09, "none": 0.006644307751092274}, "13": {"type-based": 3.474699831067839e-11, "geo-based": 0.9971905375266273, "mixed": 1.2243910432680395e-08, "none": 0.0028094501947153734}, "14": {"type-based": 2.8186748403642466e-11, "geo-based": 0.995415544099292, "mixed": 5.764237689504126e-09, "none": 0.004584450108283712}, "15": {"type-based": 4.758830067728239e-16, "geo-based": 0.9952234016571603, "mixed": 8.991912651958434e-14, "none": 0.004776598342749241}, "16": {"type-based": 3.22348036494832e-16, "geo-based": 0.9800263839157478, "mixed": 1.3873782177989939e-14, "none": 0.019973616084237936}, "17": {"type-based": 3.659172350273169e-15, "geo-based": 0.2998362312141749, "mixed": 1.336729717481051e-15, "none": 0.7001637687858202}, "18": {"type-based": 3.926381354450364e-15, "geo-based": 0.4842029122010488, "mixed": 3.110157539224107e-15, "none": 0.5157970877989442}, "19": {"type-based": 2.7798707560517202e-15, "geo-based": 0.7522131944137057, "mixed": 7.031756156665541e-15, "none": 0.24778680558628446}, "20": {"type-based": 1.6129880079453325e-14, "geo-based": 0.033877803033422145, "mixed": 4.641833009105842e-16, "none": 0.9661221969665612}}