{"0": {"type-based": 0.24000000000000005, "geo-based": 0.16, "mixed": 0.12000000000000002, "none": 0.4800000000000001}, "1": {"type-based": 0.23999999999999996, "geo-based": 0.1600000000000001, "mixed": 0.11999999999999997, "none": 0.48}, "2": {"type-based": 0.2399999999999999, "geo-based": 0.1600000000000003, "mixed": 0.11999999999999994, "none": 0.47999999999999987}, "3": {"type-based": 0.00015242278255666285, "geo-based": 0.1682444291244964, "mixed": 4.33530645249811e-05, "none": 0.8315597950284219}, "4": {"type-based": 0.00034462852318175045, "geo-based": 0.17313940942175748, "mixed": 9.87287775180409e-05, "none": 0.8264172332775427}, "5": {"type-based": 3.0966749154048696e-08, "geo-based": 0.24592635319996084, "mixed": 1.3382901397677048e-08, "none": 0.7540736024503887}, "6": {"type-based": 2.5458545399356024e-08, "geo-based": 0.26599386188463886, "mixed": 1.1894642707818963e-08, "none": 0.734006100762173}, "7": {"type-based": 4.612141467810251e-08, "geo-based": 0.40041983032920814, "mixed": 3.874919294705884e-08, "none": 0.5995800848001842}, "8": {"type-based": 9.43340104695268e-08, "geo-based": 0.5434795017261009, "mixed": 1.3696405183839904e-07, "none": 0.45652026697583664}, "9": {"type-based": 2.888341203621435e-08, "geo-based": 0.7728238152633831, "mixed": 1.15721536560325e-07, "none": 0.2271760401316683}, "10": {"type-based": 1.715218428291089e-08, "geo-based": 0.8494666454389077, "mixed": 1.1135575834244653e-07, "none": 0.15053322605314973}, "11": {"type-based": 8.795395303053872e-09, "geo-based": 0.9073592493941581, "mixed": 9.690338584829717e-08, "none": 0.09264064490706074}, "12": {"type-based": 3.6043739958133714e-09, "geo-based": 0.9619512184910468, "mixed": 1.0123895374282734e-07, "none": 0.0380486766656256}, "13": {"type-based": 2.3937314491990437e-09, "geo-based": 0.9839524562316083, "mixed": 1.6041503444946243e-07, "none": 0.016047380959625678}, "14": {"type-based": 9.582955685146572e-10, "geo-based": 0.9929081924289976, "mixed": 1.4390472440004458e-07, "none": 0.007091662707982519}, "15": {"type-based": 1.0203621033528728e-09, "geo-based": 0.995068963235551, "mixed": 2.1837596193149236e-07, "none": 0.0049308173681250475}}