{"0": {"type-based": 0.24000000000000005, "geo-based": 0.16, "mixed": 0.12000000000000002, "none": 0.4800000000000001}, "1": {"type-based": 0.23999999999999996, "geo-based": 0.1600000000000001, "mixed": 0.11999999999999997, "none": 0.48}, "2": {"type-based": 0.2399999999999999, "geo-based": 0.1600000000000003, "mixed": 0.11999999999999994, "none": 0.47999999999999987}, "3": {"type-based": 4.445593571909735e-05, "geo-based": 0.31078124566613546, "mixed": 2.977599595202476e-05, "none": 0.6891445224021935}, "4": {"type-based": 4.60621717798277e-05, "geo-based": 0.428580696451983, "mixed": 5.058576359456418e-05, "none": 0.5713226556126427}, "5": {"type-based": 4.39044035398974e-05, "geo-based": 0.6168966998128411, "mixed": 0.00010141697801396904, "none": 0.3829579788056051}, "6": {"type-based": 1.2894600517920914e-09, "geo-based": 0.773600139463913, "mixed": 6.1579633415519725e-09, "none": 0.22639985308866364}, "7": {"type-based": 6.432445370529895e-10, "geo-based": 0.9190910656107397, "mixed": 9.945030575622207e-09, "none": 0.08090892380098508}, "8": {"type-based": 1.5690102418492807e-09, "geo-based": 0.8640456692554719, "mixed": 1.3177832371403466e-08, "none": 0.13595431599768537}, "9": {"type-based": 2.651939100833154e-09, "geo-based": 0.8454939759956333, "mixed": 1.8635391834942267e-08, "none": 0.1545060027170358}, "10": {"type-based": 3.7136675016680673e-09, "geo-based": 0.8569020948006042, "mixed": 2.780896008822365e-08, "none": 0.14309787367676827}, "11": {"type-based": 1.0537819480802978e-13, "geo-based": 0.8142446345954535, "mixed": 5.627079795100323e-13, "none": 0.18575536540387838}, "12": {"type-based": 1.05254127422965e-14, "geo-based": 0.9146845355106564, "mixed": 1.3369438070541094e-13, "none": 0.08531546448919934}, "13": {"type-based": 3.025472374275628e-14, "geo-based": 0.8341148796021436, "mixed": 1.751236407734666e-13, "none": 0.1658851203976509}, "14": {"type-based": 6.4996386642144826e-15, "geo-based": 0.9048273851909842, "mixed": 6.912201467822655e-14, "none": 0.09517261480894032}, "15": {"type-based": 1.0235204787142434e-14, "geo-based": 0.897380385903569, "mixed": 9.723953012628321e-14, "none": 0.10261961409632359}, "16": {"type-based": 8.695271393673976e-15, "geo-based": 0.9410654142715752, "mixed": 1.4674078198347579e-13, "none": 0.05893458572826936}, "17": {"type-based": 8.912730757064873e-14, "geo-based": 0.5958402152065428, "mixed": 1.3499927979796581e-13, "none": 0.4041597847932331}, "18": {"type-based": 3.4357670047112333e-14, "geo-based": 0.6210630581764356, "mixed": 5.644037530364664e-14, "none": 0.37893694182347365}, "19": {"type-based": 5.2393895000025355e-14, "geo-based": 0.6095155288832469, "mixed": 7.98998858737183e-14, "none": 0.390484471116621}}