{"0": {"type-based": 0.24000000000000005, "geo-based": 0.16, "mixed": 0.12000000000000002, "none": 0.4800000000000001}, "1": {"type-based": 0.23999999999999996, "geo-based": 0.1600000000000001, "mixed": 0.11999999999999997, "none": 0.48}, "2": {"type-based": 0.2399999999999999, "geo-based": 0.1600000000000003, "mixed": 0.11999999999999994, "none": 0.47999999999999987}, "3": {"type-based": 0.19570926906250768, "geo-based": 0.25666140833685375, "mixed": 0.3102827514462191, "none": 0.2373465711544194}, "4": {"type-based": 0.11358685581468386, "geo-based": 0.2744970443704733, "mixed": 0.528387246767425, "none": 0.0835288530474178}, "5": {"type-based": 0.038458772847173806, "geo-based": 0.2340306616444492, "mixed": 0.7103615818654045, "none": 0.01714898364297246}, "6": {"type-based": 5.630648792644204e-05, "geo-based": 0.2386957791611625, "mixed": 2.2626564902123156e-05, "none": 0.761225287786009}, "7": {"type-based": 0.00011689484160376454, "geo-based": 0.033680391433894355, "mixed": 5.019962643342919e-06, "none": 0.9661976937618586}, "8": {"type-based": 0.00019455872410125032, "geo-based": 0.017959966217467607, "mixed": 4.305191751053354e-06, "none": 0.98184116986668}, "9": {"type-based": 4.6250238990895085e-09, "geo-based": 0.0034423758614320773, "mixed": 1.9087191329287544e-11, "none": 0.9965576194944568}, "10": {"type-based": 1.0777165599691628e-13, "geo-based": 0.0016007577921237125, "mixed": 2.0535707372253305e-16, "none": 0.9983992422077683}, "11": {"type-based": 2.4133773009459398e-14, "geo-based": 0.0011483771304554385, "mixed": 3.2903604222697306e-17, "none": 0.9988516228695203}, "12": {"type-based": 3.6397540557570456e-14, "geo-based": 0.0021799393573030492, "mixed": 9.426181902715161e-17, "none": 0.9978200606426605}, "13": {"type-based": 1.3849243205519241e-14, "geo-based": 0.0047350338529878995, "mixed": 7.802298712749192e-17, "none": 0.9952649661469982}, "14": {"type-based": 2.039203408848735e-14, "geo-based": 0.008688324436303772, "mixed": 2.1111447981331693e-16, "none": 0.9913116755636755}, "15": {"type-based": 3.4069176123098385e-19, "geo-based": 0.0032956826373403405, "mixed": 1.3245663610094543e-21, "none": 0.9967043173626597}, "16": {"type-based": 5.647084521572428e-20, "geo-based": 0.0018964174547671502, "mixed": 1.264013438440847e-22, "none": 0.9981035825452329}, "17": {"type-based": 2.797612054325112e-20, "geo-based": 0.0001813392710331375, "mixed": 6.0132657932779185e-24, "none": 0.999818660728967}, "18": {"type-based": 1.7947790624598425e-20, "geo-based": 0.0002302290212813555, "mixed": 4.89385639925932e-24, "none": 0.9997697709787187}, "19": {"type-based": 5.60574400236808e-21, "geo-based": 0.00026059405968537975, "mixed": 1.7295947142458715e-24, "none": 0.9997394059403145}, "20": {"type-based": 7.849386845771096e-21, "geo-based": 0.00025561891235676137, "mixed": 2.3786431774787483e-24, "none": 0.9997443810876432}, "21": {"type-based": 1.115918928686347e-25, "geo-based": 0.000267406426148202, "mixed": 3.5383456824608747e-29, "none": 0.9997325935738518}, "22": {"type-based": 1.5861076411579624e-26, "geo-based": 0.00023803529352490514, "mixed": 4.483046844165513e-30, "none": 0.999761964706475}, "23": {"type-based": 4.5075048567182736e-27, "geo-based": 8.572871828639105e-05, "mixed": 4.593002107642313e-31, "none": 0.9999142712817135}, "24": {"type-based": 1.9205425951933363e-27, "geo-based": 2.9503660186301313e-05, "mixed": 6.747292052958276e-32, "none": 0.9999704963398137}, "25": {"type-based": 1.0905871027506171e-27, "geo-based": 3.869617292923013e-05, "mixed": 5.038853874619049e-32, "none": 0.9999613038270707}, "26": {"type-based": 7.738541065772896e-28, "geo-based": 1.921413439161053e-05, "mixed": 1.779809884089415e-32, "none": 0.9999807858656085}}