{"0": {"type-based": 0.24000000000000005, "geo-based": 0.16, "mixed": 0.12000000000000002, "none": 0.4800000000000001}, "1": {"type-based": 0.23999999999999996, "geo-based": 0.1600000000000001, "mixed": 0.11999999999999997, "none": 0.48}, "2": {"type-based": 0.2399999999999999, "geo-based": 0.1600000000000003, "mixed": 0.11999999999999994, "none": 0.47999999999999987}, "3": {"type-based": 3.7822113869732645e-05, "geo-based": 0.08253525500060666, "mixed": 5.082698914999679e-06, "none": 0.9174218401866087}, "4": {"type-based": 2.5990330997971116e-09, "geo-based": 0.12910052650771509, "mixed": 5.734133301860699e-10, "none": 0.8708994703198384}, "5": {"type-based": 3.304648310739363e-09, "geo-based": 0.15969004516114346, "mixed": 9.238367333215046e-10, "none": 0.8403099506103715}, "6": {"type-based": 4.821825206238291e-09, "geo-based": 0.13189368162276127, "mixed": 1.0656844426073472e-09, "none": 0.868106312489729}, "7": {"type-based": 6.03001619405235e-09, "geo-based": 0.2589450380358536, "mixed": 3.0498313804388565e-09, "none": 0.7410549528842988}, "8": {"type-based": 1.97996274783041e-09, "geo-based": 0.18813790773051647, "mixed": 6.609912096282334e-10, "none": 0.8118620896285296}, "9": {"type-based": 4.3587292057098695e-10, "geo-based": 0.37931630472837524, "mixed": 3.794039421718257e-10, "none": 0.620683694456348}, "10": {"type-based": 4.298747318539403e-10, "geo-based": 0.5541462588286171, "mixed": 7.519831336442454e-10, "none": 0.4458537399895251}, "11": {"type-based": 4.696125255480521e-10, "geo-based": 0.6551467066794362, "mixed": 1.2410313717594453e-09, "none": 0.3448532916099201}, "12": {"type-based": 8.748399472036474e-10, "geo-based": 0.554480639963844, "mixed": 1.49760913861894e-09, "none": 0.44551935766370687}, "13": {"type-based": 8.49960731680353e-10, "geo-based": 0.7045358453419169, "mixed": 2.765638810054709e-09, "none": 0.29546415104248347}, "14": {"type-based": 6.561716342575313e-10, "geo-based": 0.8462314204087741, "mixed": 4.89412670434797e-09, "none": 0.1537685740409276}, "15": {"type-based": 8.473919898968318e-10, "geo-based": 0.8674772632561155, "mixed": 7.450777200490925e-09, "none": 0.13252272844571522}, "16": {"type-based": 9.475412944805239e-10, "geo-based": 0.9019299569460081, "mixed": 1.1629058756228802e-08, "none": 0.09807003047739203}, "17": {"type-based": 8.054373361820037e-10, "geo-based": 0.9452153142075175, "mixed": 1.846273076450756e-08, "none": 0.054784666524314296}, "18": {"type-based": 1.0560852218596895e-10, "geo-based": 0.9694986734676307, "mixed": 4.446341200407254e-09, "none": 0.03050132198041945}, "19": {"type-based": 8.449410885472149e-11, "geo-based": 0.9837414179348711, "mixed": 6.751021194004974e-09, "none": 0.016258575229613586}, "20": {"type-based": 1.4507847946374479e-11, "geo-based": 0.9913763068810753, "mixed": 2.194514379546495e-09, "none": 0.008623690909902547}, "21": {"type-based": 2.1397015969330833e-12, "geo-based": 0.9969996369662755, "mixed": 9.327025574932365e-10, "none": 0.0030003620988824403}, "22": {"type-based": 9.343728150956356e-13, "geo-based": 0.9991011156136705, "mixed": 1.3583392049479068e-09, "none": 0.0008988830270558935}, "23": {"type-based": 5.668914539531341e-14, "geo-based": 0.9997215728903953, "mixed": 2.652301022458808e-10, "none": 0.00027842684431792733}, "24": {"type-based": 2.6371259609261343e-14, "geo-based": 0.9999106509383855, "mixed": 3.820134582553074e-10, "none": 8.93486795747983e-05}}