{"0": {"type-based": 0.24000000000000005, "geo-based": 0.16, "mixed": 0.12000000000000002, "none": 0.4800000000000001}, "1": {"type-based": 0.23999999999999996, "geo-based": 0.1600000000000001, "mixed": 0.11999999999999997, "none": 0.48}, "2": {"type-based": 0.2399999999999999, "geo-based": 0.1600000000000003, "mixed": 0.11999999999999994, "none": 0.47999999999999987}, "3": {"type-based": 0.00016908853975528676, "geo-based": 0.07732668916805155, "mixed": 2.2496777892310824e-05, "none": 0.922481725514301}, "4": {"type-based": 0.00020079587798945214, "geo-based": 0.03682042164159929, "mixed": 1.2187721830354561e-05, "none": 0.9629665947585809}, "5": {"type-based": 0.0002656663847757438, "geo-based": 0.053447858457914416, "mixed": 2.3880411256770736e-05, "none": 0.9462625947460531}, "6": {"type-based": 1.2860813925746978e-08, "geo-based": 0.04176150133248495, "mixed": 8.932960086376107e-10, "none": 0.958238484913405}, "7": {"type-based": 1.7614423514719463e-08, "geo-based": 0.07391432906887527, "mixed": 2.2626665864841796e-09, "none": 0.9260856510540347}, "8": {"type-based": 2.6130822761057452e-08, "geo-based": 0.06467301500851455, "mixed": 2.9249566328862473e-09, "none": 0.935326955935706}, "9": {"type-based": 3.879295528970084e-08, "geo-based": 0.07533088248059809, "mixed": 5.113729439035093e-09, "none": 0.9246690736127171}, "10": {"type-based": 5.485072327497502e-08, "geo-based": 0.14233871957410305, "mixed": 1.4663360074146885e-08, "none": 0.8576612109118136}, "11": {"type-based": 7.604024308925568e-08, "geo-based": 0.22846299111930096, "mixed": 3.6029850583200314e-08, "none": 0.7715368968106053}, "12": {"type-based": 1.0087981786749683e-07, "geo-based": 0.3412459396554187, "mixed": 8.28735435505411e-08, "none": 0.6587538765912199}, "13": {"type-based": 1.1962109621890049e-07, "geo-based": 0.5005036880785005, "mixed": 1.879964536530257e-07, "none": 0.4994960043039496}, "14": {"type-based": 1.207556672316507e-07, "geo-based": 0.679236862869446, "mixed": 3.959583651584385e-07, "none": 0.32076262041652165}, "15": {"type-based": 1.0160451374050722e-07, "geo-based": 0.8290413825131436, "mixed": 7.521204668127753e-07, "none": 0.17095776376187574}, "16": {"type-based": 7.332711381080832e-08, "geo-based": 0.9221250149196849, "mixed": 1.304840485378366e-06, "none": 0.07787360691271583}, "17": {"type-based": 6.563050766651384e-09, "geo-based": 0.971492061406507, "mixed": 3.305073572235396e-07, "none": 0.028507601523085003}, "18": {"type-based": 3.829787561439357e-09, "geo-based": 0.9893570131598947, "mixed": 5.155395430484106e-07, "none": 0.010642467470774805}, "19": {"type-based": 2.957356123110976e-09, "geo-based": 0.9947612482448258, "mixed": 7.96277254645219e-07, "none": 0.005237952520563296}, "20": {"type-based": 2.121775268471108e-09, "geo-based": 0.9976113058948823, "mixed": 1.229479326383592e-06, "none": 0.00238746250401603}, "21": {"type-based": 1.4278514717914684e-09, "geo-based": 0.9989803027255832, "mixed": 1.8991882107819389e-06, "none": 0.0010177966583544435}, "22": {"type-based": 9.077300292930679e-10, "geo-based": 0.9995881978548451, "mixed": 2.9363427100292746e-06, "none": 0.00040886489471475746}, "23": {"type-based": 5.48143430974591e-10, "geo-based": 0.9998397912906284, "mixed": 4.5448709502802825e-06, "none": 0.00015566329027794638}, "24": {"type-based": 3.15762892193686e-10, "geo-based": 0.9999365354740355, "mixed": 7.0424549367295486e-06, "none": 5.64217552648337e-05}, "25": {"type-based": 1.741272866359522e-10, "geo-based": 0.9999695341609639, "mixed": 1.0924227506532899e-05, "none": 1.9541437402550958e-05}, "26": {"type-based": 9.302026620339736e-11, "geo-based": 0.9999764919006431, "mixed": 1.6962307474821884e-05, "none": 6.545698861650887e-06}, "27": {"type-based": 4.779978550907817e-11, "geo-based": 0.9999715328178644, "mixed": 2.636121480605553e-05, "none": 2.105919529645617e-06}, "28": {"type-based": 1.9842425790061594e-11, "geo-based": 0.9999584522949858, "mixed": 4.1001106893525196e-05, "none": 5.465782783282146e-07}, "29": {"type-based": 9.918431151927747e-13, "geo-based": 0.9999918842992086, "mixed": 7.97921854706874e-06, "none": 1.36481252505471e-07}}