{"0": {"type-based": 0.24000000000000005, "geo-based": 0.16, "mixed": 0.12000000000000002, "none": 0.4800000000000001}, "1": {"type-based": 0.23999999999999996, "geo-based": 0.1600000000000001, "mixed": 0.11999999999999997, "none": 0.48}, "2": {"type-based": 0.2399999999999999, "geo-based": 0.1600000000000003, "mixed": 0.11999999999999994, "none": 0.47999999999999987}, "3": {"type-based": 0.2156113065642842, "geo-based": 0.23014021553007305, "mixed": 0.2927656949986537, "none": 0.261482782906989}, "4": {"type-based": 0.09974241572552316, "geo-based": 0.2594789473276551, "mixed": 0.5674306291515866, "none": 0.07334800779523512}, "5": {"type-based": 2.9943972342345506e-06, "geo-based": 0.9464969403723421, "mixed": 8.998564599056966e-05, "none": 0.05341007958443307}, "6": {"type-based": 2.3088451679519361e-07, "geo-based": 0.9892796719547301, "mixed": 3.7889796342436684e-05, "none": 0.010682207364410673}, "7": {"type-based": 1.0980484258307035e-12, "geo-based": 0.9985964258956429, "mixed": 1.4319940303684923e-09, "none": 0.001403572671265128}, "8": {"type-based": 6.192900152315622e-14, "geo-based": 0.9997705267097489, "mixed": 5.126343922595583e-10, "none": 0.00022947277755469268}, "9": {"type-based": 6.035757020583793e-19, "geo-based": 0.999932111801543, "mixed": 1.747792531600368e-14, "none": 6.788819843942438e-05}, "10": {"type-based": 4.7772294720809445e-20, "geo-based": 0.9999835315284122, "mixed": 5.883885404927671e-15, "none": 1.6468471582100615e-05}, "11": {"type-based": 6.6711911573092614e-21, "geo-based": 0.9999964414035631, "mixed": 3.884809214085126e-15, "none": 3.558596433189031e-06}, "12": {"type-based": 1.2234271436165867e-21, "geo-based": 0.9999993202967831, "mixed": 3.755588564818783e-15, "none": 6.797032130289137e-07}, "13": {"type-based": 3.0605284043337573e-22, "geo-based": 0.9999998659148188, "mixed": 4.7112752895425754e-15, "none": 1.3408517642536986e-07}, "14": {"type-based": 8.897125532938635e-23, "geo-based": 0.9999999751776256, "mixed": 7.169921146468149e-15, "none": 2.4822367360449534e-08}, "15": {"type-based": 9.821896654821329e-24, "geo-based": 0.9999999955968717, "mixed": 4.229356905099431e-15, "none": 4.403123995825753e-09}, "16": {"type-based": 3.4645681746446565e-24, "geo-based": 0.9999999982656067, "mixed": 3.5816701497770226e-15, "none": 1.7343896527156879e-09}, "17": {"type-based": 8.700979242310633e-24, "geo-based": 0.9999999962034676, "mixed": 3.901008912631216e-15, "none": 3.7965284703817496e-09}, "18": {"type-based": 6.800721187070936e-24, "geo-based": 0.9999999975710201, "mixed": 4.607075561894463e-15, "none": 2.4289751444333145e-09}, "19": {"type-based": 2.5550355782677887e-24, "geo-based": 0.9999999992852788, "mixed": 5.7505533870843485e-15, "none": 7.147154018157764e-10}, "20": {"type-based": 6.505901371731449e-25, "geo-based": 0.9999999998770486, "mixed": 8.19962181463194e-15, "none": 1.2294327697983922e-10}, "21": {"type-based": 1.6549873445994432e-25, "geo-based": 0.9999999999813838, "mixed": 1.308664276832899e-14, "none": 1.8603024583555123e-11}, "22": {"type-based": 5.1786492737032324e-23, "geo-based": 0.9999999953544194, "mixed": 1.5339467673320092e-14, "none": 4.645565169077193e-09}, "23": {"type-based": 2.241828786563434e-23, "geo-based": 0.9999999987945234, "mixed": 2.4261184488803294e-14, "none": 1.2054523547988994e-09}, "24": {"type-based": 1.0101518469360875e-23, "geo-based": 0.9999999997053195, "mixed": 4.191296753161859e-14, "none": 2.9463847665783276e-10}, "25": {"type-based": 1.6515209880512362e-22, "geo-based": 0.9999999962466286, "mixed": 4.9823091990344394e-14, "none": 3.7533216823621715e-09}, "26": {"type-based": 8.352441563558142e-22, "geo-based": 0.9999999856197679, "mixed": 6.157105078029791e-14, "none": 1.4380170597301672e-08}, "27": {"type-based": 8.135130077446456e-23, "geo-based": 0.99999999766559, "mixed": 3.4842321266526475e-14, "none": 2.3343750373271844e-09}, "28": {"type-based": 2.4064309346024016e-23, "geo-based": 0.9999999994779807, "mixed": 4.3566884052356613e-14, "none": 5.219758431214796e-10}, "29": {"type-based": 4.778259452183507e-24, "geo-based": 0.9999999999231479, "mixed": 5.5886919509904185e-14, "none": 7.679609173824291e-11}, "30": {"type-based": 4.143007646857273e-24, "geo-based": 0.999999999951404, "mixed": 7.32871637758364e-14, "none": 4.852277397852489e-11}, "31": {"type-based": 1.1611152368208554e-19, "geo-based": 0.9999990228847655, "mixed": 9.780927692347841e-14, "none": 9.77115136840279e-07}, "32": {"type-based": 3.558091368489994e-20, "geo-based": 0.9999997874399452, "mixed": 1.326330215008755e-13, "none": 2.125599221730409e-07}, "33": {"type-based": 3.561727279101444e-21, "geo-based": 0.9999999581472703, "mixed": 6.508916964209661e-14, "none": 4.185266476707348e-08}, "34": {"type-based": 5.950680034125709e-21, "geo-based": 0.9999999501970942, "mixed": 8.827762818908399e-14, "none": 4.980281730236245e-08}, "35": {"type-based": 2.3125802844525057e-20, "geo-based": 0.9999998635153646, "mixed": 1.2161454826275267e-13, "none": 1.364845138254495e-07}, "36": {"type-based": 6.147261819826025e-20, "geo-based": 0.999999746401183, "mixed": 1.7014422916444704e-13, "none": 2.5359864688557613e-07}, "37": {"type-based": 3.125798895052253e-20, "geo-based": 0.9999999105651374, "mixed": 2.4133076912551075e-13, "none": 8.943462123706073e-08}}