{"0": {"type-based": 0.24000000000000005, "geo-based": 0.16, "mixed": 0.12000000000000002, "none": 0.4800000000000001}, "1": {"type-based": 0.23999999999999996, "geo-based": 0.1600000000000001, "mixed": 0.11999999999999997, "none": 0.48}, "2": {"type-based": 0.2399999999999999, "geo-based": 0.1600000000000003, "mixed": 0.11999999999999994, "none": 0.47999999999999987}, "3": {"type-based": 0.34079296974262174, "geo-based": 0.11089142837708932, "mixed": 0.1350186577477717, "none": 0.4132969441325174}, "4": {"type-based": 0.4853664285162243, "geo-based": 0.05293855092504722, "mixed": 0.10476902951073387, "none": 0.3569259910479947}, "5": {"type-based": 0.4816189415312497, "geo-based": 0.07265923479965293, "mixed": 0.23096522227451993, "none": 0.21475660139457758}, "6": {"type-based": 0.5368543470626364, "geo-based": 0.052176053230910985, "mixed": 0.2658144153883834, "none": 0.1451551843180693}, "7": {"type-based": 0.7511084485880681, "geo-based": 0.013683195353705253, "mixed": 0.11206502457104317, "none": 0.1231433314871834}, "8": {"type-based": 0.00012728424770701944, "geo-based": 0.11408588430333198, "mixed": 2.1539361977350354e-05, "none": 0.8857652920869837}, "9": {"type-based": 0.0001925448823708024, "geo-based": 0.18267027834028532, "mixed": 5.5717538233957805e-05, "none": 0.8170814592391099}, "10": {"type-based": 3.160615651595503e-09, "geo-based": 0.3461428357009981, "mixed": 2.138834295977101e-09, "none": 0.6538571589995521}, "11": {"type-based": 7.829909581405151e-10, "geo-based": 0.18309612397821312, "mixed": 2.2166028035028632e-10, "none": 0.8169038750171356}, "12": {"type-based": 1.412642367205212e-10, "geo-based": 0.23187425856226798, "mixed": 5.351217271374715e-11, "none": 0.7681257412429555}, "13": {"type-based": 5.2981820873333e-11, "geo-based": 0.24576415042109548, "mixed": 2.155764020573079e-11, "none": 0.7542358495043652}}