{"0": {"type-based": 0.24000000000000005, "geo-based": 0.16, "mixed": 0.12000000000000002, "none": 0.4800000000000001}, "1": {"type-based": 0.23999999999999996, "geo-based": 0.1600000000000001, "mixed": 0.11999999999999997, "none": 0.48}, "2": {"type-based": 0.2399999999999999, "geo-based": 0.1600000000000003, "mixed": 0.11999999999999994, "none": 0.47999999999999987}, "3": {"type-based": 1.8971900645705274e-05, "geo-based": 0.5397608453074088, "mixed": 3.342373961556851e-05, "none": 0.46018675905233003}, "4": {"type-based": 5.1827518844082454e-05, "geo-based": 0.1316462134251364, "mixed": 1.1709160271412243e-05, "none": 0.8682902498957482}, "5": {"type-based": 8.269642594326798e-05, "geo-based": 0.08193761193286576, "mixed": 1.0936819889941214e-05, "none": 0.9179687548213009}, "6": {"type-based": 0.0001243798769093183, "geo-based": 0.10445605221060952, "mixed": 2.1314923265082557e-05, "none": 0.895398252989216}, "7": {"type-based": 4.184171538340876e-05, "geo-based": 0.03601285060775097, "mixed": 2.275365214540214e-06, "none": 0.963943032311651}, "8": {"type-based": 1.2481105281730505e-09, "geo-based": 0.031244484539245578, "mixed": 5.822422202363176e-11, "none": 0.9687555141544197}, "9": {"type-based": 3.6620765745609033e-10, "geo-based": 0.003693741235599979, "mixed": 1.9511234105291624e-12, "none": 0.9963062583962413}, "10": {"type-based": 2.0123271283174854e-10, "geo-based": 0.003147166579433101, "mixed": 9.067798037689535e-13, "none": 0.9968528332184275}, "11": {"type-based": 2.65672846639871e-10, "geo-based": 0.005553138341425059, "mixed": 2.1041751075922963e-12, "none": 0.9944468613907979}}