{"0": {"type-based": 0.24000000000000005, "geo-based": 0.16, "mixed": 0.12000000000000002, "none": 0.4800000000000001}, "1": {"type-based": 0.23999999999999996, "geo-based": 0.1600000000000001, "mixed": 0.11999999999999997, "none": 0.48}, "2": {"type-based": 0.2399999999999999, "geo-based": 0.1600000000000003, "mixed": 0.11999999999999994, "none": 0.47999999999999987}, "3": {"type-based": 0.46038806091491025, "geo-based": 0.010684496589459122, "mixed": 0.5222744243437178, "none": 0.006653018151912752}, "4": {"type-based": 0.2484377967124863, "geo-based": 0.00027563675335260036, "mixed": 0.7512606855167568, "none": 2.5881017404382208e-05}, "5": {"type-based": 0.15830804478121357, "geo-based": 6.31073225690838e-06, "mixed": 0.8416855257356072, "none": 1.1875092229203152e-07}, "6": {"type-based": 0.054533239121258056, "geo-based": 1.5816902546112056e-07, "mixed": 0.9454666024153652, "none": 2.9435142191569394e-10}, "7": {"type-based": 0.17141730343985676, "geo-based": 3.4180256253266605e-09, "mixed": 0.828582693135463, "none": 6.654731871769868e-12}, "8": {"type-based": 0.17219147078085348, "geo-based": 8.255157095779017e-11, "mixed": 0.8278085291365469, "none": 4.806354964451726e-14}, "9": {"type-based": 0.09016691337492139, "geo-based": 2.268042066580316e-12, "mixed": 0.9098330866228104, "none": 1.8091418248908108e-16}, "10": {"type-based": 0.07940373835678137, "geo-based": 6.056540886842636e-14, "mixed": 0.9205962616431581, "none": 1.14499673559754e-18}, "11": {"type-based": 0.033471713996339816, "geo-based": 1.7265971293744112e-15, "mixed": 0.9665282860036585, "none": 3.468266597239201e-21}, "12": {"type-based": 0.013006000796043665, "geo-based": 5.005601527421224e-17, "mixed": 0.9869939992039561, "none": 9.682666368617217e-24}, "13": {"type-based": 0.010246054959295356, "geo-based": 1.4824058834611922e-18, "mixed": 0.9897539450407047, "none": 5.479981312875008e-26}, "14": {"type-based": 0.006996813488677622, "geo-based": 4.555645110831685e-20, "mixed": 0.9930031865113225, "none": 2.68816191610333e-28}, "15": {"type-based": 0.051682144214933, "geo-based": 1.3785434890403262e-21, "mixed": 0.9483178557850671, "none": 1.42624915402947e-29}, "16": {"type-based": 0.1331778288659544, "geo-based": 3.693430798870219e-23, "mixed": 0.8668221711340456, "none": 2.639720655275253e-31}}