{"0": {"type-based": 0.24000000000000005, "geo-based": 0.16, "mixed": 0.12000000000000002, "none": 0.4800000000000001}, "1": {"type-based": 0.23999999999999996, "geo-based": 0.1600000000000001, "mixed": 0.11999999999999997, "none": 0.48}, "2": {"type-based": 0.2399999999999999, "geo-based": 0.1600000000000003, "mixed": 0.11999999999999994, "none": 0.47999999999999987}, "3": {"type-based": 0.24261124533419925, "geo-based": 0.19535365997109477, "mixed": 0.1859829650032429, "none": 0.376052129691463}, "4": {"type-based": 1.7578000303876644e-05, "geo-based": 0.6235490982709493, "mixed": 4.2062176171955264e-05, "none": 0.3763912615525749}, "5": {"type-based": 3.871042915464185e-06, "geo-based": 0.8741625460580071, "mixed": 3.829426769612288e-05, "none": 0.12579528863138145}, "6": {"type-based": 3.090867377862294e-06, "geo-based": 0.9168810066641909, "mixed": 4.8046164510674784e-05, "none": 0.08306785630392068}, "7": {"type-based": 2.7728794817083147e-10, "geo-based": 0.8315448996120433, "mixed": 1.8960735679260225e-09, "none": 0.16845509821459514}, "8": {"type-based": 3.37229300760071e-14, "geo-based": 0.5319601385324652, "mixed": 5.231576129142549e-14, "none": 0.4680398614674488}, "9": {"type-based": 3.456558695078106e-14, "geo-based": 0.6335353429385294, "mixed": 8.069236124586976e-14, "none": 0.3664646570613552}, "10": {"type-based": 4.466896814507971e-14, "geo-based": 0.3137918189917282, "mixed": 2.721882479774967e-14, "none": 0.6862081810081999}, "11": {"type-based": 3.5516114969729036e-14, "geo-based": 0.4481533086774251, "mixed": 3.7879207829970576e-14, "none": 0.5518466913225015}, "12": {"type-based": 5.220422346683045e-14, "geo-based": 0.35702494452017947, "mixed": 3.753299681497985e-14, "none": 0.6429750554797308}}