{"0": {"type-based": 0.24000000000000005, "geo-based": 0.16, "mixed": 0.12000000000000002, "none": 0.4800000000000001}, "1": {"type-based": 0.23999999999999996, "geo-based": 0.1600000000000001, "mixed": 0.11999999999999997, "none": 0.48}, "2": {"type-based": 0.2399999999999999, "geo-based": 0.1600000000000003, "mixed": 0.11999999999999994, "none": 0.47999999999999987}, "3": {"type-based": 0.4674211946466587, "geo-based": 0.0745214152604661, "mixed": 0.30037468481113244, "none": 0.15768270528174283}, "4": {"type-based": 0.47767413373265255, "geo-based": 0.02226590666635245, "mixed": 0.4728819669657697, "none": 0.02717799263522536}, "5": {"type-based": 0.29540181435522894, "geo-based": 0.006344679038775768, "mixed": 0.6954189119628126, "none": 0.0028345946431826644}, "6": {"type-based": 0.11559666444261024, "geo-based": 0.0015978132077518318, "mixed": 0.8826184521739568, "none": 0.00018707017568113079}, "7": {"type-based": 0.03945255028777693, "geo-based": 0.00034719284826530285, "mixed": 0.960189489518547, "none": 1.0767345410807292e-05}, "8": {"type-based": 0.007571819951860547, "geo-based": 7.162977787820457e-05, "mixed": 0.9923562017700418, "none": 3.485002194757204e-07}, "9": {"type-based": 0.0012636944531358816, "geo-based": 1.4613275661938143e-05, "mixed": 0.9987216824625295, "none": 9.808672811322402e-09}, "10": {"type-based": 0.00026663991552707206, "geo-based": 3.017624797497933e-06, "mixed": 0.999730342110651, "none": 3.49024368200328e-10}, "11": {"type-based": 5.031964925934925e-05, "geo-based": 6.333616176453303e-07, "mixed": 0.999949046978015, "none": 1.1107804584892105e-11}, "12": {"type-based": 5.132860926442778e-06, "geo-based": 1.3522860503597256e-07, "mixed": 0.9999947319102773, "none": 1.9107691260055623e-13}, "13": {"type-based": 7.23629244746199e-07, "geo-based": 2.925010511563137e-08, "mixed": 0.9999992471206458, "none": 4.542775750255573e-15}, "14": {"type-based": 7.701149227296379e-08, "geo-based": 6.441585020793577e-09, "mixed": 0.9999999165469228, "none": 8.152969653472176e-17}, "15": {"type-based": 5.2888954165941985e-09, "geo-based": 1.446224479982475e-09, "mixed": 0.99999999326488, "none": 9.44233029383453e-19}, "16": {"type-based": 1.1789835422966151e-09, "geo-based": 4.959614948800621e-05, "mixed": 0.999950402671523, "none": 5.3243795669067455e-15}}