{"0": {"type-based": 0.24000000000000005, "geo-based": 0.16, "mixed": 0.12000000000000002, "none": 0.4800000000000001}, "1": {"type-based": 0.23999999999999996, "geo-based": 0.1600000000000001, "mixed": 0.11999999999999997, "none": 0.48}, "2": {"type-based": 0.2399999999999999, "geo-based": 0.1600000000000003, "mixed": 0.11999999999999994, "none": 0.47999999999999987}, "3": {"type-based": 0.2645234505582081, "geo-based": 0.18726932719046469, "mixed": 0.22740619795301595, "none": 0.32080102429831125}, "4": {"type-based": 0.3497884198834439, "geo-based": 0.13419069370531528, "mixed": 0.2587954767229872, "none": 0.2572254096882537}, "5": {"type-based": 0.3293832803424049, "geo-based": 0.12817489481442562, "mixed": 0.395567963076787, "none": 0.14687386176638256}, "6": {"type-based": 0.21144268377801642, "geo-based": 0.12218479428828478, "mixed": 0.6092024498192892, "none": 0.05717007211440963}, "7": {"type-based": 0.0984928588065634, "geo-based": 0.09893560280855024, "mixed": 0.7864237520246921, "none": 0.01614778636019414}, "8": {"type-based": 9.875437151146123e-06, "geo-based": 0.9310985086858704, "mixed": 0.0001688977853726982, "none": 0.0687227180916056}, "9": {"type-based": 8.483697177084449e-07, "geo-based": 0.9739079773482789, "mixed": 3.9151304981673954e-05, "none": 0.02605202297702183}, "10": {"type-based": 2.3568674025675485e-07, "geo-based": 0.9834029629978205, "mixed": 1.694048038134607e-05, "none": 0.01657986083505784}, "11": {"type-based": 1.7892003310820462e-07, "geo-based": 0.980059372731947, "mixed": 1.0468114398074918e-05, "none": 0.01992998023362191}, "12": {"type-based": 2.623551342608382e-12, "geo-based": 0.9856244481147121, "mixed": 2.1107288677391057e-10, "none": 0.014375551671591543}, "13": {"type-based": 3.224141637415056e-13, "geo-based": 0.9912978660661514, "mixed": 4.2530548871536706e-11, "none": 0.008702133890995648}, "14": {"type-based": 9.364441522695774e-14, "geo-based": 0.9937656081702827, "mixed": 1.70446875902832e-11, "none": 0.006234391812579044}, "15": {"type-based": 4.022613644746064e-14, "geo-based": 0.995589698250819, "mixed": 1.0239589412659143e-11, "none": 0.0044103017389013}, "16": {"type-based": 1.653857433309146e-14, "geo-based": 0.9977571459262731, "mixed": 8.225304786469593e-12, "none": 0.0022428540654849246}, "17": {"type-based": 1.1465979402576082e-14, "geo-based": 0.9984590851856215, "mixed": 8.26239493903126e-12, "none": 0.0015409148061044072}, "18": {"type-based": 6.085943714526489e-14, "geo-based": 0.9932359218386063, "mixed": 9.9203833708457e-12, "none": 0.006764078151412405}}