{"0": {"type-based": 0.24000000000000005, "geo-based": 0.16, "mixed": 0.12000000000000002, "none": 0.4800000000000001}, "1": {"type-based": 0.23999999999999996, "geo-based": 0.1600000000000001, "mixed": 0.11999999999999997, "none": 0.48}, "2": {"type-based": 0.2399999999999999, "geo-based": 0.1600000000000003, "mixed": 0.11999999999999994, "none": 0.47999999999999987}, "3": {"type-based": 2.8082575760372176e-05, "geo-based": 0.3187753741452707, "mixed": 1.916593840916323e-05, "none": 0.6811773773405598}, "4": {"type-based": 2.7450686535374987e-05, "geo-based": 0.10172509860345427, "mixed": 4.397589537435615e-06, "none": 0.8982430531204729}, "5": {"type-based": 3.227011233198932e-05, "geo-based": 0.21569606782818593, "mixed": 1.2190540339824312e-05, "none": 0.7842594715191422}, "6": {"type-based": 5.0129568500089215e-05, "geo-based": 0.15046887039155232, "mixed": 1.1837420419415978e-05, "none": 0.8494691626195281}, "7": {"type-based": 1.9384589329953487e-09, "geo-based": 0.11369139775645765, "mixed": 3.2716974379156044e-10, "none": 0.8863085999779138}, "8": {"type-based": 6.080454887115276e-14, "geo-based": 0.24787054132287895, "mixed": 2.6346437308130193e-14, "none": 0.7521294586770338}, "9": {"type-based": 1.7807103350019798e-18, "geo-based": 0.39754552034582585, "mixed": 1.55886837504548e-18, "none": 0.6024544796541741}, "10": {"type-based": 1.0591489106530185e-18, "geo-based": 0.7528275942559477, "mixed": 4.31495215921442e-18, "none": 0.24717240574405233}}