{"0": {"type-based": 0.24000000000000005, "geo-based": 0.16, "mixed": 0.12000000000000002, "none": 0.4800000000000001}, "1": {"type-based": 0.23999999999999996, "geo-based": 0.1600000000000001, "mixed": 0.11999999999999997, "none": 0.48}, "2": {"type-based": 0.2399999999999999, "geo-based": 0.1600000000000003, "mixed": 0.11999999999999994, "none": 0.47999999999999987}, "3": {"type-based": 0.3544846181825382, "geo-based": 0.09734787149980768, "mixed": 0.118266008689048, "none": 0.42990150162860624}, "4": {"type-based": 3.394488454434753e-05, "geo-based": 0.2510589039507649, "mixed": 1.6331433351790955e-05, "none": 0.748890819731339}, "5": {"type-based": 3.110033758024942e-05, "geo-based": 0.54529937279444, "mixed": 5.225963373766453e-05, "none": 0.4546172672342421}, "6": {"type-based": 2.0181455293938007e-05, "geo-based": 0.8085452529599378, "mixed": 0.00011549383631680223, "none": 0.19131907174845145}, "7": {"type-based": 8.399803044748502e-06, "geo-based": 0.9488188713864626, "mixed": 0.00020263974304923302, "none": 0.05097008906744339}, "8": {"type-based": 5.057460310099912e-06, "geo-based": 0.980211095536875, "mixed": 0.0003128653755186563, "none": 0.019470981627296078}, "9": {"type-based": 2.362426093814075e-11, "geo-based": 0.9959860675835085, "mixed": 6.799822175167756e-09, "none": 0.0040139255930452125}, "10": {"type-based": 9.725614387919138e-13, "geo-based": 0.9992658970505095, "mixed": 1.4444448353913178e-09, "none": 0.0007341015040733395}, "11": {"type-based": 2.311051556195115e-13, "geo-based": 0.999888539656553, "mixed": 2.1222266559961034e-09, "none": 0.00011145822098916705}, "12": {"type-based": 5.035031712812091e-14, "geo-based": 0.9999845802164473, "mixed": 3.1205647602995125e-09, "none": 1.5416662937377526e-05}, "13": {"type-based": 1.0368639020825705e-14, "geo-based": 0.9999979899086636, "mixed": 4.590628031066336e-09, "none": 2.005500697982624e-06}, "14": {"type-based": 7.59303712118957e-14, "geo-based": 0.9999907530081409, "mixed": 6.7491181694770455e-09, "none": 9.24024266490629e-06}}