{"0": {"type-based": 0.24000000000000005, "geo-based": 0.16, "mixed": 0.12000000000000002, "none": 0.4800000000000001}, "1": {"type-based": 0.23999999999999996, "geo-based": 0.1600000000000001, "mixed": 0.11999999999999997, "none": 0.48}, "2": {"type-based": 0.2399999999999999, "geo-based": 0.1600000000000003, "mixed": 0.11999999999999994, "none": 0.47999999999999987}, "3": {"type-based": 0.00018668624409432262, "geo-based": 0.275934096335771, "mixed": 0.00010860999957921208, "none": 0.7237706074205554}, "4": {"type-based": 0.0007084688391722884, "geo-based": 0.38461382937701105, "mixed": 0.0006478813678429989, "none": 0.6140298204159736}, "5": {"type-based": 0.002008732927724203, "geo-based": 0.5614278733388586, "mixed": 0.0036444220184655932, "none": 0.4329189717149515}, "6": {"type-based": 0.007720701697974629, "geo-based": 0.7312642919156007, "mixed": 0.029388606536283102, "none": 0.2316263998501415}, "7": {"type-based": 9.935420886176002e-07, "geo-based": 0.9081405870330369, "mixed": 9.147879550601552e-06, "none": 0.09184927154532403}, "8": {"type-based": 1.164424199856057e-06, "geo-based": 0.9671568268557673, "mixed": 2.870099335015658e-05, "none": 0.032813307726682374}, "9": {"type-based": 3.434925334572503e-07, "geo-based": 0.9908341927187667, "mixed": 2.662500606379323e-05, "none": 0.0091388387826361}, "10": {"type-based": 1.1925355396486824e-07, "geo-based": 0.9975090096983812, "mixed": 3.112962692484613e-05, "none": 0.002459741421139911}, "11": {"type-based": 4.913541371891972e-08, "geo-based": 0.9994000355635281, "mixed": 5.342747788958055e-05, "none": 0.0005464878231687454}, "12": {"type-based": 2.3551159883174485e-08, "geo-based": 0.9997754494160805, "mixed": 0.0001099749668105178, "none": 0.00011455206594919402}, "13": {"type-based": 7.527816738190278e-09, "geo-based": 0.9998426202353435, "mixed": 0.00013032194573949402, "none": 2.70502911000986e-05}, "14": {"type-based": 2.4196256576600404e-09, "geo-based": 0.9998279619879813, "mixed": 0.00016590004336717958, "none": 6.135549026039098e-06}, "15": {"type-based": 1.589687259818097e-10, "geo-based": 0.999954335212291, "mixed": 4.4282479213341285e-05, "none": 1.3821495270568864e-06}, "16": {"type-based": 4.482439720514161e-11, "geo-based": 0.9999431591816601, "mixed": 5.65603534100454e-05, "none": 2.804201053011103e-07}, "17": {"type-based": 1.2212857789583008e-11, "geo-based": 0.9999247284635416, "mixed": 7.52179906604878e-05, "none": 5.353358496235273e-08}, "18": {"type-based": 3.234079901289146e-12, "geo-based": 0.9998968499651629, "mixed": 0.00010314028974994397, "none": 9.74185283290637e-09}, "19": {"type-based": 8.367567848954668e-13, "geo-based": 0.9998550934557374, "mixed": 0.00014490483680050303, "none": 1.7066253758031377e-09}, "20": {"type-based": 2.116228548641022e-13, "geo-based": 0.9997923509663832, "mixed": 0.00020764874455070137, "none": 2.8885438022057046e-10}, "21": {"type-based": 6.186263059746514e-14, "geo-based": 0.9996975147477393, "mixed": 0.00030248519622012355, "none": 5.597866894745838e-11}, "22": {"type-based": 1.5975369903769022e-14, "geo-based": 0.9995534122584914, "mixed": 0.0004465877319835982, "none": 9.509104518452486e-12}, "23": {"type-based": 3.7304803113661665e-20, "geo-based": 0.9999999944296716, "mixed": 5.568587165679513e-09, "none": 1.7413783857689229e-12}, "24": {"type-based": 9.282594159351331e-21, "geo-based": 0.9999999916689314, "mixed": 8.33078467639265e-09, "none": 2.8404335924422175e-13}, "25": {"type-based": 1.6177747753410262e-13, "geo-based": 0.9999790278744094, "mixed": 1.936816283804092e-09, "none": 2.0970188612413906e-05}, "26": {"type-based": 1.8960893861637945e-13, "geo-based": 0.9999836599955897, "mixed": 2.866942733154286e-09, "none": 1.6337137278028737e-05}, "27": {"type-based": 8.201535271684965e-13, "geo-based": 0.9999533176159896, "mixed": 4.271829297209156e-09, "none": 4.667811136090281e-05}, "28": {"type-based": 4.742689726111996e-12, "geo-based": 0.9998226717742376, "mixed": 6.407528685292493e-09, "none": 0.00017732181349095814}, "29": {"type-based": 4.446553144823599e-11, "geo-based": 0.9989131003534206, "mixed": 9.66166264942272e-09, "none": 0.0010868899404513105}, "30": {"type-based": 2.2673794966758757e-10, "geo-based": 0.9963920873592658, "mixed": 1.456072141999913e-08, "none": 0.00360789785327487}, "31": {"type-based": 1.1979587783739133e-09, "geo-based": 0.9876381476803957, "mixed": 2.182809615018394e-08, "none": 0.012361829293549415}, "32": {"type-based": 4.237348547105059e-09, "geo-based": 0.971740892925228, "mixed": 3.251985237774838e-08, "none": 0.028259070317570963}, "33": {"type-based": 1.3631338976949647e-14, "geo-based": 0.9882857746785089, "mixed": 2.507122383099676e-13, "none": 0.011714225321226908}, "34": {"type-based": 7.2364864179514e-15, "geo-based": 0.9959509513094458, "mixed": 3.7914136863862846e-13, "none": 0.004049048690167835}, "35": {"type-based": 3.903820350755235e-15, "geo-based": 0.9985824394114595, "mixed": 5.726956665125345e-13, "none": 0.0014175605879637864}, "36": {"type-based": 2.0481093521531684e-15, "geo-based": 0.9995187915653142, "mixed": 8.669855362935679e-13, "none": 0.0004812084338169067}}