{"0": {"type-based": -0.6931471805599453, "geo-based": -1.0986122886681098, "mixed": -1.3862943611198906, "none": -0.0}, "1": {"type-based": -8.269244521183056, "geo-based": -8.67470962929122, "mixed": -8.962391701743002, "none": -7.576097340623111}, "2": {"type-based": -15.845341861806167, "geo-based": -16.25080696991433, "mixed": -16.538489042366113, "none": -15.152194681246222}, "3": {"type-based": -22.921183183482732, "geo-based": -22.855971707550857, "mixed": -22.61528785012963, "none": -22.728292021869333}, "4": {"type-based": -29.997013686404266, "geo-based": -29.04092913497363, "mixed": -28.25848620395351, "none": -30.304389362492444}, "5": {"type-based": -47.66949851255271, "geo-based": -35.00571844945828, "mixed": -44.266591297897534, "none": -37.88048670311555}, "6": {"type-based": -56.198756437717165, "geo-based": -40.928186463765655, "mixed": -51.09823696691059, "none": -45.45658404373866}, "7": {"type-based": -74.00143366960178, "geo-based": -46.465351559496135, "mixed": -66.82814493661272, "none": -53.032681384361766}, "8": {"type-based": -82.64184037592523, "geo-based": -52.22928207278958, "mixed": -73.62051078365911, "none": -60.60877872498487}, "9": {"type-based": -100.53864320097131, "geo-based": -58.58729560964362, "mixed": -90.26506543988386, "none": -68.18487606560798}, "10": {"type-based": -109.23475167780151, "geo-based": -64.74692705664204, "mixed": -97.51346965610509, "none": -75.76097340623109}, "11": {"type-based": -117.24741492026013, "geo-based": -70.79092995427543, "mixed": -103.97262891631318, "none": -83.3370707468542}, "12": {"type-based": -124.86418940026175, "geo-based": -76.71155918170378, "mixed": -109.9270898823481, "none": -90.9131680874773}, "13": {"type-based": -132.20275929779123, "geo-based": -82.66447496821885, "mixed": -115.65329259555452, "none": -98.48926542810041}, "14": {"type-based": -139.32757097628678, "geo-based": -88.5538421129898, "mixed": -121.12272382623024, "none": -106.06536276872352}, "15": {"type-based": -147.37793654654706, "geo-based": -94.40050856484878, "mixed": -127.49723500574756, "none": -113.64146010934662}, "16": {"type-based": -155.06440141125668, "geo-based": -101.04494718108734, "mixed": -134.30789436035462, "none": -121.21755744996973}, "17": {"type-based": -162.50308269834542, "geo-based": -109.40447604619881, "mixed": -142.58201722208682, "none": -128.79365479059285}, "18": {"type-based": -169.8789692797744, "geo-based": -116.5339557138269, "mixed": -149.5451388189494, "none": -136.36975213121596}, "19": {"type-based": -177.21068886328766, "geo-based": -122.88671278066204, "mixed": -155.67619308344757, "none": -143.94584947183907}, "20": {"type-based": -184.39456643927346, "geo-based": -128.7026487828952, "mixed": -161.13733714464314, "none": -151.52194681246218}, "21": {"type-based": -191.45118117949414, "geo-based": -134.3903472166937, "mixed": -166.3575315375665, "none": -159.09804415308528}, "22": {"type-based": -198.8017015687613, "geo-based": -147.4867886988396, "mixed": -179.29513599563734, "none": -166.6741414937084}, "23": {"type-based": -205.86599307557157, "geo-based": -153.71382789326228, "mixed": -185.0637265598783, "none": -174.2502388343315}, "24": {"type-based": -212.83042063677763, "geo-based": -159.88106416126305, "mixed": -190.68424528920426, "none": -181.8263361749546}, "25": {"type-based": -220.1569842801267, "geo-based": -170.0018089122569, "mixed": -200.6321067322715, "none": -189.4024335155777}, "26": {"type-based": -227.45543338191516, "geo-based": -178.9211152493691, "mixed": -209.33969982468878, "none": -196.97853085620082}, "27": {"type-based": -235.54237197367462, "geo-based": -184.6791065675412, "mixed": -215.66705018387367, "none": -204.55462819682393}, "28": {"type-based": -242.83863815982022, "geo-based": -190.75732573130725, "mixed": -221.5218048040212, "none": -212.13072553744703}, "29": {"type-based": -250.1149213951834, "geo-based": -196.41695551225223, "mixed": -226.93240155234074, "none": -219.70682287807014}, "30": {"type-based": -257.3745525800978, "geo-based": -203.53393235711238, "mixed": -233.77832327743695, "none": -227.28292021869325}, "31": {"type-based": -264.62009202737386, "geo-based": -221.02035719191383, "mixed": -250.9761131810983, "none": -234.85901755931636}, "32": {"type-based": -271.8535505895374, "geo-based": -227.0710732108635, "mixed": -256.7222633155387, "none": -242.43511489993946}, "33": {"type-based": -280.1061432076868, "geo-based": -233.02210191462035, "mixed": -263.3851200972487, "none": -250.01121224056257}, "34": {"type-based": -287.34289674740484, "geo-based": -240.77211534880925, "mixed": -270.83040497980056, "none": -257.5873095811857}, "35": {"type-based": -294.5696901937011, "geo-based": -249.3563523777077, "mixed": -279.0942720334393, "none": -265.1634069218088}, "36": {"type-based": -301.7876864221662, "geo-based": -257.5519915660085, "mixed": -286.95412122311404, "none": -272.7395042624319}, "37": {"type-based": -308.99785559842877, "geo-based": -264.08584372491583, "mixed": -293.138451551901, "none": -280.31560160305503}}