{"0": {"type-based": -0.6931471805599453, "geo-based": -1.0986122886681098, "mixed": -1.3862943611198906, "none": -0.0}, "1": {"type-based": -8.269244521183056, "geo-based": -8.67470962929122, "mixed": -8.962391701743002, "none": -7.576097340623111}, "2": {"type-based": -15.845341861806167, "geo-based": -16.25080696991433, "mixed": -16.538489042366113, "none": -15.152194681246222}, "3": {"type-based": -32.8247207347689, "geo-based": -22.56879826449939, "mixed": -32.25841329143894, "none": -22.728292021869333}, "4": {"type-based": -40.0307494295027, "geo-based": -32.19079728744655, "mixed": -41.51829922486504, "none": -30.304389362492444}, "5": {"type-based": -47.19522895203178, "geo-based": -40.296691929415275, "mixed": -49.21827026773727, "none": -37.88048670311555}, "6": {"type-based": -54.33826751138918, "geo-based": -47.605086208509135, "mixed": -56.10220046726275, "none": -45.45658404373866}, "7": {"type-based": -63.077575043532185, "geo-based": -56.31983774602674, "mixed": -65.9893282877133, "none": -53.032681384361766}, "8": {"type-based": -81.07867072536399, "geo-based": -64.04294813180536, "mixed": -84.14375538048392, "none": -60.60877872498487}, "9": {"type-based": -89.90899605861736, "geo-based": -73.78229093487272, "mixed": -95.14379128657093, "none": -68.18487606560798}, "10": {"type-based": -98.0843803789971, "geo-based": -81.5190740062339, "mixed": -103.48669802520989, "none": -75.76097340623109}, "11": {"type-based": -105.38025759619512, "geo-based": -88.52489417636717, "mixed": -110.21859973072485, "none": -83.3370707468542}}