{"0": {"type-based": -0.6931471805599453, "geo-based": -1.0986122886681098, "mixed": -1.3862943611198906, "none": -0.0}, "1": {"type-based": -8.269244521183056, "geo-based": -8.67470962929122, "mixed": -8.962391701743002, "none": -7.576097340623111}, "2": {"type-based": -15.845341861806167, "geo-based": -16.25080696991433, "mixed": -16.538489042366113, "none": -15.152194681246222}, "3": {"type-based": -22.921183183482732, "geo-based": -22.773536704487352, "mixed": -22.604626388184755, "none": -22.728292021869333}, "4": {"type-based": -40.30599967982635, "geo-based": -29.08670821425626, "mixed": -38.78628069588416, "none": -30.304389362492444}, "5": {"type-based": -57.707025820514176, "geo-based": -35.05921165012675, "mixed": -54.65011536083382, "none": -37.88048670311555}, "6": {"type-based": -64.87021525170107, "geo-based": -40.80954844450883, "mixed": -60.04849002696587, "none": -45.45658404373866}, "7": {"type-based": -73.3984847795994, "geo-based": -46.18213050989293, "mixed": -66.45447358962042, "none": -53.032681384361766}, "8": {"type-based": -81.2849287103058, "geo-based": -51.47471297088075, "mixed": -72.1345472951287, "none": -60.60877872498487}, "9": {"type-based": -99.123680716151, "geo-based": -68.26185832749658, "mixed": -99.25826191101444, "none": -68.18487606560798}, "10": {"type-based": -117.01963890305056, "geo-based": -75.54896867760098, "mixed": -116.9059542483424, "none": -75.76097340623109}, "11": {"type-based": -134.92384394154462, "geo-based": -85.55727832716165, "mixed": -137.28470429801806, "none": -83.3370707468542}}