{"0": {"type-based": -0.6931471805599453, "geo-based": -1.0986122886681098, "mixed": -1.3862943611198906, "none": -0.0}, "1": {"type-based": -8.269244521183056, "geo-based": -8.67470962929122, "mixed": -8.962391701743002, "none": -7.576097340623111}, "2": {"type-based": -15.845341861806167, "geo-based": -16.25080696991433, "mixed": -16.538489042366113, "none": -15.152194681246222}, "3": {"type-based": -32.8247207347689, "geo-based": -25.136633874961426, "mixed": -34.831772286353925, "none": -22.728292021869333}, "4": {"type-based": -49.93428698078887, "geo-based": -32.21332453785438, "mixed": -51.445574950138386, "none": -30.304389362492444}, "5": {"type-based": -57.234438017311874, "geo-based": -39.54102279705733, "mixed": -58.50898799217187, "none": -37.88048670311555}, "6": {"type-based": -64.4652562588129, "geo-based": -47.34090207493417, "mixed": -65.97479152683721, "none": -45.45658404373866}, "7": {"type-based": -71.65951702899372, "geo-based": -54.08414033652137, "mixed": -72.341180421321, "none": -53.032681384361766}, "8": {"type-based": -80.44054173802498, "geo-based": -62.070933964692664, "mixed": -81.53763450614196, "none": -60.60877872498487}, "9": {"type-based": -89.26161277174013, "geo-based": -68.6773272349415, "mixed": -89.40036205803479, "none": -68.18487606560798}, "10": {"type-based": -96.52073635919575, "geo-based": -75.54353571021488, "mixed": -95.96151630913742, "none": -75.76097340623109}, "11": {"type-based": -103.75154772772002, "geo-based": -82.69533064151547, "mixed": -102.77975760437623, "none": -83.3370707468542}, "12": {"type-based": -110.96163366979188, "geo-based": -90.69437689321164, "mixed": -110.42404941405569, "none": -90.9131680874773}, "13": {"type-based": -118.15588862787038, "geo-based": -97.62027373073158, "mixed": -116.97605185661453, "none": -98.48926542810041}, "14": {"type-based": -125.33765491951962, "geo-based": -104.3600186061022, "mixed": -123.32828617843087, "none": -106.06536276872352}, "15": {"type-based": -132.50931672686488, "geo-based": -111.76262497352724, "mixed": -130.33540648430218, "none": -113.64146010934662}, "16": {"type-based": -139.67263458852005, "geo-based": -118.99870240615147, "mixed": -137.16524279725112, "none": -121.21755744996973}, "17": {"type-based": -146.8289455697307, "geo-based": -125.94565239017972, "mixed": -143.69682154853453, "none": -128.79365479059285}, "18": {"type-based": -155.8510489239222, "geo-based": -132.910743051093, "mixed": -152.1109511596457, "none": -136.36975213121596}, "19": {"type-based": -163.02105397057377, "geo-based": -139.84310687199826, "mixed": -158.64028672438647, "none": -143.94584947183907}, "20": {"type-based": -171.7250360815532, "geo-based": -146.77736579864444, "mixed": -166.7060097605988, "none": -151.52194681246218}, "21": {"type-based": -180.15937659241814, "geo-based": -153.2920267282616, "mixed": -174.08195662328262, "none": -159.09804415308528}, "22": {"type-based": -187.3586847239341, "geo-based": -159.6606831358657, "mixed": -180.07678690351054, "none": -166.6741414937084}, "23": {"type-based": -196.5650772654747, "geo-based": -166.06416208961244, "mixed": -188.11430698007868, "none": -174.2502388343315}, "24": {"type-based": -203.76987370929842, "geo-based": -172.50346143341804, "mixed": -194.1889373572723, "none": -181.8263361749546}}