{"0": {"type-based": -0.6931471805599453, "geo-based": -1.0986122886681098, "mixed": -1.3862943611198906, "none": -0.0}, "1": {"type-based": -8.269244521183056, "geo-based": -8.67470962929122, "mixed": -8.962391701743002, "none": -7.576097340623111}, "2": {"type-based": -15.845341861806167, "geo-based": -16.25080696991433, "mixed": -16.538489042366113, "none": -15.152194681246222}, "3": {"type-based": -22.925432578834098, "geo-based": -23.62053392468837, "mixed": -23.384476010252303, "none": -22.728292021869333}, "4": {"type-based": -30.696481952469163, "geo-based": -31.143553810907342, "mixed": -31.074696619536525, "none": -30.304389362492444}, "5": {"type-based": -37.776540563065254, "geo-based": -38.1148093067985, "mixed": -37.513654626394526, "none": -37.88048670311555}, "6": {"type-based": -45.260633086532295, "geo-based": -45.934478820175805, "mixed": -45.1981279838805, "none": -45.45658404373866}, "7": {"type-based": -52.340680994041904, "geo-based": -53.65615327936902, "mixed": -52.36863057224926, "none": -53.032681384361766}, "8": {"type-based": -59.134457020402884, "geo-based": -60.71528070687518, "mixed": -58.583159719806886, "none": -60.60877872498487}, "9": {"type-based": -65.7064943910944, "geo-based": -68.43588125347968, "mixed": -65.23334256868628, "none": -68.18487606560798}, "10": {"type-based": -72.09761147705248, "geo-based": -75.2371218244475, "mixed": -70.78053590633675, "none": -75.76097340623109}, "11": {"type-based": -78.33597625138204, "geo-based": -81.98412241598568, "mixed": -76.1196053717796, "none": -83.3370707468542}, "12": {"type-based": -84.4422054599966, "geo-based": -88.9095571299706, "mixed": -81.50214435222837, "none": -90.9131680874773}, "13": {"type-based": -90.43204512240045, "geo-based": -95.96980209841914, "mixed": -86.90235956376655, "none": -98.48926542810041}, "14": {"type-based": -96.31791554556878, "geo-based": -102.38341844271878, "mixed": -91.55354802325546, "none": -106.06536276872352}, "15": {"type-based": -102.1098649334609, "geo-based": -108.72254665728002, "mixed": -96.03590514208747, "none": -113.64146010934662}, "16": {"type-based": -107.81619001285213, "geo-based": -115.99970005518516, "mixed": -101.3708245331757, "none": -121.21755744996973}, "17": {"type-based": -113.44385741731227, "geo-based": -123.09375544634976, "mixed": -106.44247631131802, "none": -128.79365479059285}, "18": {"type-based": -118.99879987689589, "geo-based": -130.0518597232626, "mixed": -111.3043836080803, "none": -136.36975213121596}, "19": {"type-based": -124.48613051040388, "geo-based": -136.90299544400514, "mixed": -115.9909341882042, "none": -143.94584947183907}, "20": {"type-based": -129.91030170531837, "geo-based": -143.66634522693926, "mixed": -120.52596909004637, "none": -151.52194681246218}, "21": {"type-based": -135.2752254138383, "geo-based": -150.35533571864306, "mixed": -124.926979121855, "none": -159.09804415308528}, "22": {"type-based": -140.58436591020717, "geo-based": -156.9797859931382, "mixed": -129.2073637697035, "none": -166.6741414937084}, "23": {"type-based": -145.84081246490913, "geo-based": -163.54713497589734, "mixed": -133.37774198634062, "none": -174.2502388343315}, "24": {"type-based": -151.04733709307803, "geo-based": -170.06318451316176, "mixed": -137.44675993296278, "none": -181.8263361749546}, "25": {"type-based": -168.4613085941081, "geo-based": -176.47029746123013, "mixed": -153.61420786251165, "none": -189.4024335155777}, "26": {"type-based": -185.8880600125633, "geo-based": -182.6160509665701, "mixed": -169.53679861633174, "none": -196.97853085620082}, "27": {"type-based": -194.17377461760907, "geo-based": -188.8316211751516, "mixed": -176.39593246150366, "none": -204.55462819682393}, "28": {"type-based": -201.4258413258653, "geo-based": -196.91300680918772, "mixed": -184.09377763441742, "none": -212.13072553744703}, "29": {"type-based": -208.63667080189632, "geo-based": -207.87865376973332, "mixed": -194.62366832080178, "none": -219.70682287807014}, "30": {"type-based": -215.82191585569421, "geo-based": -216.9505560445144, "mixed": -203.23335103570906, "none": -227.28292021869325}, "31": {"type-based": -222.98973344384456, "geo-based": -226.12684913867272, "mixed": -211.93034306685897, "none": -234.85901755931636}, "32": {"type-based": -230.1449141573888, "geo-based": -233.17823819502922, "mixed": -218.4926188341811, "none": -242.43511489993946}, "33": {"type-based": -237.2905112617846, "geo-based": -239.89305308790972, "mixed": -224.70876886517362, "none": -250.01121224056257}, "34": {"type-based": -244.42859040288215, "geo-based": -246.76508812206654, "mixed": -231.07472003868037, "none": -257.5873095811857}, "35": {"type-based": -251.5606141969135, "geo-based": -253.05517228825914, "mixed": -236.85342041146436, "none": -265.1634069218088}, "36": {"type-based": -258.68765618687576, "geo-based": -259.9948726371024, "mixed": -243.27430268996736, "none": -272.7395042624319}, "37": {"type-based": -265.8105276236494, "geo-based": -266.3373011559588, "mixed": -249.09132609362578, "none": -280.31560160305503}, "38": {"type-based": -272.9298564893192, "geo-based": -273.1320592973445, "mixed": -255.35626528296353, "none": -287.89169894367814}, "39": {"type-based": -280.04613884108875, "geo-based": -279.99473993224836, "mixed": -261.6841850098926, "none": -295.46779628430124}, "40": {"type-based": -287.15977334969364, "geo-based": -286.89844188923786, "mixed": -268.04854372722707, "none": -303.04389362492435}, "41": {"type-based": -294.27108522818605, "geo-based": -293.7236013522551, "mixed": -274.3303090302963, "none": -310.61999096554746}, "42": {"type-based": -301.38034323599015, "geo-based": -300.4436800098153, "mixed": -280.5032979546662, "none": -318.19608830617057}, "43": {"type-based": -308.4877720315802, "geo-based": -307.19533461841877, "mixed": -286.7046004688043, "none": -325.7721856467937}}