{"0": {"type-based": -0.6931471805599453, "geo-based": -1.0986122886681098, "mixed": -1.3862943611198906, "none": -0.0}, "1": {"type-based": -8.269244521183056, "geo-based": -8.67470962929122, "mixed": -8.962391701743002, "none": -7.576097340623111}, "2": {"type-based": -15.845341861806167, "geo-based": -16.25080696991433, "mixed": -16.538489042366113, "none": -15.152194681246222}, "3": {"type-based": -21.64164607443199, "geo-based": -23.477790304111497, "mixed": -22.083846196612715, "none": -22.728292021869333}, "4": {"type-based": -27.437868142591686, "geo-based": -30.50374025446641, "mixed": -27.447951097955023, "none": -30.304389362492444}, "5": {"type-based": -33.23404913496092, "geo-based": -37.074769132086296, "mixed": -32.37787123205889, "none": -37.88048670311555}, "6": {"type-based": -39.030205480717335, "geo-based": -43.311676632994065, "mixed": -36.997419579009765, "none": -45.45658404373866}, "7": {"type-based": -44.826345394924154, "geo-based": -49.559318980926875, "mixed": -41.63431343630537, "none": -53.032681384361766}, "8": {"type-based": -50.62247357207749, "geo-based": -55.283151426314504, "mixed": -45.74682490979543, "none": -60.60877872498487}, "9": {"type-based": -56.41859294631362, "geo-based": -60.87845735421257, "mixed": -49.746156339003, "none": -68.18487606560798}, "10": {"type-based": -62.214705473761036, "geo-based": -66.69613455990948, "mixed": -53.98536372724461, "none": -75.76097340623109}, "11": {"type-based": -68.01081252373, "geo-based": -72.3859219099471, "mixed": -58.11374856225004, "none": -83.3370707468542}, "12": {"type-based": -73.80691509209436, "geo-based": -77.44336684333712, "mixed": -61.62707299143404, "none": -90.9131680874773}, "13": {"type-based": -79.60301392576666, "geo-based": -82.81140992672783, "mixed": -65.46402801002927, "none": -98.48926542810041}, "14": {"type-based": -85.39910959929956, "geo-based": -87.88028962924012, "mixed": -69.01979850682143, "none": -106.06536276872352}, "15": {"type-based": -91.1952025641304, "geo-based": -92.4918556285381, "mixed": -72.1375461520495, "none": -113.64146010934662}, "16": {"type-based": -108.90969042113394, "geo-based": -98.26267460514644, "mixed": -88.35112684516785, "none": -121.21755744996973}}