{"0": {"type-based": -0.6931471805599453, "geo-based": -1.0986122886681098, "mixed": -1.3862943611198906, "none": -0.0}, "1": {"type-based": -8.269244521183056, "geo-based": -8.67470962929122, "mixed": -8.962391701743002, "none": -7.576097340623111}, "2": {"type-based": -15.845341861806167, "geo-based": -16.25080696991433, "mixed": -16.538489042366113, "none": -15.152194681246222}, "3": {"type-based": -22.921183183482732, "geo-based": -22.919305274866304, "mixed": -22.7394104700447, "none": -22.728292021869333}, "4": {"type-based": -29.997013686404266, "geo-based": -28.968604023513286, "mixed": -28.337503082998246, "none": -30.304389362492444}, "5": {"type-based": -37.072838779769135, "geo-based": -34.622370432967436, "mixed": -33.552290597485715, "none": -37.88048670311555}, "6": {"type-based": -44.14866062734269, "geo-based": -40.05732911003241, "mixed": -38.556163480969566, "none": -45.45658404373866}, "7": {"type-based": -51.224480311031506, "geo-based": -49.543714531105, "mixed": -47.617294893680025, "none": -53.032681384361766}, "8": {"type-based": -69.4565632557204, "geo-based": -56.18737065674147, "mixed": -64.99949908159056, "none": -60.60877872498487}, "9": {"type-based": -78.50982171034839, "geo-based": -61.93776718556006, "mixed": -72.30562189648404, "none": -68.18487606560798}, "10": {"type-based": -85.64790259628651, "geo-based": -67.73074128800776, "mixed": -77.73713762979662, "none": -75.76097340623109}, "11": {"type-based": -92.7784083642563, "geo-based": -73.39904284067222, "mixed": -83.04107398575286, "none": -83.3370707468542}, "12": {"type-based": -111.31055848571654, "geo-based": -82.8895338520155, "mixed": -103.57286387391551, "none": -90.9131680874773}, "13": {"type-based": -120.66127316866765, "geo-based": -102.06247966407756, "mixed": -124.59388286292452, "none": -98.48926542810041}, "14": {"type-based": -127.84303946031689, "geo-based": -109.55584703943504, "mixed": -131.70761906329207, "none": -106.06536276872352}, "15": {"type-based": -135.01470126766213, "geo-based": -116.51651628066638, "mixed": -138.27976941406766, "none": -113.64146010934662}, "16": {"type-based": -142.1780191293173, "geo-based": -123.24805323483315, "mixed": -144.6176776860972, "none": -121.21755744996973}, "17": {"type-based": -149.33433011052796, "geo-based": -131.08161117522056, "mixed": -152.0536138032457, "none": -128.79365479059285}, "18": {"type-based": -156.4846735942898, "geo-based": -137.5620104049203, "mixed": -158.13288869448994, "none": -136.36975213121596}, "19": {"type-based": -165.5757408698428, "geo-based": -144.29162512468687, "mixed": -166.40452887271022, "none": -143.94584947183907}, "20": {"type-based": -174.2762326136105, "geo-based": -150.60706179123966, "mixed": -173.870317932859, "none": -151.52194681246218}, "21": {"type-based": -183.3968277442268, "geo-based": -162.39202665861944, "mixed": -187.22531680382286, "none": -159.09804415308528}, "22": {"type-based": -190.58938929394458, "geo-based": -171.08005538967734, "mixed": -195.5434838704155, "none": -166.6741414937084}, "23": {"type-based": -199.09631496468674, "geo-based": -178.89161459139794, "mixed": -204.29886071106938, "none": -174.2502388343315}, "24": {"type-based": -207.90426182548993, "geo-based": -187.05198593472252, "mixed": -213.70256369267028, "none": -181.8263361749546}, "25": {"type-based": -215.11906343165887, "geo-based": -193.6697748138739, "mixed": -219.96973398578962, "none": -189.4024335155777}, "26": {"type-based": -234.3086570118224, "geo-based": -201.36466934512185, "mixed": -239.28842811328244, "none": -196.97853085620082}, "27": {"type-based": -242.68072096432127, "geo-based": -208.1900305943754, "mixed": -246.91930044227442, "none": -204.55462819682393}, "28": {"type-based": -251.28815002314002, "geo-based": -215.87235226372465, "mixed": -255.64168193294046, "none": -212.13072553744703}, "29": {"type-based": -258.5242218821913, "geo-based": -223.10382771944603, "mixed": -262.54128195576595, "none": -219.70682287807014}, "30": {"type-based": -265.7515450284906, "geo-based": -230.36657667849656, "mixed": -269.46267521454547, "none": -227.28292021869325}}