{"0": {"type-based": -0.6931471805599453, "geo-based": -1.0986122886681098, "mixed": -1.3862943611198906, "none": -0.0}, "1": {"type-based": -8.269244521183056, "geo-based": -8.67470962929122, "mixed": -8.962391701743002, "none": -7.576097340623111}, "2": {"type-based": -15.845341861806167, "geo-based": -16.25080696991433, "mixed": -16.538489042366113, "none": -15.152194681246222}, "3": {"type-based": -23.166559449612624, "geo-based": -23.383208241665276, "mixed": -23.43236471493077, "none": -22.728292021869333}, "4": {"type-based": -40.27612569563259, "geo-based": -29.799591045836003, "mixed": -39.40362492442215, "none": -30.304389362492444}, "5": {"type-based": -48.26937391646525, "geo-based": -35.941876257584795, "mixed": -45.97759765792522, "none": -37.88048670311555}, "6": {"type-based": -55.65554538600997, "geo-based": -43.055264163245624, "mixed": -52.911834832987694, "none": -45.45658404373866}, "7": {"type-based": -73.25755996581128, "geo-based": -51.43606532369772, "mixed": -71.33507597243909, "none": -53.032681384361766}, "8": {"type-based": -90.87017528361488, "geo-based": -60.48076363238728, "mixed": -90.4310556184848, "none": -60.60877872498487}, "9": {"type-based": -98.17694067422121, "geo-based": -67.6374623604553, "mixed": -97.32915534993634, "none": -68.18487606560798}, "10": {"type-based": -106.12389653911347, "geo-based": -76.54342468958941, "mixed": -106.61926675263304, "none": -75.76097340623109}, "11": {"type-based": -113.71137560108367, "geo-based": -83.54520564070008, "mixed": -113.64695978189381, "none": -83.3370707468542}, "12": {"type-based": -121.0551317319829, "geo-based": -91.501468365052, "mixed": -121.38507467178059, "none": -90.9131680874773}}