{"0": {"type-based": -0.6931471805599453, "geo-based": -1.0986122886681098, "mixed": -1.3862943611198906, "none": -0.0}, "1": {"type-based": -8.269244521183056, "geo-based": -8.67470962929122, "mixed": -8.962391701743002, "none": -7.576097340623111}, "2": {"type-based": -15.845341861806167, "geo-based": -16.25080696991433, "mixed": -16.538489042366113, "none": -15.152194681246222}, "3": {"type-based": -23.166559449612624, "geo-based": -22.494358448000735, "mixed": -22.54779965649577, "none": -22.728292021869333}, "4": {"type-based": -40.27612569563259, "geo-based": -28.698353687669957, "mixed": -38.316993434518864, "none": -30.304389362492444}, "5": {"type-based": -47.57627673215559, "geo-based": -34.44444833070301, "mixed": -43.824296555245226, "none": -37.88048670311555}, "6": {"type-based": -54.80709497365662, "geo-based": -40.04339950515151, "mixed": -49.12723073149675, "none": -45.45658404373866}, "7": {"type-based": -63.3875751096445, "geo-based": -47.842480198786475, "mixed": -57.99053628770123, "none": -53.032681384361766}, "8": {"type-based": -71.3348846316583, "geo-based": -55.60443666383343, "mixed": -66.16137129370982, "none": -60.60877872498487}, "9": {"type-based": -78.64560948647375, "geo-based": -61.8374956982394, "mixed": -72.15428106345699, "none": -68.18487606560798}, "10": {"type-based": -96.73335903092627, "geo-based": -68.22969596449252, "mixed": -89.0818390617356, "none": -75.76097340623109}, "11": {"type-based": -105.61872694699227, "geo-based": -74.41589801744371, "mixed": -96.59831827781139, "none": -83.3370707468542}, "12": {"type-based": -112.90273125998063, "geo-based": -80.85048021660124, "mixed": -102.75921143307008, "none": -90.9131680874773}, "13": {"type-based": -131.15702620773354, "geo-based": -88.25268649214964, "mixed": -120.86353493857573, "none": -98.48926542810041}, "14": {"type-based": -138.40979498779456, "geo-based": -94.03887538083742, "mixed": -126.34338770623958, "none": -106.06536276872352}, "15": {"type-based": -156.79538676157574, "geo-based": -106.68941943503178, "mixed": -149.8207294076263, "none": -113.64146010934662}, "16": {"type-based": -164.02977588244127, "geo-based": -115.62599840447692, "mixed": -158.431907418005, "none": -121.21755744996973}, "17": {"type-based": -171.24566445701575, "geo-based": -122.92504197374707, "mixed": -165.38770973198115, "none": -128.79365479059285}, "18": {"type-based": -178.44692324663419, "geo-based": -130.00262816193538, "mixed": -172.10861408650825, "none": -136.36975213121596}, "19": {"type-based": -197.1492575605779, "geo-based": -136.51283385981301, "mixed": -189.7604053261669, "none": -143.94584947183907}, "20": {"type-based": -204.33971220110328, "geo-based": -142.42926107844792, "mixed": -195.30557004107328, "none": -151.52194681246218}, "21": {"type-based": -211.52027103261668, "geo-based": -148.75877152961743, "mixed": -201.2553541218954, "none": -159.09804415308528}, "22": {"type-based": -220.07877723468047, "geo-based": -155.20360588613593, "mixed": -208.70017049111055, "none": -166.6741414937084}, "23": {"type-based": -227.27184065073422, "geo-based": -161.56061234079752, "mixed": -214.69389597064298, "none": -174.2502388343315}, "24": {"type-based": -235.63499453417, "geo-based": -167.36186066948423, "mixed": -221.30279966806037, "none": -181.8263361749546}, "25": {"type-based": -245.40337504512505, "geo-based": -173.59148710530977, "mixed": -229.74652355784585, "none": -189.4024335155777}, "26": {"type-based": -254.49376611936339, "geo-based": -179.89804140146802, "mixed": -237.5892518287477, "none": -196.97853085620082}, "27": {"type-based": -263.19359164780434, "geo-based": -186.34025471231047, "mixed": -245.17858962309222, "none": -204.55462819682393}, "28": {"type-based": -270.44177038800285, "geo-based": -194.1366546466807, "mixed": -252.66960954290627, "none": -212.13072553744703}, "29": {"type-based": -277.6785753291947, "geo-based": -202.21716513814448, "mixed": -260.433885703001, "none": -219.70682287807014}, "30": {"type-based": -284.90541723051444, "geo-based": -209.04888682488905, "mixed": -266.9390507539928, "none": -227.28292021869325}, "31": {"type-based": -293.28659634701995, "geo-based": -215.31683966890262, "mixed": -274.03549812708326, "none": -234.85901755931636}}