{"0": {"type-based": -0.6931471805599453, "geo-based": -1.0986122886681098, "mixed": -1.3862943611198906, "none": -0.0}, "1": {"type-based": -8.269244521183056, "geo-based": -8.67470962929122, "mixed": -8.962391701743002, "none": -7.576097340623111}, "2": {"type-based": -15.845341861806167, "geo-based": -16.25080696991433, "mixed": -16.538489042366113, "none": -15.152194681246222}, "3": {"type-based": -32.8247207347689, "geo-based": -23.487628061629533, "mixed": -33.20673537670795, "none": -22.728292021869333}, "4": {"type-based": -40.70019415560638, "geo-based": -32.48255599146204, "mixed": -42.53152877523712, "none": -30.304389362492444}, "5": {"type-based": -47.978840419202214, "geo-based": -39.17135630387097, "mixed": -48.95232163727022, "none": -37.88048670311555}, "6": {"type-based": -55.19433993892949, "geo-based": -47.187439462025125, "mixed": -56.63768522681246, "none": -45.45658404373866}, "7": {"type-based": -72.9733638462939, "geo-based": -55.086258840775585, "mixed": -74.752533287863, "none": -53.032681384361766}, "8": {"type-based": -90.75504369940955, "geo-based": -61.71878058753916, "mixed": -91.5913752432192, "none": -60.60877872498487}, "9": {"type-based": -108.5476522212813, "geo-based": -68.60057873154622, "mixed": -108.6807044131688, "none": -68.18487606560798}, "10": {"type-based": -115.75237022210833, "geo-based": -74.6472232552414, "mixed": -114.34774965585981, "none": -75.76097340623109}}