{"0": {"type-based": -0.6931471805599453, "geo-based": -1.0986122886681098, "mixed": -1.3862943611198906, "none": -0.0}, "1": {"type-based": -8.269244521183056, "geo-based": -8.67470962929122, "mixed": -8.962391701743002, "none": -7.576097340623111}, "2": {"type-based": -15.845341861806167, "geo-based": -16.25080696991433, "mixed": -16.538489042366113, "none": -15.152194681246222}, "3": {"type-based": -30.991092433814874, "geo-based": -23.692604467658924, "mixed": -31.53275832203562, "none": -22.728292021869333}, "4": {"type-based": -37.06908205913977, "geo-based": -30.772193066586198, "mixed": -37.15848053061932, "none": -30.304389362492444}, "5": {"type-based": -43.253533142230076, "geo-based": -37.620553968918145, "mixed": -42.657839496743435, "none": -37.88048670311555}, "6": {"type-based": -48.85780451850535, "geo-based": -44.306934829076454, "mixed": -47.52110270547658, "none": -45.45658404373866}, "7": {"type-based": -64.46706439796124, "geo-based": -50.74143106692469, "mixed": -62.247063434729945, "none": -53.032681384361766}, "8": {"type-based": -70.85514144466235, "geo-based": -57.22525222040755, "mixed": -67.65043642677777, "none": -60.60877872498487}, "9": {"type-based": -78.37375457834938, "geo-based": -63.49886218791868, "mixed": -74.02331382235562, "none": -68.18487606560798}, "10": {"type-based": -85.69528826329231, "geo-based": -69.7557684562905, "mixed": -80.13062491631835, "none": -75.76097340623109}, "11": {"type-based": -92.65375801989612, "geo-based": -75.82567235926098, "mixed": -85.66225759189565, "none": -83.3370707468542}, "12": {"type-based": -99.40277773935595, "geo-based": -81.83891154939778, "mixed": -90.95394476611929, "none": -90.9131680874773}, "13": {"type-based": -106.67611341591031, "geo-based": -87.9716100290772, "mixed": -96.91695530023405, "none": -98.48926542810041}, "14": {"type-based": -113.90360477137538, "geo-based": -94.06412382852723, "mixed": -102.76807687507734, "none": -106.06536276872352}, "15": {"type-based": -122.71190309200185, "geo-based": -100.14963513283921, "mixed": -110.17451092923883, "none": -113.64146010934662}, "16": {"type-based": -129.9588490120942, "geo-based": -106.1306373102622, "mixed": -115.91078275581427, "none": -121.21755744996973}, "17": {"type-based": -137.1792299688887, "geo-based": -112.050773441267, "mixed": -121.54581828501222, "none": -128.79365479059285}, "18": {"type-based": -144.38019427151795, "geo-based": -117.92302077843904, "mixed": -127.10233808314148, "none": -136.36975213121596}, "19": {"type-based": -151.56634453734088, "geo-based": -123.75724650816217, "mixed": -132.59653492004696, "none": -143.94584947183907}, "20": {"type-based": -158.7408190739937, "geo-based": -129.55705605358492, "mixed": -138.0365110168825, "none": -151.52194681246218}, "21": {"type-based": -165.9058538472164, "geo-based": -135.49229627468424, "mixed": -143.59547196348026, "none": -159.09804415308528}, "22": {"type-based": -173.06309832755574, "geo-based": -141.2958167752976, "mixed": -149.00924477654993, "none": -166.6741414937084}, "23": {"type-based": -191.90905955846512, "geo-based": -147.1738946993234, "mixed": -166.18001915962097, "none": -174.2502388343315}, "24": {"type-based": -199.06283258205505, "geo-based": -152.93668668827794, "mixed": -171.5399948663043, "none": -181.8263361749546}, "25": {"type-based": -208.0825793962733, "geo-based": -178.63004576922498, "mixed": -198.6922450996379, "none": -189.4024335155777}, "26": {"type-based": -215.2502738367364, "geo-based": -185.95647751527443, "mixed": -205.62648079986522, "none": -196.97853085620082}, "27": {"type-based": -222.41167783010465, "geo-based": -194.58243966965517, "mixed": -213.85361668078684, "none": -204.55462819682393}, "28": {"type-based": -229.5675979049248, "geo-based": -203.49335856047932, "mixed": -222.35897339739873, "none": -212.13072553744703}, "29": {"type-based": -236.718694752457, "geo-based": -212.88347544211646, "mixed": -231.33748803798105, "none": -219.70682287807014}, "30": {"type-based": -243.86551640237272, "geo-based": -221.66190466718894, "mixed": -239.7032284776626, "none": -227.28292021869325}, "31": {"type-based": -251.00852246905697, "geo-based": -230.47831461811515, "mixed": -248.10594360523982, "none": -234.85901755931636}, "32": {"type-based": -258.1481022061799, "geo-based": -238.89744018132782, "mixed": -256.1101891919119, "none": -242.43511489993946}, "33": {"type-based": -277.49066582081116, "geo-based": -245.57604428170276, "mixed": -274.57873147865547, "none": -250.01121224056257}, "34": {"type-based": -284.63767687211197, "geo-based": -252.08209353269754, "mixed": -280.67890351946767, "none": -257.5873095811857}, "35": {"type-based": -291.7814098854955, "geo-based": -258.6060077076427, "mixed": -286.7930110836711, "none": -265.1634069218088}, "36": {"type-based": -298.9221535096027, "geo-based": -265.1007755393025, "mixed": -292.8740483157949, "none": -272.7395042624319}}