{"0": {"type-based": -0.6931471805599453, "geo-based": -1.0986122886681098, "mixed": -1.3862943611198906, "none": -0.0}, "1": {"type-based": -8.269244521183056, "geo-based": -8.67470962929122, "mixed": -8.962391701743002, "none": -7.576097340623111}, "2": {"type-based": -15.845341861806167, "geo-based": -16.25080696991433, "mixed": -16.538489042366113, "none": -15.152194681246222}, "3": {"type-based": -22.921183183482732, "geo-based": -24.042321188309558, "mixed": -23.82667698408936, "none": -22.728292021869333}, "4": {"type-based": -29.997013686404266, "geo-based": -32.3983324625431, "mixed": -31.66987386491511, "none": -30.304389362492444}, "5": {"type-based": -37.072838779769135, "geo-based": -39.929042449654915, "mixed": -38.70543836782871, "none": -37.88048670311555}, "6": {"type-based": -44.14866062734269, "geo-based": -46.2979161036313, "mixed": -44.58355873169077, "none": -45.45658404373866}, "7": {"type-based": -51.224480311031506, "geo-based": -53.22926997786215, "mixed": -51.02813430903702, "none": -53.032681384361766}, "8": {"type-based": -58.30029844907664, "geo-based": -59.79254656402442, "mixed": -57.11147101330319, "none": -60.60877872498487}, "9": {"type-based": -65.37611542788261, "geo-based": -66.69863063589227, "mixed": -63.538803453413465, "none": -68.18487606560798}, "10": {"type-based": -72.45193150505435, "geo-based": -73.63118593695404, "mixed": -69.9975300256457, "none": -75.76097340623109}, "11": {"type-based": -79.52774686091631, "geo-based": -79.7191330221953, "mixed": -75.61309096016318, "none": -83.3370707468542}, "12": {"type-based": -86.60356162661415, "geo-based": -85.83905153461734, "mixed": -81.26482593470082, "none": -90.9131680874773}, "13": {"type-based": -93.67937590050745, "geo-based": -91.83206442092217, "mixed": -86.79400986997706, "none": -98.48926542810041}, "14": {"type-based": -112.53048717997355, "geo-based": -101.30296132300597, "mixed": -107.58040713593014, "none": -106.06536276872352}, "15": {"type-based": -131.38536269451774, "geo-based": -109.34823756769148, "mixed": -126.93401349655133, "none": -113.64146010934662}, "16": {"type-based": -150.24056204965666, "geo-based": -116.97782019829157, "mixed": -145.8692235785332, "none": -121.21755744996973}, "17": {"type-based": -169.11284025767634, "geo-based": -126.40441723142324, "mixed": -166.6178718067993, "none": -128.79365479059285}, "18": {"type-based": -187.9881060671376, "geo-based": -134.75942199044295, "mixed": -186.29050146647748, "none": -136.36975213121596}}