{"0": {"type-based": -0.6931471805599453, "geo-based": -1.0986122886681098, "mixed": -1.3862943611198906, "none": -0.0}, "1": {"type-based": -8.269244521183056, "geo-based": -8.67470962929122, "mixed": -8.962391701743002, "none": -7.576097340623111}, "2": {"type-based": -15.845341861806167, "geo-based": -16.25080696991433, "mixed": -16.538489042366113, "none": -15.152194681246222}, "3": {"type-based": -22.96179435875122, "geo-based": -23.642789443559902, "mixed": -23.496313152556255, "none": -22.728292021869333}, "4": {"type-based": -30.058132529014316, "geo-based": -30.81503050899738, "mixed": -30.217190870222097, "none": -30.304389362492444}, "5": {"type-based": -37.14767454517801, "geo-based": -39.13844851782058, "mixed": -38.086838865410094, "none": -37.88048670311555}, "6": {"type-based": -44.23380099952659, "geo-based": -46.084151363206985, "mixed": -44.571529661653656, "none": -45.45658404373866}, "7": {"type-based": -51.31787247558639, "geo-based": -53.577107631476274, "mixed": -51.59864623900395, "none": -53.032681384361766}, "8": {"type-based": -69.40268811257704, "geo-based": -64.60781932709519, "mixed": -73.16201611853498, "none": -60.60877872498487}, "9": {"type-based": -78.31360493051655, "geo-based": -72.11220942771394, "mixed": -82.02215247937937, "none": -68.18487606560798}, "10": {"type-based": -85.43943369400544, "geo-based": -80.01979577124831, "mixed": -89.49875406560847, "none": -75.76097340623109}, "11": {"type-based": -92.55826822515898, "geo-based": -87.09062257111117, "mixed": -96.12818577693145, "none": -83.3370707468542}, "12": {"type-based": -99.67182476844614, "geo-based": -94.86757321429194, "mixed": -103.45715873495193, "none": -90.9131680874773}, "13": {"type-based": -108.97839254404741, "geo-based": -101.92389132477469, "mixed": -112.25469551052095, "none": -98.48926542810041}, "14": {"type-based": -117.61573319752058, "geo-based": -108.57255861908507, "mixed": -119.9781155269737, "none": -106.06536276872352}, "15": {"type-based": -136.16094704187418, "geo-based": -116.22381750390244, "mixed": -138.61339411949973, "none": -113.64146010934662}, "16": {"type-based": -154.73479470477685, "geo-based": -125.25679432719154, "mixed": -158.6582397240974, "none": -121.21755744996973}, "17": {"type-based": -161.90603028802863, "geo-based": -132.47807668005973, "mixed": -165.48549665425324, "none": -128.79365479059285}, "18": {"type-based": -169.06812278843864, "geo-based": -141.2308174349257, "mixed": -173.83424758813436, "none": -136.36975213121596}, "19": {"type-based": -176.2226718866573, "geo-based": -148.6546756831488, "mixed": -180.8489258265533, "none": -143.94584947183907}, "20": {"type-based": -183.37089104472213, "geo-based": -155.72217540054496, "mixed": -187.50033236386122, "none": -151.52194681246218}, "21": {"type-based": -190.51372261732365, "geo-based": -164.9936694305123, "mixed": -196.350555300627, "none": -159.09804415308528}, "22": {"type-based": -197.65191303839708, "geo-based": -172.09316500519984, "mixed": -203.02519735952177, "none": -166.6741414937084}}