{"0": {"type-based": -0.6931471805599453, "geo-based": -1.0986122886681098, "mixed": -1.3862943611198906, "none": -0.0}, "1": {"type-based": -8.269244521183056, "geo-based": -8.67470962929122, "mixed": -8.962391701743002, "none": -7.576097340623111}, "2": {"type-based": -15.845341861806167, "geo-based": -16.25080696991433, "mixed": -16.538489042366113, "none": -15.152194681246222}, "3": {"type-based": -22.921183183482732, "geo-based": -24.043906749626416, "mixed": -23.847045375107655, "none": -22.728292021869333}, "4": {"type-based": -29.997013686404266, "geo-based": -32.21278599039171, "mixed": -31.530159606515426, "none": -30.304389362492444}, "5": {"type-based": -37.072838779769135, "geo-based": -38.96421150792093, "mixed": -37.80772485714895, "none": -37.88048670311555}, "6": {"type-based": -44.14866062734269, "geo-based": -46.47976381127583, "mixed": -44.851589071765225, "none": -45.45658404373866}, "7": {"type-based": -51.224480311031506, "geo-based": -55.22986189454039, "mixed": -53.1269510785939, "none": -53.032681384361766}, "8": {"type-based": -69.4565632557204, "geo-based": -62.65827919730996, "mixed": -71.23310396120178, "none": -60.60877872498487}, "9": {"type-based": -76.53804085806651, "geo-based": -69.68293209078846, "mixed": -77.77807517286827, "none": -68.18487606560798}, "10": {"type-based": -94.90860604540478, "geo-based": -76.3970108127013, "mixed": -95.29911192136859, "none": -75.76097340623109}, "11": {"type-based": -104.10273686748995, "geo-based": -84.83258089617723, "mixed": -105.36471207457794, "none": -83.3370707468542}, "12": {"type-based": -113.32975521385735, "geo-based": -92.11092629701871, "mixed": -114.30047821436528, "none": -90.9131680874773}, "13": {"type-based": -121.8682875295715, "geo-based": -99.61059820702512, "mixed": -122.76750609426882, "none": -98.48926542810041}}