{"0": {"type-based": -0.6931471805599453, "geo-based": -1.0986122886681098, "mixed": -1.3862943611198906, "none": -0.0}, "1": {"type-based": -8.269244521183056, "geo-based": -8.67470962929122, "mixed": -8.962391701743002, "none": -7.576097340623111}, "2": {"type-based": -15.845341861806167, "geo-based": -16.25080696991433, "mixed": -16.538489042366113, "none": -15.152194681246222}, "3": {"type-based": -32.8247207347689, "geo-based": -23.592459674197293, "mixed": -33.31974503264651, "none": -22.728292021869333}, "4": {"type-based": -49.93428698078887, "geo-based": -30.37636223675369, "mixed": -49.67337884111974, "none": -30.304389362492444}, "5": {"type-based": -57.92753520162153, "geo-based": -37.05450617670811, "mixed": -56.792941230527966, "none": -37.88048670311555}, "6": {"type-based": -65.31370667116626, "geo-based": -44.73859649343289, "mixed": -64.30350288373404, "none": -45.45658404373866}, "7": {"type-based": -72.6067352575455, "geo-based": -52.28184072464755, "mixed": -71.59105514911562, "none": -53.032681384361766}, "8": {"type-based": -80.54284405533804, "geo-based": -58.751658647831796, "mixed": -78.45962836955826, "none": -60.60877872498487}, "9": {"type-based": -87.83229221271885, "geo-based": -66.10998968645956, "mixed": -85.56717529938118, "none": -68.18487606560798}, "10": {"type-based": -95.08250950501336, "geo-based": -72.44834646927593, "mixed": -91.62073105075285, "none": -75.76097340623109}, "11": {"type-based": -102.30569066497453, "geo-based": -78.78178946998715, "mixed": -97.64966296392248, "none": -83.3370707468542}, "12": {"type-based": -109.50910263790044, "geo-based": -85.90583980759726, "mixed": -104.45587910152085, "none": -90.9131680874773}, "13": {"type-based": -116.69742688027382, "geo-based": -92.61731236949677, "mixed": -110.83273608416721, "none": -98.48926542810041}, "14": {"type-based": -124.97244681868823, "geo-based": -100.68487265224178, "mixed": -119.65187057825193, "none": -106.06536276872352}, "15": {"type-based": -143.57879311371488, "geo-based": -108.3022215224997, "mixed": -138.337299202538, "none": -113.64146010934662}, "16": {"type-based": -152.9751142312247, "geo-based": -117.32439016316562, "mixed": -149.21298988793467, "none": -121.21755744996973}, "17": {"type-based": -161.6787531815738, "geo-based": -129.64173262403327, "mixed": -162.6857640478866, "none": -128.79365479059285}, "18": {"type-based": -168.87876846782845, "geo-based": -136.43296151971353, "mixed": -169.1118133139797, "none": -136.36975213121596}, "19": {"type-based": -176.06703487333047, "geo-based": -142.83539840641475, "mixed": -175.13900282578388, "none": -143.94584947183907}, "20": {"type-based": -183.24558479501638, "geo-based": -154.87247711441884, "mixed": -186.79373401219777, "none": -151.52194681246218}}