{"0": {"type-based": -0.6931471805599453, "geo-based": -1.0986122886681098, "mixed": -1.3862943611198906, "none": -0.0}, "1": {"type-based": -8.269244521183056, "geo-based": -8.67470962929122, "mixed": -8.962391701743002, "none": -7.576097340623111}, "2": {"type-based": -15.845341861806167, "geo-based": -16.25080696991433, "mixed": -16.538489042366113, "none": -15.152194681246222}, "3": {"type-based": -23.124005444645217, "geo-based": -23.120074309531226, "mixed": -23.09665263600578, "none": -22.728292021869333}, "4": {"type-based": -30.306381681173043, "geo-based": -29.575445311931176, "mixed": -29.158923652690024, "none": -30.304389362492444}, "5": {"type-based": -38.55302876881957, "geo-based": -37.188298460454206, "mixed": -37.439118312836264, "none": -37.88048670311555}, "6": {"type-based": -45.76852828854685, "geo-based": -46.532727293806715, "mixed": -46.403240820931515, "none": -45.45658404373866}, "7": {"type-based": -52.95089246312769, "geo-based": -53.477892899514465, "mixed": -52.92390753208111, "none": -53.032681384361766}, "8": {"type-based": -60.11283499788373, "geo-based": -60.45639846753506, "mixed": -59.45185397056906, "none": -60.60877872498487}, "9": {"type-based": -67.26092755619744, "geo-based": -67.9056441608079, "mixed": -66.43573141292534, "none": -68.18487606560798}, "10": {"type-based": -74.39900844213557, "geo-based": -77.12112098555765, "mixed": -75.18531461933813, "none": -75.76097340623109}, "11": {"type-based": -81.52951421010535, "geo-based": -85.8908993439517, "mixed": -83.50128793808898, "none": -83.3370707468542}, "12": {"type-based": -100.0616643315656, "geo-based": -93.92568176132801, "mixed": -102.49437719041143, "none": -90.9131680874773}, "13": {"type-based": -118.59800987819095, "geo-based": -101.37354667084884, "mixed": -120.90708190790158, "none": -98.48926542810041}}