{"0": {"type-based": -0.6931471805599453, "geo-based": -1.0986122886681098, "mixed": -1.3862943611198906, "none": -0.0}, "1": {"type-based": -8.269244521183056, "geo-based": -8.67470962929122, "mixed": -8.962391701743002, "none": -7.576097340623111}, "2": {"type-based": -15.845341861806167, "geo-based": -16.25080696991433, "mixed": -16.538489042366113, "none": -15.152194681246222}, "3": {"type-based": -22.921183183482732, "geo-based": -22.65005568142325, "mixed": -22.460329437186886, "none": -22.728292021869333}, "4": {"type-based": -29.997013686404266, "geo-based": -29.114640986569285, "mixed": -28.459752043348374, "none": -30.304389362492444}, "5": {"type-based": -37.072838779769135, "geo-based": -35.266973472728694, "mixed": -34.1566515015367, "none": -37.88048670311555}, "6": {"type-based": -54.96845891155298, "geo-based": -46.61632354897821, "mixed": -55.880144024400764, "none": -45.45658404373866}, "7": {"type-based": -62.05253038761278, "geo-based": -56.38913403811023, "mixed": -65.20038263643467, "none": -53.032681384361766}, "8": {"type-based": -69.1352295168714, "geo-based": -64.61006309689286, "mixed": -72.9461418793964, "none": -60.60877872498487}, "9": {"type-based": -87.37321204510275, "geo-based": -73.85302113507592, "mixed": -92.86343136334627, "none": -68.18487606560798}, "10": {"type-based": -105.61813306824845, "geo-based": -82.19664950763885, "mixed": -111.88115275278936, "none": -75.76097340623109}, "11": {"type-based": -114.69108587556252, "geo-based": -90.1053272340164, "mixed": -121.28887118111334, "none": -83.3370707468542}, "12": {"type-based": -121.85526095824385, "geo-based": -97.03944398891234, "mixed": -127.81144122320153, "none": -90.9131680874773}, "13": {"type-based": -130.39506495443217, "geo-based": -103.83728555130851, "mixed": -135.57404733231914, "none": -98.48926542810041}, "14": {"type-based": -137.58026853692186, "geo-based": -110.80241165419442, "mixed": -142.1507676099348, "none": -106.06536276872352}, "15": {"type-based": -156.1614677943734, "geo-based": -119.35330094277117, "mixed": -161.71136080569832, "none": -113.64146010934662}, "16": {"type-based": -165.53622169382325, "geo-based": -127.48344795485838, "mixed": -171.6382393505617, "none": -121.21755744996973}, "17": {"type-based": -173.81640907919166, "geo-based": -137.40861429052237, "mixed": -182.2615476725482, "none": -128.79365479059285}, "18": {"type-based": -181.83634180618475, "geo-based": -144.74595787545235, "mixed": -190.04358348515785, "none": -136.36975213121596}, "19": {"type-based": -190.57608400993, "geo-based": -152.19813553211281, "mixed": -198.65974396383362, "none": -143.94584947183907}, "20": {"type-based": -197.815542693824, "geo-based": -159.7935140070658, "mixed": -205.91720316110886, "none": -151.52194681246218}, "21": {"type-based": -216.5527258189767, "geo-based": -167.324517572517, "mixed": -224.6090851111487, "none": -159.09804415308528}, "22": {"type-based": -226.07983285743296, "geo-based": -175.0169950332455, "mixed": -234.25115330549298, "none": -166.6741414937084}, "23": {"type-based": -234.91420685920784, "geo-based": -183.61447578790816, "mixed": -244.10575712052875, "none": -174.2502388343315}, "24": {"type-based": -243.34349643391985, "geo-based": -192.25730289906232, "mixed": -253.59988839961687, "none": -181.8263361749546}, "25": {"type-based": -251.48547615188465, "geo-based": -199.56216467219218, "mixed": -261.46793914407243, "none": -189.4024335155777}, "26": {"type-based": -259.4046810686747, "geo-based": -207.8383760254201, "mixed": -270.0847280657829, "none": -196.97853085620082}}