{"0": {"type-based": -0.6931471805599453, "geo-based": -1.0986122886681098, "mixed": -1.3862943611198906, "none": -0.0}, "1": {"type-based": -8.269244521183056, "geo-based": -8.67470962929122, "mixed": -8.962391701743002, "none": -7.576097340623111}, "2": {"type-based": -15.845341861806167, "geo-based": -16.25080696991433, "mixed": -16.538489042366113, "none": -15.152194681246222}, "3": {"type-based": -22.23413111776393, "geo-based": -23.310248048680634, "mixed": -22.419269951839343, "none": -22.728292021869333}, "4": {"type-based": -29.062954319303007, "geo-based": -30.48148546057539, "mixed": -28.85344462229517, "none": -30.304389362492444}, "5": {"type-based": -45.355167213526336, "geo-based": -39.53020810005636, "mixed": -46.62039800337578, "none": -37.88048670311555}, "6": {"type-based": -53.12705968818561, "geo-based": -46.883758043826454, "mixed": -54.168741256903694, "none": -45.45658404373866}, "7": {"type-based": -60.61030896902126, "geo-based": -54.33223779532899, "mixed": -61.53426451720193, "none": -53.032681384361766}, "8": {"type-based": -68.38073437985445, "geo-based": -62.65052236864981, "mixed": -70.06141752505884, "none": -60.60877872498487}, "9": {"type-based": -75.81282879555691, "geo-based": -69.18248846706025, "mixed": -76.46240082206577, "none": -68.18487606560798}, "10": {"type-based": -83.16703737520052, "geo-based": -76.26790636972983, "mixed": -83.34373960743883, "none": -75.76097340623109}, "11": {"type-based": -90.47142505776226, "geo-based": -84.19939052573761, "mixed": -91.02581681460727, "none": -83.3370707468542}, "12": {"type-based": -97.74116383828036, "geo-based": -90.64544300693063, "mixed": -97.19063136371928, "none": -90.9131680874773}, "13": {"type-based": -104.98539697623656, "geo-based": -96.9978027105405, "mixed": -103.23954737997991, "none": -98.48926542810041}, "14": {"type-based": -112.21006460008223, "geo-based": -105.28076339433491, "mixed": -111.20295960197191, "none": -106.06536276872352}, "15": {"type-based": -120.51783546988355, "geo-based": -113.70399793273874, "mixed": -120.39515562033259, "none": -113.64146010934662}, "16": {"type-based": -127.75369923889079, "geo-based": -121.77736591036212, "mixed": -128.1607161861427, "none": -121.21755744996973}, "17": {"type-based": -134.9746623912843, "geo-based": -129.24086610642942, "mixed": -135.29916946122592, "none": -128.79365479059285}, "18": {"type-based": -142.18326676661303, "geo-based": -136.6054857538373, "mixed": -142.32625023038955, "none": -136.36975213121596}, "19": {"type-based": -151.1731719744282, "geo-based": -143.30616592588422, "mixed": -150.4724715110053, "none": -143.94584947183907}, "20": {"type-based": -158.3878026488716, "geo-based": -150.4988549954978, "mixed": -157.33417660695855, "none": -151.52194681246218}, "21": {"type-based": -166.77105052092492, "geo-based": -159.08258147411772, "mixed": -166.75727449688904, "none": -159.09804415308528}, "22": {"type-based": -173.994293346442, "geo-based": -166.9662091072659, "mixed": -174.31708071469959, "none": -166.6741414937084}, "23": {"type-based": -182.2373030812981, "geo-based": -173.95633963477073, "mixed": -182.00328241103819, "none": -174.2502388343315}}