{"0": {"type-based": -0.6931471805599453, "geo-based": -1.0986122886681098, "mixed": -1.3862943611198906, "none": -0.0}, "1": {"type-based": -8.269244521183056, "geo-based": -8.67470962929122, "mixed": -8.962391701743002, "none": -7.576097340623111}, "2": {"type-based": -15.845341861806167, "geo-based": -16.25080696991433, "mixed": -16.538489042366113, "none": -15.152194681246222}, "3": {"type-based": -31.54518362571816, "geo-based": -22.662544612212816, "mixed": -31.16535333127794, "none": -22.728292021869333}, "4": {"type-based": -39.06325378134953, "geo-based": -28.39692137610373, "mixed": -36.88106868101956, "none": -30.304389362492444}, "5": {"type-based": -46.38445685445359, "geo-based": -38.919484858625275, "mixed": -47.17012820388946, "none": -37.88048670311555}, "6": {"type-based": -63.939348684034144, "geo-based": -48.06961032245512, "mixed": -66.30879327355792, "none": -45.45658404373866}, "7": {"type-based": -81.55554727575108, "geo-based": -58.008855410070396, "mixed": -86.30186092157669, "none": -53.032681384361766}, "8": {"type-based": -88.87321208991675, "geo-based": -64.93971935477506, "mixed": -92.98511426050857, "none": -60.60877872498487}, "9": {"type-based": -96.13567456974562, "geo-based": -75.11384547320063, "mixed": -102.858118803982, "none": -68.18487606560798}, "10": {"type-based": -104.97284855109164, "geo-based": -81.91172116692177, "mixed": -110.92813755377794, "none": -75.76097340623109}, "11": {"type-based": -112.23856523442159, "geo-based": -89.9233959474519, "mixed": -118.64151228063072, "none": -83.3370707468542}, "12": {"type-based": -120.57361025734107, "geo-based": -99.63570495579273, "mixed": -129.1219925852742, "none": -90.9131680874773}, "13": {"type-based": -127.84878842847975, "geo-based": -106.95446920893448, "mixed": -136.14645300775453, "none": -98.48926542810041}, "14": {"type-based": -135.09780592600478, "geo-based": -113.7486747988549, "mixed": -142.61946330829088, "none": -106.06536276872352}, "15": {"type-based": -153.61653809819538, "geo-based": -123.55796831512824, "mixed": -163.37709690186696, "none": -113.64146010934662}, "16": {"type-based": -162.9300744200688, "geo-based": -131.89021266654174, "mixed": -173.44860482232102, "none": -121.21755744996973}, "17": {"type-based": -171.55474334162594, "geo-based": -138.91817526347126, "mixed": -181.5259904501737, "none": -128.79365479059285}, "18": {"type-based": -180.8961168088469, "geo-based": -147.74944004716934, "mixed": -192.12549906688486, "none": -136.36975213121596}, "19": {"type-based": -188.1632105194452, "geo-based": -155.92233926029442, "mixed": -199.99017371950106, "none": -143.94584947183907}, "20": {"type-based": -195.41077014665746, "geo-based": -164.47431103455276, "mixed": -208.21319637764927, "none": -151.52194681246218}, "21": {"type-based": -203.84637246361825, "geo-based": -171.84357422625826, "mixed": -216.4428945045637, "none": -159.09804415308528}, "22": {"type-based": -212.7109416169383, "geo-based": -179.1575736889136, "mixed": -225.04750299862135, "none": -166.6741414937084}, "23": {"type-based": -219.96942792601402, "geo-based": -186.10648087387224, "mixed": -231.68032899987443, "none": -174.2502388343315}, "24": {"type-based": -228.51187827376359, "geo-based": -193.241851549606, "mixed": -239.7839295744788, "none": -181.8263361749546}, "25": {"type-based": -236.78379757530044, "geo-based": -201.12712794284167, "mixed": -248.36827097705932, "none": -189.4024335155777}, "26": {"type-based": -255.66923037685336, "geo-based": -208.4052710240794, "mixed": -266.9605681585584, "none": -196.97853085620082}, "27": {"type-based": -262.94949233874377, "geo-based": -215.41543874739835, "mixed": -273.67983928275595, "none": -204.55462819682393}, "28": {"type-based": -272.6990405488167, "geo-based": -222.37243213651863, "mixed": -282.81515588909235, "none": -212.13072553744703}}