{"0": {"type-based": -0.6931471805599453, "geo-based": -1.0986122886681098, "mixed": -1.3862943611198906, "none": -0.0}, "1": {"type-based": -8.269244521183056, "geo-based": -8.67470962929122, "mixed": -8.962391701743002, "none": -7.576097340623111}, "2": {"type-based": -15.845341861806167, "geo-based": -16.25080696991433, "mixed": -16.538489042366113, "none": -15.152194681246222}, "3": {"type-based": -31.332692385218554, "geo-based": -24.326177372882483, "mixed": -32.589973115794194, "none": -22.728292021869333}, "4": {"type-based": -38.08677731997127, "geo-based": -31.86739202871898, "mixed": -39.3368679430214, "none": -30.304389362492444}, "5": {"type-based": -54.88857321940993, "geo-based": -39.000944568467204, "mixed": -55.72750936324793, "none": -37.88048670311555}, "6": {"type-based": -62.63356048323343, "geo-based": -46.471628151089924, "mixed": -63.394523835817886, "none": -45.45658404373866}, "7": {"type-based": -69.41314412507695, "geo-based": -53.43639736338475, "mixed": -69.58731156545063, "none": -53.032681384361766}, "8": {"type-based": -76.00108059136926, "geo-based": -60.43441982994188, "mixed": -75.62820388238453, "none": -60.60877872498487}, "9": {"type-based": -84.062844395347, "geo-based": -66.96055019045134, "mixed": -82.67492508941085, "none": -68.18487606560798}, "10": {"type-based": -91.74854226619826, "geo-based": -74.03054856058623, "mixed": -89.87793768887181, "none": -75.76097340623109}, "11": {"type-based": -99.50708095653219, "geo-based": -81.05526026506277, "mixed": -97.10759482008976, "none": -83.3370707468542}, "12": {"type-based": -107.08539684353194, "geo-based": -87.68307065140229, "mixed": -103.75006134911862, "none": -90.9131680874773}, "13": {"type-based": -114.20746821800483, "geo-based": -94.37323350522833, "mixed": -110.00255722021814, "none": -98.48926542810041}, "14": {"type-based": -121.88239217622521, "geo-based": -101.12364439128167, "mixed": -116.8706417097752, "none": -106.06536276872352}, "15": {"type-based": -129.03231786879005, "geo-based": -108.33415283386907, "mixed": -123.66625726297762, "none": -113.64146010934662}}