{"0": {"type-based": -0.6931471805599453, "geo-based": -1.0986122886681098, "mixed": -1.3862943611198906, "none": -0.0}, "1": {"type-based": -8.269244521183056, "geo-based": -8.67470962929122, "mixed": -8.962391701743002, "none": -7.576097340623111}, "2": {"type-based": -15.845341861806167, "geo-based": -16.25080696991433, "mixed": -16.538489042366113, "none": -15.152194681246222}, "3": {"type-based": -31.332692385218554, "geo-based": -25.207320424470357, "mixed": -33.34974277265994, "none": -22.728292021869333}, "4": {"type-based": -38.779874504280926, "geo-based": -33.56835545779677, "mixed": -41.58173432632351, "none": -30.304389362492444}, "5": {"type-based": -46.05852076787676, "geo-based": -40.75430024754695, "mixed": -48.4677035867444, "none": -37.88048670311555}, "6": {"type-based": -63.58300628102611, "geo-based": -48.58970583676311, "mixed": -66.25002856549794, "none": -45.45658404373866}, "7": {"type-based": -70.81044058412898, "geo-based": -55.5607414032205, "mixed": -72.86261464516674, "none": -53.032681384361766}, "8": {"type-based": -78.00206987034808, "geo-based": -63.280330842828974, "mixed": -80.19190578239461, "none": -60.60877872498487}, "9": {"type-based": -85.17158387337147, "geo-based": -70.69242180422157, "mixed": -87.19789356928558, "none": -68.18487606560798}, "10": {"type-based": -92.32607775357747, "geo-based": -77.55697300237902, "mixed": -93.6453412562862, "none": -75.76097340623109}, "11": {"type-based": -99.46970308577343, "geo-based": -84.55408100953491, "mixed": -100.21661802250824, "none": -83.3370707468542}, "12": {"type-based": -106.60509874383044, "geo-based": -91.57091462410129, "mixed": -106.80171275574747, "none": -90.9131680874773}, "13": {"type-based": -113.73404636897799, "geo-based": -98.48725005924919, "mixed": -113.28195248562551, "none": -98.48926542810041}, "14": {"type-based": -120.85780545096577, "geo-based": -105.31509421055009, "mixed": -119.6702656087543, "none": -106.06536276872352}, "15": {"type-based": -127.9772992370232, "geo-based": -112.06260656731442, "mixed": -125.97549069141084, "none": -113.64146010934662}, "16": {"type-based": -135.0932246537036, "geo-based": -118.74596373277193, "mixed": -132.2143190172612, "none": -121.21755744996973}, "17": {"type-based": -144.0778805696335, "geo-based": -125.2649924651088, "mixed": -140.15870720044435, "none": -128.79365479059285}, "18": {"type-based": -151.2073057166888, "geo-based": -131.83754924292424, "mixed": -146.30490104269646, "none": -136.36975213121596}, "19": {"type-based": -158.3329950438849, "geo-based": -138.69927739660972, "mixed": -152.73734327637248, "none": -143.94584947183907}, "20": {"type-based": -165.45543532949557, "geo-based": -145.4868141731915, "mixed": -159.09334241169026, "none": -151.52194681246218}, "21": {"type-based": -172.57502401585492, "geo-based": -152.2089492435852, "mixed": -165.3820130466414, "none": -159.09804415308528}, "22": {"type-based": -179.692089812549, "geo-based": -158.87242759340387, "mixed": -171.61036143361977, "none": -166.6741414937084}, "23": {"type-based": -186.80690768314165, "geo-based": -165.48258377681364, "mixed": -177.78393477978514, "none": -174.2502388343315}, "24": {"type-based": -193.9197099579127, "geo-based": -172.04374389930493, "mixed": -183.9072341687418, "none": -181.8263361749546}, "25": {"type-based": -201.03069471534022, "geo-based": -178.55949062988046, "mixed": -189.9839876918441, "none": -189.4024335155777}, "26": {"type-based": -208.1400322001932, "geo-based": -185.04185197821886, "mixed": -196.02634535275823, "none": -196.97853085620082}, "27": {"type-based": -215.24786980549558, "geo-based": -191.48389830938393, "mixed": -202.0274866059815, "none": -204.55462819682393}, "28": {"type-based": -222.35433598749486, "geo-based": -197.71117878216134, "mixed": -207.81304872781453, "none": -212.13072553744703}, "29": {"type-based": -231.53895575217402, "geo-based": -203.89975241776762, "mixed": -215.63841437976404, "none": -219.70682287807014}}