{"0": {"type-based": -0.6931471805599453, "geo-based": -1.0986122886681098, "mixed": -1.3862943611198906, "none": -0.0}, "1": {"type-based": -8.269244521183056, "geo-based": -8.67470962929122, "mixed": -8.962391701743002, "none": -7.576097340623111}, "2": {"type-based": -15.845341861806167, "geo-based": -16.25080696991433, "mixed": -16.538489042366113, "none": -15.152194681246222}, "3": {"type-based": -32.37699981658914, "geo-based": -23.31528988625105, "mixed": -32.560691081081046, "none": -22.728292021869333}, "4": {"type-based": -49.07069432865302, "geo-based": -31.21199074512182, "mixed": -49.586012575311706, "none": -30.304389362492444}, "5": {"type-based": -56.5860451628041, "geo-based": -38.58965818559736, "mixed": -56.91684860231242, "none": -37.88048670311555}, "6": {"type-based": -63.43939726143872, "geo-based": -45.480614440007415, "mixed": -63.11525203400332, "none": -45.45658404373866}, "7": {"type-based": -69.91746135074179, "geo-based": -52.24217563386074, "mixed": -68.83172330561858, "none": -53.032681384361766}, "8": {"type-based": -76.13712905095363, "geo-based": -58.946680301530016, "mixed": -74.2609484944698, "none": -60.60877872498487}, "9": {"type-based": -82.1621027122577, "geo-based": -65.74045475212908, "mixed": -79.61834558601431, "none": -68.18487606560798}, "10": {"type-based": -89.82409204052833, "geo-based": -72.24340425240337, "mixed": -86.361727649926, "none": -75.76097340623109}, "11": {"type-based": -97.23535512781285, "geo-based": -82.91374620350588, "mixed": -96.97255807036075, "none": -83.3370707468542}, "12": {"type-based": -103.85367573974158, "geo-based": -89.75391363333976, "mixed": -102.92139769103404, "none": -90.9131680874773}, "13": {"type-based": -110.33067669522059, "geo-based": -96.50147101737294, "mixed": -108.6531956899087, "none": -98.48926542810041}, "14": {"type-based": -117.6676226146639, "geo-based": -103.08363534651187, "mixed": -115.09793087759864, "none": -106.06536276872352}, "15": {"type-based": -124.94539721072371, "geo-based": -111.11732201525626, "mixed": -122.91619404789861, "none": -113.64146010934662}, "16": {"type-based": -132.1859115006709, "geo-based": -117.8496076380403, "mixed": -129.37482782793916, "none": -121.21755744996973}, "17": {"type-based": -139.40079101603675, "geo-based": -124.85360186252531, "mixed": -136.07226348824585, "none": -128.79365479059285}, "18": {"type-based": -146.5969490010249, "geo-based": -133.57117239628874, "mixed": -144.45929652701136, "none": -136.36975213121596}, "19": {"type-based": -153.77883211633232, "geo-based": -140.3250399466014, "mixed": -150.85697834749752, "none": -143.94584947183907}, "20": {"type-based": -160.84843008539178, "geo-based": -147.0198203929124, "mixed": -157.09019333842264, "none": -151.52194681246218}, "21": {"type-based": -167.81813510398567, "geo-based": -153.6822777726621, "mixed": -163.19864875372016, "none": -159.09804415308528}, "22": {"type-based": -174.6979675862179, "geo-based": -160.28535630004788, "mixed": -169.1657370343675, "none": -166.6741414937084}, "23": {"type-based": -181.49619678506838, "geo-based": -166.84897327592185, "mixed": -175.02015650586108, "none": -174.2502388343315}, "24": {"type-based": -188.21976217120775, "geo-based": -173.36064354770514, "mixed": -180.75676225531342, "none": -181.8263361749546}}