{"0": {"type-based": -0.6931471805599453, "geo-based": -1.0986122886681098, "mixed": -1.3862943611198906, "none": -0.0}, "1": {"type-based": -8.269244521183056, "geo-based": -8.67470962929122, "mixed": -8.962391701743002, "none": -7.576097340623111}, "2": {"type-based": -15.845341861806167, "geo-based": -16.25080696991433, "mixed": -16.538489042366113, "none": -15.152194681246222}, "3": {"type-based": -32.17951221855632, "geo-based": -23.746740369669013, "mixed": -32.80306266128636, "none": -22.728292021869333}, "4": {"type-based": -39.497417876311225, "geo-based": -35.317608043028, "mixed": -44.12874240291932, "none": -30.304389362492444}, "5": {"type-based": -47.39468687915779, "geo-based": -42.33767416047803, "mixed": -51.47701025328049, "none": -37.88048670311555}, "6": {"type-based": -55.38624516540074, "geo-based": -49.23294904193055, "mixed": -58.802818987372106, "none": -45.45658404373866}, "7": {"type-based": -62.704136094436365, "geo-based": -56.579598761406224, "mixed": -65.91120754587439, "none": -53.032681384361766}, "8": {"type-based": -69.94766222082859, "geo-based": -63.836115133897685, "mixed": -72.85160178276011, "none": -60.60877872498487}, "9": {"type-based": -77.15182277646002, "geo-based": -71.82385800673099, "mixed": -80.48107450761685, "none": -68.18487606560798}, "10": {"type-based": -84.33159768551666, "geo-based": -78.51020270511948, "mixed": -86.78142584726281, "none": -75.76097340623109}, "11": {"type-based": -91.49477859671173, "geo-based": -85.45104331711663, "mixed": -93.31904458277309, "none": -83.3370707468542}, "12": {"type-based": -99.89866295283144, "geo-based": -92.33710405611264, "mixed": -101.0421648995708, "none": -90.9131680874773}}