{"0": {"type-based": -0.6931471805599453, "geo-based": -1.0986122886681098, "mixed": -1.3862943611198906, "none": -0.0}, "1": {"type-based": -8.269244521183056, "geo-based": -8.67470962929122, "mixed": -8.962391701743002, "none": -7.576097340623111}, "2": {"type-based": -15.845341861806167, "geo-based": -16.25080696991433, "mixed": -16.538489042366113, "none": -15.152194681246222}, "3": {"type-based": -22.921183183482732, "geo-based": -21.96273119271134, "mixed": -21.755825990443874, "none": -22.728292021869333}, "4": {"type-based": -40.30599967982635, "geo-based": -27.703804048677746, "mixed": -37.31989746052311, "none": -30.304389362492444}, "5": {"type-based": -57.77946519577752, "geo-based": -33.839099590394646, "mixed": -53.384642084630286, "none": -37.88048670311555}, "6": {"type-based": -75.26777539278683, "geo-based": -41.42934792538863, "mixed": -70.91844661494301, "none": -45.45658404373866}, "7": {"type-based": -92.82147807536143, "geo-based": -48.20243095001786, "mixed": -87.70102839432164, "none": -53.032681384361766}, "8": {"type-based": -110.37850681257919, "geo-based": -56.711689617156324, "mixed": -106.20949237003933, "none": -60.60877872498487}, "9": {"type-based": -117.63763537274386, "geo-based": -63.39222530206172, "mixed": -112.5706806566771, "none": -68.18487606560798}, "10": {"type-based": -124.85398850898682, "geo-based": -68.99290124986219, "mixed": -117.80693715495431, "none": -75.76097340623109}, "11": {"type-based": -133.65312718708157, "geo-based": -77.74057435892927, "mixed": -127.77490383581375, "none": -83.3370707468542}, "12": {"type-based": -151.7111429540431, "geo-based": -88.1993321188942, "mixed": -148.71999089935028, "none": -90.9131680874773}, "13": {"type-based": -158.9563778133769, "geo-based": -95.56713886867747, "mixed": -155.76588454593383, "none": -98.48926542810041}, "14": {"type-based": -166.17529467591825, "geo-based": -103.05358788744269, "mixed": -162.90622127933432, "none": -106.06536276872352}, "15": {"type-based": -175.32080399055502, "geo-based": -113.92449954000566, "mixed": -175.35778283380523, "none": -113.64146010934662}, "16": {"type-based": -182.52665765731314, "geo-based": -122.82619363902899, "mixed": -183.8958132277985, "none": -121.21755744996973}, "17": {"type-based": -191.10340802260512, "geo-based": -133.62620471946093, "mixed": -195.70187535895573, "none": -128.79365479059285}}