{"0": {"type-based": -0.6931471805599453, "geo-based": -1.0986122886681098, "mixed": -1.3862943611198906, "none": -0.0}, "1": {"type-based": -8.269244521183056, "geo-based": -8.67470962929122, "mixed": -8.962391701743002, "none": -7.576097340623111}, "2": {"type-based": -15.845341861806167, "geo-based": -16.25080696991433, "mixed": -16.538489042366113, "none": -15.152194681246222}, "3": {"type-based": -22.921183183482732, "geo-based": -24.213557271166913, "mixed": -24.01891174009411, "none": -22.728292021869333}, "4": {"type-based": -40.30599967982635, "geo-based": -31.39729497864142, "mixed": -41.03764616904202, "none": -30.304389362492444}, "5": {"type-based": -47.470479202355435, "geo-based": -37.69860764544137, "mixed": -46.951473624548335, "none": -37.88048670311555}, "6": {"type-based": -54.613517761712835, "geo-based": -44.01528996175843, "mixed": -52.8690647263787, "none": -45.45658404373866}, "7": {"type-based": -61.743467376622064, "geo-based": -50.10870243837368, "mixed": -58.5602458974661, "none": -53.032681384361766}, "8": {"type-based": -68.86459479720895, "geo-based": -56.68993600844703, "mixed": -64.7396862516546, "none": -60.60877872498487}, "9": {"type-based": -87.13563742604822, "geo-based": -62.67091250983384, "mixed": -81.4732598757854, "none": -68.18487606560798}, "10": {"type-based": -96.20295330152652, "geo-based": -68.54484452878356, "mixed": -88.89965094241415, "none": -75.76097340623109}, "11": {"type-based": -103.33111357876152, "geo-based": -74.23532147647953, "mixed": -94.20600999994332, "none": -83.3370707468542}, "12": {"type-based": -110.45287794019633, "geo-based": -79.83312188280593, "mixed": -99.41835830149286, "none": -90.9131680874773}, "13": {"type-based": -117.56963924764523, "geo-based": -85.36965063449162, "mixed": -104.56889762069166, "none": -98.48926542810041}, "14": {"type-based": -124.68238000133127, "geo-based": -94.47342960553834, "mixed": -113.28727434065901, "none": -106.06536276872352}}