{"0": {"type-based": -0.6931471805599453, "geo-based": -1.0986122886681098, "mixed": -1.3862943611198906, "none": -0.0}, "1": {"type-based": -8.269244521183056, "geo-based": -8.67470962929122, "mixed": -8.962391701743002, "none": -7.576097340623111}, "2": {"type-based": -15.845341861806167, "geo-based": -16.25080696991433, "mixed": -16.538489042366113, "none": -15.152194681246222}, "3": {"type-based": -32.8247207347689, "geo-based": -22.564072070224206, "mixed": -32.28042501428199, "none": -22.728292021869333}, "4": {"type-based": -39.92477838620791, "geo-based": -29.02906726367403, "mixed": -38.29584548885049, "none": -30.304389362492444}, "5": {"type-based": -57.32580452689574, "geo-based": -36.662764779594255, "mixed": -55.78604015884437, "none": -37.88048670311555}, "6": {"type-based": -65.60367435692854, "geo-based": -43.64471076017799, "mixed": -63.495496188354, "none": -45.45658404373866}, "7": {"type-based": -83.17225793221567, "geo-based": -50.06876672183332, "mixed": -79.92822043711018, "none": -53.032681384361766}, "8": {"type-based": -90.49235331343729, "geo-based": -56.41123930268376, "mixed": -86.0337476568583, "none": -60.60877872498487}, "9": {"type-based": -97.75674267904493, "geo-based": -68.0342513001603, "mixed": -97.3720148579713, "none": -68.18487606560798}, "10": {"type-based": -104.98615486750333, "geo-based": -74.92344134081716, "mixed": -103.94125057105728, "none": -75.76097340623109}, "11": {"type-based": -112.19155002901073, "geo-based": -81.3333705596682, "mixed": -110.00897418945075, "none": -83.3370707468542}, "12": {"type-based": -120.6321571610238, "geo-based": -87.78201969982005, "mixed": -117.35453345419799, "none": -90.9131680874773}, "13": {"type-based": -127.8549377627233, "geo-based": -96.28895334901503, "mixed": -125.53723786048262, "none": -98.48926542810041}, "14": {"type-based": -137.13983978925953, "geo-based": -105.9725889650121, "mixed": -136.95641761585046, "none": -106.06536276872352}, "15": {"type-based": -155.65956872701958, "geo-based": -114.61138710142944, "mixed": -156.55981893439713, "none": -113.64146010934662}, "16": {"type-based": -164.973105048893, "geo-based": -122.6981449592734, "mixed": -166.39990962187701, "none": -121.21755744996973}, "17": {"type-based": -173.59777397045013, "geo-based": -129.46736406765402, "mixed": -174.23105406880467, "none": -128.79365479059285}, "18": {"type-based": -180.85979339106973, "geo-based": -135.9896672769722, "mixed": -180.45250736735633, "none": -136.36975213121596}, "19": {"type-based": -188.10275465111644, "geo-based": -143.2435593872309, "mixed": -187.3880476763097, "none": -143.94584947183907}, "20": {"type-based": -206.84313889762484, "geo-based": -150.0789895661085, "mixed": -205.4036379771783, "none": -151.52194681246218}, "21": {"type-based": -214.07414054571623, "geo-based": -157.89084111465593, "mixed": -212.8869943947488, "none": -159.09804415308528}, "22": {"type-based": -221.2919880006947, "geo-based": -164.2051022977516, "mixed": -218.86145892921488, "none": -166.6741414937084}, "23": {"type-based": -228.49873986650928, "geo-based": -170.4991611718579, "mixed": -224.8060376304274, "none": -174.2502388343315}, "24": {"type-based": -235.69600601712798, "geo-based": -177.4099495694581, "mixed": -231.35930405989998, "none": -181.8263361749546}, "25": {"type-based": -242.88506930879143, "geo-based": -184.2573300316339, "mixed": -237.84122093298362, "none": -189.4024335155777}, "26": {"type-based": -250.06696861095884, "geo-based": -191.49601568656797, "mixed": -244.70661237590596, "none": -196.97853085620082}, "27": {"type-based": -257.24255703753295, "geo-based": -198.58757441728685, "mixed": -251.41657902131914, "none": -204.55462819682393}, "28": {"type-based": -264.41254377204007, "geo-based": -206.271898659166, "mixed": -258.7120717281275, "none": -212.13072553744703}, "29": {"type-based": -274.4678020594342, "geo-based": -215.4293842915778, "mixed": -270.36630683243453, "none": -219.70682287807014}, "30": {"type-based": -281.63527131808564, "geo-based": -225.0339077748273, "mixed": -279.5780383804159, "none": -227.28292021869325}, "31": {"type-based": -288.7981202044418, "geo-based": -234.27074041730498, "mixed": -288.4154695028268, "none": -234.85901755931636}, "32": {"type-based": -295.9567924219255, "geo-based": -243.01709104409704, "mixed": -296.75673119034656, "none": -242.43511489993946}, "33": {"type-based": -303.1116706559784, "geo-based": -251.4412401122722, "mixed": -304.7706865313264, "none": -250.01121224056257}, "34": {"type-based": -310.2630872769886, "geo-based": -259.46095653325636, "mixed": -312.37556199782097, "none": -257.5873095811857}}