{"0": {"type-based": -0.6931471805599453, "geo-based": -1.0986122886681098, "mixed": -1.3862943611198906, "none": -0.0}, "1": {"type-based": -8.269244521183056, "geo-based": -8.67470962929122, "mixed": -8.962391701743002, "none": -7.576097340623111}, "2": {"type-based": -15.845341861806167, "geo-based": -16.25080696991433, "mixed": -16.538489042366113, "none": -15.152194681246222}, "3": {"type-based": -18.49129288647722, "geo-based": -22.25456885710566, "mixed": -18.365169464130094, "none": -22.728292021869333}, "4": {"type-based": -21.134951365587476, "geo-based": -27.9388152558909, "mixed": -20.02839115535197, "none": -30.304389362492444}, "5": {"type-based": -23.777461569266503, "geo-based": -33.907507916813934, "mixed": -22.106597895100702, "none": -37.88048670311555}, "6": {"type-based": -26.419282165058206, "geo-based": -39.16993888829812, "mixed": -23.566414008147465, "none": -45.45658404373866}, "7": {"type-based": -29.060642754082906, "geo-based": -46.791191184838304, "mixed": -27.485027066158935, "none": -53.032681384361766}, "8": {"type-based": -31.70167463536384, "geo-based": -53.16012433162373, "mixed": -30.131499812601582, "none": -60.60877872498487}, "9": {"type-based": -34.34245991388283, "geo-based": -58.74847136301142, "mixed": -32.030861298239884, "none": -68.18487606560798}, "10": {"type-based": -36.983053347592175, "geo-based": -64.88489599389582, "mixed": -34.53257722672414, "none": -75.76097340623109}, "11": {"type-based": -39.62349327856656, "geo-based": -70.21906262410741, "mixed": -36.260483437758936, "none": -83.3370707468542}, "12": {"type-based": -42.26380759861168, "geo-based": -75.4548521603367, "mixed": -37.9345544896834, "none": -90.9131680874773}, "13": {"type-based": -44.90401723065381, "geo-based": -81.37602001018611, "mixed": -40.33345360825773, "none": -98.48926542810041}, "14": {"type-based": -47.544138271854806, "geo-based": -87.11717253461337, "mixed": -42.58885922835054, "none": -106.06536276872352}, "15": {"type-based": -50.18418337171149, "geo-based": -95.25479989537217, "mixed": -47.27460598358207, "none": -113.64146010934662}, "16": {"type-based": -52.82416265100375, "geo-based": -102.4609940232927, "mixed": -50.95101409782268, "none": -121.21755744996973}}