{"1": 0.0, "5": 0.0, "10": 0.0, "20": 0.07142857142857142, "50": 0.07142857142857142, "100": 0.07142857142857142}