{"1": 0.0, "5": 0.0, "10": 0.0, "20": 0.0, "50": 0.030303030303030304, "100": 0.06060606060606061}