{"1": 0.0, "5": 0.0, "10": 0.0, "20": 0.037037037037037035, "50": 0.07407407407407407, "100": 0.25925925925925924}