{"1": 0.0, "5": 0.14285714285714285, "10": 0.14285714285714285, "20": 0.14285714285714285, "50": 0.14285714285714285, "100": 0.14285714285714285}