{"1": 0.0, "5": 0.058823529411764705, "10": 0.058823529411764705, "20": 0.08823529411764706, "50": 0.20588235294117646, "100": 0.2647058823529412}