{"1": 0.07692307692307693, "5": 0.38461538461538464, "10": 0.5384615384615384, "20": 0.6153846153846154, "50": 0.8461538461538461, "100": 0.9230769230769231}