{"1": 0.03225806451612903, "5": 0.03225806451612903, "10": 0.06451612903225806, "20": 0.06451612903225806, "50": 0.06451612903225806, "100": 0.12903225806451613}