{"1": 0.0, "5": 0.06666666666666667, "10": 0.06666666666666667, "20": 0.13333333333333333, "50": 0.26666666666666666, "100": 0.3333333333333333}