{"1": 0.0, "5": 0.0, "10": 0.18181818181818182, "20": 0.2727272727272727, "50": 0.6363636363636364, "100": 0.7272727272727273}