{"1": 0.0, "5": 0.00510204081632653, "10": 0.00510204081632653, "20": 0.02040816326530612, "50": 0.05612244897959184, "100": 0.08673469387755102}