{"1": 0.10714285714285714, "5": 0.14285714285714285, "10": 0.14285714285714285, "20": 0.14285714285714285, "50": 0.17857142857142858, "100": 0.17857142857142858}