{"1": 0.0, "5": 0.0, "10": 0.0, "20": 0.0, "50": 0.043478260869565216, "100": 0.13043478260869565}