{"1": 0.0, "5": 0.0, "10": 0.0, "20": 0.047619047619047616, "50": 0.09523809523809523, "100": 0.2857142857142857}